Opened,Closed,Updated,Status,Responsible Agency,Category,Neighborhood,Source
08/19/2015 08:00:55 AM,03/14/2016 01:38:02 PM,03/14/2016 01:38:02 PM,Closed,Port Authority - Temporary Sign Request Queue,Temporary Sign Request,Financial District,Voice In
07/14/2015 08:16:16 AM,07/14/2015 08:58:30 AM,07/14/2015 08:58:30 AM,Closed,Animal Care and Control - G,General Requests,South of Market,Voice In
07/14/2015 08:17:47 AM,07/14/2015 08:50:00 AM,07/14/2015 08:50:00 AM,Closed,DPW Ops Queue,Street and Sidewalk Cleaning,North Beach,Open311
01-09-2016 18:42,03/14/2016 08:29:43 PM,03/14/2016 08:29:43 PM,Closed,DPT Color Curb Queue,Color Curb,Mission,Web Self Service
09-10-2015 14:38,09-11-2015 06:42,09-11-2015 06:42,Closed,DPT Signal Queue,Damaged Property,Nob Hill,Voice In
02-01-2016 14:43,,06-02-2016 01:04,Open,DPW BSM Queue,Street Defects,Chinatown,Open311
08/13/2015 08:16:12 PM,08/14/2015 06:10:30 AM,08/14/2015 06:10:30 AM,Closed,DPW Ops Queue,Street and Sidewalk Cleaning,South of Market,Voice In
03/30/2016 08:59:32 PM,06-02-2016 16:00,06-02-2016 16:00,Closed,DPT Color Curb Queue,Sign Repair,Russian Hill,Open311
08/14/2015 08:31:24 AM,08/15/2015 08:22:19 AM,08/15/2015 08:22:19 AM,Closed,DPW Ops Queue,Street and Sidewalk Cleaning,South of Market,Voice In
04-03-2016 11:32,,06-02-2016 15:57,Open,DPT - Color Curb - G,General Requests,Russian Hill,Voice In
04/21/2016 10:39:57 AM,,06-02-2016 15:57,Open,DPT - Color Curb - G,General Requests,Mission,Voice In
02-02-2016 17:49,,03-01-2016 10:11,Open,SFMTA - Temporary Sign Request Installation/Enforcement Queue,Temporary Sign Request,Mission,Web Self Service
05-08-2016 07:54,06-02-2016 10:19,06-02-2016 10:19,Closed,DPW Ops Queue,Graffiti Private Property,Mission,Open311
02/17/2016 02:52:43 PM,03/14/2016 12:57:47 PM,03/14/2016 12:57:47 PM,Closed,PUC Sewer Ops,Catch Basin Maintenance,Mission,Voice In
02/18/2016 02:09:33 AM,03/14/2016 01:04:08 PM,03/14/2016 01:04:08 PM,Closed,PUC Sewer Ops,General Requests,Mission,Integrated Agency
02/18/2016 06:56:33 AM,03/14/2016 12:50:21 PM,03/14/2016 12:50:21 PM,Closed,PUC Sewer Ops,Street Defects,South of Market,Integrated Agency
05/16/2016 08:53:40 AM,,06-02-2016 13:32,Open,SFMTA - Temporary Sign Request Installation/Enforcement Queue,Temporary Sign Request,South of Market,Voice In
08/14/2015 09:43:52 AM,08/14/2015 12:05:40 PM,08/14/2015 12:05:40 PM,Closed,Recology_Abandoned,Street and Sidewalk Cleaning,Chinatown,Integrated Agency
07/29/2015 03:31:24 PM,07/30/2015 09:22:44 AM,07/30/2015 09:22:44 AM,Closed,DPW Ops Queue,Graffiti Public Property,Mission,Voice In
03-08-2016 13:43,04/28/2016 02:05:17 PM,04/28/2016 02:05:17 PM,Closed,Port Authority - Temporary Sign Request Queue,Temporary Sign Request,South of Market,Voice In
08/14/2015 09:44:29 AM,08/14/2015 12:22:06 PM,08/14/2015 12:22:06 PM,Closed,DPW Ops Queue,Street and Sidewalk Cleaning,Mission,Voice In
08/14/2015 09:45:11 AM,08/17/2015 10:28:00 AM,08/17/2015 10:28:00 AM,Closed,DPW BSSR Queue,Street Defects,Russian Hill,Voice In
02/27/2016 11:22:24 AM,03/14/2016 10:45:27 AM,03/14/2016 10:45:27 AM,Closed,PUC Sewer Ops,Sewer Issues,South of Market,Open311
02/29/2016 12:45:57 PM,,03/14/2016 01:07:20 PM,Open,SFMTA - Temporary Sign Request Installation/Enforcement Queue,Temporary Sign Request,Financial District,Voice In
08/13/2015 06:25:43 PM,09-09-2015 08:35,09-09-2015 08:35,Closed,PUC Sewer Ops,Sewer Issues,Mission,Voice In
08/14/2015 03:27:46 PM,08/16/2015 01:06:00 AM,08/16/2015 01:06:00 AM,Closed,DPW Ops Queue,Street and Sidewalk Cleaning,Mission,Web Self Service
09/21/2015 01:57:07 PM,09/23/2015 07:22:19 AM,09/23/2015 07:22:19 AM,Closed,DPW Ops Queue,Litter Receptacles,Mission,Voice In
08/13/2015 08:10:37 PM,08/14/2015 05:07:00 AM,08/14/2015 05:07:00 AM,Closed,DPW Ops Queue,Street and Sidewalk Cleaning,South of Market,Voice In
08/14/2015 04:28:24 PM,11-03-2015 10:09,11-03-2015 10:09,Closed,DPT Meter_Bike Queue,Damaged Property,Chinatown,Voice In
03-06-2016 10:39,,03/14/2016 12:00:00 PM,Open,DPW - Bureau of Street Use and Mapping - G,General Requests,South of Market,Integrated Agency
07/29/2015 01:20:49 PM,07/29/2015 02:04:47 PM,07/29/2015 02:04:47 PM,Closed,Recology_Abandoned,Street and Sidewalk Cleaning,Mission,Voice In
01/16/2016 09:58:00 AM,03-01-2016 09:29,03-01-2016 09:29,Closed,PUC Sewer Ops,Catch Basin Maintenance,South of Market,Voice In
07/29/2015 01:45:33 PM,07/29/2015 02:17:13 PM,07/29/2015 02:17:13 PM,Closed,Recology_Abandoned,Street and Sidewalk Cleaning,Mission,Voice In
03-07-2016 13:52,03/14/2016 10:42:22 AM,03/14/2016 10:42:22 AM,Closed,DPT Abandoned Vehicles Work Queue,Abandoned Vehicle,Russian Hill,Voice In
07/29/2015 01:46:13 PM,08-07-2015 13:47,08-07-2015 13:47,Closed,SFMTA - Temporary Sign Request Queue,Temporary Sign Request,Mission,Voice In
03-07-2016 20:28,04/25/2016 11:32:56 AM,04/25/2016 11:32:56 AM,Closed,PUC Sewer Ops,Street Defects,South of Market,Integrated Agency
08/13/2015 08:11:07 PM,08/13/2015 09:22:56 PM,08/13/2015 09:22:56 PM,Closed,Recology_Overflowing,Street and Sidewalk Cleaning,South of Market,Integrated Agency
03-08-2016 08:40,03/14/2016 08:51:59 AM,03/14/2016 08:51:59 AM,Closed,DPT Meter_Bike Queue,Damaged Property,Civic Center,Voice In
01/23/2016 08:00:21 AM,,03-01-2016 08:26,Open,DPW Ops Queue,Graffiti Private Property,Mission,Open311
03-08-2016 09:03,03/14/2016 10:29:48 PM,03/14/2016 10:29:48 PM,Closed,311 Service Request Queue - Hold,Graffiti Public Property,Mission,Open311
03-08-2016 09:14,03/14/2016 10:29:49 PM,03/14/2016 10:29:49 PM,Closed,311 Service Request Queue - Hold,Graffiti Public Property,Mission,Open311
03-08-2016 09:15,03/14/2016 10:29:48 PM,03/14/2016 10:29:48 PM,Closed,311 Service Request Queue - Hold,Graffiti Public Property,Mission,Open311
03-08-2016 17:57,03/14/2016 06:53:08 AM,03/14/2016 06:53:08 AM,Closed,DPT Abandoned Vehicles Work Queue,Abandoned Vehicle,Mission,Voice In
03-08-2016 09:16,03/14/2016 10:29:50 PM,03/14/2016 10:29:50 PM,Closed,311 Service Request Queue - Hold,Graffiti Public Property,Mission,Open311
08/13/2015 08:12:51 PM,08/14/2015 06:10:30 AM,08/14/2015 06:10:30 AM,Closed,DPW Ops Queue,Street and Sidewalk Cleaning,South of Market,Voice In
03-08-2016 19:19,,03/14/2016 09:01:30 AM,Open,DPT - Meters - G,Sign Repair,South of Market,Open311
03-08-2016 09:35,03/14/2016 10:29:50 PM,03/14/2016 10:29:50 PM,Closed,311 Service Request Queue - Hold,Graffiti Public Property,Mission,Open311
03-08-2016 09:40,03/14/2016 10:29:50 PM,03/14/2016 10:29:50 PM,Closed,311 Service Request Queue - Hold,Graffiti Public Property,Mission,Open311
10-08-2015 14:36,,10-08-2015 14:37,Open,DPW BSM Queue,Illegal Postings,South of Market,Voice In
03-08-2016 10:27,03/14/2016 10:29:49 PM,03/14/2016 10:29:49 PM,Closed,311 Service Request Queue - Hold,Graffiti Public Property,Mission,Open311
03-08-2016 10:57,03/14/2016 10:29:50 PM,03/14/2016 10:29:50 PM,Closed,311 Service Request Queue - Hold,Graffiti Public Property,Mission,Open311
03-08-2016 10:59,03/14/2016 10:29:50 PM,03/14/2016 10:29:50 PM,Closed,311 Service Request Queue - Hold,Graffiti Public Property,Mission,Open311
03-08-2016 11:06,03/14/2016 10:29:51 PM,03/14/2016 10:29:51 PM,Closed,311 Service Request Queue - Hold,Graffiti Public Property,Mission,Open311
08/13/2015 08:13:51 PM,08/14/2015 05:07:00 AM,08/14/2015 05:07:00 AM,Closed,DPW Ops Queue,Street and Sidewalk Cleaning,South of Market,Voice In
02-05-2016 15:07,,03-01-2016 09:34,Open,DPW Ops Queue,Graffiti Private Property,Chinatown,Open311
07/29/2015 07:47:04 PM,07/30/2015 03:15:20 AM,07/30/2015 03:15:20 AM,Closed,DPW Ops Queue,Street and Sidewalk Cleaning,Mission,Voice In
07/14/2015 08:25:35 AM,07/14/2015 08:50:00 AM,07/14/2015 08:50:00 AM,Closed,DPW Ops Queue,Street and Sidewalk Cleaning,North Beach,Open311
02-07-2016 20:52,,03-01-2016 09:09,Open,DPW Ops Queue,Graffiti Private Property,Mission,Open311
03-09-2016 10:09,03/14/2016 11:20:43 AM,03/14/2016 11:20:43 AM,Closed,DPT Meter_Bike Queue,Damaged Property,North Beach,Web Self Service
03-09-2016 10:16,,03/14/2016 09:40:57 AM,Open,SFMTA - Temporary Sign Request Installation/Enforcement Queue,Temporary Sign Request,Financial District,Web Self Service
07/31/2015 05:20:52 AM,07/31/2015 09:10:48 AM,07/31/2015 09:10:48 AM,Closed,Recology_Abandoned,Street and Sidewalk Cleaning,Mission,Web Self Service
07/14/2015 04:56:20 PM,07/15/2015 11:44:41 AM,07/15/2015 11:44:41 AM,Closed,Recology_Abandoned,Street and Sidewalk Cleaning,Mission,Open311
03-09-2016 12:17,,03/14/2016 12:00:00 PM,Open,DPW BSM Queue,Street Defects,Mission,Voice In
03-09-2016 14:18,03/14/2016 03:16:28 PM,03/14/2016 03:16:28 PM,Closed,Assessor - Public Service/Exemptions,General Requests,Russian Hill,Voice In
05/25/2016 06:12:34 PM,,06-02-2016 08:03,Open,DPW BSM Queue,Street Defects,Civic Center,Open311
08/15/2015 10:12:26 AM,08/15/2015 12:38:51 PM,08/15/2015 12:38:51 PM,Closed,Recology_Abandoned,Street and Sidewalk Cleaning,Mission,Open311
02-12-2016 17:38,03-01-2016 09:08,03-01-2016 09:08,Closed,DPT Meter_Bike Queue,Damaged Property,South of Market,Voice In
05/26/2016 06:05:43 PM,06-02-2016 07:42,06-02-2016 07:42,Closed,DPT Signal Queue,General Requests,South of Market,Voice In
05/27/2016 07:46:43 AM,06-02-2016 05:44,06-02-2016 05:44,Closed,Recology_Litter,Litter Receptacles,South of Market,Open311
05/27/2016 08:03:55 AM,06-02-2016 06:07,06-02-2016 06:07,Closed,DPT Abandoned Vehicles Work Queue,Abandoned Vehicle,Russian Hill,Voice In
05/27/2016 10:19:03 AM,,06-02-2016 12:00,Open,DPW BSM Queue,Sidewalk or Curb,Chinatown,Open311
05/27/2016 02:45:47 PM,,06-02-2016 12:00,Open,DPW BSM Queue,Illegal Postings,Financial District,Open311
07/30/2015 10:15:33 AM,08-07-2015 13:04,08-07-2015 13:04,Closed,SFMTA - Temporary Sign Request Queue,Temporary Sign Request,Mission,Voice In
08/15/2015 12:25:30 PM,11-03-2015 10:08,11-03-2015 10:08,Closed,DPT Meter_Bike Queue,Damaged Property,Nob Hill,Voice In
07/30/2015 10:37:49 AM,08/13/2015 04:19:11 PM,08/13/2015 04:19:11 PM,Closed,MUNI Work Queue,MUNI Feedback,Civic Center,Voice In
07/30/2015 10:38:19 AM,07/30/2015 11:10:58 AM,07/30/2015 11:10:58 AM,Closed,DPW Ops Queue,Street and Sidewalk Cleaning,South of Market,Open311
02/18/2016 10:40:34 AM,,03-01-2016 14:48,Open,SFMTA - Temporary Sign Request Installation/Enforcement Queue,Temporary Sign Request,Civic Center,Web Self Service
02/18/2016 12:29:25 PM,,03-01-2016 08:22,Open,DPW Ops Queue,Graffiti Private Property,Mission,Voice In
07/30/2015 10:39:12 AM,08-03-2015 07:25,08-03-2015 07:25,Closed,DPW Ops Queue,Street and Sidewalk Cleaning,South of Market,Voice In
07/30/2015 10:51:04 AM,07/31/2015 08:16:09 AM,07/31/2015 08:16:09 AM,Closed,DPW Ops Queue,Street and Sidewalk Cleaning,Nob Hill,Web Self Service
07/14/2015 04:59:24 PM,07/15/2015 06:12:09 PM,07/15/2015 06:12:09 PM,Closed,DPW Ops Queue,Street and Sidewalk Cleaning,Mission,Open311
12/18/2015 04:53:38 AM,02-05-2016 02:10,02-05-2016 02:10,Closed,DPW Ops Queue,Tree Maintenance,South of Market,Integrated Agency
07/30/2015 10:51:08 AM,07/30/2015 12:44:02 PM,07/30/2015 12:44:02 PM,Closed,Recology_Abandoned,Street and Sidewalk Cleaning,Mission,Web Self Service
05/30/2016 03:12:10 PM,06-02-2016 06:09,06-02-2016 06:09,Closed,DPT Abandoned Vehicles Work Queue,Abandoned Vehicle,South of Market,Open311
07/14/2015 05:01:15 PM,11-03-2015 10:17,11-03-2015 10:17,Closed,DPT Meter_Bike Queue,Damaged Property,North Beach,Voice In
07/16/2015 01:48:50 PM,07/17/2015 03:56:38 PM,07/17/2015 03:56:38 PM,Closed,DPW Ops Queue,Street and Sidewalk Cleaning,Mission,Open311
07/16/2015 02:36:06 PM,07/17/2015 11:41:57 AM,07/17/2015 11:41:57 AM,Closed,MUNI Work Queue,MUNI Feedback,South of Market,Voice In
07/16/2015 02:36:54 PM,07/17/2015 09:58:32 AM,07/17/2015 09:58:32 AM,Closed,MUNI Work Queue,MUNI Feedback,South of Market,Voice In
07/16/2015 02:59:06 PM,07/17/2015 11:33:02 AM,07/17/2015 11:33:02 AM,Closed,MUNI Work Queue,MUNI Feedback,Civic Center,Voice In
07/30/2015 11:00:58 AM,08-05-2015 07:58,08-05-2015 07:58,Closed,DPT Paint Shop Queue,Graffiti Private Property,Mission,Voice In
07/29/2015 11:31:13 PM,07/30/2015 07:06:54 AM,07/30/2015 07:06:54 AM,Closed,DPW Ops Queue,Graffiti Private Property,Chinatown,Web Self Service
02/20/2016 12:19:44 PM,,03-01-2016 11:15,Open,DPW Ops Queue,Graffiti Private Property,South of Market,Integrated Agency
07/30/2015 11:14:04 AM,07/30/2015 03:53:26 PM,07/30/2015 03:53:26 PM,Closed,DPW Ops Queue,Street and Sidewalk Cleaning,Mission,Web Self Service
02/21/2016 11:50:37 AM,,03-01-2016 12:00,Open,DPW Ops Queue,Street and Sidewalk Cleaning,South of Market,Open311
03-11-2016 15:34,03/14/2016 02:18:20 PM,03/14/2016 02:18:20 PM,Closed,SFMTA - Muni System Feedback Queue,Graffiti Public Property,Civic Center,Open311
07/30/2015 12:23:51 AM,08/13/2015 11:33:20 AM,08/13/2015 11:33:20 AM,Closed,MUNI Work Queue,MUNI Feedback,South of Market,Voice In
07/30/2015 12:05:37 PM,07/30/2015 12:35:52 PM,07/30/2015 12:35:52 PM,Closed,Recology_Abandoned,Street and Sidewalk Cleaning,South of Market,Voice In
07/30/2015 12:05:54 PM,08-01-2015 14:12,08-01-2015 14:12,Closed,DPW Ops Queue,Street and Sidewalk Cleaning,Russian Hill,Voice In
02/22/2016 01:41:35 PM,,03-01-2016 14:49,Open,SFMTA - Temporary Sign Request Installation/Enforcement Queue,Temporary Sign Request,Financial District,Voice In
05/31/2016 11:02:11 AM,06-03-2016 08:16,06-03-2016 08:16,Closed,DPT - Traffic Signal - G,Streetlights,Mission,Open311
03-10-2016 16:24,,03/14/2016 11:07:51 AM,Open,SFMTA - Temporary Sign Request Installation/Enforcement Queue,Temporary Sign Request,South of Market,Voice In
05/31/2016 11:16:06 AM,06-02-2016 06:19,06-02-2016 06:19,Closed,DPT Abandoned Vehicles Work Queue,Abandoned Vehicle,Mission,Web Self Service
07/30/2015 01:21:31 PM,08-05-2015 01:10,08-05-2015 01:10,Closed,DPW Ops Queue,Graffiti Private Property,North Beach,Integrated Agency
07/30/2015 02:08:42 PM,07/30/2015 07:12:14 PM,07/30/2015 07:12:14 PM,Closed,DPW Ops Queue,Street and Sidewalk Cleaning,South of Market,Web Self Service
02/22/2016 04:19:20 PM,,03-01-2016 08:34,Open,DPW Ops Queue,Graffiti Private Property,Mission,Open311
05/31/2016 12:17:04 PM,06-02-2016 05:56,06-02-2016 05:56,Closed,DPW Ops Queue,Street and Sidewalk Cleaning,Mission,Voice In
07/16/2015 03:11:12 PM,07/16/2015 03:52:14 PM,07/16/2015 03:52:14 PM,Closed,Recology_Abandoned,Street and Sidewalk Cleaning,South of Market,Voice In
05/31/2016 12:48:53 PM,,06-02-2016 10:12,Open,Recology_Litter,Litter Receptacles,Civic Center,Open311
08/15/2015 05:04:13 PM,08/16/2015 09:10:01 AM,08/16/2015 09:10:01 AM,Closed,Recology_Abandoned,Street and Sidewalk Cleaning,Nob Hill,Voice In
08/15/2015 06:22:00 PM,08/16/2015 09:12:13 AM,08/16/2015 09:12:13 AM,Closed,Recology_Abandoned,Street and Sidewalk Cleaning,Russian Hill,Voice In
06-01-2016 05:31,06-02-2016 12:00,06-02-2016 12:00,Closed,DPW Ops Queue,Street and Sidewalk Cleaning,South of Market,Open311
06-01-2016 05:35,06-02-2016 12:00,06-02-2016 12:00,Closed,DPW Ops Queue,Street and Sidewalk Cleaning,South of Market,Open311
02/23/2016 11:35:24 AM,,03/23/2016 02:38:23 PM,Open,DPT SignShop Surveyed - Area 1 Queue,Sign Repair,Chinatown,Open311
06-01-2016 06:40,06-02-2016 12:00,06-02-2016 12:00,Closed,DPW Ops Queue,Street and Sidewalk Cleaning,South of Market,Voice In
06-01-2016 07:47,06-02-2016 12:00,06-02-2016 12:00,Closed,DPW Ops Queue,Street and Sidewalk Cleaning,South of Market,Voice In
06-01-2016 07:53,,06-02-2016 12:00,Open,DPW BSM Queue,Blocked Street or SideWalk,North Beach,Open311
03-11-2016 07:49,03/14/2016 05:53:57 AM,03/14/2016 05:53:57 AM,Closed,Clear Channel - Transit Queue,Graffiti Public Property,Mission,Voice In
03-11-2016 07:53,03/14/2016 05:53:37 AM,03/14/2016 05:53:37 AM,Closed,Clear Channel - Transit Queue,Street and Sidewalk Cleaning,South of Market,Open311
02/23/2016 04:30:14 PM,,03-01-2016 10:12,Open,SFMTA - Temporary Sign Request Installation/Enforcement Queue,Temporary Sign Request,South of Market,Voice In
01/20/2016 10:19:10 AM,01/21/2016 01:54:58 AM,01/21/2016 01:54:58 AM,Closed,DPW Ops Queue,Sewer Issues,South of Market,Voice In
07/30/2015 08:14:11 AM,08-01-2015 15:14,08-01-2015 15:14,Closed,DPW Ops Queue,Street and Sidewalk Cleaning,South of Market,Open311
03-11-2016 08:28,,03/14/2016 08:25:44 AM,Open,SFMTA - Temporary Sign Request Installation/Enforcement Queue,Temporary Sign Request,South of Market,Voice In
02/23/2016 05:55:31 PM,03-01-2016 05:23,03-01-2016 05:23,Closed,DPT Abandoned Vehicles Work Queue,Abandoned Vehicle,South of Market,Web Self Service
03-11-2016 09:01,03/14/2016 11:08:40 AM,03/14/2016 11:08:40 AM,Closed,PUC Sewer Ops,Sewer Issues,Financial District,Voice In
03-11-2016 09:03,03/14/2016 05:52:19 AM,03/14/2016 05:52:19 AM,Closed,Clear Channel - Transit Queue,Damaged Property,Mission,Voice In
03-11-2016 09:27,03/14/2016 01:32:07 PM,03/14/2016 01:32:07 PM,Closed,PUC Sewer Ops,Sewer Issues,Civic Center,Open311
05/31/2016 01:23:44 PM,06-02-2016 10:28,06-02-2016 10:28,Closed,PUC Sewer Ops,Sewer Issues,South of Market,Integrated Agency
05/31/2016 01:40:13 PM,06-02-2016 02:46,06-02-2016 02:46,Closed,DPW Ops Queue,Blocked Street or SideWalk,South of Market,Open311
07/30/2015 08:30:47 AM,07/31/2015 06:45:05 AM,07/31/2015 06:45:05 AM,Closed,DPT Abandoned Vehicles Work Queue,Abandoned Vehicle,Nob Hill,Web Self Service
03-11-2016 10:03,03/15/2016 02:05:52 PM,03/15/2016 02:05:52 PM,Closed,DPT Meter_Bike Queue,Damaged Property,Civic Center,Voice In
03-11-2016 10:14,03/14/2016 09:32:02 AM,03/14/2016 09:32:02 AM,Closed,SFMTA - Residential Parking Permit Program Queue,General Requests,Mission,Voice In
02/23/2016 09:24:30 PM,03-01-2016 05:45,03-01-2016 05:45,Closed,DPT Abandoned Vehicles Work Queue,Abandoned Vehicle,South of Market,Web Self Service
03-11-2016 10:31,03/14/2016 09:08:23 AM,03/14/2016 09:08:23 AM,Closed,MUNI Work Queue,MUNI Feedback,South of Market,Voice In
05/31/2016 02:24:50 PM,06-02-2016 01:08,06-02-2016 01:08,Closed,DPW Ops Queue,Graffiti Public Property,Civic Center,Open311
03-11-2016 10:48,,03/14/2016 09:44:18 AM,Open,SFMTA - Temporary Sign Request Installation/Enforcement Queue,Temporary Sign Request,Mission,Voice In
07/30/2015 09:25:24 AM,07/30/2015 12:44:15 PM,07/30/2015 12:44:15 PM,Closed,Recology_Abandoned,Street and Sidewalk Cleaning,South of Market,Voice In
03-11-2016 11:28,03/14/2016 02:36:57 PM,03/14/2016 02:36:57 PM,Closed,Police - Homeless Concerns Queue,General Requests,South of Market,Open311
03-11-2016 12:07,,03/14/2016 11:11:21 AM,Open,SFMTA - Temporary Sign Request Installation/Enforcement Queue,Temporary Sign Request,South of Market,Voice In
07/30/2015 09:39:17 AM,08-01-2015 15:28,08-01-2015 15:28,Closed,DPW Ops Queue,Street and Sidewalk Cleaning,South of Market,Voice In
03-11-2016 12:11,,03/14/2016 10:43:39 AM,Open,SFMTA - Temporary Sign Request Installation/Enforcement Queue,Temporary Sign Request,Nob Hill,Web Self Service
07/16/2015 04:17:05 PM,07/17/2015 03:57:22 PM,07/17/2015 03:57:22 PM,Closed,DPW Ops Queue,Street and Sidewalk Cleaning,South of Market,Open311
07/30/2015 09:55:11 AM,07/30/2015 12:36:44 PM,07/30/2015 12:36:44 PM,Closed,DPW Ops Queue,Street and Sidewalk Cleaning,South of Market,Voice In
07/30/2015 03:21:30 PM,07/31/2015 07:41:53 AM,07/31/2015 07:41:53 AM,Closed,DPW Ops Queue,Graffiti Private Property,Mission,Integrated Agency
03-01-2016 09:35,,03-01-2016 11:09,Open,DPW Ops Queue,Street and Sidewalk Cleaning,Nob Hill,Voice In
07/30/2015 03:21:33 PM,07/31/2015 07:40:36 AM,07/31/2015 07:40:36 AM,Closed,DPW Ops Queue,Graffiti Private Property,Mission,Integrated Agency
07/14/2015 04:43:36 PM,07/15/2015 04:35:00 AM,07/15/2015 04:35:00 AM,Closed,DPW Ops Queue,Street and Sidewalk Cleaning,South of Market,Open311
07/14/2015 04:45:37 PM,07/16/2015 06:40:00 AM,07/16/2015 06:40:00 AM,Closed,DPW Ops Queue,Street and Sidewalk Cleaning,Nob Hill,Web Self Service
03-11-2016 13:02,03/14/2016 05:50:43 AM,03/14/2016 05:50:43 AM,Closed,Clear Channel - Transit Queue,Street and Sidewalk Cleaning,South of Market,Voice In
03-11-2016 13:05,,03/14/2016 09:43:02 AM,Open,SFMTA - Temporary Sign Request Installation/Enforcement Queue,Temporary Sign Request,South of Market,Web Self Service
03-11-2016 13:14,,03/14/2016 09:42:02 AM,Open,SFMTA - Temporary Sign Request Installation/Enforcement Queue,Temporary Sign Request,South of Market,Web Self Service
05/31/2016 05:08:34 PM,06-02-2016 09:21,06-02-2016 09:21,Closed,MUNI Work Queue,MUNI Feedback,South of Market,Voice In
07/30/2015 03:21:42 PM,10/21/2015 08:22:50 AM,10/21/2015 08:22:50 AM,Closed,DPW Ops Queue,Graffiti Private Property,Mission,Integrated Agency
03-11-2016 14:09,03/14/2016 09:31:41 AM,03/14/2016 09:31:41 AM,Closed,PUC Sewer Ops,Catch Basin Maintenance,Mission,Voice In
08/16/2015 12:00:14 PM,08/28/2015 12:27:18 PM,08/28/2015 12:27:18 PM,Closed,MUNI Work Queue,MUNI Feedback,South of Market,Voice In
03-11-2016 14:13,,03/14/2016 08:30:27 AM,Open,SFMTA - Temporary Sign Request Installation/Enforcement Queue,Temporary Sign Request,South of Market,Web Self Service
05/31/2016 05:21:18 PM,06-02-2016 09:35,06-02-2016 09:35,Closed,MUNI Work Queue,MUNI Feedback,Mission,Voice In
03-11-2016 14:17,,03/14/2016 08:28:52 AM,Open,SFMTA - Temporary Sign Request Installation/Enforcement Queue,Temporary Sign Request,South of Market,Web Self Service
03-11-2016 14:26,,03/14/2016 10:00:00 AM,Open,DPW Ops Queue,Street and Sidewalk Cleaning,Chinatown,Open311
07/14/2015 04:52:46 PM,07/14/2015 08:47:25 PM,07/14/2015 08:47:25 PM,Closed,311 Supervisor Queue,Street and Sidewalk Cleaning,Civic Center,Web Self Service
03-11-2016 14:44,,03/14/2016 08:15:00 AM,Open,DPW Ops Queue,Street and Sidewalk Cleaning,Nob Hill,Voice In
07/14/2015 04:53:50 PM,07/16/2015 10:55:05 AM,07/16/2015 10:55:05 AM,Closed,MUNI Work Queue,MUNI Feedback,South of Market,Voice In
03-11-2016 14:55,03/14/2016 09:13:41 AM,03/14/2016 09:13:41 AM,Closed,MUNI Work Queue,MUNI Feedback,South of Market,Voice In
07/14/2015 04:54:51 PM,07/15/2015 09:36:14 AM,07/15/2015 09:36:14 AM,Closed,PUC Sewer Ops,Sewer Issues,Chinatown,Voice In
03-11-2016 15:04,03/14/2016 07:01:38 AM,03/14/2016 07:01:38 AM,Closed,DPT SignShop 03 Queue,Sign Repair,Chinatown,Open311
07/14/2015 04:55:29 PM,07/15/2015 01:06:00 AM,07/15/2015 01:06:00 AM,Closed,DPW BUF Queue,Tree Maintenance,South of Market,Voice In
07/29/2015 03:59:06 PM,07/30/2015 09:15:55 AM,07/30/2015 09:15:55 AM,Closed,DPW Ops Queue,Graffiti Private Property,North Beach,Web Self Service
07/29/2015 04:17:03 PM,07/30/2015 10:51:03 AM,07/30/2015 10:51:03 AM,Closed,Recology_Abandoned,Street and Sidewalk Cleaning,South of Market,Voice In
08/16/2015 12:00:58 PM,08/17/2015 01:00:00 AM,08/17/2015 01:00:00 AM,Closed,DPW Ops Queue,Street and Sidewalk Cleaning,Mission,Voice In
07/29/2015 04:48:00 PM,07/30/2015 12:43:11 PM,07/30/2015 12:43:11 PM,Closed,DPT - Other - G,General Requests,South of Market,Voice In
07/14/2015 04:24:43 PM,07/15/2015 05:49:06 AM,07/15/2015 05:49:06 AM,Closed,Clear Channel - Transit Queue,Street and Sidewalk Cleaning,North Beach,Open311
03-09-2016 03:19,03/14/2016 03:41:48 PM,03/14/2016 03:41:48 PM,Closed,MUNI Work Queue,MUNI Feedback,Financial District,Voice In
08/16/2015 12:27:10 PM,08/26/2015 11:30:18 AM,08/26/2015 11:30:18 AM,Closed,DPT Meter_Bike Queue,Damaged Property,South of Market,Voice In
07/14/2015 04:24:48 PM,07/15/2015 08:39:00 AM,07/15/2015 08:39:00 AM,Closed,SFMTA - Temporary Sign Request Queue,Temporary Sign Request,South of Market,Voice In
03-09-2016 06:52,03/14/2016 09:13:55 AM,03/14/2016 09:13:55 AM,Closed,PUC Sewer Ops,Sewer Issues,South of Market,Voice In
07/29/2015 05:36:05 PM,07/30/2015 05:00:07 PM,07/30/2015 05:00:07 PM,Closed,DPW Ops Queue,Street and Sidewalk Cleaning,Mission,Twitter
03-09-2016 08:21,03/14/2016 03:49:24 PM,03/14/2016 03:49:24 PM,Closed,MUNI Work Queue,MUNI Feedback,Financial District,Voice In
07/29/2015 06:38:46 PM,07/30/2015 01:37:44 AM,07/30/2015 01:37:44 AM,Closed,DPW Ops Queue,Street and Sidewalk Cleaning,South of Market,Voice In
07/29/2015 06:38:55 PM,07/30/2015 01:41:20 AM,07/30/2015 01:41:20 AM,Closed,DPW Ops Queue,Street and Sidewalk Cleaning,South of Market,Voice In
08/16/2015 12:52:24 PM,08/18/2015 03:05:24 AM,08/18/2015 03:05:24 AM,Closed,DPW Ops Queue,Street and Sidewalk Cleaning,Mission,Open311
07/31/2015 05:17:30 AM,07/31/2015 09:13:59 AM,07/31/2015 09:13:59 AM,Closed,Recology_Abandoned,Street and Sidewalk Cleaning,Mission,Web Self Service
06-01-2016 15:32,,06-02-2016 12:00,Open,DPW BSM Queue,Damaged Property,Chinatown,Open311
07/16/2015 06:45:22 PM,07/17/2015 10:18:14 AM,07/17/2015 10:18:14 AM,Closed,Recology_Abandoned,Street and Sidewalk Cleaning,Nob Hill,Open311
06-01-2016 15:35,,06-02-2016 12:00,Open,DPW BSM Queue,Graffiti Public Property,Chinatown,Open311
03-12-2016 12:00,03/14/2016 05:47:01 AM,03/14/2016 05:47:01 AM,Closed,Clear Channel - Transit Queue,Damaged Property,Mission,Open311
07/16/2015 06:46:34 PM,07/16/2015 08:07:52 PM,07/16/2015 08:07:52 PM,Closed,DPW Ops Queue,Litter Receptacles,Mission,Voice In
03-12-2016 12:04,03/14/2016 09:48:46 AM,03/14/2016 09:48:46 AM,Closed,311 Supervisor Queue,Blocked Street or SideWalk,Mission,Open311
06-01-2016 09:06,06-02-2016 02:02,06-02-2016 02:02,Closed,DPW Ops Queue,Street and Sidewalk Cleaning,Mission,Open311
03-12-2016 13:20,03/14/2016 09:21:00 AM,03/14/2016 09:21:00 AM,Closed,DPW Ops Queue,Street and Sidewalk Cleaning,Mission,Open311
03-12-2016 13:53,03/14/2016 09:49:35 AM,03/14/2016 09:49:35 AM,Closed,311 Supervisor Queue,Blocked Street or SideWalk,Mission,Open311
03-12-2016 13:58,03/14/2016 05:46:39 AM,03/14/2016 05:46:39 AM,Closed,Clear Channel - Transit Queue,Street and Sidewalk Cleaning,Mission,Voice In
06-01-2016 15:54,,06-02-2016 15:55,Open,DPW Ops Queue,Damaged Property,Chinatown,Open311
02/25/2016 12:08:42 PM,,03-01-2016 09:08,Open,SFMTA - Temporary Sign Request Installation/Enforcement Queue,Temporary Sign Request,Mission,Voice In
03-12-2016 14:35,03/14/2016 09:00:00 AM,03/14/2016 09:00:00 AM,Closed,DPW Ops Queue,Street and Sidewalk Cleaning,Mission,Voice In
03-12-2016 14:38,03/14/2016 07:41:15 AM,03/14/2016 07:41:15 AM,Closed,311 Supervisor Queue,Sign Repair,Nob Hill,Open311
07/17/2015 10:14:45 AM,08/19/2015 09:15:13 AM,08/19/2015 09:15:13 AM,Closed,DPW Ops Queue,Graffiti Private Property,Mission,Integrated Agency
08/17/2015 09:08:12 AM,08/17/2015 10:30:18 AM,08/17/2015 10:30:18 AM,Closed,Recology_Abandoned,Street and Sidewalk Cleaning,Mission,Voice In
06-01-2016 10:10,06-02-2016 03:01,06-02-2016 03:01,Closed,DPW Ops Queue,Street and Sidewalk Cleaning,North Beach,Open311
07/16/2015 04:17:57 PM,07/17/2015 03:44:56 PM,07/17/2015 03:44:56 PM,Closed,DPW Ops Queue,Street and Sidewalk Cleaning,Mission,Open311
06-01-2016 10:24,06-02-2016 03:01,06-02-2016 03:01,Closed,DPW Ops Queue,Street and Sidewalk Cleaning,Russian Hill,Voice In
03-12-2016 16:40,03/14/2016 02:42:13 PM,03/14/2016 02:42:13 PM,Closed,DPW Ops Queue,Street and Sidewalk Cleaning,South of Market,Open311
06-01-2016 10:35,06-02-2016 12:00,06-02-2016 12:00,Closed,DPW Ops Queue,Street and Sidewalk Cleaning,South of Market,Open311
03-12-2016 16:46,03/14/2016 12:58:54 PM,03/14/2016 12:58:54 PM,Closed,DPW Ops Queue,Street and Sidewalk Cleaning,Mission,Open311
06-01-2016 11:15,,06-02-2016 12:00,Open,DPW Ops Queue,Street and Sidewalk Cleaning,Mission,Open311
07/16/2015 07:16:18 PM,07/18/2015 02:02:54 AM,07/18/2015 02:02:54 AM,Closed,DPW Ops Queue,Street and Sidewalk Cleaning,South of Market,Voice In
07/31/2015 06:28:14 AM,07/31/2015 07:25:36 AM,07/31/2015 07:25:36 AM,Closed,Recology_Abandoned,Street and Sidewalk Cleaning,South of Market,Web Self Service
07/31/2015 07:41:23 AM,07/31/2015 08:47:18 AM,07/31/2015 08:47:18 AM,Closed,DPW Ops Queue,Tree Maintenance,Mission,Integrated Agency
06-01-2016 11:21,06-02-2016 02:43,06-02-2016 02:43,Closed,DPW Ops Queue,Street and Sidewalk Cleaning,Nob Hill,Voice In
06-01-2016 15:39,06-02-2016 10:34,06-02-2016 10:34,Closed,DPW Ops Queue,Graffiti Public Property,North Beach,Open311
06-01-2016 11:26,06/15/2016 12:24:52 PM,06/15/2016 12:24:52 PM,Closed,DPT - Other - G,General Requests,Russian Hill,Voice In
06-01-2016 11:29,,06-02-2016 11:18,Open,SFMTA - Temporary Sign Request Queue,Temporary Sign Request,South of Market,Voice In
02/26/2016 07:55:53 AM,03-07-2016 05:29,03-07-2016 05:29,Closed,DPT Abandoned Vehicles Work Queue,Abandoned Vehicle,Mission,Web Self Service
03-12-2016 22:23,03/14/2016 01:25:12 PM,03/14/2016 01:25:12 PM,Closed,DPW Ops Queue,Street and Sidewalk Cleaning,South of Market,Open311
07/16/2015 08:53:40 PM,07/21/2015 03:46:56 PM,07/21/2015 03:46:56 PM,Closed,PUC Streetlights Queue,Streetlights,South of Market,Open311
03-11-2016 23:07,03-12-2016 02:52,03-12-2016 02:52,Closed,DPW BSSR Queue,Street Defects,South of Market,Integrated Agency
06-01-2016 11:55,,06-02-2016 08:40,Open,SFMTA - Temporary Sign Request Installation/Enforcement Queue,Temporary Sign Request,South of Market,Voice In
02/26/2016 10:50:49 AM,,03-01-2016 13:18,Open,SFMTA - Temporary Sign Request Installation/Enforcement Queue,Temporary Sign Request,South of Market,Voice In
03/13/2016 10:31:04 AM,03/14/2016 08:28:31 AM,03/14/2016 08:28:31 AM,Closed,DPW Ops Queue,Street and Sidewalk Cleaning,South of Market,Voice In
03/13/2016 10:50:50 AM,03/14/2016 03:35:15 PM,03/14/2016 03:35:15 PM,Closed,DPW Ops Queue,Street and Sidewalk Cleaning,North Beach,Open311
03/13/2016 10:56:53 AM,03/14/2016 03:51:00 PM,03/14/2016 03:51:00 PM,Closed,DPW Ops Queue,Street and Sidewalk Cleaning,North Beach,Open311
02/26/2016 01:17:15 PM,03-01-2016 06:05,03-01-2016 06:05,Closed,DPW Ops Queue,Street and Sidewalk Cleaning,South of Market,Open311
07/31/2015 08:43:30 AM,07/31/2015 10:02:37 AM,07/31/2015 10:02:37 AM,Closed,Recology_Abandoned,Street and Sidewalk Cleaning,Mission,Voice In
03/13/2016 11:49:20 AM,,03/14/2016 01:00:00 AM,Open,DPW Ops Queue,Graffiti Public Property,Mission,Open311
06-01-2016 12:21,06-02-2016 02:04,06-02-2016 02:04,Closed,DPW Ops Queue,Graffiti Private Property,Chinatown,Open311
06-01-2016 12:25,06-02-2016 08:11,06-02-2016 08:11,Closed,DPW Ops Queue,Graffiti Private Property,Chinatown,Open311
07/16/2015 04:41:21 PM,07/17/2015 03:33:08 PM,07/17/2015 03:33:08 PM,Closed,DPW Ops Queue,Street and Sidewalk Cleaning,Mission,Open311
03/13/2016 12:11:30 PM,,03/14/2016 01:00:00 AM,Open,DPW Ops Queue,Street and Sidewalk Cleaning,Mission,Open311
03/13/2016 12:14:17 PM,03/14/2016 01:38:25 AM,03/14/2016 01:38:25 AM,Closed,DPW Ops Queue,Graffiti Private Property,Mission,Open311
07/31/2015 08:46:08 AM,07/31/2015 03:33:40 PM,07/31/2015 03:33:40 PM,Closed,DPW Ops Queue,Street and Sidewalk Cleaning,Mission,Voice In
07/16/2015 04:45:29 PM,07/17/2015 03:39:09 PM,07/17/2015 03:39:09 PM,Closed,DPW Ops Queue,Street and Sidewalk Cleaning,Mission,Open311
03-12-2016 23:13,,03-12-2016 23:15,Open,DPW BSSR Queue,Street Defects,South of Market,Voice In
02/26/2016 03:29:07 PM,03-01-2016 08:41,03-01-2016 08:41,Closed,PG and E - Streetlights Queue,Streetlights,Mission,Voice In
06-01-2016 12:56,06-02-2016 08:10,06-02-2016 08:10,Closed,DPW Ops Queue,Graffiti Private Property,Chinatown,Open311
03/13/2016 12:34:52 PM,03/14/2016 08:14:51 AM,03/14/2016 08:14:51 AM,Closed,DPW Ops Queue,Street and Sidewalk Cleaning,South of Market,Open311
03/13/2016 01:06:42 PM,03/14/2016 09:05:08 PM,03/14/2016 09:05:08 PM,Closed,Police - Homeless Concerns Queue,General Requests,South of Market,Open311
06-01-2016 13:01,,06-02-2016 15:20,Open,SFMTA - Temporary Sign Request Installation/Enforcement Queue,Temporary Sign Request,South of Market,Voice In
02/26/2016 04:10:57 PM,03-01-2016 11:44,03-01-2016 11:44,Closed,MUNI Work Queue,MUNI Feedback,Mission,Voice In
07/16/2015 04:51:20 PM,07/17/2015 09:26:21 AM,07/17/2015 09:26:21 AM,Closed,Recology_Abandoned,Street and Sidewalk Cleaning,Mission,Open311
03/13/2016 01:13:09 PM,03/14/2016 06:00:35 AM,03/14/2016 06:00:35 AM,Closed,Recology_Abandoned,Street and Sidewalk Cleaning,Russian Hill,Voice In
03/13/2016 01:15:09 PM,03/14/2016 04:19:20 PM,03/14/2016 04:19:20 PM,Closed,DPW Ops Queue,Street and Sidewalk Cleaning,South of Market,Open311
02/26/2016 04:19:46 PM,03-01-2016 10:25,03-01-2016 10:25,Closed,DPT Meter_Bike Queue,Damaged Property,South of Market,Voice In
03/13/2016 01:17:32 PM,03/14/2016 06:01:07 AM,03/14/2016 06:01:07 AM,Closed,Recology_Abandoned,Street and Sidewalk Cleaning,Mission,Voice In
03/13/2016 01:19:33 PM,03/14/2016 04:38:25 PM,03/14/2016 04:38:25 PM,Closed,DPW Ops Queue,Street and Sidewalk Cleaning,Mission,Voice In
03/13/2016 01:21:54 PM,03/14/2016 04:33:27 PM,03/14/2016 04:33:27 PM,Closed,DPW Ops Queue,Street and Sidewalk Cleaning,Mission,Voice In
07/16/2015 11:53:27 PM,07/17/2015 05:23:19 PM,07/17/2015 05:23:19 PM,Closed,MUNI Work Queue,MUNI Feedback,Civic Center,Voice In
06-01-2016 13:03,06-02-2016 10:46,06-02-2016 10:46,Closed,Recology_Abandoned,Street and Sidewalk Cleaning,Mission,Open311
07/17/2015 03:52:55 AM,07/17/2015 10:59:46 AM,07/17/2015 10:59:46 AM,Closed,Recology_Abandoned,Street and Sidewalk Cleaning,Mission,Integrated Agency
07/31/2015 09:44:29 AM,07/31/2015 10:49:38 AM,07/31/2015 10:49:38 AM,Closed,Recology_Abandoned,Street and Sidewalk Cleaning,North Beach,Voice In
03/13/2016 01:43:20 PM,03/14/2016 04:29:34 PM,03/14/2016 04:29:34 PM,Closed,DPW Ops Queue,Street and Sidewalk Cleaning,Civic Center,Open311
03/13/2016 01:47:36 PM,03/14/2016 04:36:51 PM,03/14/2016 04:36:51 PM,Closed,DPW Ops Queue,Street and Sidewalk Cleaning,Nob Hill,Open311
03/13/2016 02:20:25 PM,03/14/2016 04:28:34 PM,03/14/2016 04:28:34 PM,Closed,DPW Ops Queue,Street and Sidewalk Cleaning,South of Market,Open311
07/31/2015 09:44:32 AM,07/31/2015 12:21:42 PM,07/31/2015 12:21:42 PM,Closed,Recology_Abandoned,Street and Sidewalk Cleaning,South of Market,Integrated Agency
03/13/2016 02:27:08 PM,03/14/2016 02:06:28 AM,03/14/2016 02:06:28 AM,Closed,DPW Ops Queue,Litter Receptacles,Mission,Open311
03/13/2016 02:35:09 PM,03/14/2016 04:27:03 PM,03/14/2016 04:27:03 PM,Closed,DPW Ops Queue,Street and Sidewalk Cleaning,Mission,Voice In
03/13/2016 02:35:52 PM,03/14/2016 06:05:02 AM,03/14/2016 06:05:02 AM,Closed,Recology_Abandoned,Street and Sidewalk Cleaning,South of Market,Voice In
03/13/2016 03:16:55 PM,03/14/2016 04:32:26 PM,03/14/2016 04:32:26 PM,Closed,DPW Ops Queue,Street and Sidewalk Cleaning,South of Market,Open311
06-01-2016 13:40,06-02-2016 02:46,06-02-2016 02:46,Closed,DPW Ops Queue,Blocked Street or SideWalk,South of Market,Open311
07/17/2015 05:25:11 AM,07/17/2015 11:31:56 AM,07/17/2015 11:31:56 AM,Closed,Clear Channel - Transit Queue,Damaged Property,North Beach,Voice In
03/13/2016 03:29:46 PM,03/14/2016 04:25:31 PM,03/14/2016 04:25:31 PM,Closed,DPW Ops Queue,Street and Sidewalk Cleaning,Mission,Open311
06-01-2016 16:01,06-02-2016 10:50,06-02-2016 10:50,Closed,Recology_Abandoned,Street and Sidewalk Cleaning,Nob Hill,Voice In
06-01-2016 13:42,06-02-2016 18:04,06-02-2016 18:04,Closed,DPW Ops Queue,Street and Sidewalk Cleaning,Civic Center,Open311
02/27/2016 08:52:47 AM,,03-01-2016 11:41,Open,DPW Ops Queue,Graffiti Public Property,Mission,Open311
07/17/2015 05:26:20 AM,07/17/2015 09:52:40 AM,07/17/2015 09:52:40 AM,Closed,Recology_Abandoned,Street and Sidewalk Cleaning,Mission,Web Self Service
06-01-2016 16:02,06-02-2016 10:32,06-02-2016 10:32,Closed,DPW Ops Queue,Blocked Street or SideWalk,South of Market,Open311
03/13/2016 03:45:40 PM,03/14/2016 04:32:07 PM,03/14/2016 04:32:07 PM,Closed,DPW Ops Queue,Street and Sidewalk Cleaning,Civic Center,Voice In
07/17/2015 05:29:12 AM,07/17/2015 04:22:02 PM,07/17/2015 04:22:02 PM,Closed,DPW Ops Queue,Street and Sidewalk Cleaning,Mission,Web Self Service
02/27/2016 10:04:58 AM,,03-01-2016 08:58,Open,DPW Ops Queue,Graffiti Public Property,Mission,Open311
03/13/2016 04:21:49 PM,03/14/2016 09:54:50 AM,03/14/2016 09:54:50 AM,Closed,Recology_Abandoned,Street and Sidewalk Cleaning,Nob Hill,Voice In
03/13/2016 04:28:33 PM,03/14/2016 04:31:17 PM,03/14/2016 04:31:17 PM,Closed,DPW Ops Queue,Street and Sidewalk Cleaning,South of Market,Voice In
03/13/2016 04:38:52 PM,03/14/2016 04:24:01 PM,03/14/2016 04:24:01 PM,Closed,DPW Ops Queue,Street and Sidewalk Cleaning,Mission,Twitter
03/13/2016 04:50:06 PM,03/14/2016 09:55:11 AM,03/14/2016 09:55:11 AM,Closed,Recology_Abandoned,Street and Sidewalk Cleaning,Nob Hill,Open311
06-01-2016 13:57,06-02-2016 10:20,06-02-2016 10:20,Closed,Recology_Abandoned,Litter Receptacles,Mission,Open311
03/13/2016 05:01:59 PM,03/14/2016 04:23:08 PM,03/14/2016 04:23:08 PM,Closed,DPW Ops Queue,Street and Sidewalk Cleaning,South of Market,Open311
06-01-2016 14:02,06-02-2016 09:55,06-02-2016 09:55,Closed,DPW Ops Queue,Graffiti Public Property,South of Market,Open311
07/17/2015 05:34:43 AM,07/25/2015 07:31:02 AM,07/25/2015 07:31:02 AM,Closed,DPW Ops Queue,Graffiti Private Property,Mission,Web Self Service
06-01-2016 14:03,06-02-2016 09:17,06-02-2016 09:17,Closed,DPW Ops Queue,Graffiti Public Property,Chinatown,Open311
07/17/2015 05:37:04 AM,07/17/2015 07:55:04 AM,07/17/2015 07:55:04 AM,Closed,DPW Ops Queue,Graffiti Private Property,Mission,Web Self Service
07/17/2015 05:39:11 AM,07/19/2015 01:40:24 AM,07/19/2015 01:40:24 AM,Closed,DPW Ops Queue,Graffiti Private Property,Mission,Web Self Service
03/13/2016 06:39:22 PM,03/14/2016 04:22:15 PM,03/14/2016 04:22:15 PM,Closed,DPW Ops Queue,Street and Sidewalk Cleaning,South of Market,Open311
03/13/2016 06:41:14 PM,,03/14/2016 06:46:37 AM,Open,DPW Ops Queue,Street and Sidewalk Cleaning,Mission,Open311
03/13/2016 06:48:51 PM,03/14/2016 09:46:00 AM,03/14/2016 09:46:00 AM,Closed,Recology_Abandoned,Street and Sidewalk Cleaning,Mission,Voice In
03/13/2016 07:05:21 PM,,03/14/2016 06:37:46 AM,Open,DPW Ops Queue,Graffiti Public Property,South of Market,Open311
06-01-2016 16:07,06-02-2016 02:24,06-02-2016 02:24,Closed,DPW Ops Queue,Street and Sidewalk Cleaning,Chinatown,Open311
03/13/2016 07:17:38 PM,,03/14/2016 06:39:20 AM,Open,DPW Ops Queue,Street and Sidewalk Cleaning,Civic Center,Open311
07/17/2015 06:49:02 AM,07/17/2015 10:45:00 AM,07/17/2015 10:45:00 AM,Closed,DPW Ops Queue,Street and Sidewalk Cleaning,Mission,Voice In
07/17/2015 07:18:20 AM,07/21/2015 12:25:04 PM,07/21/2015 12:25:04 PM,Closed,SFMTA - Transportation Engineering Queue,Street Defects,South of Market,Open311
03/13/2016 07:20:27 PM,03/14/2016 11:20:00 AM,03/14/2016 11:20:00 AM,Closed,DPW Ops Queue,Street and Sidewalk Cleaning,Mission,Open311
02/27/2016 03:49:31 PM,,03-01-2016 08:46,Open,DPW Ops Queue,Graffiti Public Property,Mission,Open311
03/13/2016 07:40:28 PM,03/14/2016 09:07:03 AM,03/14/2016 09:07:03 AM,Closed,Recology_Abandoned,Street and Sidewalk Cleaning,Mission,Open311
06-01-2016 14:23,06-02-2016 08:51,06-02-2016 08:51,Closed,SFMTA - Transportation Engineering Queue,General Requests,Mission,Voice In
03/13/2016 07:53:08 PM,03/14/2016 07:54:21 AM,03/14/2016 07:54:21 AM,Closed,PUC - Sewer - G,General Requests,Financial District,Integrated Agency
03/13/2016 08:07:22 PM,03/14/2016 09:54:31 AM,03/14/2016 09:54:31 AM,Closed,Recology_Abandoned,Street and Sidewalk Cleaning,Nob Hill,Open311
06-01-2016 14:33,06-02-2016 06:04,06-02-2016 06:04,Closed,Clear Channel - Transit Queue,Graffiti Public Property,Nob Hill,Open311
06-01-2016 14:34,,06-02-2016 10:07,Open,SFMTA - Temporary Sign Request Installation/Enforcement Queue,Temporary Sign Request,Mission,Voice In
03/13/2016 08:16:08 PM,03/14/2016 04:05:25 AM,03/14/2016 04:05:25 AM,Closed,Recology_Overflowing,Street and Sidewalk Cleaning,Mission,Open311
06-01-2016 14:39,06-02-2016 06:03,06-02-2016 06:03,Closed,Clear Channel - Transit Queue,Street and Sidewalk Cleaning,Mission,Voice In
07/17/2015 07:21:56 AM,07/17/2015 03:51:35 PM,07/17/2015 03:51:35 PM,Closed,DPW Ops Queue,Street and Sidewalk Cleaning,Mission,Voice In
03-11-2016 15:40,03/14/2016 05:50:01 AM,03/14/2016 05:50:01 AM,Closed,Clear Channel - Transit Queue,Graffiti Public Property,Civic Center,Open311
07/31/2015 09:49:25 AM,07/31/2015 12:00:00 PM,07/31/2015 12:00:00 PM,Closed,DPW Ops Queue,Street and Sidewalk Cleaning,Nob Hill,Voice In
08/17/2015 09:37:09 AM,,08/17/2015 09:37:09 AM,Open,PUC Streetlights Queue,Streetlights,South of Market,Web Self Service
03-11-2016 16:48,03/14/2016 09:53:52 AM,03/14/2016 09:53:52 AM,Closed,MUNI Work Queue,MUNI Feedback,South of Market,Voice In
06-01-2016 14:45,06-02-2016 06:03,06-02-2016 06:03,Closed,Clear Channel - Transit Queue,Graffiti Public Property,Chinatown,Open311
03-11-2016 17:44,,03/14/2016 12:00:00 PM,Open,DPW BSM Queue,Graffiti Public Property,Financial District,Open311
07/31/2015 10:39:49 AM,08-03-2015 14:47,08-03-2015 14:47,Closed,Recology_Abandoned,Litter Receptacles,South of Market,Web Self Service
03-11-2016 18:24,,03/14/2016 12:00:00 PM,Open,DPW BSM Queue,Graffiti Public Property,South of Market,Open311
06-01-2016 14:59,06-02-2016 06:00,06-02-2016 06:00,Closed,Clear Channel - Transit Queue,Damaged Property,South of Market,Voice In
06-01-2016 15:03,,06-02-2016 10:02,Open,SFMTA - Temporary Sign Request Installation/Enforcement Queue,Temporary Sign Request,South of Market,Web Self Service
06-01-2016 15:06,06-02-2016 11:49,06-02-2016 11:49,Closed,MUNI Work Queue,MUNI Feedback,South of Market,Voice In
07/31/2015 10:40:48 AM,07/31/2015 11:00:12 AM,07/31/2015 11:00:12 AM,Closed,DPW Ops Queue,Street and Sidewalk Cleaning,South of Market,Voice In
03-11-2016 23:34,03/14/2016 11:27:17 AM,03/14/2016 11:27:17 AM,Closed,PG and E - Streetlights Queue,Streetlights,South of Market,Voice In
02/28/2016 09:48:23 AM,,03-01-2016 13:21,Open,SFMTA - Temporary Sign Request Installation/Enforcement Queue,Temporary Sign Request,Chinatown,Voice In
07/16/2015 05:10:52 PM,07/22/2015 11:57:37 AM,07/22/2015 11:57:37 AM,Closed,DPW Ops Queue,Street and Sidewalk Cleaning,North Beach,Voice In
03-12-2016 08:23,,03/14/2016 08:25:04 AM,Open,DPW Ops Queue,Litter Receptacles,South of Market,Voice In
03-12-2016 08:25,03/14/2016 05:47:41 AM,03/14/2016 05:47:41 AM,Closed,Clear Channel - Transit Queue,Street and Sidewalk Cleaning,South of Market,Voice In
03-12-2016 08:44,03/14/2016 11:02:57 AM,03/14/2016 11:02:57 AM,Closed,DPW Ops Queue,Graffiti Public Property,Mission,Open311
03-12-2016 08:47,,03/14/2016 01:00:00 AM,Open,DPW Ops Queue,Graffiti Private Property,Mission,Open311
03-12-2016 08:49,03/14/2016 10:19:49 AM,03/14/2016 10:19:49 AM,Closed,DPW Ops Queue,Graffiti Public Property,Mission,Open311
03-12-2016 08:49,03/14/2016 10:08:50 AM,03/14/2016 10:08:50 AM,Closed,DPW Ops Queue,Graffiti Public Property,Mission,Open311
03-12-2016 08:59,03/14/2016 10:27:54 AM,03/14/2016 10:27:54 AM,Closed,DPW Ops Queue,Graffiti Public Property,Mission,Open311
12-01-2015 16:40,12-04-2015 01:03,12-04-2015 01:03,Closed,DPW Ops Queue,Damaged Property,Mission,Open311
06-01-2016 15:17,06-02-2016 10:40,06-02-2016 10:40,Closed,DPW Ops Queue,Graffiti Public Property,Chinatown,Open311
07/16/2015 06:25:07 PM,07/21/2015 06:14:43 AM,07/21/2015 06:14:43 AM,Closed,DPT Abandoned Vehicles Work Queue,Abandoned Vehicle,Russian Hill,Web Self Service
03-12-2016 09:36,03/14/2016 02:35:52 PM,03/14/2016 02:35:52 PM,Closed,Recology_Litter,Litter Receptacles,South of Market,Voice In
06-01-2016 15:20,06-02-2016 10:41,06-02-2016 10:41,Closed,DPW Ops Queue,Graffiti Public Property,Chinatown,Open311
06-01-2016 15:22,06-02-2016 08:13,06-02-2016 08:13,Closed,DPW Ops Queue,Graffiti Private Property,Nob Hill,Open311
06-01-2016 15:22,06-02-2016 08:47,06-02-2016 08:47,Closed,Police - Homeless Concerns Queue,General Requests,South of Market,Open311
06-01-2016 15:23,06-02-2016 08:34,06-02-2016 08:34,Closed,DPW BUF Queue,Tree Maintenance,Mission,Voice In
06-01-2016 15:26,,06-02-2016 05:57,Open,SFMTA - Muni System Feedback Queue,Graffiti Private Property,Civic Center,Open311
06-01-2016 15:28,06-02-2016 06:00,06-02-2016 06:00,Closed,Clear Channel - Transit Queue,Street and Sidewalk Cleaning,Mission,Voice In
06-01-2016 15:30,06-02-2016 02:51,06-02-2016 02:51,Closed,DPW Ops Queue,Graffiti Public Property,Mission,Voice In
06-01-2016 15:46,06-02-2016 08:51,06-02-2016 08:51,Closed,DPT - Other - G,General Requests,South of Market,Voice In
03/13/2016 09:35:31 PM,,03/14/2016 08:27:16 AM,Open,DPW Ops Queue,Street and Sidewalk Cleaning,South of Market,Voice In
07/16/2015 06:44:17 PM,09-04-2015 08:30,09-04-2015 08:30,Closed,DPW Ops Queue,Graffiti Private Property,Mission,Voice In
06-01-2016 15:47,,06-02-2016 09:56,Open,SFMTA - Temporary Sign Request Installation/Enforcement Queue,Temporary Sign Request,Mission,Voice In
03/14/2016 12:26:15 PM,03/14/2016 12:29:56 PM,03/14/2016 12:29:56 PM,Closed,SFMTA - Parking Enforcement - G,General Requests,South of Market,Other Department
03/14/2016 12:27:22 PM,03/14/2016 03:27:40 PM,03/14/2016 03:27:40 PM,Closed,RPD Park Service Area 1 Queue,Street and Sidewalk Cleaning,Chinatown,Open311
03/14/2016 12:27:46 PM,03/14/2016 02:28:06 PM,03/14/2016 02:28:06 PM,Closed,DPW Ops Queue,Street and Sidewalk Cleaning,Mission,Open311
06-01-2016 16:09,06-02-2016 05:59,06-02-2016 05:59,Closed,Clear Channel - Transit Queue,Graffiti Public Property,South of Market,Open311
03/14/2016 12:31:09 PM,03/14/2016 02:20:11 PM,03/14/2016 02:20:11 PM,Closed,Recology_Overflowing,Street and Sidewalk Cleaning,Chinatown,Open311
07/17/2015 02:04:47 PM,07/20/2015 03:37:45 PM,07/20/2015 03:37:45 PM,Closed,MUNI Work Queue,MUNI Feedback,South of Market,Voice In
07/17/2015 02:20:07 PM,07/21/2015 12:37:12 PM,07/21/2015 12:37:12 PM,Closed,PUC Sewer Ops,Sewer Issues,Russian Hill,Voice In
03/14/2016 12:31:15 PM,03/14/2016 03:29:08 PM,03/14/2016 03:29:08 PM,Closed,DPW Ops Queue,Street and Sidewalk Cleaning,South of Market,Open311
03/14/2016 12:32:53 PM,03/14/2016 04:47:02 PM,03/14/2016 04:47:02 PM,Closed,DPW Ops Queue,Street and Sidewalk Cleaning,Chinatown,Open311
03/14/2016 12:38:01 PM,03/14/2016 02:48:26 PM,03/14/2016 02:48:26 PM,Closed,Recology_Abandoned,Street and Sidewalk Cleaning,Chinatown,Open311
08-01-2015 11:22,08/14/2015 10:23:37 AM,08/14/2015 10:23:37 AM,Closed,MUNI Work Queue,MUNI Feedback,South of Market,Voice In
07/14/2015 05:59:50 PM,07/15/2015 01:17:00 AM,07/15/2015 01:17:00 AM,Closed,DPW Ops Queue,Street and Sidewalk Cleaning,Mission,Open311
07/14/2015 06:01:17 PM,07/18/2015 01:49:30 AM,07/18/2015 01:49:30 AM,Closed,DPW Ops Queue,Litter Receptacles,South of Market,Open311
03/14/2016 12:42:33 PM,03/18/2016 10:30:22 AM,03/18/2016 10:30:22 AM,Closed,MUNI Work Queue,MUNI Feedback,South of Market,Voice In
07/17/2015 02:39:43 PM,07/17/2015 04:04:49 PM,07/17/2015 04:04:49 PM,Closed,Recology_Abandoned,Street and Sidewalk Cleaning,Mission,Voice In
06-01-2016 16:28,06-02-2016 12:00,06-02-2016 12:00,Closed,DPW Ops Queue,Sidewalk or Curb,South of Market,Open311
03/13/2016 11:03:01 PM,03/14/2016 02:40:49 PM,03/14/2016 02:40:49 PM,Closed,DPW Ops Queue,Street and Sidewalk Cleaning,South of Market,Open311
03/13/2016 11:05:17 PM,03/14/2016 02:55:57 AM,03/14/2016 02:55:57 AM,Closed,DPW Ops Queue,Street and Sidewalk Cleaning,South of Market,Open311
03/13/2016 11:08:34 PM,03/14/2016 01:08:20 PM,03/14/2016 01:08:20 PM,Closed,DPW Ops Queue,Street and Sidewalk Cleaning,South of Market,Open311
03/13/2016 11:11:10 PM,,03/14/2016 08:33:24 AM,Open,DPW Ops Queue,Street and Sidewalk Cleaning,South of Market,Open311
03/13/2016 11:22:15 PM,03/14/2016 12:11:36 AM,03/14/2016 12:11:36 AM,Closed,DPW Ops Queue,Street and Sidewalk Cleaning,Mission,Open311
03/14/2016 05:08:06 AM,03/14/2016 08:04:15 AM,03/14/2016 08:04:15 AM,Closed,Recology_Abandoned,Street and Sidewalk Cleaning,South of Market,Web Self Service
03/14/2016 05:12:04 AM,03/14/2016 08:06:13 AM,03/14/2016 08:06:13 AM,Closed,Recology_Abandoned,Street and Sidewalk Cleaning,South of Market,Web Self Service
03/14/2016 05:17:11 AM,03/14/2016 03:44:02 PM,03/14/2016 03:44:02 PM,Closed,DPW Ops Queue,Street and Sidewalk Cleaning,Mission,Web Self Service
03/14/2016 05:17:33 AM,03/14/2016 08:15:33 AM,03/14/2016 08:15:33 AM,Closed,Recology_Abandoned,Street and Sidewalk Cleaning,South of Market,Web Self Service
06-01-2016 16:35,06-02-2016 10:33,06-02-2016 10:33,Closed,Recology_Abandoned,Street and Sidewalk Cleaning,Mission,Voice In
03/14/2016 05:19:32 AM,03/14/2016 08:57:51 AM,03/14/2016 08:57:51 AM,Closed,Recology_Abandoned,Street and Sidewalk Cleaning,South of Market,Web Self Service
06-01-2016 16:36,06-02-2016 09:15,06-02-2016 09:15,Closed,Recology_Abandoned,Street and Sidewalk Cleaning,Mission,Voice In
03/14/2016 06:06:07 AM,03/14/2016 08:48:17 AM,03/14/2016 08:48:17 AM,Closed,DPW Ops Queue,Graffiti Private Property,Mission,Open311
06-01-2016 16:37,06-02-2016 08:45,06-02-2016 08:45,Closed,DPW Ops Queue,Graffiti Public Property,Mission,Voice In
02/29/2016 07:25:22 AM,,03-01-2016 08:06,Open,SFMTA - Temporary Sign Request Installation/Enforcement Queue,Temporary Sign Request,Mission,Web Self Service
06-01-2016 16:39,06-02-2016 10:05,06-02-2016 10:05,Closed,Recology_Abandoned,Street and Sidewalk Cleaning,Mission,Open311
02/29/2016 07:52:06 AM,03-01-2016 00:34,03-01-2016 00:34,Closed,DPW Ops Queue,Street and Sidewalk Cleaning,Mission,Voice In
03/14/2016 06:58:36 AM,03/14/2016 10:40:20 AM,03/14/2016 10:40:20 AM,Closed,Recology_Abandoned,Street and Sidewalk Cleaning,Nob Hill,Open311
06-01-2016 16:40,06-02-2016 12:00,06-02-2016 12:00,Closed,DPW Ops Queue,Street Defects,South of Market,Open311
03/14/2016 07:15:14 AM,,03/14/2016 07:15:15 AM,Open,PUC Streetlights Queue,Streetlights,Mission,Open311
03/14/2016 07:25:46 AM,,03/14/2016 08:29:01 AM,Open,DPW Ops Queue,Litter Receptacles,South of Market,Open311
06-01-2016 16:45,06-02-2016 09:31,06-02-2016 09:31,Closed,Recology_Abandoned,Street and Sidewalk Cleaning,Mission,Open311
03/14/2016 07:29:30 AM,03/14/2016 08:49:08 AM,03/14/2016 08:49:08 AM,Closed,DPT Meter_Bike Queue,Damaged Property,North Beach,Voice In
06-01-2016 16:45,06-02-2016 12:29,06-02-2016 12:29,Closed,DPW Ops Queue,Graffiti Public Property,South of Market,Open311
03/14/2016 07:36:09 AM,03/14/2016 03:32:51 PM,03/14/2016 03:32:51 PM,Closed,DPW Ops Queue,Street and Sidewalk Cleaning,Mission,Open311
03/14/2016 07:36:10 AM,03/14/2016 12:12:50 PM,03/14/2016 12:12:50 PM,Closed,DPW Ops Queue,Street and Sidewalk Cleaning,Mission,Voice In
03/14/2016 07:38:32 AM,03/14/2016 10:41:21 AM,03/14/2016 10:41:21 AM,Closed,Recology_Abandoned,Street and Sidewalk Cleaning,Russian Hill,Voice In
03/14/2016 07:40:21 AM,03/14/2016 09:18:44 AM,03/14/2016 09:18:44 AM,Closed,Recology_Abandoned,Street and Sidewalk Cleaning,Mission,Voice In
02/29/2016 08:34:19 AM,,03-01-2016 02:38,Open,DPW Ops Queue,Street and Sidewalk Cleaning,South of Market,Open311
03/14/2016 12:43:09 PM,03/14/2016 01:16:07 PM,03/14/2016 01:16:07 PM,Closed,Recology_Abandoned,Street and Sidewalk Cleaning,Chinatown,Open311
03/14/2016 07:46:15 AM,03/14/2016 01:59:05 PM,03/14/2016 01:59:05 PM,Closed,Clear Channel - Transit Queue,Graffiti Public Property,South of Market,Open311
03/14/2016 07:46:42 AM,03/14/2016 09:37:17 AM,03/14/2016 09:37:17 AM,Closed,DPW Ops Queue,Street and Sidewalk Cleaning,South of Market,Voice In
03/14/2016 07:48:04 AM,03/14/2016 02:39:28 PM,03/14/2016 02:39:28 PM,Closed,DPW Ops Queue,Street and Sidewalk Cleaning,South of Market,Voice In
03/14/2016 12:26:10 AM,03/14/2016 06:36:30 PM,03/14/2016 06:36:30 PM,Closed,DPW Ops Queue,Street and Sidewalk Cleaning,Mission,Open311
06-01-2016 16:52,06-02-2016 12:00,06-02-2016 12:00,Closed,MUNI Work Queue,MUNI Feedback,Mission,Voice In
03/14/2016 12:49:37 AM,03/14/2016 12:05:58 PM,03/14/2016 12:05:58 PM,Closed,DPW Ops Queue,Street and Sidewalk Cleaning,Mission,Open311
02/29/2016 09:11:55 AM,03-01-2016 00:19,03-01-2016 00:19,Closed,DPW Ops Queue,Street and Sidewalk Cleaning,Mission,Open311
06-01-2016 17:00,06-02-2016 00:36,06-02-2016 00:36,Closed,311 Supervisor Queue,Street and Sidewalk Cleaning,South of Market,Open311
06-01-2016 17:00,06-02-2016 18:12,06-02-2016 18:12,Closed,DPW Ops Queue,Street and Sidewalk Cleaning,Chinatown,Open311
03/14/2016 07:56:47 AM,03/14/2016 10:49:19 AM,03/14/2016 10:49:19 AM,Closed,Recology_Abandoned,Street and Sidewalk Cleaning,North Beach,Voice In
06-01-2016 17:01,06-02-2016 17:39,06-02-2016 17:39,Closed,DPW Ops Queue,Street and Sidewalk Cleaning,Chinatown,Open311
08-01-2015 13:01,11-04-2015 09:52,11-04-2015 09:52,Closed,DPT Meter_Bike Queue,Damaged Property,Mission,Voice In
06-01-2016 17:02,06-02-2016 09:27,06-02-2016 09:27,Closed,DPW Ops Queue,Graffiti Public Property,Mission,Open311
03/14/2016 08:02:36 AM,03/14/2016 03:40:19 PM,03/14/2016 03:40:19 PM,Closed,DPW Ops Queue,Street and Sidewalk Cleaning,South of Market,Voice In
03/14/2016 08:07:59 AM,03/14/2016 03:42:25 PM,03/14/2016 03:42:25 PM,Closed,DPW Ops Queue,Street and Sidewalk Cleaning,Mission,Voice In
06-01-2016 17:08,06-02-2016 01:45,06-02-2016 01:45,Closed,DPW Ops Queue,Graffiti Public Property,Chinatown,Open311
03/14/2016 08:08:51 AM,,03/14/2016 12:00:00 PM,Open,DPW BSM Queue,Street Defects,South of Market,Open311
06-01-2016 17:13,06-02-2016 08:31,06-02-2016 08:31,Closed,Recology_Abandoned,Street and Sidewalk Cleaning,Mission,Voice In
08-01-2015 13:20,08-05-2015 09:32,08-05-2015 09:32,Closed,DPW Ops Queue,Litter Receptacles,Russian Hill,Voice In
03/14/2016 08:11:24 AM,,03/14/2016 10:41:34 AM,Open,SFMTA - Temporary Sign Request Installation/Enforcement Queue,Temporary Sign Request,Russian Hill,Web Self Service
03/14/2016 08:12:25 AM,03/14/2016 09:44:31 AM,03/14/2016 09:44:31 AM,Closed,Recology_Abandoned,Street and Sidewalk Cleaning,Mission,Voice In
06-01-2016 17:15,06-02-2016 11:53,06-02-2016 11:53,Closed,DPW Ops Queue,Graffiti Private Property,South of Market,Open311
03/14/2016 08:13:29 AM,03/14/2016 03:41:43 PM,03/14/2016 03:41:43 PM,Closed,DPW Ops Queue,Street and Sidewalk Cleaning,Mission,Voice In
03/14/2016 08:13:42 AM,03/17/2016 03:55:35 PM,03/17/2016 03:55:35 PM,Closed,MUNI Work Queue,MUNI Feedback,Civic Center,Voice In
03/14/2016 08:15:06 AM,,03/14/2016 08:45:52 AM,Open,DPW Ops Queue,Street and Sidewalk Cleaning,Civic Center,Web Self Service
03/14/2016 08:19:08 AM,03/14/2016 03:38:25 PM,03/14/2016 03:38:25 PM,Closed,DPW Ops Queue,Street and Sidewalk Cleaning,Chinatown,Open311
06-01-2016 17:19,06-02-2016 10:18,06-02-2016 10:18,Closed,Recology_Abandoned,Street and Sidewalk Cleaning,Mission,Open311
07/17/2015 03:51:28 PM,07/18/2015 09:26:03 AM,07/18/2015 09:26:03 AM,Closed,DPW Ops Queue,Graffiti Private Property,North Beach,Voice In
03/14/2016 08:24:37 AM,03/14/2016 11:10:07 AM,03/14/2016 11:10:07 AM,Closed,DPW Ops Queue,Street and Sidewalk Cleaning,South of Market,Voice In
03/14/2016 08:27:42 AM,,03/14/2016 08:29:58 AM,Open,DPW Ops Queue,Street and Sidewalk Cleaning,South of Market,Voice In
03/14/2016 08:33:25 AM,03/14/2016 11:01:31 AM,03/14/2016 11:01:31 AM,Closed,Recology_Abandoned,Street and Sidewalk Cleaning,Chinatown,Voice In
06-01-2016 17:33,06-02-2016 05:55,06-02-2016 05:55,Closed,Clear Channel - Transit Queue,Graffiti Public Property,South of Market,Open311
03/14/2016 08:41:41 AM,03/14/2016 01:00:42 PM,03/14/2016 01:00:42 PM,Closed,311 Supervisor Queue,Graffiti Public Property,South of Market,Open311
06-01-2016 17:36,06-02-2016 07:56,06-02-2016 07:56,Closed,DPW Ops Queue,Graffiti Public Property,South of Market,Open311
06-01-2016 17:36,06-02-2016 12:00,06-02-2016 12:00,Closed,DPW Ops Queue,Street and Sidewalk Cleaning,South of Market,Open311
03/14/2016 08:44:33 AM,,03/14/2016 12:00:00 PM,Open,DPW BSM Queue,Street Defects,South of Market,Open311
03/14/2016 08:55:56 AM,03/14/2016 03:29:50 PM,03/14/2016 03:29:50 PM,Closed,DPW Ops Queue,Street and Sidewalk Cleaning,Mission,Open311
06-01-2016 17:48,06-02-2016 05:07,06-02-2016 05:07,Closed,Noise Report Queue,Noise Report,South of Market,Voice In
03/14/2016 09:06:36 AM,03/14/2016 09:33:58 AM,03/14/2016 09:33:58 AM,Closed,Recology_Overflowing,Street and Sidewalk Cleaning,Chinatown,Open311
03/14/2016 12:45:21 PM,03/14/2016 01:32:14 PM,03/14/2016 01:32:14 PM,Closed,Recology_Abandoned,Street and Sidewalk Cleaning,Mission,Voice In
03/14/2016 09:12:04 AM,03/14/2016 10:50:58 AM,03/14/2016 10:50:58 AM,Closed,Recology_Abandoned,Street and Sidewalk Cleaning,Chinatown,Open311
07/31/2015 11:37:52 AM,08-03-2015 07:27,08-03-2015 07:27,Closed,DPW Ops Queue,Street and Sidewalk Cleaning,South of Market,Open311
03/14/2016 09:12:49 AM,03/14/2016 09:47:38 AM,03/14/2016 09:47:38 AM,Closed,RPD NSA Queue,Sign Repair,Chinatown,Open311
03/14/2016 09:14:27 AM,03/14/2016 03:29:24 PM,03/14/2016 03:29:24 PM,Closed,DPW Ops Queue,Street and Sidewalk Cleaning,Mission,Voice In
07/31/2015 11:39:15 AM,07/31/2015 01:02:10 PM,07/31/2015 01:02:10 PM,Closed,PUC - Water - G,Sewer Issues,Russian Hill,Voice In
03/14/2016 09:16:29 AM,03/14/2016 12:47:38 PM,03/14/2016 12:47:38 PM,Closed,Recology_Abandoned,Street and Sidewalk Cleaning,Chinatown,Open311
07/31/2015 12:05:13 PM,07/31/2015 01:16:28 PM,07/31/2015 01:16:28 PM,Closed,Recology_Abandoned,Street and Sidewalk Cleaning,Mission,Open311
03/14/2016 09:17:43 AM,03/14/2016 03:29:03 PM,03/14/2016 03:29:03 PM,Closed,DPW Ops Queue,Street and Sidewalk Cleaning,Mission,Voice In
07/31/2015 01:01:12 PM,07/31/2015 03:00:42 PM,07/31/2015 03:00:42 PM,Closed,Recology_Abandoned,Street and Sidewalk Cleaning,South of Market,Web Self Service
03/14/2016 09:18:33 AM,03/14/2016 03:28:29 PM,03/14/2016 03:28:29 PM,Closed,DPW Ops Queue,Street and Sidewalk Cleaning,Mission,Open311
03/14/2016 09:20:18 AM,,03/14/2016 11:10:00 AM,Open,DPW Ops Queue,Litter Receptacles,Chinatown,Open311
03/14/2016 09:23:55 AM,03/14/2016 01:08:13 PM,03/14/2016 01:08:13 PM,Closed,Recology_Abandoned,Street and Sidewalk Cleaning,Nob Hill,Open311
03/14/2016 09:25:12 AM,03/14/2016 12:58:29 PM,03/14/2016 12:58:29 PM,Closed,Recology_Abandoned,Street and Sidewalk Cleaning,Nob Hill,Open311
03/14/2016 09:25:25 AM,03/14/2016 03:35:32 PM,03/14/2016 03:35:32 PM,Closed,DPW Ops Queue,Street and Sidewalk Cleaning,Mission,Open311
06-01-2016 18:06,06-02-2016 00:52,06-02-2016 00:52,Closed,RPD NSA Queue,Rec and Park Requests,South of Market,Voice In
03/14/2016 09:34:38 AM,03/14/2016 11:04:42 AM,03/14/2016 11:04:42 AM,Closed,Recology_Abandoned,Street and Sidewalk Cleaning,Chinatown,Open311
03/14/2016 09:35:44 AM,03/14/2016 09:37:10 AM,03/14/2016 09:37:10 AM,Closed,PUC - Water - G,Graffiti Public Property,Nob Hill,Open311
07/17/2015 10:38:03 AM,07/31/2015 08:13:48 AM,07/31/2015 08:13:48 AM,Closed,DPW Ops Queue,Graffiti Private Property,Mission,Web Self Service
03/14/2016 09:37:15 AM,,03/14/2016 09:37:15 AM,Open,DPW Ops Queue,Street and Sidewalk Cleaning,Chinatown,Open311
06-01-2016 18:10,06-02-2016 10:24,06-02-2016 10:24,Closed,DPW Ops Queue,Graffiti Public Property,Mission,Open311
07/31/2015 02:28:30 PM,07/31/2015 03:23:29 PM,07/31/2015 03:23:29 PM,Closed,Recology_Abandoned,Street and Sidewalk Cleaning,Mission,Voice In
07/31/2015 02:29:06 PM,07/31/2015 03:47:24 PM,07/31/2015 03:47:24 PM,Closed,Recology_Abandoned,Street and Sidewalk Cleaning,Nob Hill,Open311
07/31/2015 03:05:50 PM,07/31/2015 05:10:53 PM,07/31/2015 05:10:53 PM,Closed,DPW Ops Queue,Street and Sidewalk Cleaning,Civic Center,Voice In
03/14/2016 09:39:31 AM,03/14/2016 01:49:31 PM,03/14/2016 01:49:31 PM,Closed,DPW Ops Queue,Street and Sidewalk Cleaning,South of Market,Open311
03/14/2016 09:41:56 AM,,03/14/2016 12:00:00 PM,Open,DPW Ops Queue,Graffiti Public Property,Chinatown,Open311
03/14/2016 09:44:50 AM,,03/14/2016 12:00:00 PM,Open,DPW Ops Queue,Street and Sidewalk Cleaning,Chinatown,Open311
03/14/2016 09:46:10 AM,03/15/2016 02:28:45 AM,03/15/2016 02:28:45 AM,Closed,DPW Ops Queue,Street and Sidewalk Cleaning,South of Market,Open311
03/14/2016 09:46:29 AM,03/14/2016 12:27:02 PM,03/14/2016 12:27:02 PM,Closed,Recology_Abandoned,Street and Sidewalk Cleaning,Nob Hill,Open311
03/14/2016 09:47:14 AM,03/14/2016 01:59:40 PM,03/14/2016 01:59:40 PM,Closed,RPD Park Service Area 1 Queue,Rec and Park Requests,Chinatown,Open311
03/14/2016 09:47:56 AM,03/14/2016 12:05:58 PM,03/14/2016 12:05:58 PM,Closed,DPW Ops Queue,Street and Sidewalk Cleaning,Mission,Voice In
07/17/2015 10:56:34 AM,11-04-2015 07:57,11-04-2015 07:57,Closed,DPT Meter_Bike Queue,Damaged Property,Financial District,Voice In
03/14/2016 09:50:12 AM,03/14/2016 01:48:10 PM,03/14/2016 01:48:10 PM,Closed,Recology_Abandoned,Street and Sidewalk Cleaning,Chinatown,Open311
03/14/2016 09:52:16 AM,,03/14/2016 12:00:00 PM,Open,DPW Ops Queue,Street and Sidewalk Cleaning,Russian Hill,Open311
03/14/2016 09:52:29 AM,03/14/2016 01:48:13 PM,03/14/2016 01:48:13 PM,Closed,Recology_Abandoned,Street and Sidewalk Cleaning,Russian Hill,Voice In
03/14/2016 09:53:16 AM,03/14/2016 11:45:17 AM,03/14/2016 11:45:17 AM,Closed,Recology_Abandoned,Street and Sidewalk Cleaning,South of Market,Integrated Agency
03/14/2016 09:54:06 AM,03/14/2016 02:00:29 PM,03/14/2016 02:00:29 PM,Closed,RPD Park Service Area 1 Queue,Rec and Park Requests,Chinatown,Open311
03/14/2016 09:54:11 AM,,03/14/2016 12:00:00 PM,Open,DPW Ops Queue,Street and Sidewalk Cleaning,Chinatown,Open311
03/14/2016 09:55:26 AM,03/14/2016 12:11:37 PM,03/14/2016 12:11:37 PM,Closed,Recology_Abandoned,Street and Sidewalk Cleaning,South of Market,Open311
07/14/2015 05:24:29 PM,07/14/2015 06:09:43 PM,07/14/2015 06:09:43 PM,Closed,Recology_Overflowing,Street and Sidewalk Cleaning,Mission,Open311
03/14/2016 09:56:45 AM,03/14/2016 10:45:37 AM,03/14/2016 10:45:37 AM,Closed,Recology_Abandoned,Street and Sidewalk Cleaning,South of Market,Open311
07/14/2015 05:27:31 PM,07/16/2015 09:54:35 AM,07/16/2015 09:54:35 AM,Closed,DPT - Other - G,General Requests,South of Market,Voice In
03/14/2016 09:58:38 AM,03/14/2016 03:31:47 PM,03/14/2016 03:31:47 PM,Closed,DPW Ops Queue,Street and Sidewalk Cleaning,Mission,Voice In
03/14/2016 10:01:08 AM,03/14/2016 06:01:13 PM,03/14/2016 06:01:13 PM,Closed,DPW Ops Queue,Street and Sidewalk Cleaning,Mission,Open311
07/31/2015 07:23:36 PM,08-01-2015 10:06,08-01-2015 10:06,Closed,Recology_Abandoned,Street and Sidewalk Cleaning,Mission,Integrated Agency
06-01-2016 18:30,06-02-2016 09:51,06-02-2016 09:51,Closed,Recology_Abandoned,Street and Sidewalk Cleaning,Mission,Open311
03/14/2016 10:03:13 AM,,03/14/2016 12:00:00 PM,Open,DPW Ops Queue,Street and Sidewalk Cleaning,Chinatown,Open311
03/14/2016 10:04:25 AM,03/14/2016 01:48:04 PM,03/14/2016 01:48:04 PM,Closed,Recology_Abandoned,Street and Sidewalk Cleaning,Chinatown,Open311
06-01-2016 18:35,06-02-2016 11:51,06-02-2016 11:51,Closed,MUNI Work Queue,MUNI Feedback,South of Market,Voice In
06-01-2016 18:38,06-02-2016 10:16,06-02-2016 10:16,Closed,Recology_Abandoned,Street and Sidewalk Cleaning,Mission,Open311
02/29/2016 03:15:22 PM,,03-05-2016 09:59,Open,DPW Ops Queue,Graffiti Private Property,South of Market,Open311
06-01-2016 18:46,06-02-2016 12:30,06-02-2016 12:30,Closed,DPT Meter_Bike Queue,Damaged Property,Mission,Open311
03/14/2016 10:16:42 AM,03/14/2016 10:22:14 AM,03/14/2016 10:22:14 AM,Closed,311 Service Request Queue,Damaged Property,Mission,Voice In
06-01-2016 18:53,06-02-2016 08:14,06-02-2016 08:14,Closed,DPW Ops Queue,Graffiti Public Property,Mission,Open311
03/14/2016 10:20:06 AM,03/14/2016 03:29:53 PM,03/14/2016 03:29:53 PM,Closed,DPW Ops Queue,Street and Sidewalk Cleaning,Mission,Web Self Service
06-01-2016 18:57,06-02-2016 08:14,06-02-2016 08:14,Closed,DPW Ops Queue,Graffiti Public Property,Mission,Open311
07/14/2015 06:41:53 PM,09/14/2015 08:04:20 PM,09/14/2015 08:04:20 PM,Closed,DPT Color Curb Queue,Color Curb,Mission,Web Self Service
03/14/2016 10:22:17 AM,,03/14/2016 12:00:00 PM,Open,DPW Ops Queue,Street and Sidewalk Cleaning,North Beach,Open311
07/14/2015 06:44:56 PM,07/16/2015 11:05:02 AM,07/16/2015 11:05:02 AM,Closed,MUNI Work Queue,MUNI Feedback,Financial District,Voice In
06-01-2016 18:59,06-02-2016 01:06,06-02-2016 01:06,Closed,DPW Ops Queue,Graffiti Private Property,Mission,Open311
06-01-2016 19:03,06-02-2016 08:26,06-02-2016 08:26,Closed,DPW Ops Queue,Graffiti Public Property,Mission,Open311
06-01-2016 19:04,06-02-2016 10:16,06-02-2016 10:16,Closed,Recology_Abandoned,Street and Sidewalk Cleaning,Mission,Voice In
06-01-2016 19:04,06-02-2016 08:26,06-02-2016 08:26,Closed,DPW Ops Queue,Graffiti Private Property,Mission,Open311
06-01-2016 19:06,06-02-2016 08:26,06-02-2016 08:26,Closed,DPW Ops Queue,Graffiti Private Property,Mission,Open311
06-01-2016 19:08,06-02-2016 12:00,06-02-2016 12:00,Closed,DPW Ops Queue,Blocked Street or SideWalk,South of Market,Open311
07/14/2015 07:08:04 PM,07/15/2015 02:42:36 AM,07/15/2015 02:42:36 AM,Closed,DPW Ops Queue,Street and Sidewalk Cleaning,Mission,Open311
06-01-2016 19:10,06-02-2016 08:26,06-02-2016 08:26,Closed,DPW Ops Queue,Graffiti Public Property,Mission,Open311
06-01-2016 19:14,06-02-2016 12:00,06-02-2016 12:00,Closed,DPW Ops Queue,Street and Sidewalk Cleaning,Mission,Open311
03/14/2016 10:36:34 AM,03/14/2016 01:34:16 PM,03/14/2016 01:34:16 PM,Closed,DPW Ops Queue,Street and Sidewalk Cleaning,South of Market,Open311
03/14/2016 10:37:44 AM,,03/14/2016 12:00:00 PM,Open,DPW Ops Queue,Street and Sidewalk Cleaning,North Beach,Open311
06-01-2016 19:26,06-02-2016 09:15,06-02-2016 09:15,Closed,DPW Ops Queue,Graffiti Public Property,Mission,Open311
03/14/2016 10:39:16 AM,,03/14/2016 12:00:00 PM,Open,DPW Ops Queue,Street and Sidewalk Cleaning,North Beach,Open311
03/14/2016 10:43:04 AM,,03/14/2016 10:43:05 AM,Open,DPW BSM Queue,Damaged Property,South of Market,Web Self Service
02/29/2016 04:23:48 PM,03-01-2016 03:42,03-01-2016 03:42,Closed,DPW Ops Queue,Street and Sidewalk Cleaning,South of Market,Voice In
06-01-2016 19:28,06-02-2016 01:02,06-02-2016 01:02,Closed,PUC - Water - G,Sewer Issues,South of Market,Web Self Service
06-01-2016 19:31,06-02-2016 08:26,06-02-2016 08:26,Closed,DPW Ops Queue,Graffiti Private Property,Mission,Open311
07/14/2015 07:17:19 PM,07/15/2015 01:10:00 AM,07/15/2015 01:10:00 AM,Closed,DPW Ops Queue,Street and Sidewalk Cleaning,South of Market,Open311
03/14/2016 10:56:32 AM,03/14/2016 01:18:13 PM,03/14/2016 01:18:13 PM,Closed,DPW Ops Queue,Street and Sidewalk Cleaning,South of Market,Open311
03/14/2016 11:03:02 AM,03/14/2016 11:51:21 AM,03/14/2016 11:51:21 AM,Closed,311 Service Request Queue,311 External Request,Russian Hill,Voice In
07/14/2015 07:30:56 PM,07/15/2015 02:45:00 AM,07/15/2015 02:45:00 AM,Closed,DPW Ops Queue,Street and Sidewalk Cleaning,South of Market,Voice In
03/14/2016 11:05:31 AM,,03/14/2016 01:54:28 PM,Open,SFMTA - Temporary Sign Request Installation/Enforcement Queue,Temporary Sign Request,Nob Hill,Web Self Service
08-01-2015 06:47,08-01-2015 09:35,08-01-2015 09:35,Closed,Recology_Abandoned,Street and Sidewalk Cleaning,Mission,Open311
07/17/2015 11:37:55 AM,,07/17/2015 11:37:55 AM,Open,DPW Ops Queue,Graffiti Private Property,South of Market,Web Self Service
03/14/2016 11:09:42 AM,03/14/2016 12:47:50 PM,03/14/2016 12:47:50 PM,Closed,DPW Ops Queue,Street and Sidewalk Cleaning,Mission,Voice In
07/17/2015 12:24:45 PM,08/18/2015 09:44:33 AM,08/18/2015 09:44:33 AM,Closed,DPW Ops Queue,Graffiti Private Property,South of Market,Integrated Agency
03/14/2016 11:10:23 AM,03/14/2016 02:29:42 PM,03/14/2016 02:29:42 PM,Closed,Recology_Abandoned,Street and Sidewalk Cleaning,North Beach,Integrated Agency
07/14/2015 05:59:02 PM,07/15/2015 12:14:08 PM,07/15/2015 12:14:08 PM,Closed,Recology_Abandoned,Street and Sidewalk Cleaning,Mission,Open311
06-01-2016 20:43,06-02-2016 00:37,06-02-2016 00:37,Closed,311 Supervisor Queue,Street and Sidewalk Cleaning,South of Market,Open311
03/14/2016 11:21:15 AM,03/14/2016 12:05:08 PM,03/14/2016 12:05:08 PM,Closed,PUC - Water - G,Graffiti Public Property,Civic Center,Open311
03/14/2016 11:22:04 AM,,03/14/2016 01:52:27 PM,Open,SFMTA - Temporary Sign Request Installation/Enforcement Queue,Temporary Sign Request,Nob Hill,Web Self Service
08-01-2015 07:18,08-01-2015 16:12,08-01-2015 16:12,Closed,DPW Ops Queue,Street and Sidewalk Cleaning,Mission,Web Self Service
03/14/2016 12:48:57 PM,,03/14/2016 12:53:54 PM,Open,DPW BSSR Queue,Street Defects,South of Market,Voice In
03/14/2016 11:22:16 AM,03/14/2016 03:29:30 PM,03/14/2016 03:29:30 PM,Closed,DPW - Bureau of Street Environmental Services - G,General Requests,Mission,Voice In
02/29/2016 05:27:27 PM,,03-01-2016 07:01,Open,DPW Ops Queue,Street and Sidewalk Cleaning,North Beach,Open311
03/14/2016 11:24:42 AM,03/14/2016 02:29:44 PM,03/14/2016 02:29:44 PM,Closed,Recology_Abandoned,Street and Sidewalk Cleaning,North Beach,Voice In
03/14/2016 11:26:14 AM,03/14/2016 03:04:32 PM,03/14/2016 03:04:32 PM,Closed,DPW Ops Queue,Street and Sidewalk Cleaning,South of Market,Web Self Service
03/14/2016 12:51:30 PM,03/14/2016 02:28:02 PM,03/14/2016 02:28:02 PM,Closed,Recology_Abandoned,Street and Sidewalk Cleaning,Mission,Voice In
03/14/2016 11:34:23 AM,03/14/2016 01:55:36 PM,03/14/2016 01:55:36 PM,Closed,Clear Channel - Transit Queue,Graffiti Public Property,Mission,Open311
03/14/2016 11:39:25 AM,03/14/2016 12:24:26 PM,03/14/2016 12:24:26 PM,Closed,Recology_Abandoned,Street and Sidewalk Cleaning,Nob Hill,Voice In
02/29/2016 05:51:14 PM,03-01-2016 15:40,03-01-2016 15:40,Closed,DPH - Environmental Health - G,Residential Building Request,Mission,Voice In
03/14/2016 11:42:58 AM,,03/14/2016 12:00:00 PM,Open,DPW Ops Queue,Street and Sidewalk Cleaning,Nob Hill,Voice In
03/14/2016 11:46:59 AM,,03/14/2016 01:53:33 PM,Open,SFMTA - Temporary Sign Request Installation/Enforcement Queue,Temporary Sign Request,Nob Hill,Web Self Service
08-01-2015 09:21,08/22/2015 09:38:09 AM,08/22/2015 09:38:09 AM,Closed,DPW Ops Queue,Graffiti Private Property,Civic Center,Integrated Agency
08-01-2015 09:42,08-01-2015 15:32,08-01-2015 15:32,Closed,DPW Ops Queue,Street and Sidewalk Cleaning,Financial District,Voice In
06-01-2016 20:05,06-02-2016 03:05,06-02-2016 03:05,Closed,DPW Ops Queue,Street and Sidewalk Cleaning,South of Market,Voice In
07/14/2015 05:03:18 PM,,07/14/2015 05:04:44 PM,Open,Housing Authority SR Queue,SFHA Requests,South of Market,Voice In
06-01-2016 20:15,06-02-2016 05:07,06-02-2016 05:07,Closed,Noise Report Queue,Noise Report,South of Market,Web Self Service
08-01-2015 10:08,08/14/2015 10:20:39 AM,08/14/2015 10:20:39 AM,Closed,MUNI Work Queue,MUNI Feedback,Mission,Voice In
06-01-2016 20:15,06-02-2016 12:00,06-02-2016 12:00,Closed,DPW Ops Queue,Street and Sidewalk Cleaning,South of Market,Open311
08-01-2015 10:08,08-01-2015 16:12,08-01-2015 16:12,Closed,DPW Ops Queue,Street and Sidewalk Cleaning,Mission,Open311
08-01-2015 10:42,08-05-2015 07:45,08-05-2015 07:45,Closed,DPW Ops Queue,Street and Sidewalk Cleaning,South of Market,Voice In
07/17/2015 02:03:17 PM,07/30/2015 09:24:22 AM,07/30/2015 09:24:22 AM,Closed,SFMTA - Temporary Sign Request Queue,Temporary Sign Request,Nob Hill,Voice In
03/14/2016 12:20:17 PM,03/14/2016 01:17:47 PM,03/14/2016 01:17:47 PM,Closed,Recology_Overflowing,Street and Sidewalk Cleaning,Mission,Open311
02/29/2016 10:11:44 PM,,03-01-2016 07:41,Open,DPW Ops Queue,Street and Sidewalk Cleaning,South of Market,Voice In
03/14/2016 05:13:58 PM,,03/14/2016 05:15:23 PM,Open,DPW BSSR Queue,Street Defects,South of Market,Voice In
06-01-2016 20:53,06-02-2016 10:19,06-02-2016 10:19,Closed,Recology_Abandoned,Street and Sidewalk Cleaning,Mission,Integrated Agency
08-01-2015 13:23,08-01-2015 17:24,08-01-2015 17:24,Closed,311 Supervisor Queue,Litter Receptacles,Russian Hill,Voice In
06-01-2016 21:13,06-02-2016 08:55,06-02-2016 08:55,Closed,Police - Homeless Concerns Queue,General Requests,South of Market,Open311
08/17/2015 06:26:28 PM,08/18/2015 03:15:00 AM,08/18/2015 03:15:00 AM,Closed,DPW Ops Queue,Street and Sidewalk Cleaning,South of Market,Voice In
06-01-2016 21:23,06-02-2016 08:33,06-02-2016 08:33,Closed,Recology_Abandoned,Street and Sidewalk Cleaning,South of Market,Voice In
06-01-2016 21:38,06-02-2016 02:30,06-02-2016 02:30,Closed,DPW Ops Queue,Street and Sidewalk Cleaning,Russian Hill,Open311
08/17/2015 07:32:44 PM,08/18/2015 03:02:35 AM,08/18/2015 03:02:35 AM,Closed,DPW Ops Queue,Street and Sidewalk Cleaning,Mission,Voice In
06-01-2016 21:39,06-02-2016 01:30,06-02-2016 01:30,Closed,DPW Ops Queue,Street and Sidewalk Cleaning,Russian Hill,Open311
06-01-2016 22:04,06-02-2016 02:07,06-02-2016 02:07,Closed,DPW Ops Queue,Street and Sidewalk Cleaning,Mission,Web Self Service
06-01-2016 22:05,06-02-2016 02:27,06-02-2016 02:27,Closed,DPW Ops Queue,Street and Sidewalk Cleaning,Mission,Open311
06-01-2016 22:07,06-02-2016 00:38,06-02-2016 00:38,Closed,311 Supervisor Queue,Street and Sidewalk Cleaning,Mission,Open311
06-01-2016 22:31,06-02-2016 01:44,06-02-2016 01:44,Closed,DPW Ops Queue,Street and Sidewalk Cleaning,South of Market,Open311
06-01-2016 22:49,06-02-2016 04:01,06-02-2016 04:01,Closed,DPW Ops Queue,Street and Sidewalk Cleaning,South of Market,Open311
03/14/2016 05:49:41 PM,03/14/2016 10:21:49 PM,03/14/2016 10:21:49 PM,Closed,DPW Ops Queue,Street and Sidewalk Cleaning,Mission,Open311
06-01-2016 22:50,06-02-2016 09:12,06-02-2016 09:12,Closed,Recology_Abandoned,Street and Sidewalk Cleaning,South of Market,Open311
03-01-2016 06:35,,03-01-2016 11:08,Open,SFMTA - Temporary Sign Request Installation/Enforcement Queue,Temporary Sign Request,Nob Hill,Web Self Service
08-01-2015 14:28,08-01-2015 14:49,08-01-2015 14:49,Closed,Recology_Abandoned,Street and Sidewalk Cleaning,Chinatown,Integrated Agency
06-01-2016 23:08,06-02-2016 08:25,06-02-2016 08:25,Closed,Recology_Abandoned,Street and Sidewalk Cleaning,South of Market,Integrated Agency
03-01-2016 06:49,,03-01-2016 08:11,Open,DPW Ops Queue,Litter Receptacles,Civic Center,Open311
03/14/2016 05:56:44 PM,03/14/2016 09:13:06 PM,03/14/2016 09:13:06 PM,Closed,DPW Ops Queue,Graffiti Public Property,South of Market,Open311
03/14/2016 05:56:58 PM,03/14/2016 09:28:16 PM,03/14/2016 09:28:16 PM,Closed,DPW Ops Queue,Street and Sidewalk Cleaning,South of Market,Open311
06-01-2016 23:39,06-02-2016 09:39,06-02-2016 09:39,Closed,DPW Ops Queue,Street and Sidewalk Cleaning,Mission,Web Self Service
06-01-2016 23:40,06-02-2016 01:12,06-02-2016 01:12,Closed,DPW Ops Queue,Street and Sidewalk Cleaning,South of Market,Open311
06-01-2016 23:45,06-02-2016 02:25,06-02-2016 02:25,Closed,DPW Ops Queue,Street and Sidewalk Cleaning,Mission,Web Self Service
03/14/2016 05:59:57 PM,03/14/2016 06:34:04 PM,03/14/2016 06:34:04 PM,Closed,311 Supervisor Queue,Graffiti Public Property,Mission,Open311
03-01-2016 07:04,,03-01-2016 16:17,Open,SFMTA - Temporary Sign Request Installation/Enforcement Queue,Temporary Sign Request,Nob Hill,Web Self Service
03/14/2016 06:00:18 PM,,03/14/2016 06:00:18 PM,Open,DPW Ops Queue,Tree Maintenance,Mission,Open311
08-01-2015 16:50,11-03-2015 10:12,11-03-2015 10:12,Closed,DPT Meter_Bike Queue,Damaged Property,North Beach,Voice In
03/14/2016 06:04:57 PM,03/14/2016 10:17:31 PM,03/14/2016 10:17:31 PM,Closed,DPW Ops Queue,Street and Sidewalk Cleaning,Mission,Open311
06-02-2016 02:07,06-02-2016 11:15,06-02-2016 11:15,Closed,PUC - Sewer - G,General Requests,South of Market,Integrated Agency
03/14/2016 06:20:54 PM,03/14/2016 10:21:13 PM,03/14/2016 10:21:13 PM,Closed,DPW Ops Queue,Street and Sidewalk Cleaning,South of Market,Open311
03/14/2016 06:31:01 PM,03/14/2016 10:15:49 PM,03/14/2016 10:15:49 PM,Closed,DPW Ops Queue,Street and Sidewalk Cleaning,Mission,Open311
06-02-2016 10:49,06-02-2016 18:15,06-02-2016 18:15,Closed,DPW Ops Queue,Street and Sidewalk Cleaning,Mission,Voice In
06-02-2016 10:50,06-02-2016 17:40,06-02-2016 17:40,Closed,DPW Ops Queue,Street and Sidewalk Cleaning,South of Market,Open311
08-01-2015 17:28,11-04-2015 08:51,11-04-2015 08:51,Closed,DPT Meter_Bike Queue,Damaged Property,South of Market,Voice In
03/14/2016 06:38:32 PM,03/14/2016 08:06:04 PM,03/14/2016 08:06:04 PM,Closed,Recology_Overflowing,Street and Sidewalk Cleaning,South of Market,Open311
03/14/2016 06:40:25 PM,03/14/2016 10:20:45 PM,03/14/2016 10:20:45 PM,Closed,DPW Ops Queue,Damaged Property,South of Market,Open311
03-01-2016 07:45,,03-07-2016 02:01,Open,DPW Ops Queue,Litter Receptacles,North Beach,Open311
08-01-2015 17:31,08/14/2015 10:59:45 AM,08/14/2015 10:59:45 AM,Closed,MUNI Work Queue,MUNI Feedback,Financial District,Voice In
06-02-2016 04:37,06-02-2016 10:46,06-02-2016 10:46,Closed,Recology_Abandoned,Street and Sidewalk Cleaning,Mission,Integrated Agency
06-02-2016 04:37,06-02-2016 10:47,06-02-2016 10:47,Closed,Recology_Abandoned,Street and Sidewalk Cleaning,Mission,Integrated Agency
06-02-2016 05:29,06-02-2016 12:00,06-02-2016 12:00,Closed,DPW Ops Queue,Street and Sidewalk Cleaning,South of Market,Open311
06-02-2016 05:31,06-02-2016 12:00,06-02-2016 12:00,Closed,DPW Ops Queue,Street and Sidewalk Cleaning,South of Market,Open311
08-01-2015 17:38,08-02-2015 07:57,08-02-2015 07:57,Closed,Recology_Abandoned,Street and Sidewalk Cleaning,Mission,Integrated Agency
08/18/2015 02:52:48 AM,08/18/2015 10:23:43 AM,08/18/2015 10:23:43 AM,Closed,Recology_Abandoned,Street and Sidewalk Cleaning,Mission,Integrated Agency
06-02-2016 05:36,06-02-2016 10:47,06-02-2016 10:47,Closed,Recology_Abandoned,Street and Sidewalk Cleaning,Mission,Web Self Service
03/14/2016 07:09:44 PM,03/14/2016 07:52:18 PM,03/14/2016 07:52:18 PM,Closed,Recology_Overflowing,Street and Sidewalk Cleaning,South of Market,Open311
03/14/2016 07:21:37 PM,03/14/2016 10:13:59 PM,03/14/2016 10:13:59 PM,Closed,DPW Ops Queue,Street and Sidewalk Cleaning,Mission,Open311
06-02-2016 06:06,06-02-2016 11:53,06-02-2016 11:53,Closed,Recology_Abandoned,Street and Sidewalk Cleaning,North Beach,Open311
06-02-2016 06:06,06-02-2016 17:59,06-02-2016 17:59,Closed,DPW Ops Queue,Street and Sidewalk Cleaning,Mission,Open311
03/14/2016 07:23:23 PM,04/28/2016 08:29:14 AM,04/28/2016 08:29:14 AM,Closed,DPW Ops Queue,Tree Maintenance,South of Market,Open311
06-02-2016 06:20,06-02-2016 17:59,06-02-2016 17:59,Closed,DPW Ops Queue,Street and Sidewalk Cleaning,Mission,Voice In
06-02-2016 06:21,06-02-2016 09:04,06-02-2016 09:04,Closed,Recology_Abandoned,Street and Sidewalk Cleaning,Mission,Voice In
03/14/2016 07:26:42 PM,03/14/2016 10:15:49 PM,03/14/2016 10:15:49 PM,Closed,DPW Ops Queue,Damaged Property,South of Market,Open311
03/14/2016 07:35:06 PM,03/17/2016 01:53:17 PM,03/17/2016 01:53:17 PM,Closed,PUC Sewer Ops,Sewer Issues,South of Market,Voice In
03-01-2016 08:25,,03-03-2016 08:56,Open,DPW Ops Queue,Street and Sidewalk Cleaning,Mission,Open311
03/14/2016 07:37:42 PM,03/14/2016 10:17:54 PM,03/14/2016 10:17:54 PM,Closed,DPW BUF Queue,Tree Maintenance,South of Market,Open311
06-02-2016 06:29,06-02-2016 11:59,06-02-2016 11:59,Closed,Recology_Abandoned,Street and Sidewalk Cleaning,Civic Center,Open311
06-02-2016 06:33,06-02-2016 06:53,06-02-2016 06:53,Closed,Clear Channel - Transit Queue,Damaged Property,Mission,Voice In
03/14/2016 07:41:36 PM,03/14/2016 07:50:51 PM,03/14/2016 07:50:51 PM,Closed,Recology_Overflowing,Street and Sidewalk Cleaning,South of Market,Open311
06-02-2016 06:39,06-02-2016 11:30,06-02-2016 11:30,Closed,Recology_Abandoned,Street and Sidewalk Cleaning,Mission,Integrated Agency
03/14/2016 07:46:56 PM,03/15/2016 11:08:03 AM,03/15/2016 11:08:03 AM,Closed,Recology_Abandoned,Street and Sidewalk Cleaning,South of Market,Voice In
03/14/2016 07:50:38 PM,05/28/2016 03:52:00 AM,05/28/2016 03:52:00 AM,Closed,DPW BSM Queue,Sidewalk or Curb,North Beach,Voice In
03/14/2016 07:51:07 PM,03/14/2016 07:55:33 PM,03/14/2016 07:55:33 PM,Closed,PUC - Water - G,Graffiti Public Property,South of Market,Open311
06-02-2016 06:45,06-02-2016 10:17,06-02-2016 10:17,Closed,Recology_Abandoned,Street and Sidewalk Cleaning,Mission,Voice In
06-02-2016 06:46,06-02-2016 12:44,06-02-2016 12:44,Closed,Police - Homeless Concerns Queue,General Requests,South of Market,Open311
06-02-2016 06:47,06-02-2016 10:15,06-02-2016 10:15,Closed,Recology_Abandoned,Street and Sidewalk Cleaning,Mission,Voice In
03/14/2016 07:55:34 PM,,03/14/2016 10:17:00 PM,Open,DPW BUF Queue,Tree Maintenance,South of Market,Open311
06-02-2016 06:49,06-02-2016 10:42,06-02-2016 10:42,Closed,Recology_Abandoned,Street and Sidewalk Cleaning,Nob Hill,Open311
06-02-2016 07:06,06-02-2016 10:58,06-02-2016 10:58,Closed,Recology_Abandoned,Street and Sidewalk Cleaning,Mission,Voice In
03/14/2016 08:04:58 PM,,03/14/2016 08:04:59 PM,Open,DPW BSM Queue,Sidewalk or Curb,South of Market,Open311
08/18/2015 06:32:47 AM,08/18/2015 12:52:37 PM,08/18/2015 12:52:37 PM,Closed,Recology_Abandoned,Street and Sidewalk Cleaning,Civic Center,Voice In
03/14/2016 08:07:17 PM,03/14/2016 10:12:34 PM,03/14/2016 10:12:34 PM,Closed,DPW Ops Queue,Street and Sidewalk Cleaning,South of Market,Open311
06-02-2016 07:11,06-02-2016 17:34,06-02-2016 17:34,Closed,DPW - Bureau of Street Environmental Services - G,General Requests,Nob Hill,Voice In
06-02-2016 07:11,06-02-2016 18:01,06-02-2016 18:01,Closed,DPW Ops Queue,Street and Sidewalk Cleaning,Mission,Open311
06-02-2016 10:58,06-02-2016 17:04,06-02-2016 17:04,Closed,DPW Ops Queue,Street and Sidewalk Cleaning,Mission,Voice In
06-02-2016 07:16,06-02-2016 12:00,06-02-2016 12:00,Closed,DPW Ops Queue,Street and Sidewalk Cleaning,South of Market,Open311
06-02-2016 07:19,06-02-2016 12:00,06-02-2016 12:00,Closed,DPW Ops Queue,Street and Sidewalk Cleaning,South of Market,Open311
03-01-2016 09:11,03-01-2016 11:29,03-01-2016 11:29,Closed,Recology_Abandoned,Street and Sidewalk Cleaning,Russian Hill,Voice In
06-02-2016 07:21,06-02-2016 07:54,06-02-2016 07:54,Closed,DPW Ops Queue,Street and Sidewalk Cleaning,South of Market,Open311
06-02-2016 07:21,06-02-2016 07:40,06-02-2016 07:40,Closed,DPW Ops Queue,Street and Sidewalk Cleaning,Mission,Open311
06-02-2016 07:22,06-02-2016 07:41,06-02-2016 07:41,Closed,DPW Ops Queue,Street and Sidewalk Cleaning,South of Market,Open311
06-02-2016 07:24,06-02-2016 18:00,06-02-2016 18:00,Closed,DPW Ops Queue,Street and Sidewalk Cleaning,Mission,Open311
06-02-2016 07:25,06-02-2016 07:41,06-02-2016 07:41,Closed,DPW Ops Queue,Street and Sidewalk Cleaning,Mission,Open311
06-02-2016 07:28,06-02-2016 08:54,06-02-2016 08:54,Closed,DPW Ops Queue,Street and Sidewalk Cleaning,North Beach,Open311
06-02-2016 07:35,06-02-2016 17:51,06-02-2016 17:51,Closed,DPW Ops Queue,Street and Sidewalk Cleaning,Mission,Open311
06-02-2016 07:36,06-02-2016 09:29,06-02-2016 09:29,Closed,Recology_Abandoned,Street and Sidewalk Cleaning,Mission,Voice In
06-02-2016 07:39,06-02-2016 12:00,06-02-2016 12:00,Closed,DPW Ops Queue,Street and Sidewalk Cleaning,South of Market,Voice In
03/14/2016 01:09:10 PM,03/14/2016 02:10:22 PM,03/14/2016 02:10:22 PM,Closed,Recology_Abandoned,Street and Sidewalk Cleaning,Mission,Open311
03/14/2016 01:11:17 PM,03/14/2016 02:15:25 PM,03/14/2016 02:15:25 PM,Closed,Recology_Abandoned,Street and Sidewalk Cleaning,Mission,Voice In
06-02-2016 07:46,06-02-2016 10:47,06-02-2016 10:47,Closed,Recology_Abandoned,Street and Sidewalk Cleaning,Mission,Open311
08-01-2015 19:55,08-02-2015 10:52,08-02-2015 10:52,Closed,Recology_Abandoned,Street and Sidewalk Cleaning,Chinatown,Voice In
03/14/2016 01:25:11 PM,03/14/2016 01:56:50 PM,03/14/2016 01:56:50 PM,Closed,311 Supervisor Queue,Street and Sidewalk Cleaning,South of Market,Open311
06-02-2016 07:49,,06-02-2016 09:30,Open,DPW Ops Queue,Street and Sidewalk Cleaning,South of Market,Voice In
06-02-2016 07:53,06-02-2016 12:00,06-02-2016 12:00,Closed,DPW Ops Queue,Street and Sidewalk Cleaning,South of Market,Open311
06-02-2016 07:53,,06-02-2016 08:54,Open,DPW Ops Queue,Street and Sidewalk Cleaning,South of Market,Voice In
06-02-2016 07:54,,06-02-2016 07:54,Open,DPW Ops Queue,Street and Sidewalk Cleaning,South of Market,Open311
06-02-2016 07:56,06-02-2016 11:20,06-02-2016 11:20,Closed,DPW Ops Queue,Street and Sidewalk Cleaning,Civic Center,Voice In
06-02-2016 07:57,06-02-2016 12:00,06-02-2016 12:00,Closed,DPW Ops Queue,Street and Sidewalk Cleaning,South of Market,Open311
06-02-2016 07:59,06-02-2016 12:00,06-02-2016 12:00,Closed,DPW Ops Queue,Street and Sidewalk Cleaning,South of Market,Open311
03/14/2016 01:31:25 PM,03/14/2016 02:41:21 PM,03/14/2016 02:41:21 PM,Closed,311 Supervisor Queue,Graffiti Public Property,South of Market,Open311
06-02-2016 11:00,06-02-2016 18:33,06-02-2016 18:33,Closed,DPW Ops Queue,Street and Sidewalk Cleaning,North Beach,Voice In
03/14/2016 01:34:36 PM,03/21/2016 02:04:58 PM,03/21/2016 02:04:58 PM,Closed,DPT Meter_Bike Queue,Damaged Property,North Beach,Web Self Service
03/14/2016 01:35:51 PM,03/14/2016 02:29:25 PM,03/14/2016 02:29:25 PM,Closed,DPW Ops Queue,Graffiti Public Property,Nob Hill,Web Self Service
06-02-2016 08:07,06-02-2016 17:53,06-02-2016 17:53,Closed,DPW Ops Queue,Street and Sidewalk Cleaning,Chinatown,Open311
03/14/2016 01:45:10 PM,03/14/2016 09:26:35 PM,03/14/2016 09:26:35 PM,Closed,Police - Homeless Concerns Queue,General Requests,South of Market,Open311
03/14/2016 01:48:08 PM,,03/14/2016 01:48:08 PM,Open,DPW Ops Queue,Tree Maintenance,Mission,Open311
03/14/2016 01:51:29 PM,03/14/2016 07:17:37 PM,03/14/2016 07:17:37 PM,Closed,DPW Ops Queue,Street and Sidewalk Cleaning,Mission,Open311
06-02-2016 08:13,06-02-2016 17:53,06-02-2016 17:53,Closed,DPW Ops Queue,Street and Sidewalk Cleaning,Mission,Web Self Service
06-02-2016 08:13,06-02-2016 08:46,06-02-2016 08:46,Closed,Police - Homeless Concerns Queue,General Requests,South of Market,Open311
06-02-2016 08:13,06-02-2016 18:27,06-02-2016 18:27,Closed,DPW Ops Queue,Street and Sidewalk Cleaning,North Beach,Voice In
03-01-2016 10:12,03-01-2016 11:08,03-01-2016 11:08,Closed,Recology_Abandoned,Street and Sidewalk Cleaning,South of Market,Voice In
03-01-2016 10:14,03-01-2016 11:11,03-01-2016 11:11,Closed,Recology_Abandoned,Street and Sidewalk Cleaning,Mission,Voice In
03/14/2016 01:57:18 PM,03/18/2016 10:53:13 AM,03/18/2016 10:53:13 AM,Closed,MUNI Work Queue,MUNI Feedback,Chinatown,Voice In
03/14/2016 01:57:50 PM,03/14/2016 03:36:43 PM,03/14/2016 03:36:43 PM,Closed,Recology_Abandoned,Street and Sidewalk Cleaning,South of Market,Integrated Agency
06-02-2016 08:15,06-02-2016 09:13,06-02-2016 09:13,Closed,DPW Ops Queue,Street and Sidewalk Cleaning,South of Market,Open311
03/14/2016 02:03:57 PM,03/14/2016 04:29:17 PM,03/14/2016 04:29:17 PM,Closed,Recology_Abandoned,Street and Sidewalk Cleaning,South of Market,Open311
03/14/2016 02:09:18 PM,03/14/2016 03:28:43 PM,03/14/2016 03:28:43 PM,Closed,DPW Ops Queue,Street and Sidewalk Cleaning,Mission,Open311
06-02-2016 08:19,06-02-2016 09:42,06-02-2016 09:42,Closed,DPW Ops Queue,Street and Sidewalk Cleaning,Mission,Open311
06-02-2016 08:19,06-02-2016 17:53,06-02-2016 17:53,Closed,DPW Ops Queue,Street and Sidewalk Cleaning,Mission,Voice In
06-02-2016 08:20,06-02-2016 11:33,06-02-2016 11:33,Closed,Recology_Abandoned,Street and Sidewalk Cleaning,Russian Hill,Voice In
03/14/2016 02:12:11 PM,03/14/2016 02:48:22 PM,03/14/2016 02:48:22 PM,Closed,Recology_Abandoned,Street and Sidewalk Cleaning,Chinatown,Open311
03-01-2016 10:32,,03-01-2016 12:51,Open,DPW Ops Queue,Street and Sidewalk Cleaning,South of Market,Open311
06-02-2016 08:21,06-02-2016 10:49,06-02-2016 10:49,Closed,Police - Homeless Concerns Queue,General Requests,South of Market,Open311
06-02-2016 08:24,06-02-2016 17:14,06-02-2016 17:14,Closed,DPW Ops Queue,Street and Sidewalk Cleaning,Nob Hill,Voice In
03/14/2016 02:22:21 PM,03/14/2016 02:48:20 PM,03/14/2016 02:48:20 PM,Closed,Recology_Abandoned,Street and Sidewalk Cleaning,Russian Hill,Voice In
03/14/2016 02:22:50 PM,03/14/2016 03:39:52 PM,03/14/2016 03:39:52 PM,Closed,Recology_Abandoned,Street and Sidewalk Cleaning,South of Market,Open311
06-02-2016 08:29,06-02-2016 11:33,06-02-2016 11:33,Closed,Recology_Abandoned,Street and Sidewalk Cleaning,North Beach,Open311
03/14/2016 02:26:04 PM,,03/14/2016 02:29:44 PM,Open,DPW BSSR Queue,Street Defects,Russian Hill,Voice In
06-02-2016 08:31,06-02-2016 17:47,06-02-2016 17:47,Closed,DPW Ops Queue,Street and Sidewalk Cleaning,North Beach,Open311
03-01-2016 10:49,,03-01-2016 10:53,Open,PUC Sewer Ops,Sewer Issues,South of Market,Voice In
03-01-2016 10:50,,03-03-2016 02:08,Open,DPW Ops Queue,Street and Sidewalk Cleaning,South of Market,Open311
06-02-2016 08:31,06-02-2016 17:50,06-02-2016 17:50,Closed,DPW Ops Queue,Street and Sidewalk Cleaning,Mission,Web Self Service
06-02-2016 08:33,06-02-2016 17:51,06-02-2016 17:51,Closed,DPW Ops Queue,Street and Sidewalk Cleaning,Chinatown,Voice In
03/14/2016 02:37:50 PM,04/17/2016 03:00:05 AM,04/17/2016 03:00:05 AM,Closed,DPW Ops Queue,Graffiti Private Property,Mission,Voice In
03/14/2016 02:39:20 PM,,03/14/2016 03:53:25 PM,Open,DPW BSM Queue,Graffiti Public Property,Chinatown,Open311
03/14/2016 02:39:22 PM,,03/14/2016 02:39:22 PM,Open,DPW BSSR Queue,Street Defects,North Beach,Integrated Agency
03/14/2016 02:40:17 PM,03/14/2016 04:39:50 PM,03/14/2016 04:39:50 PM,Closed,DPW Ops Queue,Graffiti Public Property,South of Market,Open311
07/17/2015 10:47:48 PM,07/18/2015 12:26:31 AM,07/18/2015 12:26:31 AM,Closed,RPD NSA Queue,Rec and Park Requests,Russian Hill,Voice In
06-02-2016 08:40,06-02-2016 17:45,06-02-2016 17:45,Closed,DPW Ops Queue,Street and Sidewalk Cleaning,South of Market,Open311
06-02-2016 08:42,06-02-2016 10:43,06-02-2016 10:43,Closed,Recology_Abandoned,Street and Sidewalk Cleaning,Nob Hill,Voice In
06-02-2016 08:45,06-02-2016 09:52,06-02-2016 09:52,Closed,Recology_Litter,Litter Receptacles,Mission,Voice In
03/14/2016 02:49:18 PM,03/15/2016 09:14:17 PM,03/15/2016 09:14:17 PM,Closed,DPW Ops Queue,Street and Sidewalk Cleaning,South of Market,Voice In
03/14/2016 02:52:04 PM,03/14/2016 05:13:08 PM,03/14/2016 05:13:08 PM,Closed,DPW BUF Queue,Tree Maintenance,Mission,Voice In
06-02-2016 08:47,06-02-2016 12:00,06-02-2016 12:00,Closed,DPW Ops Queue,Street and Sidewalk Cleaning,South of Market,Open311
03/14/2016 02:53:40 PM,,03/14/2016 04:20:27 PM,Open,DPW - Bureau of Street Environmental Services - G,Graffiti Private Property,Chinatown,Open311
03-01-2016 11:33,,03-01-2016 11:33,Open,DPW BSM Queue,Sidewalk or Curb,South of Market,Open311
06-02-2016 09:04,06-02-2016 12:00,06-02-2016 12:00,Closed,DPW Ops Queue,Street and Sidewalk Cleaning,South of Market,Open311
07/18/2015 05:20:22 AM,07/18/2015 10:20:11 AM,07/18/2015 10:20:11 AM,Closed,Recology_Abandoned,Street and Sidewalk Cleaning,Mission,Web Self Service
03/14/2016 02:58:11 PM,03/14/2016 05:12:40 PM,03/14/2016 05:12:40 PM,Closed,DPW Ops Queue,Graffiti Public Property,Mission,Voice In
06-02-2016 09:05,06-02-2016 12:32,06-02-2016 12:32,Closed,Recology_Abandoned,Street and Sidewalk Cleaning,Nob Hill,Voice In
06-02-2016 09:07,06-02-2016 10:43,06-02-2016 10:43,Closed,Recology_Abandoned,Street and Sidewalk Cleaning,Nob Hill,Voice In
06-02-2016 09:09,06-02-2016 12:26,06-02-2016 12:26,Closed,Recology_Abandoned,Street and Sidewalk Cleaning,Nob Hill,Voice In
06-02-2016 09:09,06-02-2016 17:09,06-02-2016 17:09,Closed,DPW Ops Queue,Street and Sidewalk Cleaning,Nob Hill,Voice In
03/14/2016 03:06:31 PM,03/14/2016 09:11:11 PM,03/14/2016 09:11:11 PM,Closed,Police - Homeless Concerns Queue,General Requests,South of Market,Open311
03/14/2016 03:10:27 PM,03/14/2016 04:29:39 PM,03/14/2016 04:29:39 PM,Closed,Recology_Abandoned,Street and Sidewalk Cleaning,Mission,Integrated Agency
03/14/2016 03:13:14 PM,03/14/2016 05:14:23 PM,03/14/2016 05:14:23 PM,Closed,DPW Ops Queue,Street and Sidewalk Cleaning,Mission,Web Self Service
03-01-2016 12:01,03-01-2016 12:51,03-01-2016 12:51,Closed,Recology_Abandoned,Street and Sidewalk Cleaning,Chinatown,Open311
03/14/2016 03:15:02 PM,03/14/2016 04:29:06 PM,03/14/2016 04:29:06 PM,Closed,Recology_Abandoned,Street and Sidewalk Cleaning,Mission,Open311
03-01-2016 12:02,,03-03-2016 07:22,Open,DPW Ops Queue,Graffiti Private Property,South of Market,Open311
03/14/2016 03:17:47 PM,03/14/2016 03:32:51 PM,03/14/2016 03:32:51 PM,Closed,Recology_Abandoned,Street and Sidewalk Cleaning,Mission,Open311
03/14/2016 03:18:26 PM,03/14/2016 05:12:49 PM,03/14/2016 05:12:49 PM,Closed,DPW Ops Queue,Street and Sidewalk Cleaning,South of Market,Web Self Service
06-02-2016 09:18,06-02-2016 11:25,06-02-2016 11:25,Closed,DPW Ops Queue,Street and Sidewalk Cleaning,South of Market,Open311
03/14/2016 03:21:37 PM,03/14/2016 08:14:44 PM,03/14/2016 08:14:44 PM,Closed,DPW Ops Queue,Street and Sidewalk Cleaning,Mission,Open311
03/14/2016 03:21:39 PM,03/14/2016 03:29:49 PM,03/14/2016 03:29:49 PM,Closed,SFMTA - Parking Enforcement - G,General Requests,Mission,Other Department
03/14/2016 03:23:38 PM,03/14/2016 03:27:06 PM,03/14/2016 03:27:06 PM,Closed,PUC - Water - G,Graffiti Public Property,Chinatown,Open311
03/14/2016 03:25:13 PM,03/14/2016 05:13:59 PM,03/14/2016 05:13:59 PM,Closed,DPW Ops Queue,Street and Sidewalk Cleaning,South of Market,Open311
03/14/2016 08:48:23 PM,03/14/2016 08:55:21 PM,03/14/2016 08:55:21 PM,Closed,PUC - Water - G,Graffiti Public Property,Civic Center,Open311
06-02-2016 09:24,06-02-2016 17:11,06-02-2016 17:11,Closed,DPW Ops Queue,Street and Sidewalk Cleaning,Mission,Open311
03/14/2016 03:27:32 PM,03/14/2016 04:29:22 PM,03/14/2016 04:29:22 PM,Closed,Recology_Abandoned,Street and Sidewalk Cleaning,Mission,Open311
06-02-2016 09:25,,06-02-2016 09:25,Open,PUC Streetlights Queue,Streetlights,South of Market,Open311
06-02-2016 09:26,06-02-2016 13:41,06-02-2016 13:41,Closed,Recology_Abandoned,Street and Sidewalk Cleaning,Mission,Integrated Agency
03/14/2016 03:29:45 PM,03/14/2016 04:29:29 PM,03/14/2016 04:29:29 PM,Closed,Recology_Abandoned,Street and Sidewalk Cleaning,Mission,Open311
06-02-2016 09:27,06-02-2016 11:25,06-02-2016 11:25,Closed,DPW Ops Queue,Street and Sidewalk Cleaning,Mission,Open311
06-02-2016 09:31,06-02-2016 18:17,06-02-2016 18:17,Closed,DPW Ops Queue,Graffiti Public Property,Mission,Open311
06-02-2016 09:32,06-02-2016 09:37,06-02-2016 09:37,Closed,PUC - Water - G,Graffiti Public Property,Mission,Open311
06-02-2016 09:32,06-02-2016 13:00,06-02-2016 13:00,Closed,Recology_Abandoned,Street and Sidewalk Cleaning,North Beach,Open311
03/14/2016 03:36:40 PM,03/14/2016 03:47:32 PM,03/14/2016 03:47:32 PM,Closed,SFMTA - Parking Enforcement - G,General Requests,Civic Center,Other Department
06-02-2016 09:34,06-02-2016 12:26,06-02-2016 12:26,Closed,Recology_Abandoned,Street and Sidewalk Cleaning,Chinatown,Open311
03/14/2016 03:41:13 PM,,03/14/2016 03:41:13 PM,Open,DPW Ops Queue,Tree Maintenance,Mission,Open311
06-02-2016 09:34,06-02-2016 12:00,06-02-2016 12:00,Closed,DPW Ops Queue,Street and Sidewalk Cleaning,South of Market,Voice In
06-02-2016 11:02,06-02-2016 15:37,06-02-2016 15:37,Closed,DPW Ops Queue,Street and Sidewalk Cleaning,South of Market,Open311
07/18/2015 05:26:49 AM,07/18/2015 03:30:40 PM,07/18/2015 03:30:40 PM,Closed,DPW Ops Queue,Street and Sidewalk Cleaning,Mission,Web Self Service
03-01-2016 12:30,03-01-2016 19:15,03-01-2016 19:15,Closed,Police - Homeless Concerns Queue,General Requests,South of Market,Open311
03/14/2016 03:45:25 PM,03/14/2016 06:11:26 PM,03/14/2016 06:11:26 PM,Closed,DPW Ops Queue,Street and Sidewalk Cleaning,Mission,Voice In
06-02-2016 09:35,06-02-2016 21:37,06-02-2016 21:37,Closed,DPW Ops Queue,Street and Sidewalk Cleaning,South of Market,Web Self Service
03-01-2016 12:35,03-01-2016 15:42,03-01-2016 15:42,Closed,DPH - Environmental Health - G,Residential Building Request,South of Market,Voice In
06-02-2016 09:35,,06-02-2016 12:00,Open,DPW BSM Queue,Graffiti Public Property,Mission,Open311
06-02-2016 09:37,06-02-2016 17:42,06-02-2016 17:42,Closed,DPW Ops Queue,Street and Sidewalk Cleaning,Mission,Open311
06-02-2016 09:38,06-02-2016 15:46,06-02-2016 15:46,Closed,DPW Ops Queue,Graffiti Public Property,Chinatown,Open311
06-02-2016 09:39,06-07-2016 03:10,06-07-2016 03:10,Closed,DPT Meter_Bike Queue,Graffiti Public Property,Mission,Open311
06-02-2016 09:41,06-02-2016 12:00,06-02-2016 12:00,Closed,DPW Ops Queue,Street and Sidewalk Cleaning,South of Market,Voice In
06-02-2016 09:51,06-02-2016 13:03,06-02-2016 13:03,Closed,Recology_Abandoned,Street and Sidewalk Cleaning,Mission,Twitter
06-02-2016 09:54,06-02-2016 12:03,06-02-2016 12:03,Closed,DPW Ops Queue,Graffiti Private Property,Chinatown,Open311
06-02-2016 09:54,06-02-2016 17:43,06-02-2016 17:43,Closed,DPW Ops Queue,Street and Sidewalk Cleaning,Nob Hill,Voice In
03-01-2016 13:02,,03-04-2016 03:00,Open,DPW Ops Queue,Street and Sidewalk Cleaning,North Beach,Voice In
06-02-2016 09:57,06-08-2016 12:38,06-08-2016 12:38,Closed,DPT SignShop 03 Queue,Sign Repair,Financial District,Voice In
06-02-2016 10:04,,06-02-2016 10:27,Open,RPD Park Service Area 1 Queue,Rec and Park Requests,Chinatown,Open311
06-02-2016 10:04,06-02-2016 11:51,06-02-2016 11:51,Closed,DPW Ops Queue,Graffiti Private Property,Nob Hill,Open311
06-02-2016 10:05,06-02-2016 12:59,06-02-2016 12:59,Closed,DPW Ops Queue,Graffiti Public Property,Nob Hill,Open311
06-02-2016 10:05,06-02-2016 17:44,06-02-2016 17:44,Closed,DPW Ops Queue,Street and Sidewalk Cleaning,Nob Hill,Open311
08-02-2015 10:39,08-02-2015 12:25,08-02-2015 12:25,Closed,DPW Ops Queue,Street and Sidewalk Cleaning,South of Market,Voice In
03/14/2016 04:28:28 PM,03/14/2016 07:15:09 PM,03/14/2016 07:15:09 PM,Closed,DPW Ops Queue,Street and Sidewalk Cleaning,Mission,Open311
03/14/2016 04:31:05 PM,03/14/2016 07:14:39 PM,03/14/2016 07:14:39 PM,Closed,DPW Ops Queue,Street and Sidewalk Cleaning,Mission,Open311
06-02-2016 10:06,06-02-2016 10:30,06-02-2016 10:30,Closed,RPD NSA Queue,Rec and Park Requests,Chinatown,Open311
03/14/2016 04:32:11 PM,03/14/2016 07:14:08 PM,03/14/2016 07:14:08 PM,Closed,DPW Ops Queue,Street and Sidewalk Cleaning,Mission,Open311
07/18/2015 09:12:49 AM,07/25/2015 07:44:19 AM,07/25/2015 07:44:19 AM,Closed,DPW Ops Queue,Graffiti Private Property,South of Market,Integrated Agency
06-02-2016 10:09,06-02-2016 17:32,06-02-2016 17:32,Closed,DPW Ops Queue,Graffiti Public Property,Chinatown,Open311
07/18/2015 09:12:52 AM,07/30/2015 09:10:00 AM,07/30/2015 09:10:00 AM,Closed,DPW Ops Queue,Graffiti Private Property,Mission,Integrated Agency
03/14/2016 04:34:49 PM,03/14/2016 07:14:49 PM,03/14/2016 07:14:49 PM,Closed,DPW Ops Queue,Street and Sidewalk Cleaning,South of Market,Open311
06-02-2016 10:10,06-02-2016 10:24,06-02-2016 10:24,Closed,PUC - Water - G,Graffiti Public Property,Nob Hill,Open311
07/15/2015 04:49:23 AM,07/15/2015 10:01:51 AM,07/15/2015 10:01:51 AM,Closed,Recology_Abandoned,Street and Sidewalk Cleaning,Mission,Web Self Service
07/15/2015 04:51:04 AM,07/15/2015 03:34:02 PM,07/15/2015 03:34:02 PM,Closed,DPW Ops Queue,Street and Sidewalk Cleaning,Mission,Web Self Service
07/15/2015 04:52:07 AM,07/15/2015 10:14:37 AM,07/15/2015 10:14:37 AM,Closed,Recology_Abandoned,Street and Sidewalk Cleaning,Mission,Web Self Service
03/14/2016 04:39:42 PM,03/14/2016 07:14:25 PM,03/14/2016 07:14:25 PM,Closed,DPW Ops Queue,Street and Sidewalk Cleaning,Mission,Open311
06-02-2016 10:11,06-02-2016 15:44,06-02-2016 15:44,Closed,DPW Ops Queue,Graffiti Public Property,Chinatown,Open311
06-02-2016 10:14,06-02-2016 18:14,06-02-2016 18:14,Closed,DPW Ops Queue,Street and Sidewalk Cleaning,Chinatown,Open311
07/15/2015 06:32:51 AM,07/15/2015 12:06:06 PM,07/15/2015 12:06:06 PM,Closed,Recology_Abandoned,Street and Sidewalk Cleaning,South of Market,Voice In
06-02-2016 10:15,06-02-2016 10:24,06-02-2016 10:24,Closed,PUC - Water - G,Graffiti Public Property,Chinatown,Open311
07/15/2015 06:36:00 AM,07/15/2015 03:40:28 PM,07/15/2015 03:40:28 PM,Closed,DPW Ops Queue,Street and Sidewalk Cleaning,Mission,Voice In
06-02-2016 10:22,06-02-2016 18:13,06-02-2016 18:13,Closed,DPW Ops Queue,Street and Sidewalk Cleaning,Chinatown,Open311
06-02-2016 10:22,,06-02-2016 10:22,Open,DPW Ops Queue,Graffiti Private Property,Mission,Integrated Agency
06-02-2016 10:25,06-02-2016 17:07,06-02-2016 17:07,Closed,DPW Ops Queue,Street and Sidewalk Cleaning,Mission,Voice In
08/17/2015 06:24:33 PM,08/18/2015 03:22:43 PM,08/18/2015 03:22:43 PM,Closed,DPW Ops Queue,Street and Sidewalk Cleaning,South of Market,Voice In
06-02-2016 10:26,06-02-2016 18:32,06-02-2016 18:32,Closed,DPW Ops Queue,Street and Sidewalk Cleaning,Mission,Voice In
03/14/2016 04:53:13 PM,03/14/2016 08:14:00 PM,03/14/2016 08:14:00 PM,Closed,DPW Ops Queue,Street and Sidewalk Cleaning,Mission,Voice In
06-02-2016 10:27,06-02-2016 12:37,06-02-2016 12:37,Closed,Recology_Abandoned,Street and Sidewalk Cleaning,Civic Center,Open311
07/18/2015 09:12:55 AM,07/30/2015 09:09:29 AM,07/30/2015 09:09:29 AM,Closed,DPW Ops Queue,Graffiti Private Property,Mission,Integrated Agency
03-01-2016 13:53,,03-01-2016 16:14,Open,SFMTA - Temporary Sign Request Installation/Enforcement Queue,Temporary Sign Request,South of Market,Voice In
03/14/2016 04:58:51 PM,03/14/2016 09:40:36 PM,03/14/2016 09:40:36 PM,Closed,DPW Ops Queue,Street and Sidewalk Cleaning,South of Market,Open311
06-02-2016 10:36,06-02-2016 12:44,06-02-2016 12:44,Closed,Recology_Abandoned,Street and Sidewalk Cleaning,South of Market,Open311
06-02-2016 10:37,06-02-2016 12:00,06-02-2016 12:00,Closed,DPW Ops Queue,Street and Sidewalk Cleaning,South of Market,Voice In
06-02-2016 10:37,06-02-2016 12:37,06-02-2016 12:37,Closed,Recology_Abandoned,Street and Sidewalk Cleaning,North Beach,Voice In
03-01-2016 13:59,03-04-2016 15:09,03-04-2016 15:09,Closed,DPW Ops Queue,Street and Sidewalk Cleaning,South of Market,Open311
03/14/2016 05:06:09 PM,03/14/2016 06:50:35 PM,03/14/2016 06:50:35 PM,Closed,PUC Streetlights Queue,Streetlights,South of Market,Voice In
07/17/2015 07:01:34 PM,07/17/2015 09:13:42 PM,07/17/2015 09:13:42 PM,Closed,DPW Ops Queue,Street and Sidewalk Cleaning,South of Market,Voice In
03-01-2016 14:23,03-01-2016 15:59,03-01-2016 15:59,Closed,Recology_Abandoned,Street and Sidewalk Cleaning,Mission,Open311
06-02-2016 11:05,,06-02-2016 11:08,Open,RPD Park Service Area 1 Queue,Rec and Park Requests,Chinatown,Open311
06-02-2016 11:06,,06-02-2016 11:06,Open,DPW BSM Queue,Sidewalk or Curb,Chinatown,Open311
06-02-2016 11:09,06-02-2016 18:31,06-02-2016 18:31,Closed,DPW Ops Queue,Street and Sidewalk Cleaning,Mission,Voice In
06-02-2016 11:09,06-02-2016 14:06,06-02-2016 14:06,Closed,Recology_Abandoned,Street and Sidewalk Cleaning,South of Market,Voice In
06-02-2016 11:10,06-02-2016 17:42,06-02-2016 17:42,Closed,DPW Ops Queue,Street and Sidewalk Cleaning,Chinatown,Open311
06-02-2016 11:10,06-02-2016 17:17,06-02-2016 17:17,Closed,DPW Ops Queue,Litter Receptacles,Mission,Voice In
06-02-2016 11:15,06-02-2016 12:00,06-02-2016 12:00,Closed,DPW Ops Queue,Street and Sidewalk Cleaning,South of Market,Open311
06-02-2016 11:17,06-02-2016 17:36,06-02-2016 17:36,Closed,DPW Ops Queue,Street and Sidewalk Cleaning,Mission,Web Self Service
03-01-2016 14:44,03-04-2016 14:49,03-04-2016 14:49,Closed,DPW Ops Queue,Street and Sidewalk Cleaning,South of Market,Open311
06-02-2016 11:25,,06-02-2016 11:25,Open,SFMTA - Temporary Sign Request Queue,Temporary Sign Request,Financial District,Web Self Service
06-02-2016 11:32,06-02-2016 12:00,06-02-2016 12:00,Closed,DPW Ops Queue,Street and Sidewalk Cleaning,South of Market,Open311
06-02-2016 11:36,,06-02-2016 11:36,Open,SFMTA - Temporary Sign Request Queue,Temporary Sign Request,South of Market,Web Self Service
06-02-2016 11:37,06-02-2016 18:33,06-02-2016 18:33,Closed,DPW Ops Queue,Street and Sidewalk Cleaning,Mission,Voice In
06-02-2016 11:37,06-02-2016 18:00,06-02-2016 18:00,Closed,DPW Ops Queue,Street and Sidewalk Cleaning,Mission,Voice In
03-01-2016 14:57,03-08-2016 08:10,03-08-2016 08:10,Closed,DPW Ops Queue,Graffiti Private Property,Mission,Open311
06-02-2016 11:37,06-02-2016 15:45,06-02-2016 15:45,Closed,DPW Ops Queue,Street and Sidewalk Cleaning,Chinatown,Voice In
06-02-2016 11:38,06-02-2016 13:50,06-02-2016 13:50,Closed,Recology_Abandoned,Street and Sidewalk Cleaning,Mission,Voice In
06-02-2016 11:39,06-02-2016 17:51,06-02-2016 17:51,Closed,DPW Ops Queue,Street and Sidewalk Cleaning,Chinatown,Open311
06-02-2016 11:46,06-02-2016 15:40,06-02-2016 15:40,Closed,DPW Ops Queue,Street and Sidewalk Cleaning,South of Market,Open311
06-02-2016 11:46,06-02-2016 18:34,06-02-2016 18:34,Closed,DPW Ops Queue,Street and Sidewalk Cleaning,Mission,Open311
03-01-2016 15:11,03/25/2016 07:26:00 AM,03/25/2016 07:26:00 AM,Closed,DPW BSM Queue,Sidewalk or Curb,Russian Hill,Voice In
03-01-2016 15:12,,03-02-2016 12:00,Open,DPW - Bureau of Street Use and Mapping - G,General Requests,Mission,Voice In
06-02-2016 11:52,06-02-2016 14:33,06-02-2016 14:33,Closed,Recology_Abandoned,Street and Sidewalk Cleaning,Chinatown,Open311
06-02-2016 11:54,06-02-2016 14:26,06-02-2016 14:26,Closed,Recology_Abandoned,Street and Sidewalk Cleaning,South of Market,Open311
06-02-2016 12:09,,06-02-2016 12:09,Open,DPW Ops Queue,Graffiti Private Property,Mission,Integrated Agency
06-02-2016 12:09,06-02-2016 14:10,06-02-2016 14:10,Closed,Recology_Abandoned,Street and Sidewalk Cleaning,North Beach,Integrated Agency
06-02-2016 12:12,06-02-2016 20:17,06-02-2016 20:17,Closed,DPW - Bureau of Street Environmental Services - G,General Requests,South of Market,Voice In
06-02-2016 12:12,06-02-2016 19:11,06-02-2016 19:11,Closed,DPW Ops Queue,Street and Sidewalk Cleaning,Chinatown,Open311
06-02-2016 12:14,06-02-2016 13:42,06-02-2016 13:42,Closed,Recology_Abandoned,Street and Sidewalk Cleaning,Mission,Voice In
06-02-2016 12:15,,06-08-2016 10:51,Open,DPW Ops Queue,Street and Sidewalk Cleaning,Mission,Open311
06-02-2016 12:18,06-02-2016 14:33,06-02-2016 14:33,Closed,Recology_Abandoned,Street and Sidewalk Cleaning,North Beach,Open311
06-02-2016 12:18,06-02-2016 14:19,06-02-2016 14:19,Closed,Recology_Abandoned,Street and Sidewalk Cleaning,South of Market,Open311
03-01-2016 16:00,,03-02-2016 12:00,Open,DPW Ops Queue,Street Defects,Mission,Voice In
06-02-2016 12:19,06/20/2016 03:14:26 PM,06/20/2016 03:14:26 PM,Closed,US Postal Service Maintenance Queue,Graffiti Public Property,Chinatown,Open311
08-03-2015 10:46,08-03-2015 12:35,08-03-2015 12:35,Closed,Recology_Abandoned,Street and Sidewalk Cleaning,South of Market,Integrated Agency
08-03-2015 10:46,08-03-2015 11:48,08-03-2015 11:48,Closed,Recology_Abandoned,Street and Sidewalk Cleaning,Nob Hill,Integrated Agency
06-02-2016 12:22,06-02-2016 13:00,06-02-2016 13:00,Closed,Recology_Abandoned,Street and Sidewalk Cleaning,North Beach,Open311
06-02-2016 12:24,06-07-2016 11:00,06-07-2016 11:00,Closed,DPT Meter_Bike Queue,Damaged Property,Civic Center,Voice In
03-01-2016 16:06,,03-02-2016 04:00,Open,DPW Ops Queue,Graffiti Public Property,Chinatown,Open311
08-03-2015 11:01,08-03-2015 14:50,08-03-2015 14:50,Closed,Recology_Abandoned,Street and Sidewalk Cleaning,South of Market,Integrated Agency
06-02-2016 12:33,06-02-2016 12:50,06-02-2016 12:50,Closed,PUC - Water - G,Sewer Issues,Financial District,Voice In
06-02-2016 12:34,06-02-2016 15:27,06-02-2016 15:27,Closed,Recology_Abandoned,Street and Sidewalk Cleaning,Civic Center,Voice In
03-01-2016 16:15,03-01-2016 16:49,03-01-2016 16:49,Closed,Recology_Overflowing,Street and Sidewalk Cleaning,Mission,Open311
03-01-2016 16:16,03-04-2016 18:09,03-04-2016 18:09,Closed,DPW Ops Queue,Street and Sidewalk Cleaning,Chinatown,Open311
07/15/2015 08:10:59 AM,07/15/2015 11:19:45 AM,07/15/2015 11:19:45 AM,Closed,Recology_Abandoned,Street and Sidewalk Cleaning,Nob Hill,Voice In
07/15/2015 08:11:04 AM,07/16/2015 08:19:50 AM,07/16/2015 08:19:50 AM,Closed,DPW Ops Queue,Street and Sidewalk Cleaning,Civic Center,Web Self Service
08/18/2015 05:29:26 PM,11-04-2015 08:46,11-04-2015 08:46,Closed,DPT Meter_Bike Queue,Damaged Property,South of Market,Voice In
06-02-2016 12:55,06-02-2016 14:29,06-02-2016 14:29,Closed,DPT Meter_Bike Queue,Damaged Property,South of Market,Voice In
06-02-2016 13:08,06-02-2016 15:42,06-02-2016 15:42,Closed,Recology_Abandoned,Street and Sidewalk Cleaning,Nob Hill,Voice In
07/15/2015 08:12:22 AM,07/16/2015 08:05:01 AM,07/16/2015 08:05:01 AM,Closed,DPW Ops Queue,Street and Sidewalk Cleaning,South of Market,Open311
04/20/2015 03:56:47 PM,,04/20/2015 04:08:45 PM,Open,MUNI Work Queue,MUNI Feedback,Financial District,Voice In
06-02-2016 13:20,06-02-2016 16:35,06-02-2016 16:35,Closed,Recology_Abandoned,Street and Sidewalk Cleaning,South of Market,Web Self Service
03-01-2016 16:32,,03-04-2016 02:30,Open,DPW Ops Queue,Street and Sidewalk Cleaning,Russian Hill,Open311
07/15/2015 08:12:43 AM,07/15/2015 11:22:04 AM,07/15/2015 11:22:04 AM,Closed,Recology_Abandoned,Street and Sidewalk Cleaning,Nob Hill,Voice In
06-02-2016 13:28,06-02-2016 13:52,06-02-2016 13:52,Closed,Recology_Overflowing,Street and Sidewalk Cleaning,Civic Center,Open311
03-01-2016 16:40,,03-02-2016 04:00,Open,DPW Ops Queue,Street and Sidewalk Cleaning,South of Market,Web Self Service
03-01-2016 16:41,03/20/2016 03:13:25 PM,03/20/2016 03:13:25 PM,Closed,US Postal Service Maintenance Queue,Graffiti Public Property,Russian Hill,Open311
08/18/2015 06:32:32 PM,08/19/2015 07:09:04 AM,08/19/2015 07:09:04 AM,Closed,DPW Ops Queue,Street and Sidewalk Cleaning,Mission,Voice In
08/18/2015 06:35:11 PM,08/19/2015 10:41:53 AM,08/19/2015 10:41:53 AM,Closed,Recology_Abandoned,Street and Sidewalk Cleaning,South of Market,Open311
06-02-2016 13:47,06-02-2016 19:12,06-02-2016 19:12,Closed,DPW Ops Queue,Street and Sidewalk Cleaning,South of Market,Open311
08-03-2015 16:53,03/15/2016 11:21:07 AM,03/15/2016 11:21:07 AM,Closed,SFMTA - Temporary Sign Request Queue,Temporary Sign Request,Mission,Voice In
06-02-2016 13:49,06-02-2016 20:14,06-02-2016 20:14,Closed,DPW Ops Queue,Street and Sidewalk Cleaning,South of Market,Open311
08-03-2015 11:20,08-03-2015 14:24,08-03-2015 14:24,Closed,Recology_Abandoned,Street and Sidewalk Cleaning,Nob Hill,Voice In
03-01-2016 16:59,,03-02-2016 06:56,Open,DPW Ops Queue,Street and Sidewalk Cleaning,Mission,Open311
03-01-2016 17:06,,03-02-2016 06:45,Open,DPW Ops Queue,Street and Sidewalk Cleaning,Mission,Open311
08-03-2015 12:03,08-05-2015 09:29,08-05-2015 09:29,Closed,DPW Ops Queue,Graffiti Public Property,South of Market,Voice In
06-02-2016 14:07,06/13/2016 09:36:31 AM,06/13/2016 09:36:31 AM,Closed,DPW Ops Queue,Street and Sidewalk Cleaning,Chinatown,Open311
03-01-2016 17:13,,03-04-2016 01:40,Open,DPW Ops Queue,Litter Receptacles,Chinatown,Open311
06-02-2016 14:07,06-02-2016 14:59,06-02-2016 14:59,Closed,DPT Meter_Bike Queue,Damaged Property,Russian Hill,Voice In
03-01-2016 17:19,,03-02-2016 06:42,Open,DPW Ops Queue,Street and Sidewalk Cleaning,Mission,Open311
03-01-2016 17:22,,03-01-2016 17:22,Open,DPW Ops Queue,Graffiti Private Property,Chinatown,Open311
02-12-2016 13:39,,03/15/2016 09:33:15 AM,Open,SFMTA - Parking Enforcement - G,General Requests,South of Market,Voice In
02/16/2016 01:23:23 PM,03/15/2016 01:41:55 PM,03/15/2016 01:41:55 PM,Closed,DPT Meter_Bike Queue,Damaged Property,Civic Center,Voice In
03-01-2016 17:44,,03-02-2016 04:24,Open,DPW Ops Queue,Catch Basin Maintenance,South of Market,Voice In
06-02-2016 14:23,06-02-2016 16:29,06-02-2016 16:29,Closed,Recology_Abandoned,Street and Sidewalk Cleaning,Nob Hill,Integrated Agency
06-02-2016 14:23,06-02-2016 16:02,06-02-2016 16:02,Closed,Recology_Abandoned,Street and Sidewalk Cleaning,North Beach,Integrated Agency
06-02-2016 14:23,06-02-2016 16:03,06-02-2016 16:03,Closed,Recology_Abandoned,Street and Sidewalk Cleaning,Mission,Integrated Agency
03-01-2016 17:51,,03-02-2016 04:24,Open,DPW Ops Queue,Street and Sidewalk Cleaning,South of Market,Open311
06-02-2016 14:23,06-02-2016 16:25,06-02-2016 16:25,Closed,Recology_Abandoned,Street and Sidewalk Cleaning,Mission,Integrated Agency
06-02-2016 14:23,06-02-2016 15:53,06-02-2016 15:53,Closed,Recology_Abandoned,Street and Sidewalk Cleaning,South of Market,Integrated Agency
03/14/2016 03:58:06 PM,,03/15/2016 09:18:29 AM,Open,SFMTA - Temporary Sign Request Installation/Enforcement Queue,Temporary Sign Request,Civic Center,Voice In
07/15/2015 09:02:24 AM,07/17/2015 09:13:30 AM,07/17/2015 09:13:30 AM,Closed,MUNI Work Queue,MUNI Feedback,South of Market,Voice In
03/14/2016 04:03:56 PM,03/15/2016 09:16:55 AM,03/15/2016 09:16:55 AM,Closed,Police - Homeless Concerns Queue,General Requests,Mission,Open311
06-02-2016 14:36,06-02-2016 18:02,06-02-2016 18:02,Closed,Police - Homeless Concerns Queue,General Requests,Financial District,Open311
02/25/2016 04:22:32 PM,03/15/2016 08:23:14 AM,03/15/2016 08:23:14 AM,Closed,SFMTA - Parking Enforcement - G,General Requests,Financial District,Voice In
06-02-2016 14:38,06-02-2016 16:04,06-02-2016 16:04,Closed,Recology_Abandoned,Street and Sidewalk Cleaning,Russian Hill,Web Self Service
03-01-2016 19:04,,03-03-2016 07:26,Open,DPW Ops Queue,Street and Sidewalk Cleaning,Mission,Open311
03-01-2016 19:20,,03-03-2016 07:35,Open,DPW Ops Queue,Street and Sidewalk Cleaning,Mission,Open311
06-02-2016 14:49,06-02-2016 15:55,06-02-2016 15:55,Closed,Recology_Abandoned,Street and Sidewalk Cleaning,South of Market,Voice In
07/15/2015 08:35:40 AM,07/15/2015 12:22:15 PM,07/15/2015 12:22:15 PM,Closed,RPD NSA Queue,Tree Maintenance,Mission,Open311
06-02-2016 14:50,,06-02-2016 14:50,Open,DPW BSM Queue,Sidewalk or Curb,North Beach,Open311
03-01-2016 19:34,,03-02-2016 04:00,Open,DPW Ops Queue,Street and Sidewalk Cleaning,South of Market,Voice In
03-01-2016 19:34,03-04-2016 13:36,03-04-2016 13:36,Closed,Police - Homeless Concerns Queue,General Requests,South of Market,Open311
03-01-2016 19:43,,03-05-2016 01:20,Open,DPW Ops Queue,Street and Sidewalk Cleaning,Mission,Open311
06-02-2016 14:57,06-02-2016 16:05,06-02-2016 16:05,Closed,Recology_Abandoned,Street and Sidewalk Cleaning,South of Market,Voice In
07/15/2015 09:02:26 AM,07/16/2015 09:01:20 AM,07/16/2015 09:01:20 AM,Closed,DPW Ops Queue,Graffiti Public Property,South of Market,Web Self Service
06-02-2016 15:10,,06-02-2016 15:12,Open,DPW BUF Queue,Graffiti Public Property,South of Market,Open311
06-02-2016 15:11,06-09-2016 11:49,06-09-2016 11:49,Closed,DPW Ops Queue,Graffiti Private Property,South of Market,Open311
06-02-2016 15:16,06-02-2016 16:28,06-02-2016 16:28,Closed,Recology_Abandoned,Street and Sidewalk Cleaning,Nob Hill,Voice In
06-02-2016 15:41,06-02-2016 18:25,06-02-2016 18:25,Closed,Recology_Abandoned,Street and Sidewalk Cleaning,North Beach,Voice In
03-01-2016 22:21,03-01-2016 22:26,03-01-2016 22:26,Closed,PUC - Water - G,Sewer Issues,Nob Hill,Voice In
06-02-2016 15:49,06-02-2016 16:05,06-02-2016 16:05,Closed,RPD NSA Queue,Rec and Park Requests,Chinatown,Open311
08/19/2015 08:57:13 AM,08/21/2015 07:10:18 AM,08/21/2015 07:10:18 AM,Closed,DPW Ops Queue,Street and Sidewalk Cleaning,South of Market,Open311
06-02-2016 15:52,06-02-2016 16:39,06-02-2016 16:39,Closed,Recology_Abandoned,Street and Sidewalk Cleaning,Mission,Voice In
06-02-2016 15:56,,06-03-2016 07:27,Open,DPW Ops Queue,Street and Sidewalk Cleaning,South of Market,Voice In
03-09-2016 09:38,03/15/2016 10:04:37 AM,03/15/2016 10:04:37 AM,Closed,SFMTA - UPI/TDM Queue,General Requests,Civic Center,Web Self Service
06-02-2016 16:03,06-02-2016 19:29,06-02-2016 19:29,Closed,DPW Ops Queue,Graffiti Private Property,South of Market,Web Self Service
06-02-2016 16:08,06-07-2016 12:17,06-07-2016 12:17,Closed,DPW BSSR Queue,Street Defects,Financial District,Open311
06-02-2016 16:10,,06-08-2016 10:51,Open,DPW Ops Queue,Street and Sidewalk Cleaning,Mission,Open311
06-02-2016 16:12,06-06-2016 08:51,06-06-2016 08:51,Closed,DPW Ops Queue,Street and Sidewalk Cleaning,Chinatown,Open311
07/18/2015 09:17:29 PM,07/19/2015 11:43:58 AM,07/19/2015 11:43:58 AM,Closed,311 Supervisor Queue,Street and Sidewalk Cleaning,Mission,Voice In
06-02-2016 16:13,06-02-2016 16:57,06-02-2016 16:57,Closed,Recology_Abandoned,Street and Sidewalk Cleaning,Mission,Open311
06-02-2016 16:32,,06-02-2016 19:09,Open,DPW Ops Queue,Street and Sidewalk Cleaning,Mission,Open311
06-02-2016 16:35,,06-02-2016 16:35,Open,Recology_Abandoned,Street and Sidewalk Cleaning,Mission,Open311
06-02-2016 16:44,,06-02-2016 19:09,Open,DPW Ops Queue,Street and Sidewalk Cleaning,Mission,Open311
06-02-2016 16:59,,06-02-2016 16:59,Open,DPW Ops Queue,Street and Sidewalk Cleaning,Mission,Open311
03-10-2016 16:21,03/15/2016 02:53:30 PM,03/15/2016 02:53:30 PM,Closed,MUNI Work Queue,MUNI Feedback,South of Market,Voice In
06-02-2016 17:17,,06-02-2016 17:17,Open,Recology_Abandoned,Street and Sidewalk Cleaning,Mission,Open311
06-02-2016 17:28,,06-12-2016 12:44,Open,DPW Ops Queue,Street and Sidewalk Cleaning,Mission,Open311
06-02-2016 17:43,08/22/2016 03:36:55 PM,08/22/2016 03:36:55 PM,Closed,DPW Ops Queue,Street and Sidewalk Cleaning,South of Market,Open311
06-02-2016 17:49,06-02-2016 20:13,06-02-2016 20:13,Closed,DPW Ops Queue,Street and Sidewalk Cleaning,South of Market,Voice In
03-11-2016 09:45,03/15/2016 09:40:32 AM,03/15/2016 09:40:32 AM,Closed,PUC Sewer Ops,Sewer Issues,South of Market,Voice In
03-02-2016 09:05,,03-03-2016 02:53,Open,311 Supervisor Queue,Graffiti Private Property,Mission,Open311
06-02-2016 18:29,06-12-2016 11:00,06-12-2016 11:00,Closed,DPW Ops Queue,Street and Sidewalk Cleaning,South of Market,Open311
06-02-2016 18:31,,06-02-2016 18:31,Open,DPW Ops Queue,Litter Receptacles,South of Market,Open311
03/14/2016 04:24:02 PM,03/15/2016 10:25:30 AM,03/15/2016 10:25:30 AM,Closed,Recology_Abandoned,Street and Sidewalk Cleaning,North Beach,Voice In
03-11-2016 12:01,03/15/2016 01:45:32 PM,03/15/2016 01:45:32 PM,Closed,DPT Meter_Bike Queue,Damaged Property,South of Market,Voice In
06-02-2016 19:02,06-02-2016 20:10,06-02-2016 20:10,Closed,DPW Ops Queue,Street and Sidewalk Cleaning,Mission,Open311
06-02-2016 19:11,,06-02-2016 19:14,Open,DPW BSM Queue,Sidewalk or Curb,Mission,Voice In
03-11-2016 14:22,03/15/2016 12:00:00 PM,03/15/2016 12:00:00 PM,Closed,DPW BSM Queue,Sidewalk or Curb,South of Market,Open311
08-02-2015 13:31,08-02-2015 14:22,08-02-2015 14:22,Closed,Recology_Abandoned,Street and Sidewalk Cleaning,Nob Hill,Voice In
08-02-2015 13:36,08-02-2015 14:16,08-02-2015 14:16,Closed,Recology_Abandoned,Street and Sidewalk Cleaning,Mission,Open311
03-11-2016 16:41,03/15/2016 02:05:29 PM,03/15/2016 02:05:29 PM,Closed,DPT Meter_Bike Queue,Damaged Property,Civic Center,Voice In
08/19/2015 09:13:33 AM,08/19/2015 02:15:22 PM,08/19/2015 02:15:22 PM,Closed,Recology_Abandoned,Street and Sidewalk Cleaning,South of Market,Voice In
08/19/2015 09:16:25 AM,08/20/2015 09:42:46 AM,08/20/2015 09:42:46 AM,Closed,DPW Ops Queue,Street and Sidewalk Cleaning,South of Market,Voice In
08-02-2015 13:42,08/13/2015 04:23:18 AM,08/13/2015 04:23:18 AM,Closed,US Postal Service Maintenance Queue,Graffiti Public Property,Russian Hill,Open311
06-02-2016 20:19,06-02-2016 21:11,06-02-2016 21:11,Closed,DPW Ops Queue,Graffiti Private Property,Mission,Open311
06-02-2016 20:20,06-02-2016 22:14,06-02-2016 22:14,Closed,DPW Ops Queue,Graffiti Private Property,Mission,Open311
06-02-2016 20:21,06-02-2016 22:13,06-02-2016 22:13,Closed,DPW Ops Queue,Graffiti Private Property,Mission,Open311
06-02-2016 20:22,06-02-2016 22:14,06-02-2016 22:14,Closed,DPW Ops Queue,Graffiti Private Property,Mission,Open311
03-12-2016 12:12,03/15/2016 09:31:50 AM,03/15/2016 09:31:50 AM,Closed,DPW Ops Queue,Street and Sidewalk Cleaning,South of Market,Open311
03-02-2016 10:14,03-02-2016 10:27,03-02-2016 10:27,Closed,311 Supervisor Queue,Noise Report,South of Market,Open311
06-02-2016 21:13,06-02-2016 22:17,06-02-2016 22:17,Closed,DPW Ops Queue,Street and Sidewalk Cleaning,Mission,Open311
03/13/2016 10:33:26 AM,03/15/2016 09:36:38 AM,03/15/2016 09:36:38 AM,Closed,DPW Ops Queue,Street and Sidewalk Cleaning,South of Market,Voice In
03/13/2016 11:09:33 AM,03/15/2016 09:35:14 AM,03/15/2016 09:35:14 AM,Closed,DPW Ops Queue,Street and Sidewalk Cleaning,South of Market,Open311
07/15/2015 09:04:02 AM,07/16/2015 08:52:33 AM,07/16/2015 08:52:33 AM,Closed,DPW Ops Queue,Graffiti Public Property,South of Market,Web Self Service
07/15/2015 09:27:02 AM,07/15/2015 11:14:42 AM,07/15/2015 11:14:42 AM,Closed,311 Supervisor Queue,Blocked Street or SideWalk,Mission,Web Self Service
08-02-2015 16:18,08-03-2015 02:09,08-03-2015 02:09,Closed,DPW Ops Queue,Street and Sidewalk Cleaning,South of Market,Open311
07/15/2015 08:40:39 AM,07/15/2015 02:31:14 PM,07/15/2015 02:31:14 PM,Closed,DPW Ops Queue,Tree Maintenance,Mission,Open311
07/15/2015 09:32:50 AM,08-05-2015 12:00,08-05-2015 12:00,Closed,DPW Ops Queue,Graffiti Private Property,North Beach,Integrated Agency
03/13/2016 08:46:36 PM,03/15/2016 08:59:08 AM,03/15/2016 08:59:08 AM,Closed,PG and E - Streetlights Queue,Streetlights,South of Market,Open311
03/13/2016 08:52:21 PM,03/15/2016 09:00:22 AM,03/15/2016 09:00:22 AM,Closed,PG and E - Streetlights Queue,Streetlights,South of Market,Open311
03/14/2016 05:15:18 AM,03/15/2016 09:32:07 AM,03/15/2016 09:32:07 AM,Closed,DPW Ops Queue,Street and Sidewalk Cleaning,South of Market,Web Self Service
06-02-2016 23:31,,06-02-2016 23:31,Open,Recology_Abandoned,Street and Sidewalk Cleaning,Mission,Web Self Service
03/14/2016 07:53:45 AM,,03/15/2016 10:34:14 AM,Open,SFMTA - Temporary Sign Request Installation/Enforcement Queue,Temporary Sign Request,Russian Hill,Voice In
03-02-2016 11:59,03-10-2016 00:05,03-10-2016 00:05,Closed,DPW Ops Queue,Street and Sidewalk Cleaning,Russian Hill,Voice In
03/14/2016 09:01:37 AM,03/15/2016 09:23:51 AM,03/15/2016 09:23:51 AM,Closed,DPW Ops Queue,Street and Sidewalk Cleaning,South of Market,Open311
03/14/2016 09:48:54 AM,03/15/2016 12:13:13 AM,03/15/2016 12:13:13 AM,Closed,DPW Ops Queue,Street and Sidewalk Cleaning,Mission,Open311
07/15/2015 09:32:59 AM,07/15/2015 12:17:23 PM,07/15/2015 12:17:23 PM,Closed,Recology_Abandoned,Street and Sidewalk Cleaning,Civic Center,Integrated Agency
03/14/2016 10:02:02 AM,03/15/2016 09:39:54 AM,03/15/2016 09:39:54 AM,Closed,DPW Ops Queue,Street and Sidewalk Cleaning,Civic Center,Open311
03/14/2016 10:28:21 AM,03/15/2016 11:27:38 AM,03/15/2016 11:27:38 AM,Closed,DPW Ops Queue,Graffiti Private Property,Chinatown,Open311
07/15/2015 09:33:37 AM,07/16/2015 09:02:56 AM,07/16/2015 09:02:56 AM,Closed,PUC Sewer Ops,Sewer Issues,Mission,Voice In
07/18/2015 09:37:26 AM,07/18/2015 01:02:26 PM,07/18/2015 01:02:26 PM,Closed,Recology_Abandoned,Street and Sidewalk Cleaning,Mission,Open311
07/18/2015 09:38:15 AM,07/18/2015 12:30:00 PM,07/18/2015 12:30:00 PM,Closed,DPW Ops Queue,Street and Sidewalk Cleaning,Nob Hill,Voice In
03-02-2016 12:23,03-03-2016 15:40,03-03-2016 15:40,Closed,DPW Ops Queue,Street and Sidewalk Cleaning,Mission,Voice In
03/14/2016 11:03:15 AM,03/15/2016 02:28:36 AM,03/15/2016 02:28:36 AM,Closed,DPW Ops Queue,Street and Sidewalk Cleaning,Mission,Open311
06-03-2016 08:09,,06-09-2016 12:00,Open,DPW BSM Queue,Sidewalk or Curb,South of Market,Open311
03/14/2016 12:15:06 PM,,03/15/2016 10:33:43 AM,Open,SFMTA - Temporary Sign Request Installation/Enforcement Queue,Temporary Sign Request,North Beach,Web Self Service
03/14/2016 12:16:16 PM,03/15/2016 11:46:59 AM,03/15/2016 11:46:59 AM,Closed,DPW Ops Queue,Graffiti Public Property,Civic Center,Open311
03/14/2016 12:29:35 PM,03/15/2016 12:56:25 PM,03/15/2016 12:56:25 PM,Closed,DPT SignShop 03 Queue,Sign Repair,Chinatown,Open311
03/14/2016 12:30:40 PM,03/15/2016 09:18:27 PM,03/15/2016 09:18:27 PM,Closed,DPW Ops Queue,Street and Sidewalk Cleaning,South of Market,Open311
03/14/2016 12:31:31 PM,03/15/2016 04:04:59 PM,03/15/2016 04:04:59 PM,Closed,DPW Ops Queue,Graffiti Public Property,Chinatown,Open311
03/14/2016 12:52:05 PM,,03/15/2016 10:31:30 AM,Open,SFMTA - Temporary Sign Request Installation/Enforcement Queue,Temporary Sign Request,Russian Hill,Voice In
03/14/2016 12:53:13 PM,03/15/2016 07:14:56 PM,03/15/2016 07:14:56 PM,Closed,DPW Ops Queue,Street and Sidewalk Cleaning,Mission,Voice In
03-02-2016 13:22,03-07-2016 10:57,03-07-2016 10:57,Closed,MUNI Work Queue,MUNI Feedback,Nob Hill,Voice In
03/14/2016 01:12:01 PM,03/15/2016 07:15:07 PM,03/15/2016 07:15:07 PM,Closed,DPW Ops Queue,Litter Receptacles,Mission,Open311
03/14/2016 02:32:02 PM,03/15/2016 08:23:59 PM,03/15/2016 08:23:59 PM,Closed,DPW Ops Queue,Street and Sidewalk Cleaning,Chinatown,Open311
07/18/2015 11:11:33 AM,08-04-2015 09:05,08-04-2015 09:05,Closed,DPW Ops Queue,Graffiti Private Property,Chinatown,Integrated Agency
03/14/2016 02:47:17 PM,03/15/2016 08:22:40 PM,03/15/2016 08:22:40 PM,Closed,DPW Ops Queue,Litter Receptacles,Chinatown,Open311
08/19/2015 06:09:53 PM,08/20/2015 07:11:09 PM,08/20/2015 07:11:09 PM,Closed,DPW Ops Queue,Street and Sidewalk Cleaning,Financial District,Voice In
03-02-2016 15:18,03-03-2016 15:48,03-03-2016 15:48,Closed,DPW Ops Queue,Street and Sidewalk Cleaning,Mission,Open311
03/14/2016 10:06:21 PM,03/20/2016 12:19:39 PM,03/20/2016 12:19:39 PM,Closed,DPW Ops Queue,Street and Sidewalk Cleaning,South of Market,Voice In
08-02-2015 20:11,08-03-2015 01:07,08-03-2015 01:07,Closed,DPW Ops Queue,Street and Sidewalk Cleaning,South of Market,Open311
03/14/2016 11:00:28 PM,03/17/2016 12:00:00 PM,03/17/2016 12:00:00 PM,Closed,DPW - Bureau of Street Use and Mapping - G,General Requests,Mission,Voice In
08-02-2015 21:12,08-06-2015 10:33,08-06-2015 10:33,Closed,DPW Ops Queue,Street and Sidewalk Cleaning,South of Market,Open311
08-02-2015 21:13,09-01-2015 12:44,09-01-2015 12:44,Closed,DPT SignShop Surveyed - Area 1 Queue,Sign Repair,Russian Hill,Open311
08/18/2015 08:55:30 AM,08/19/2015 07:54:48 AM,08/19/2015 07:54:48 AM,Closed,DPW Ops Queue,Street and Sidewalk Cleaning,South of Market,Voice In
03/15/2016 08:34:48 AM,03/15/2016 03:44:45 PM,03/15/2016 03:44:45 PM,Closed,DPW Ops Queue,Street and Sidewalk Cleaning,South of Market,Open311
03-02-2016 17:48,03-03-2016 16:08,03-03-2016 16:08,Closed,DPW Ops Queue,Street and Sidewalk Cleaning,South of Market,Open311
07/15/2015 07:29:08 AM,07/15/2015 11:26:18 AM,07/15/2015 11:26:18 AM,Closed,Recology_Abandoned,Street and Sidewalk Cleaning,Russian Hill,Open311
07/18/2015 11:11:36 AM,07/21/2015 07:07:55 AM,07/21/2015 07:07:55 AM,Closed,DPW Ops Queue,Graffiti Private Property,Civic Center,Integrated Agency
08-03-2015 05:11,08-03-2015 09:17,08-03-2015 09:17,Closed,Recology_Abandoned,Street and Sidewalk Cleaning,Mission,Web Self Service
08-03-2015 05:12,08-03-2015 09:18,08-03-2015 09:18,Closed,Recology_Abandoned,Street and Sidewalk Cleaning,Mission,Web Self Service
08-03-2015 05:13,08-03-2015 10:06,08-03-2015 10:06,Closed,Recology_Abandoned,Street and Sidewalk Cleaning,Mission,Web Self Service
03/14/2016 03:14:12 PM,03/15/2016 08:34:42 PM,03/15/2016 08:34:42 PM,Closed,DPW Ops Queue,Street and Sidewalk Cleaning,Mission,Open311
08-03-2015 05:14,08-03-2015 09:35,08-03-2015 09:35,Closed,Recology_Abandoned,Street and Sidewalk Cleaning,Mission,Web Self Service
08-03-2015 05:15,08-03-2015 09:35,08-03-2015 09:35,Closed,Recology_Abandoned,Street and Sidewalk Cleaning,Mission,Web Self Service
08/18/2015 09:26:21 AM,08/18/2015 11:04:34 AM,08/18/2015 11:04:34 AM,Closed,DPW Ops Queue,Street and Sidewalk Cleaning,Mission,Web Self Service
08/18/2015 09:51:22 AM,08/19/2015 02:00:36 AM,08/19/2015 02:00:36 AM,Closed,DPW Ops Queue,Street and Sidewalk Cleaning,North Beach,Open311
01/14/2016 09:02:13 PM,03-02-2016 06:40,03-02-2016 06:40,Closed,Clear Channel - Transit Queue,Graffiti Public Property,Financial District,Open311
06-03-2016 14:38,,06-03-2016 14:38,Open,DPW Ops Queue,Street and Sidewalk Cleaning,South of Market,Open311
06-03-2016 14:42,06-05-2016 07:55,06-05-2016 07:55,Closed,DPW Ops Queue,Street and Sidewalk Cleaning,Chinatown,Open311
01/27/2016 02:23:19 PM,,03-02-2016 10:10,Open,SFMTA - Temporary Sign Request Installation/Enforcement Queue,Temporary Sign Request,Mission,Web Self Service
03/15/2016 11:20:04 AM,,03/15/2016 11:20:04 AM,Open,DPW Ops Queue,Tree Maintenance,Civic Center,Open311
01/30/2016 05:58:36 PM,03-02-2016 08:31,03-02-2016 08:31,Closed,PUC Sewer Ops,Sewer Issues,Mission,Voice In
02-05-2016 16:46,,03-02-2016 07:50,Open,SFMTA - Temporary Sign Request Installation/Enforcement Queue,Temporary Sign Request,South of Market,Web Self Service
03/15/2016 11:56:01 AM,03/15/2016 02:24:58 PM,03/15/2016 02:24:58 PM,Closed,Recology_Overflowing,Street and Sidewalk Cleaning,South of Market,Voice In
02/17/2016 02:42:58 PM,,03-02-2016 10:38,Open,SFMTA - Temporary Sign Request Installation/Enforcement Queue,Temporary Sign Request,South of Market,Web Self Service
02/18/2016 02:35:16 PM,04-08-2016 11:23,04-08-2016 11:23,Closed,SFMTA - Temporary Sign Request Queue,Temporary Sign Request,Nob Hill,Voice In
08/18/2015 12:47:05 PM,08/19/2015 08:10:00 AM,08/19/2015 08:10:00 AM,Closed,DPW Ops Queue,Street and Sidewalk Cleaning,Nob Hill,Voice In
02/21/2016 09:24:29 AM,,03-02-2016 11:00,Open,DPW Ops Queue,Graffiti Public Property,Mission,Open311
02/22/2016 06:30:56 PM,03-02-2016 21:14,03-02-2016 21:14,Closed,DPW Ops Queue,Street and Sidewalk Cleaning,South of Market,Open311
06-03-2016 16:49,,06-09-2016 12:00,Open,DPW BSM Queue,Damaged Property,Chinatown,Open311
08/18/2015 01:06:41 PM,08/18/2015 02:02:44 PM,08/18/2015 02:02:44 PM,Closed,Recology_Abandoned,Street and Sidewalk Cleaning,Mission,Web Self Service
02/23/2016 05:49:00 PM,,03-02-2016 12:00,Open,DPW Ops Queue,Street and Sidewalk Cleaning,South of Market,Open311
03-01-2016 11:00,,03-02-2016 02:58,Open,DPW Ops Queue,Street and Sidewalk Cleaning,Mission,Voice In
02/24/2016 04:22:32 PM,03-02-2016 06:01,03-02-2016 06:01,Closed,Clear Channel - Transit Queue,Litter Receptacles,Chinatown,Open311
02/25/2016 09:40:34 AM,03-02-2016 21:33,03-02-2016 21:33,Closed,DPW Ops Queue,Street and Sidewalk Cleaning,South of Market,Open311
08-03-2015 06:05,08-03-2015 09:45,08-03-2015 09:45,Closed,Recology_Abandoned,Street and Sidewalk Cleaning,Mission,Voice In
02/25/2016 04:57:55 PM,04-01-2016 14:49,04-01-2016 14:49,Closed,DPT SignShop Surveyed - Area 1 Queue,Sign Repair,Financial District,Open311
02/26/2016 08:43:45 AM,,03-02-2016 09:57,Open,SFMTA - Temporary Sign Request Installation/Enforcement Queue,Temporary Sign Request,South of Market,Voice In
02/27/2016 02:47:17 PM,03-02-2016 19:30,03-02-2016 19:30,Closed,DPW Ops Queue,Street and Sidewalk Cleaning,Chinatown,Voice In
07/18/2015 01:12:44 PM,07/20/2015 11:51:30 AM,07/20/2015 11:51:30 AM,Closed,MUNI Work Queue,MUNI Feedback,Mission,Voice In
07/18/2015 01:20:45 PM,07/27/2015 12:00:00 PM,07/27/2015 12:00:00 PM,Closed,DPW BSM Queue,Street and Sidewalk Cleaning,South of Market,Voice In
08-03-2015 08:27,08-03-2015 11:18,08-03-2015 11:18,Closed,Recology_Abandoned,Street and Sidewalk Cleaning,Mission,Integrated Agency
08/18/2015 01:37:27 PM,08/20/2015 10:47:28 AM,08/20/2015 10:47:28 AM,Closed,DPT Meter_Bike Queue,Damaged Property,North Beach,Voice In
02/29/2016 08:27:37 AM,03-02-2016 22:03,03-02-2016 22:03,Closed,DPW Ops Queue,Street and Sidewalk Cleaning,Civic Center,Open311
02/29/2016 10:27:02 AM,03-02-2016 21:20,03-02-2016 21:20,Closed,DPW Ops Queue,Street and Sidewalk Cleaning,South of Market,Web Self Service
02/29/2016 11:33:31 AM,,03-02-2016 12:00,Open,DPW Ops Queue,Street and Sidewalk Cleaning,South of Market,Open311
02/29/2016 02:57:41 PM,,03-02-2016 02:54,Open,DPW Ops Queue,Street and Sidewalk Cleaning,Mission,Open311
02/29/2016 03:13:11 PM,,03-04-2016 03:34,Open,311 Supervisor Queue,Graffiti Private Property,Mission,Open311
02/29/2016 05:48:58 PM,03-02-2016 21:51,03-02-2016 21:51,Closed,DPW Ops Queue,Street and Sidewalk Cleaning,Nob Hill,Open311
02/29/2016 06:17:18 PM,03-02-2016 07:22,03-02-2016 07:22,Closed,DBI Housing Inspection Queue,Residential Building Request,Mission,Voice In
10/28/2015 10:35:24 PM,06-03-2016 11:09,06-03-2016 11:09,Closed,SFMTA - Temporary Sign Request Queue,Temporary Sign Request,North Beach,Voice In
02/29/2016 01:44:39 PM,06-03-2016 11:04,06-03-2016 11:04,Closed,SFMTA - Temporary Sign Request Queue,Temporary Sign Request,North Beach,Voice In
03-01-2016 06:20,03-02-2016 19:22,03-02-2016 19:22,Closed,DPW Ops Queue,Street and Sidewalk Cleaning,Mission,Open311
03-01-2016 06:31,03-02-2016 19:06,03-02-2016 19:06,Closed,DPW Ops Queue,Street and Sidewalk Cleaning,Mission,Voice In
05-02-2016 03:37,06-03-2016 05:36,06-03-2016 05:36,Closed,DPW Ops Queue,Tree Maintenance,Mission,Open311
05-02-2016 10:06,06-03-2016 09:39,06-03-2016 09:39,Closed,DPW Ops Queue,Graffiti Private Property,Chinatown,Open311
07/15/2015 07:32:44 AM,07/15/2015 12:49:14 PM,07/15/2015 12:49:14 PM,Closed,Recology_Abandoned,Street and Sidewalk Cleaning,Russian Hill,Open311
05/13/2016 10:00:57 AM,06-03-2016 09:39,06-03-2016 09:39,Closed,DPW Ops Queue,Graffiti Private Property,Chinatown,Open311
03-01-2016 07:52,03-02-2016 06:56,03-02-2016 06:56,Closed,PUC - Water - G,Sewer Issues,Mission,Open311
05/31/2016 07:45:32 AM,06-03-2016 16:01,06-03-2016 16:01,Closed,SFMTA - UPI/TDM Queue,General Requests,Mission,Web Self Service
03-01-2016 08:09,03-02-2016 19:01,03-02-2016 19:01,Closed,DPW Ops Queue,Street and Sidewalk Cleaning,South of Market,Web Self Service
08-03-2015 08:27,08-03-2015 10:10,08-03-2015 10:10,Closed,Recology_Abandoned,Street and Sidewalk Cleaning,Civic Center,Integrated Agency
05/31/2016 09:47:11 AM,06-03-2016 06:28,06-03-2016 06:28,Closed,DPW - Bureau of Street and Sewer Repair - G,Rec and Park Requests,South of Market,Open311
08/18/2015 03:12:42 PM,08/18/2015 03:15:45 PM,08/18/2015 03:15:45 PM,Closed,Recology_Abandoned,Street and Sidewalk Cleaning,Chinatown,Voice In
07/15/2015 07:47:16 AM,07/21/2015 06:16:32 AM,07/21/2015 06:16:32 AM,Closed,DPT Abandoned Vehicles Work Queue,Abandoned Vehicle,Russian Hill,Voice In
03-01-2016 08:24,,03-02-2016 08:32,Open,DPW Ops Queue,Graffiti Private Property,South of Market,Open311
03-01-2016 08:37,03-02-2016 09:13,03-02-2016 09:13,Closed,Recology_Abandoned,Street and Sidewalk Cleaning,Mission,Open311
03-01-2016 08:40,03-02-2016 09:36,03-02-2016 09:36,Closed,Recology_Abandoned,Street and Sidewalk Cleaning,Russian Hill,Open311
03-01-2016 09:22,,03-02-2016 02:54,Open,DPW Ops Queue,Street and Sidewalk Cleaning,Mission,Open311
08-03-2015 09:28,08-03-2015 15:09,08-03-2015 15:09,Closed,Recology_Abandoned,Street and Sidewalk Cleaning,South of Market,Integrated Agency
06-10-2016 09:20,06-10-2016 12:02,06-10-2016 12:02,Closed,Recology_Abandoned,Street and Sidewalk Cleaning,Chinatown,Open311
08-03-2015 20:50,08-05-2015 07:46,08-05-2015 07:46,Closed,DPW Ops Queue,Street and Sidewalk Cleaning,South of Market,Open311
06-01-2016 11:25,06-03-2016 12:46,06-03-2016 12:46,Closed,DPW Ops Queue,Litter Receptacles,Russian Hill,Voice In
06-01-2016 11:38,06-03-2016 08:33,06-03-2016 08:33,Closed,SFMTA - Temporary Sign Request Queue,Temporary Sign Request,South of Market,Voice In
06-01-2016 12:03,06-03-2016 06:59,06-03-2016 06:59,Closed,DPW Ops Queue,Abandoned Vehicle,South of Market,Open311
06-01-2016 12:06,,06-03-2016 12:00,Open,DPW BSM Queue,Street Defects,Nob Hill,Voice In
03-01-2016 11:45,,03-02-2016 01:00,Open,DPW Ops Queue,Street and Sidewalk Cleaning,Mission,Voice In
06-01-2016 12:12,06-03-2016 01:17,06-03-2016 01:17,Closed,DPW Ops Queue,Litter Receptacles,Chinatown,Open311
03/18/2016 01:23:01 PM,03/21/2016 09:32:28 PM,03/21/2016 09:32:28 PM,Closed,RPD Park Service Area 1 Queue,Rec and Park Requests,Nob Hill,Open311
06-01-2016 12:41,06-03-2016 09:23,06-03-2016 09:23,Closed,DPW Ops Queue,Street and Sidewalk Cleaning,Mission,Voice In
06-01-2016 12:50,06-03-2016 15:36,06-03-2016 15:36,Closed,MUNI Work Queue,MUNI Feedback,Financial District,Voice In
06-01-2016 13:00,06-03-2016 16:42,06-03-2016 16:42,Closed,DPH - Environmental Health - G,Noise Report,Mission,Voice In
08-03-2015 21:00,,08-03-2015 21:00,Open,DPW BSM Queue,Sidewalk or Curb,South of Market,Open311
06-01-2016 13:14,06-03-2016 15:55,06-03-2016 15:55,Closed,MUNI Work Queue,MUNI Feedback,South of Market,Voice In
03-01-2016 12:14,03-02-2016 19:28,03-02-2016 19:28,Closed,DPW Ops Queue,Street and Sidewalk Cleaning,South of Market,Open311
06-01-2016 13:40,06-03-2016 06:10,06-03-2016 06:10,Closed,DPT Abandoned Vehicles Work Queue,Abandoned Vehicle,Russian Hill,Web Self Service
03/18/2016 02:27:18 PM,03/21/2016 08:46:31 AM,03/21/2016 08:46:31 AM,Closed,DPW Ops Queue,Street and Sidewalk Cleaning,South of Market,Voice In
06-01-2016 14:30,,06-03-2016 14:48,Open,SFMTA - Temporary Sign Request Installation/Enforcement Queue,Temporary Sign Request,Nob Hill,Voice In
06-01-2016 14:43,,06-03-2016 11:52,Open,SFMTA - Temporary Sign Request Installation/Enforcement Queue,Temporary Sign Request,South of Market,Voice In
08-03-2015 21:00,08-04-2015 09:10,08-04-2015 09:10,Closed,Recology_Abandoned,Street and Sidewalk Cleaning,South of Market,Open311
06-01-2016 15:00,06-03-2016 16:38,06-03-2016 16:38,Closed,DPH - Environmental Health - G,General Requests,South of Market,Voice In
08-04-2015 08:10,08-04-2015 13:20,08-04-2015 13:20,Closed,Recology_Abandoned,Street and Sidewalk Cleaning,South of Market,Voice In
06-01-2016 15:30,06-03-2016 16:48,06-03-2016 16:48,Closed,MUNI Work Queue,MUNI Feedback,South of Market,Voice In
06-01-2016 15:39,06-03-2016 16:58,06-03-2016 16:58,Closed,MUNI Work Queue,MUNI Feedback,Civic Center,Voice In
06-01-2016 15:39,06-03-2016 06:53,06-03-2016 06:53,Closed,DPW Ops Queue,Graffiti Public Property,Mission,Open311
08-04-2015 04:58,08-04-2015 08:58,08-04-2015 08:58,Closed,Recology_Abandoned,Street and Sidewalk Cleaning,Mission,Web Self Service
06-01-2016 15:44,06-03-2016 17:09,06-03-2016 17:09,Closed,MUNI Work Queue,MUNI Feedback,Mission,Voice In
06-01-2016 15:50,06-03-2016 17:09,06-03-2016 17:09,Closed,MUNI Work Queue,MUNI Feedback,South of Market,Voice In
06-01-2016 16:00,06-03-2016 01:10,06-03-2016 01:10,Closed,DPT Meter_Bike Queue,Damaged Property,Mission,Voice In
06-01-2016 16:01,06-03-2016 11:20,06-03-2016 11:20,Closed,DPT Meter_Bike Queue,Damaged Property,Chinatown,Voice In
06-01-2016 16:24,06-03-2016 08:28,06-03-2016 08:28,Closed,DPW Ops Queue,Graffiti Private Property,Chinatown,Open311
03/18/2016 03:54:08 PM,03/21/2016 10:34:31 AM,03/21/2016 10:34:31 AM,Closed,SFMTA - Residential Parking Permit Program Queue,General Requests,Mission,Voice In
03-01-2016 14:00,,03-02-2016 10:21,Open,DPW Ops Queue,Graffiti Private Property,South of Market,Open311
06-01-2016 16:52,06-03-2016 02:20,06-03-2016 02:20,Closed,DPT Meter_Bike Queue,Damaged Property,Chinatown,Voice In
06-10-2016 09:21,06-10-2016 13:17,06-10-2016 13:17,Closed,Recology_Abandoned,Street and Sidewalk Cleaning,Mission,Open311
08/22/2015 02:27:12 PM,11-04-2015 08:04,11-04-2015 08:04,Closed,DPT Meter_Bike Queue,Damaged Property,South of Market,Voice In
03-01-2016 14:32,,03-02-2016 10:20,Open,DPW Ops Queue,Graffiti Private Property,Civic Center,Open311
06-10-2016 09:26,06-10-2016 12:02,06-10-2016 12:02,Closed,Recology_Abandoned,Street and Sidewalk Cleaning,North Beach,Voice In
03-01-2016 14:38,,03-02-2016 09:17,Open,DPW Ops Queue,Graffiti Public Property,Mission,Open311
06-01-2016 17:53,06-03-2016 08:38,06-03-2016 08:38,Closed,DPW Ops Queue,General Requests,South of Market,Voice In
08-04-2015 05:03,08-04-2015 09:29,08-04-2015 09:29,Closed,Recology_Abandoned,Street and Sidewalk Cleaning,Mission,Web Self Service
06-01-2016 18:31,06-03-2016 17:25,06-03-2016 17:25,Closed,MUNI Work Queue,MUNI Feedback,North Beach,Voice In
