,company,dpst,trantype,orderno,positionno,invoice,custcode,item,rate1,rate2,ed_amount,amth1,txah1,foreign_currency_amount,unitprice,deliveryqty,sales_amount,saleordertype,stoa,taxcode,orderdate,deladdress
0,400,90110,142,900000014,20,17000015,CU1P00675,900070,1,1.00E-06,459.8,7600,459.8,7600,380,20,7600,216,ADD011345,AGG0150,25-04-2017 05:54,H O 97 BILAL NAGARKARUMBUKKADAICOIMBATORE
1,400,90110,142,900000042,10,17000048,CU1C00683,900048,1,1.00E-06,4487.55,23244,4487.55,23244,78,298,23244,213,ADD002919,AGG0126,05-06-2017 10:28,KARUMBUKADAICOIMBATRORE 
2,400,90110,142,900000050,20,17000056,CU1P00675,900065,1,1.00E-06,97.41,1610,97.41,1610,1,1610,1610,216,ADD011345,AGG0150,12-06-2017 07:03,H O 97 BILAL NAGARKARUMBUKKADAICOIMBATORE
3,400,90110,142,900000060,10,17000066,CU1EMP,900070,1,1.00E-06,45,900,45,900,225,4,900,216,ADD000037,AGG0144,21-06-2017 10:51,ELGI EQUIPMENT S LIMITEDEIC-SINGANALLURCOIMBATORE- 641 005.
4,400,90110,142,900000016,20,17000018,CU1P00675,900065,1,1.00E-06,124.63,2060,124.63,2060,1,2060,2060,216,ADD011345,AGG0150,26-04-2017 09:48,H O 97 BILAL NAGARKARUMBUKKADAICOIMBATORE
5,400,90110,142,900000019,10,17000024,CU1EMP,900070,1,1.00E-06,56.25,1125,56.25,1125,225,5,1125,216,ADD000037,AGG0144,04-05-2017 06:36,ELGI EQUIPMENT S LIMITEDEIC-SINGANALLURCOIMBATORE- 641 005.
6,400,90110,142,900000049,20,17000055,CU1I00192,900013,1,1.00E-06,10975.6,56850,10975.6,56850,75,758,56850,213,ADD005625,AGG0126,09-06-2017 11:09,ATHIPALAYAM ROADCHINNAVEDAMPATTYCOIMBATORE
7,400,90110,142,280000003,10,17000021,CU1EMP,900070,1,1.00E-06,45,900,45,900,225,4,900,222,ADD058951,AGG0144,03-05-2017 09:14,"EIC,SINGANALLURCOIMBATORE "
8,400,90110,142,900000021,20,17000026,CU1P00675,900065,1,1.00E-06,88.33,1460,88.33,1460,1,1460,1460,216,ADD011345,AGG0150,05-05-2017 09:17,H O 97 BILAL NAGARKARUMBUKKADAICOIMBATORE
9,400,90110,142,900000034,10,17000040,CU1P00675,900065,1,1.00E-06,334.87,5535,334.87,5535,2.25,2460,5535,216,ADD011345,AGG0150,25-05-2017 07:27,H O 97 BILAL NAGARKARUMBUKKADAICOIMBATORE
10,400,90110,142,900000066,10,17001001,CU1A03177,900065,1,1.00E-06,242.31,4005,242.31,4005,2.25,1780,4005,216,ADD025211,GSTAG52,10-07-2017 06:34,"S2/A,11 PRIVATE INDUSTRIAL ESTATEKURICHYCOIMBATORE-641021"
11,400,90110,142,900000084,10,17001018,CU1P00675,900065,1,1.00E-06,268.16,4432.5,268.16,4432.5,2.25,1970,4432.5,216,DLC012727,GSTAG52,31-07-2017 11:18,"D.NO.48/4,SUBRAMANIAN KOVIL,GANDHIJI ROAD,KURICHY,COIMBATORE-24"
12,400,90110,142,900000103,10,17001038,CU1P00675,900065,1,1.00E-06,262.72,4342.5,262.72,4342.5,2.25,1930,4342.5,216,DLC012727,GSTAG52,16-08-2017 11:16,"D.NO.48/4,SUBRAMANIAN KOVIL,GANDHIJI ROAD,KURICHY,COIMBATORE-24"
13,400,90110,142,900000107,10,17001040,CU1EMP,900070,1,1.00E-06,81,450,81,450,225,2,450,216,ADD000037,GSTAG14,22-08-2017 07:17,ELGI EQUIPMENT S LIMITEDEIC-SINGANALLURCOIMBATORE- 641 005.
14,400,90110,142,900000067,10,17001002,CU1K01648,900009,1,1.00E-06,19918.92,103852.5,19918.92,103852.5,15.25,6810,103852.5,216,ADD026193,GSTAG54,11-07-2017 07:01,"7,AEC NAGAR,RAJIV GANDHI ROADGANAPATHYCOIMBATORE - 641006"
15,400,90110,142,900000077,20,17001012,CU1P00675,900065,1,1.00E-06,87.12,1440,87.12,1440,1,1440,1440,216,ADD011345,GSTAG52,24-07-2017 10:01,H O 97 BILAL NAGARKARUMBUKKADAICOIMBATORE
16,400,90110,142,900000085,10,17001019,CU1P00675,900065,1,1.00E-06,194.66,3217.5,194.66,3217.5,2.25,1430,3217.5,216,DLC012727,GSTAG52,01-08-2017 09:37,"D.NO.48/4,SUBRAMANIAN KOVIL,GANDHIJI ROAD,KURICHY,COIMBATORE-24"
17,400,90110,142,900000085,20,17001019,CU1P00675,900065,1,1.00E-06,131.29,2170,131.29,2170,1,2170,2170,216,DLC012727,GSTAG52,01-08-2017 09:37,"D.NO.48/4,SUBRAMANIAN KOVIL,GANDHIJI ROAD,KURICHY,COIMBATORE-24"
18,400,90110,142,900000090,10,17001025,CU1EMP,900070,1,1.00E-06,81,450,81,450,225,2,450,216,ADD000037,GSTAG14,09-08-2017 04:36,ELGI EQUIPMENT S LIMITEDEIC-SINGANALLURCOIMBATORE- 641 005.
19,400,90110,142,900000094,10,17001029,CU1K01648,900009,1,1.00E-06,28342.78,147772.5,28342.78,147772.5,15.25,9690,147772.5,216,ADD026193,GSTAG54,10-08-2017 09:44,"7,AEC NAGAR,RAJIV GANDHI ROADGANAPATHYCOIMBATORE - 641006"
20,400,90110,142,900000100,10,17001035,CU1P00675,900065,1,1.00E-06,334.88,5535,334.88,5535,2.25,2460,5535,216,ADD011345,GSTAG52,14-08-2017 11:51,H O 97 BILAL NAGARKARUMBUKKADAICOIMBATORE
21,400,90110,142,900000117,10,17001050,CU1K01648,900009,1,1.00E-06,25885.82,134962.5,25885.82,134962.5,15.25,8850,134962.5,216,ADD026193,GSTAG54,01-09-2017 10:01,"7,AEC NAGAR,RAJIV GANDHI ROADGANAPATHYCOIMBATORE - 641006"
22,400,90110,142,900000140,10,17001073,CUSM00010,900065,1,1.00E-06,366.17,6052.5,366.17,6052.5,2.25,2690,6052.5,216,ADD060293,GSTAG52,26-09-2017 11:18,"OPP-SUBRAMANI KOIL,GANDHIJI ROAD, KURICHY,SUNDHARAPURAMCOIMBATORE "
23,400,90110,142,900000152,10,17001085,CUSS00051,900065,1,1.00E-06,362.1,5985,362.1,5985,2.25,2660,5985,216,ADD060584,GSTAG52,12-10-2017 08:20,"KURICHY,SUNDHARAPURAM,COIMBATORE "
24,400,90110,142,900000132,10,17001065,CU1EMP,900070,1,1.00E-06,40.5,225,40.5,225,225,1,225,216,ADD000037,GSTAG14,15-09-2017 08:23,ELGI EQUIPMENT S LIMITEDEIC-SINGANALLURCOIMBATORE- 641 005.
25,400,90110,142,900000145,10,17001078,CU1C00683,900021,1,1.00E-06,4050.82,21120,4050.82,21120,120,176,21120,216,ADD002919,GSTAG54,04-10-2017 10:27,KARUMBUKADAICOIMBATRORE 
26,400,90110,142,900000147,20,17001080,CUSM00010,900065,1,1.00E-06,94.38,1560,94.38,1560,1,1560,1560,216,ADD060293,GSTAG52,04-10-2017 10:49,"OPP-SUBRAMANI KOIL,GANDHIJI ROAD, KURICHY,SUNDHARAPURAMCOIMBATORE "
27,400,90110,142,900000148,10,17001081,CU1A03177,900065,1,1.00E-06,182.42,3015,182.42,3015,2.25,1340,3015,216,ADD025211,GSTAG52,05-10-2017 07:15,"S2/A,11 PRIVATE INDUSTRIAL ESTATEKURICHYCOIMBATORE-641021"
28,400,90110,142,900000159,20,17001092,CUSS00051,900065,1,1.00E-06,77.44,1280,77.44,1280,1,1280,1280,216,ADD060584,GSTAG52,24-10-2017 06:45,"KURICHY,SUNDHARAPURAM,COIMBATORE "
29,400,90110,142,900000161,20,17001094,CUSS00051,900065,1,1.00E-06,64.13,1060,64.13,1060,1,1060,1060,216,ADD060584,GSTAG52,26-10-2017 08:18,"KURICHY,SUNDHARAPURAM,COIMBATORE "
30,400,90110,142,900000166,10,17001099,CUSS00051,900065,1,1.00E-06,319.9,5287.5,319.9,5287.5,2.25,2350,5287.5,216,ADD060584,GSTAG52,02-11-2017 08:14,"KURICHY,SUNDHARAPURAM,COIMBATORE "
31,400,90110,142,900000171,30,17001104,CU1G01600,900070,1,1.00E-06,3498.43,18240,3498.43,18240,380,48,18240,216,ADD035218,GSTAG54,08-11-2017 05:06,"SRI BALAJI NAGAR,NEAR NABI NAGARCHETTIPALAYAM ROAD, PODANURCOIMBATORE"
32,400,90110,142,900000186,10,17001119,CU1P00675,900065,1,1.00E-06,344.39,5692.5,344.39,5692.5,2.25,2530,5692.5,216,DLC012727,GSTAG52,22-11-2017 11:30,"D.NO.48/4,SUBRAMANIAN KOVIL,GANDHIJI ROAD,KURICHY,COIMBATORE-24"
33,400,90110,142,900000167,10,17001100,CU1K02010,900072,1,1.00E-06,886.69,4623,886.69,4623,924.6,5,4623,216,ADD031226,GSTAG54,03-11-2017 04:39, COIMBATORE 
34,400,90110,142,900000181,20,17001114,CU1P00675,900065,1,1.00E-06,98.62,1630,98.62,1630,1,1630,1630,216,DLC012727,GSTAG52,16-11-2017 08:54,"D.NO.48/4,SUBRAMANIAN KOVIL,GANDHIJI ROAD,KURICHY,COIMBATORE-24"
35,400,90110,142,900000188,10,17001121,CU1C00683,900031,1,1.00E-06,8069.99,42075,8069.99,42075,4207.5,10,42075,216,ADD002919,GSTAG54,24-11-2017 08:49,KARUMBUKADAICOIMBATRORE 
36,400,90110,142,900000191,20,17001122,CU1P00675,900065,1,1.00E-06,60.5,1000,60.5,1000,1,1000,1000,216,DLC012727,GSTAG52,28-11-2017 08:45,"D.NO.48/4,SUBRAMANIAN KOVIL,GANDHIJI ROAD,KURICHY,COIMBATORE-24"
37,400,90110,142,900000196,20,17001127,CU1P00675,900070,1,1.00E-06,655.96,3420,655.96,3420,380,9,3420,216,DLC012727,GSTAG54,01-12-2017 07:01,"D.NO.48/4,SUBRAMANIAN KOVIL,GANDHIJI ROAD,KURICHY,COIMBATORE-24"
38,400,90110,142,900000204,10,17001135,CU1EMP,900070,1,1.00E-06,81,450,81,450,225,2,450,216,ADD000037,GSTAG14,06-12-2017 04:48,ELGI EQUIPMENT S LIMITEDEIC-SINGANALLURCOIMBATORE- 641 005.
39,400,90110,142,900000209,10,17001140,CU1K01648,900007,1,1.00E-06,10621.88,55380,10621.88,55380,13,4260,55380,216,ADD026193,GSTAG54,12-12-2017 08:23,"7,AEC NAGAR,RAJIV GANDHI ROADGANAPATHYCOIMBATORE - 641006"
40,400,90110,142,900000211,10,17001142,CUSM00010,900065,1,1.00E-06,338.95,5602.5,338.95,5602.5,2.25,2490,5602.5,216,ADD060293,GSTAG52,15-12-2017 08:30,"OPP-SUBRAMANI KOIL,GANDHIJI ROAD, KURICHY,SUNDHARAPURAMCOIMBATORE "
41,400,90110,142,900000211,20,17001142,CUSM00010,900065,1,1.00E-06,94.38,1560,94.38,1560,1,1560,1560,216,ADD060293,GSTAG52,15-12-2017 08:30,"OPP-SUBRAMANI KOIL,GANDHIJI ROAD, KURICHY,SUNDHARAPURAMCOIMBATORE "
42,400,90110,142,900000216,20,17001147,CU1I00192,900013,1,1.00E-06,4287.69,22355,4287.69,22355,85,263,22355,216,ADD005625,GSTAG54,27-12-2017 09:19,ATHIPALAYAM ROADCHINNAVEDAMPATTYCOIMBATORE
43,400,90110,142,900000218,10,17001149,CU1K01648,900007,1,1.00E-06,5410.68,28210,5410.68,28210,13,2170,28210,216,ADD026193,GSTAG54,27-12-2017 09:36,"7,AEC NAGAR,RAJIV GANDHI ROADGANAPATHYCOIMBATORE - 641006"
44,400,90110,142,900000224,10,17001155,CUSM00010,900065,1,1.00E-06,367.55,6075,367.55,6075,2.25,2700,6075,216,ADD060293,GSTAG52,04-01-2018 08:22,"OPP-SUBRAMANI KOIL,GANDHIJI ROAD, KURICHY,SUNDHARAPURAMCOIMBATORE "
45,400,90110,142,900000227,10,17001158,CUSM00010,900065,1,1.00E-06,337.59,5580,337.59,5580,2.25,2480,5580,216,ADD060293,GSTAG52,09-01-2018 10:50,"OPP-SUBRAMANI KOIL,GANDHIJI ROAD, KURICHY,SUNDHARAPURAMCOIMBATORE "
46,400,90110,142,900000231,10,17001162,CUSS00051,900065,1,1.00E-06,411.11,6795,411.11,6795,2.25,3020,6795,216,ADD060584,GSTAG52,15-01-2018 08:36,"KURICHY,SUNDHARAPURAM,COIMBATORE "
47,400,90110,142,900000212,10,17001143,CUSM00010,900065,1,1.00E-06,300.83,4972.5,300.83,4972.5,2.25,2210,4972.5,216,ADD060293,GSTAG52,18-12-2017 11:20,"OPP-SUBRAMANI KOIL,GANDHIJI ROAD, KURICHY,SUNDHARAPURAMCOIMBATORE "
48,400,90110,142,900000233,10,17001164,CUSB00023,900052,1,1.00E-06,506.35,2640,506.35,2640,240,11,2640,216,ADD061382,GSTAG54,16-01-2018 08:21,"CHETTIPALAYAM ROAD,EACHANARI(PO) COIMBATORE- "
49,400,90110,142,900000245,20,17001176,CUSS00051,900065,1,1.00E-06,91.18,1507,91.18,1507,1.1,1370,1507,216,ADD060584,GSTAG52,07-02-2018 08:33,"KURICHY,SUNDHARAPURAM,COIMBATORE "
50,400,90110,142,900000246,10,17001177,CUSB00023,900052,1,1.00E-06,1703.18,8880,1703.18,8880,240,37,8880,216,ADD061382,GSTAG54,07-02-2018 08:44,"CHETTIPALAYAM ROAD,EACHANARI(PO) COIMBATORE- "
51,400,90110,142,900000247,20,17001178,CU1I00192,900013,1,1.00E-06,11600.06,60480,11600.06,60480,80,756,60480,216,ADD005625,GSTAG54,07-02-2018 09:14,ATHIPALAYAM ROADCHINNAVEDAMPATTYCOIMBATORE
52,400,90110,142,900000256,10,17001187,CU1G01600,900083,1,1.00E-06,586.25,9690,586.25,9690,17,570,9690,216,ADD035218,GSTAG52,15-02-2018 06:12,"SRI BALAJI NAGAR,NEAR NABI NAGARCHETTIPALAYAM ROAD, PODANURCOIMBATORE"
53,400,90110,142,900000257,10,17001188,CU1P00675,900065,1,1.00E-06,247.39,4089,247.39,4089,2.35,1740,4089,216,ADD011345,GSTAG52,15-02-2018 11:21,H O 97 BILAL NAGARKARUMBUKKADAICOIMBATORE
54,400,90110,142,900000262,10,17001193,CU1K01648,900007,1,1.00E-06,10792.59,56270,10792.59,56270,17,3310,56270,216,ADD026193,GSTAG54,21-02-2018 09:24,"7,AEC NAGAR,RAJIV GANDHI ROADGANAPATHYCOIMBATORE - 641006"
55,400,90110,142,900000265,10,17001196,CU1EMP,900070,1,1.00E-06,40.5,225,40.5,225,225,1,225,216,ADD000037,GSTAG14,23-02-2018 09:51,ELGI EQUIPMENT S LIMITEDEIC-SINGANALLURCOIMBATORE- 641 005.
56,400,90110,142,900000270,10,17001201,CUSB00023,900052,1,1.00E-06,1380.96,7200,1380.96,7200,240,30,7200,216,ADD061382,GSTAG54,05-03-2018 09:14,"CHETTIPALAYAM ROAD,EACHANARI(PO) COIMBATORE- "
57,400,90110,142,900000235,20,17001166,CUSS00051,900065,1,1.00E-06,70.18,1160,70.18,1160,1,1160,1160,216,ADD060584,GSTAG52,18-01-2018 09:38,"KURICHY,SUNDHARAPURAM,COIMBATORE "
58,400,90110,142,900000236,10,17001167,CU1EMP,900070,1,1.00E-06,121.5,675,121.5,675,225,3,675,216,ADD000037,GSTAG14,18-01-2018 09:44,ELGI EQUIPMENT S LIMITEDEIC-SINGANALLURCOIMBATORE- 641 005.
59,400,90110,142,900000237,10,17001168,CUSS00051,900065,1,1.00E-06,306.28,5062.5,306.28,5062.5,2.25,2250,5062.5,216,ADD060584,GSTAG52,22-01-2018 08:13,"KURICHY,SUNDHARAPURAM,COIMBATORE "
60,400,90110,142,900000264,10,17001195,CU1P00675,900065,1,1.00E-06,531.74,8789,531.74,8789,2.35,3740,8789,216,ADD011345,GSTAG52,22-02-2018 08:58,H O 97 BILAL NAGARKARUMBUKKADAICOIMBATORE
61,400,90110,142,900000281,10,17001211,CUSN00034,900065,1,1.00E-06,338.39,5593,338.39,5593,2.35,2380,5593,216,ADD062201,GSTAG52,09-03-2018 11:24,MALUMACHAMPATTICOIMBATORE 
62,400,90110,142,900000283,10,17001213,CUSN00034,900065,1,1.00E-06,278.66,4606,278.66,4606,2.35,1960,4606,216,ADD062201,GSTAG52,13-03-2018 08:57,MALUMACHAMPATTICOIMBATORE 
63,400,90110,142,900000287,20,17001217,CUSN00034,900065,1,1.00E-06,212.3,3509,212.3,3509,1.1,3190,3509,216,ADD062201,GSTAG52,15-03-2018 08:22,MALUMACHAMPATTICOIMBATORE 
64,400,90110,142,900000293,10,17001223,CUSN00034,900065,1,1.00E-06,437.9,7238,437.9,7238,2.35,3080,7238,216,ADD062201,GSTAG52,21-03-2018 10:51,MALUMACHAMPATTICOIMBATORE 
65,400,90110,142,900000293,20,17001223,CUSN00034,900065,1,1.00E-06,61.23,1012,61.23,1012,1.1,920,1012,216,ADD062201,GSTAG52,21-03-2018 10:51,MALUMACHAMPATTICOIMBATORE 
66,400,90110,142,900000299,10,17001229,CU1C00683,900013,1,1.00E-06,27880.05,145360,27880.05,145360,80,1817,145360,216,ADD002919,GSTAG54,27-03-2018 11:43,KARUMBUKADAICOIMBATRORE 
67,400,90110,142,900000301,10,17001231,CU1G01600,900083,1,1.00E-06,359.98,5950,359.98,5950,17,350,5950,216,ADD035218,GSTAG52,29-03-2018 07:02,"SRI BALAJI NAGAR,NEAR NABI NAGARCHETTIPALAYAM ROAD, PODANURCOIMBATORE"
68,400,90110,142,900000315,10,18000010,CU1K01648,900007,1,1.00E-06,13075.01,68170,13075.01,68170,17,4010,68170,216,ADD026193,GSTAG54,11-04-2018 11:46,"7,AEC NAGAR,RAJIV GANDHI ROADGANAPATHYCOIMBATORE - 641006"
69,400,90110,142,900000303,10,17001233,CU1R00495,900062,1,1.00E-06,1489.66,24622.5,1489.66,24622.5,12.25,2010,24622.5,216,ADD012904,GSTAG52,30-03-2018 08:16,KAVUNDAMPALAYAMCOIMBATORE 
70,400,90110,142,900000329,20,18000024,CUSN00034,900065,1,1.00E-06,95.18,1573,95.18,1573,1.1,1430,1573,216,ADD062201,GSTAG52,27-04-2018 11:34,MALUMACHAMPATTICOIMBATORE 
71,400,90110,142,900000334,20,18000029,CUSN00034,900065,1,1.00E-06,82.52,1364,82.52,1364,1.1,1240,1364,216,ADD062201,GSTAG52,07-05-2018 10:08,MALUMACHAMPATTICOIMBATORE 
72,400,90110,142,900000372,10,18000067,CU1K01648,900009,1,1.00E-06,36793.95,191835,36793.95,191835,24.5,7830,191835,216,ADD026193,GSTAG54,08-06-2018 10:36,"7,AEC NAGAR,RAJIV GANDHI ROADGANAPATHYCOIMBATORE - 641006"
73,400,90110,142,900000345,20,18000040,CUSN00034,900065,1,1.00E-06,113.14,1870,113.14,1870,1.1,1700,1870,216,ADD062201,GSTAG52,16-05-2018 09:31,MALUMACHAMPATTICOIMBATORE 
74,400,90110,142,900000354,30,18000049,CU1K01648,900010,1,1.00E-06,24934,130000,24934,130000,26,5000,130000,216,ADD026193,GSTAG54,23-05-2018 09:53,"7,AEC NAGAR,RAJIV GANDHI ROADGANAPATHYCOIMBATORE - 641006"
75,400,90110,142,900000356,20,18000051,CUSN00034,900065,1,1.00E-06,125.11,2068,125.11,2068,1.1,1880,2068,216,ADD062201,GSTAG52,25-05-2018 09:11,MALUMACHAMPATTICOIMBATORE 
76,400,90110,142,900000359,10,18000054,CU1C00683,900013,1,1.00E-06,3141.68,16380,3141.68,16380,90,182,16380,216,ADD002919,GSTAG54,29-05-2018 11:24,KARUMBUKADAICOIMBATRORE 
77,400,90110,142,900000359,20,18000054,CU1C00683,900013,1,1.00E-06,25440.35,132640,25440.35,132640,80,1658,132640,216,ADD002919,GSTAG54,29-05-2018 11:24,KARUMBUKADAICOIMBATRORE 
78,400,90110,142,900000360,20,18000055,CUSN00034,900065,1,1.00E-06,116.47,1925,116.47,1925,1.1,1750,1925,216,ADD062201,GSTAG52,30-05-2018 09:03,MALUMACHAMPATTICOIMBATORE 
79,400,90110,142,900000363,20,18000058,CUSN00034,900065,1,1.00E-06,120.47,1991,120.47,1991,1.1,1810,1991,216,ADD062201,GSTAG52,31-05-2018 08:57,MALUMACHAMPATTICOIMBATORE 
80,400,90110,142,900000370,10,18000065,CUSN00034,900065,1,1.00E-06,432.21,7144,432.21,7144,2.35,3040,7144,216,ADD062201,GSTAG52,07-06-2018 09:10,MALUMACHAMPATTICOIMBATORE 
81,400,90110,142,900000385,10,18000080,CUSS00162,900062,1,1.00E-06,302.5,5000,302.5,5000,4,1250,5000,216,ADD062405,GSTAG52,26-06-2018 10:19,"MADURAI VEERAN KOVILKALLAPPALAYAM(PO), COIMBATORE "
82,400,90110,142,900000386,20,18000081,CUSN00034,900065,1,1.00E-06,89.85,1485,89.85,1485,1.1,1350,1485,216,ADD062201,GSTAG52,28-06-2018 08:39,MALUMACHAMPATTICOIMBATORE 
83,400,90110,142,900000391,10,18000086,CU1K01648,900007,1,1.00E-06,18486.64,96385,18486.64,96385,18.5,5210,96385,216,ADD026193,GSTAG54,02-07-2018 09:54,"7,AEC NAGAR,RAJIV GANDHI ROADGANAPATHYCOIMBATORE - 641006"
84,400,90110,142,900000395,10,18000090,CUSN00034,900065,1,1.00E-06,453.53,7496.5,453.53,7496.5,2.35,3190,7496.5,216,ADD062201,GSTAG52,04-07-2018 11:04,MALUMACHAMPATTICOIMBATORE 
85,400,90110,142,900000408,10,18000103,CU1C00683,900031,1,1.00E-06,8631,45000,8631,45000,45000,1,45000,216,ADD002919,GSTAG54,17-07-2018 10:57,KARUMBUKADAICOIMBATRORE 
86,400,90110,142,900000408,20,18000103,CU1C00683,900031,1,1.00E-06,863.1,4500,863.1,4500,2250,2,4500,216,ADD002919,GSTAG54,17-07-2018 10:57,KARUMBUKADAICOIMBATRORE 
87,400,90110,142,900000412,10,18000107,CUSB00023,900052,1,1.00E-06,1657.15,8640,1657.15,8640,240,36,8640,216,ADD061382,GSTAG54,19-07-2018 04:39,"CHETTIPALAYAM ROAD,EACHANARI(PO) COIMBATORE- "
88,400,90110,142,900000399,20,18000094,CUSN00034,900065,1,1.00E-06,68.56,1133,68.56,1133,1.1,1030,1133,216,ADD062201,GSTAG52,10-07-2018 10:17,MALUMACHAMPATTICOIMBATORE 
89,400,90110,142,900000415,20,18000110,CUSN00034,900065,1,1.00E-06,85.86,1419,85.86,1419,1.1,1290,1419,216,ADD062201,GSTAG52,20-07-2018 07:33,MALUMACHAMPATTICOIMBATORE 
90,400,90110,142,900000417,20,18000112,CUSN00034,900065,1,1.00E-06,91.18,1507,91.18,1507,1.1,1370,1507,216,ADD062201,GSTAG52,24-07-2018 08:29,MALUMACHAMPATTICOIMBATORE 
91,400,90110,142,900000425,10,18000120,CUSN00034,900065,1,1.00E-06,382.46,6321.5,382.46,6321.5,2.35,2690,6321.5,216,ADD062201,GSTAG52,03-08-2018 08:39,MALUMACHAMPATTICOIMBATORE 
92,400,90110,142,900000451,30,18000146,CUSB00023,900070,1,1.00E-06,3210.73,16740,3210.73,16740,310,54,16740,216,ADD061382,GSTAG54,06-09-2018 05:34,"CHETTIPALAYAM ROAD,EACHANARI(PO) COIMBATORE- "
93,400,90110,142,900000431,10,18000126,CUSS00162,900062,1,1.00E-06,302.5,5000,302.5,5000,4,1250,5000,216,ADD062405,GSTAG52,14-08-2018 11:08,"MADURAI VEERAN KOVILKALLAPPALAYAM(PO), COIMBATORE "
94,400,90110,142,900000448,10,18000143,CU1EMP,900070,1,1.00E-06,81,450,81,450,225,2,450,216,ADD000037,GSTAG14,31-08-2018 10:40,ELGI EQUIPMENT S LIMITEDEIC-SINGANALLURCOIMBATORE- 641 005.
95,400,90110,142,900000473,20,18000168,CUSN00034,900065,1,1.00E-06,98.49,1628,98.49,1628,1.1,1480,1628,216,ADD062201,GSTAG52,26-09-2018 09:28,MALUMACHAMPATTICOIMBATORE 
96,400,90110,142,900000506,10,18000200,CU1K01648,900007,1,1.00E-06,9820.16,51200,9820.16,51200,16,3200,51200,216,ADD026193,GSTAG54,01-11-2018 10:15,"7,AEC NAGAR,RAJIV GANDHI ROADGANAPATHYCOIMBATORE - 641006"
97,400,90110,142,900000506,20,18000200,CU1K01648,900009,1,1.00E-06,17050.55,88897.5,17050.55,88897.5,20.25,4390,88897.5,216,ADD026193,GSTAG54,01-11-2018 10:15,"7,AEC NAGAR,RAJIV GANDHI ROADGANAPATHYCOIMBATORE - 641006"
98,400,90110,142,900000481,20,18000176,CUSN00034,900065,1,1.00E-06,88.52,1463,88.52,1463,1.1,1330,1463,216,ADD062201,GSTAG52,05-10-2018 12:29,MALUMACHAMPATTICOIMBATORE 
99,400,90110,142,900000490,20,18000184,CUSN00034,900065,1,1.00E-06,57.91,957,57.91,957,1.1,870,957,216,ADD062201,GSTAG52,15-10-2018 10:47,MALUMACHAMPATTICOIMBATORE 
100,400,90110,142,900000493,30,18000187,CUSB00023,900070,1,1.00E-06,2794.53,14570,2794.53,14570,310,47,14570,216,ADD061382,GSTAG54,17-10-2018 06:42,"CHETTIPALAYAM ROAD,EACHANARI(PO) COIMBATORE- "
101,400,90110,142,900000541,10,18000235,CU1R00495,900062,1,1.00E-06,574.15,9490,574.15,9490,13,730,9490,216,ADD012904,GSTAG52,05-12-2018 04:27,KAVUNDAMPALAYAMCOIMBATORE 
102,400,90110,142,900000513,20,18000207,CUSN00034,900065,1,1.00E-06,79.2,1309,79.2,1309,1.1,1190,1309,216,ADD062201,GSTAG52,13-11-2018 09:45,MALUMACHAMPATTICOIMBATORE 
103,400,90110,142,900000519,20,18000213,CUSN00034,900065,1,1.00E-06,147.74,2442,147.74,2442,1.1,2220,2442,216,ADD062201,GSTAG52,19-11-2018 11:02,MALUMACHAMPATTICOIMBATORE 
104,400,90110,142,900000522,20,18000216,CU1K01648,900009,1,1.00E-06,35188.59,183465,35188.59,183465,20.25,9060,183465,216,ADD026193,GSTAG54,22-11-2018 11:03,"7,AEC NAGAR,RAJIV GANDHI ROADGANAPATHYCOIMBATORE - 641006"
105,400,90110,142,900000527,10,18000221,CU1C00683,900032,1,1.00E-06,10540.8,36000,10540.8,36000,36000,1,36000,216,ADD002919,GSTAG55,28-11-2018 04:04,KARUMBUKADAICOIMBATRORE 
106,400,90110,142,900000530,10,18000224,CU1G01600,900083,1,1.00E-06,123.42,2040,123.42,2040,17,120,2040,216,ADD035218,GSTAG52,29-11-2018 06:22,"SRI BALAJI NAGAR,NEAR NABI NAGARCHETTIPALAYAM ROAD, PODANURCOIMBATORE"
107,400,90110,142,900000533,10,18000227,CU1EMP,900082,1,1.00E-06,900,5000,900,5000,5000,1,5000,216,ADD000037,GSTAG18,29-11-2018 11:34,ELGI EQUIPMENT S LIMITEDEIC-SINGANALLURCOIMBATORE- 641 005.
108,400,90110,142,900000539,20,18000233,CUSN00034,900065,1,1.00E-06,72.55,1199,72.55,1199,1.1,1090,1199,216,ADD062201,GSTAG52,04-12-2018 08:40,MALUMACHAMPATTICOIMBATORE 
109,400,90110,142,900000553,10,18000247,CU1EMP,900070,1,1.00E-06,81,450,81,450,225,2,450,216,ADD000037,GSTAG14,21-12-2018 11:57,ELGI EQUIPMENT S LIMITEDEIC-SINGANALLURCOIMBATORE- 641 005.
110,400,90110,142,900000563,50,18000257,CU1C00683,900084,1,1.00E-06,3143.13,16387.56,3143.13,16387.56,37.16,441,16387.56,216,ADD002919,GSTAG54,29-12-2018 12:09,KARUMBUKADAICOIMBATRORE 
111,400,90110,142,900000573,10,18000267,CU1C00683,900007,1,1.00E-06,5755.15,30006,5755.15,30006,18,1667,30006,216,ADD002919,GSTAG54,09-01-2019 10:15,KARUMBUKADAICOIMBATRORE 
112,400,90110,142,900000588,10,18000281,CUSS00162,900062,1,1.00E-06,302.5,5000,302.5,5000,4,1250,5000,216,ADD062405,GSTAG52,29-01-2019 09:54,"MADURAI VEERAN KOVILKALLAPPALAYAM(PO), COIMBATORE "
113,400,90110,142,900000591,10,18000283,CUSN00034,900065,1,1.00E-06,385.29,6368.5,385.29,6368.5,2.35,2710,6368.5,216,ADD062201,GSTAG52,31-01-2019 10:10,MALUMACHAMPATTICOIMBATORE 
114,400,90110,142,900000591,20,18000283,CUSN00034,900065,1,1.00E-06,96.51,1595,96.51,1595,1.1,1450,1595,216,ADD062201,GSTAG52,31-01-2019 10:10,MALUMACHAMPATTICOIMBATORE 
115,400,90110,142,900000556,10,18000250,CU1K01648,900009,1,1.00E-06,15622.11,81450,15622.11,81450,22.5,3620,81450,216,ADD026193,GSTAG54,27-12-2018 11:22,"7,AEC NAGAR,RAJIV GANDHI ROADGANAPATHYCOIMBATORE - 641006"
116,400,90110,142,900000561,20,18000255,CU1K01648,900009,1,1.00E-06,10788.75,56250,10788.75,56250,22.5,2500,56250,216,ADD026193,GSTAG54,28-12-2018 12:38,"7,AEC NAGAR,RAJIV GANDHI ROADGANAPATHYCOIMBATORE - 641006"
117,400,90110,142,900000575,20,18000269,CUSN00034,900065,1,1.00E-06,137.09,2266,137.09,2266,1.1,2060,2266,216,ADD062201,GSTAG52,17-01-2019 09:15,MALUMACHAMPATTICOIMBATORE 
118,400,90110,142,900000579,10,18000273,CUSN00034,900065,1,1.00E-06,335.53,5546,335.53,5546,2.35,2360,5546,216,ADD062201,GSTAG52,22-01-2019 09:27,MALUMACHAMPATTICOIMBATORE 
119,400,90110,142,900000579,20,18000273,CUSN00034,900065,1,1.00E-06,125.79,2079,125.79,2079,1.1,1890,2079,216,ADD062201,GSTAG52,22-01-2019 09:27,MALUMACHAMPATTICOIMBATORE 
120,400,90110,142,900000581,20,18000274,CUSN00034,900065,1,1.00E-06,103.82,1716,103.82,1716,1.1,1560,1716,216,ADD062201,GSTAG52,25-01-2019 08:35,MALUMACHAMPATTICOIMBATORE 
121,400,90110,142,900000606,10,18000298,CU1R00495,900062,1,1.00E-06,401.12,6630,401.12,6630,13,510,6630,216,ADD012904,GSTAG52,11-02-2019 08:49,KAVUNDAMPALAYAMCOIMBATORE 
122,400,90110,142,900000610,10,18000302,CUSB00023,900052,1,1.00E-06,959,5000,959,5000,250,20,5000,216,ADD061382,GSTAG54,11-02-2019 10:16,"CHETTIPALAYAM ROAD,EACHANARI(PO) COIMBATORE- "
123,400,90110,142,900000875,10,19000211,CRB000037,900083,1,1.00E-06,160.33,2650,160.33,2650,5,530,2650,216,ADD067517,GSTAG52,30-10-2019 06:03,"NO.20,NAZZ THEATRE ROADCOIMBATORE "
124,400,90110,142,900000989,10,19000324,CUSS00162,900062,1,1.00E-06,121,2000,121,2000,2.5,800,2000,216,ADD062405,GSTAG52,04-02-2020 11:17,"MADURAI VEERAN KOVILKALLAPPALAYAM(PO), COIMBATORE "
125,400,90110,142,900000676,10,19000019,CRB000037,900083,1,1.00E-06,102.85,1700,102.85,1700,5,340,1700,216,ADD067517,GSTAG52,19-04-2019 11:39,"NO.20,NAZZ THEATRE ROADCOIMBATORE "
126,400,90110,142,900000615,10,18000307,CUSN00034,900065,1,1.00E-06,270.14,4465,270.14,4465,2.35,1900,4465,216,ADD062201,GSTAG52,15-02-2019 08:59,MALUMACHAMPATTICOIMBATORE 
127,400,AO0400,112,180000032,10,18000031,CRA000276,,1,1.00E-06,234463.32,1302574,234463.32,1302574,0,0,1302574, ,ADD025211,GSTMUL3,,"S2/A,11 PRIVATE INDUSTRIAL ESTATEKURICHYCOIMBATORE-641021"
128,400,AO0400,112,180000035,10,18000034,CRA000276,,1,1.00E-06,19935,110750,19935,110750,0,0,110750, ,ADD025211,GSTMUL3,,"S2/A,11 PRIVATE INDUSTRIAL ESTATEKURICHYCOIMBATORE-641021"
129,400,90110,142,900000817,10,19000158,CU1K01648,900009,1,1.00E-06,26612.25,138750,26612.25,138750,18.5,7500,138750,216,ADD026193,GSTAG54,29-08-2019 11:06,"7,AEC NAGAR,RAJIV GANDHI ROADGANAPATHYCOIMBATORE - 641006"
130,400,90110,142,900000997,20,19000332,CU1P00675,900065,1,1.00E-06,137.65,2275,137.65,2275,1.3,1750,2275,216,DLC012727,GSTAG52,14-02-2020 08:56,"D.NO.48/4,SUBRAMANIAN KOVIL,GANDHIJI ROAD,KURICHY,COIMBATORE-24"
131,400,90110,142,900000731,20,19000073,CU1P00675,900065,1,1.00E-06,162.02,2678,162.02,2678,1.3,2060,2678,216,DLC012727,GSTAG52,11-06-2019 09:30,"D.NO.48/4,SUBRAMANIAN KOVIL,GANDHIJI ROAD,KURICHY,COIMBATORE-24"
132,400,90110,142,900001001,20,19000336,CU1P00675,900065,1,1.00E-06,133.71,2210,133.71,2210,1.3,1700,2210,216,DLC012727,GSTAG52,18-02-2020 11:16,"D.NO.48/4,SUBRAMANIAN KOVIL,GANDHIJI ROAD,KURICHY,COIMBATORE-24"
133,400,90110,142,900000740,10,19000082,CU1P00675,900065,1,1.00E-06,375.1,6200,375.1,6200,2.5,2480,6200,216,DLC012727,GSTAG52,20-06-2019 09:22,"D.NO.48/4,SUBRAMANIAN KOVIL,GANDHIJI ROAD,KURICHY,COIMBATORE-24"
134,400,90110,142,900000659,10,19000002,CU1EMP,900070,1,1.00E-06,162,900,162,900,225,4,900,216,ADD000037,GSTAG14,02-04-2019 09:28,ELGI EQUIPMENT S LIMITEDEIC-SINGANALLURCOIMBATORE- 641 005.
135,400,AO0400,112,190000098,10,19000114,CRE000019,,1,1.00E-06,36071.46,200397,36071.46,200397,200397,1,200397, ,ADD027204,GSTMUL3,,ELGI INDUSTRIAL COMPLEX IIISINGANALLURCOIMBATOTRE - 641 005
136,400,90110,142,900000662,20,19000005,CUSN00034,900065,1,1.00E-06,84.53,1397,84.53,1397,1.1,1270,1397,216,ADD062201,GSTAG52,05-04-2019 08:41,MALUMACHAMPATTICOIMBATORE 
137,400,90110,142,900000717,10,19000061,CUSN00034,900065,1,1.00E-06,327.01,5405,327.01,5405,2.35,2300,5405,216,ADD062201,GSTAG52,28-05-2019 08:44,MALUMACHAMPATTICOIMBATORE 
138,400,90110,142,900000927,10,19000262,CU1EMP,900082,1,1.00E-06,900,5000,900,5000,5000,1,5000,216,ADD000037,GSTAG14,12-12-2019 12:43,ELGI EQUIPMENT S LIMITEDEIC-SINGANALLURCOIMBATORE- 641 005.
139,400,90110,142,900000982,60,19000317,CUSB00023,900090,1,1.00E-06,168.78,880,168.78,880,10,88,880,216,ADD061382,GSTAG54,31-01-2020 11:22,"CHETTIPALAYAM ROAD,EACHANARI(PO) COIMBATORE- "
140,400,90110,142,900000751,10,19000093,CU1K01648,900100,1,1.00E-06,1342.6,7000,1342.6,7000,70,100,7000,216,ADD026193,GSTAG54,27-06-2019 08:49,"7,AEC NAGAR,RAJIV GANDHI ROADGANAPATHYCOIMBATORE - 641006"
141,400,90110,142,900000822,10,19000162,CU1P00675,900065,1,1.00E-06,403.85,6675,403.85,6675,2.5,2670,6675,216,DLC012727,GSTAG52,03-09-2019 09:31,"D.NO.48/4,SUBRAMANIAN KOVIL,GANDHIJI ROAD,KURICHY,COIMBATORE-24"
142,400,90110,142,900000893,10,19000229,CU1P00675,900065,1,1.00E-06,447.7,7400,447.7,7400,2.5,2960,7400,216,DLC012727,GSTAG52,13-11-2019 09:59,"D.NO.48/4,SUBRAMANIAN KOVIL,GANDHIJI ROAD,KURICHY,COIMBATORE-24"
143,400,90110,178,900000844,10,19000001,CU1P00675,900065,1,1.00E-06,-1323.42,-6900,-1323.42,-6900,2.5,-2760,-6900,RSO,ADD011345,GSTAG54,23-09-2019 12:13,H O 97 BILAL NAGARKARUMBUKKADAICOIMBATORE
144,400,90110,142,900000749,10,19000091,CU1K01648,900100,1,1.00E-06,1342.6,7000,1342.6,7000,70,100,7000,216,ADD026193,GSTAG54,27-06-2019 06:04,"7,AEC NAGAR,RAJIV GANDHI ROADGANAPATHYCOIMBATORE - 641006"
145,400,90110,142,900000936,10,19000271,CU1P00675,900065,1,1.00E-06,412.92,6825,412.92,6825,2.5,2730,6825,216,DLC012727,GSTAG52,19-12-2019 09:02,"D.NO.48/4,SUBRAMANIAN KOVIL,GANDHIJI ROAD,KURICHY,COIMBATORE-24"
146,400,90110,142,900000780,20,19000122,CU1P00675,900065,1,1.00E-06,79.45,1313,79.45,1313,1.3,1010,1313,216,DLC012727,GSTAG52,25-07-2019 09:25,"D.NO.48/4,SUBRAMANIAN KOVIL,GANDHIJI ROAD,KURICHY,COIMBATORE-24"
147,400,AO0400,112,180000056,10,19000097,SRT000017,,1,1.00E-06,506.81,2815.6,506.81,2815.6,0,0,2815.6, ,ADD068128,GSTMUL3,,"MC. NICHOLS ROAD,CHETPETCHENNAI -  600031 "
148,400,AO0400,112,180000059,10,19000100,SRT000017,,1,1.00E-06,1856.74,10315.2,1856.74,10315.2,0,0,10315.2, ,ADD068128,GSTMUL3,,"MC. NICHOLS ROAD,CHETPETCHENNAI -  600031 "
149,400,90110,142,900000977,10,19000312,CUSS00162,900062,1,1.00E-06,121,2000,121,2000,2.5,800,2000,216,ADD062405,GSTAG52,28-01-2020 09:08,"MADURAI VEERAN KOVILKALLAPPALAYAM(PO), COIMBATORE "
150,400,90110,142,900000941,10,19000276,CUSS00162,900062,1,1.00E-06,121,2000,121,2000,2.5,800,2000,216,ADD062405,GSTAG52,24-12-2019 10:45,"MADURAI VEERAN KOVILKALLAPPALAYAM(PO), COIMBATORE "
151,400,90110,142,900000708,20,19000052,CU1K01648,900009,1,1.00E-06,13939.07,72675,13939.07,72675,22.5,3230,72675,216,ADD026193,GSTAG54,15-05-2019 09:09,"7,AEC NAGAR,RAJIV GANDHI ROADGANAPATHYCOIMBATORE - 641006"
152,400,90110,142,900000736,10,19000078,CU1P00675,900065,1,1.00E-06,496.1,8200,496.1,8200,2.5,3280,8200,216,DLC012727,GSTAG52,18-06-2019 09:49,"D.NO.48/4,SUBRAMANIAN KOVIL,GANDHIJI ROAD,KURICHY,COIMBATORE-24"
153,400,AO0400,112,170000002,10,18000006,CU1A03177,,1,1.00E-06,88380,491000,88380,491000,491000,1,491000, ,ADD025211,GSTMUL3,,"S2/A,11 PRIVATE INDUSTRIAL ESTATEKURICHYCOIMBATORE-641021"
154,400,90110,142,900000630,10,18000322,CUSN00034,900065,1,1.00E-06,345.48,5710.5,345.48,5710.5,2.35,2430,5710.5,216,ADD062201,GSTAG52,05-03-2019 07:28,MALUMACHAMPATTICOIMBATORE 
155,400,90110,142,900000637,20,18000329,CU1K01648,900009,1,1.00E-06,18729.27,97650,18729.27,97650,22.5,4340,97650,216,ADD026193,GSTAG54,13-03-2019 08:58,"7,AEC NAGAR,RAJIV GANDHI ROADGANAPATHYCOIMBATORE - 641006"
156,400,90110,142,900000700,10,19000043,CRB000037,900083,1,1.00E-06,287.38,4750,287.38,4750,5,950,4750,216,ADD067517,GSTAG52,10-05-2019 10:45,"NO.20,NAZZ THEATRE ROADCOIMBATORE "
157,400,90110,142,900000842,20,19000180,CU1P00675,900065,1,1.00E-06,299.21,1560,299.21,1560,1.3,1200,1560,216,DLC012727,GSTAG54,23-09-2019 07:34,"D.NO.48/4,SUBRAMANIAN KOVIL,GANDHIJI ROAD,KURICHY,COIMBATORE-24"
158,400,AO0400,112,190000069,10,19000075,CRE000019,,1,1.00E-06,36071.46,200397,36071.46,200397,200397,1,200397, ,ADD027204,GSTMUL3,,ELGI INDUSTRIAL COMPLEX IIISINGANALLURCOIMBATOTRE - 641 005
159,400,90110,142,900000726,20,19000070,CUSN00034,900065,1,1.00E-06,45.93,759,45.93,759,1.1,690,759,216,ADD062201,GSTAG52,06-06-2019 08:44,MALUMACHAMPATTICOIMBATORE 
160,400,90110,142,900000639,10,18000331,CUSN00034,900065,1,1.00E-06,352.59,5828,352.59,5828,2.35,2480,5828,216,ADD062201,GSTAG52,15-03-2019 09:29,MALUMACHAMPATTICOIMBATORE 
161,400,90110,142,900000678,10,19000021,CUSN00034,900065,1,1.00E-06,309.95,5123,309.95,5123,2.35,2180,5123,216,ADD062201,GSTAG52,22-04-2019 10:17,MALUMACHAMPATTICOIMBATORE 
162,400,90110,142,900000786,10,19000128,CU1R00495,900062,1,1.00E-06,975.02,16116,975.02,16116,10.2,1580,16116,216,ADD012904,GSTAG52,29-07-2019 05:24,KAVUNDAMPALAYAMCOIMBATORE 
163,400,90110,142,900000806,20,19000147,CU1P00675,900065,1,1.00E-06,139.22,2301,139.22,2301,1.3,1770,2301,216,DLC012727,GSTAG52,21-08-2019 10:41,"D.NO.48/4,SUBRAMANIAN KOVIL,GANDHIJI ROAD,KURICHY,COIMBATORE-24"
164,400,90110,142,900000770,20,19000112,CU1K01648,900009,1,1.00E-06,22996.82,119900,22996.82,119900,22,5450,119900,216,ADD026193,GSTAG54,16-07-2019 06:38,"7,AEC NAGAR,RAJIV GANDHI ROADGANAPATHYCOIMBATORE - 641006"
165,400,90110,142,900000931,30,19000266,CU1C00683,900021,1,1.00E-06,13460.52,70180,13460.52,70180,220,319,70180,216,ADD002919,GSTAG54,17-12-2019 08:55,KARUMBUKADAICOIMBATRORE 
166,400,90110,142,900000785,10,19000127,CUSS00162,900062,1,1.00E-06,121,2000,121,2000,2.5,800,2000,216,ADD062405,GSTAG52,26-07-2019 12:20,"MADURAI VEERAN KOVILKALLAPPALAYAM(PO), COIMBATORE "
167,400,AO0400,112,190000067,10,19000073,CRA000276,,1,1.00E-06,19935,110750,19935,110750,110750,1,110750, ,ADD025211,GSTMUL3,,"S2/A,11 PRIVATE INDUSTRIAL ESTATEKURICHYCOIMBATORE-641021"
168,400,AO0400,112,190000104,10,19000120,CRE000019,,1,1.00E-06,20206.62,112259,20206.62,112259,112259,1,112259, ,ADD027204,GSTMUL3,,ELGI INDUSTRIAL COMPLEX IIISINGANALLURCOIMBATOTRE - 641 005
169,400,AO0400,112,190000105,10,19000121,CRE000019,,1,1.00E-06,2798.82,15549,2798.82,15549,15549,1,15549, ,ADD027204,GSTMUL3,,ELGI INDUSTRIAL COMPLEX IIISINGANALLURCOIMBATOTRE - 641 005
170,400,AO0400,112,190000109,10,19000125,CU1I00906,,1,1.00E-06,7699.32,42774,7699.32,42774,42774,1,42774, ,ADD044583,GSTMUL3,,"622A,GROUND FLOOR,NEAR ELGIINDUSTRIAL COMPLEX,SINGANALLURCOIMBATORE-641005_TN"
171,400,AO0400,112,190000039,10,19000037,CRE000019,,1,1.00E-06,9918,55100,9918,55100,55100,1,55100, ,ADD027204,GSTMUL3,,ELGI INDUSTRIAL COMPLEX IIISINGANALLURCOIMBATOTRE - 641 005
172,400,AO0400,112,180000062,10,19000129,SRC000005,,1,1.00E-06,1683.36,9352,1683.36,9352,0,0,9352, ,ADD064804,GSTMUL3,,"MAYFLOWER VALENCIA,3B KRISANBUSINESS CENTER,NAVAINDIAPEELAMEDU,COIMBATORE- 641004"
173,400,90110,142,900000869,10,19000205,CU1P00675,900065,1,1.00E-06,385.7,6375,385.7,6375,2.5,2550,6375,216,DLC012727,GSTAG52,21-10-2019 09:18,"D.NO.48/4,SUBRAMANIAN KOVIL,GANDHIJI ROAD,KURICHY,COIMBATORE-24"
174,400,AO0400,112,190000005,10,19000004,CRA000278,,1,1.00E-06,3600,20000,3600,20000,20000,1,20000, ,ADD001390,GSTMUL3,,"2/31A  THENNAMPLAYAMARASUR, COIMBATORE641 407-TN"
175,400,90110,142,900000794,10,19000136,CU1P00675,900065,1,1.00E-06,378.13,6250,378.13,6250,2.5,2500,6250,216,DLC012727,GSTAG52,06-08-2019 09:13,"D.NO.48/4,SUBRAMANIAN KOVIL,GANDHIJI ROAD,KURICHY,COIMBATORE-24"
176,400,90110,142,900000937,20,19000272,CU1P00675,900065,1,1.00E-06,74.73,1235,74.73,1235,1.3,950,1235,216,DLC012727,GSTAG52,20-12-2019 10:23,"D.NO.48/4,SUBRAMANIAN KOVIL,GANDHIJI ROAD,KURICHY,COIMBATORE-24"
177,400,90110,142,900000938,10,19000273,CRJ000095,900031,1,1.00E-06,237276.55,1237104,237276.55,1237104,25773,48,1237104,216,ADD073900,GSTAG54,20-12-2019 10:35,"52,SIVANANDA STREETAUNPPARPALAYAM PUDURANUPPARPALAYAM POST"
178,400,90110,142,900000939,10,19000274,CRJ000095,900031,1,1.00E-06,234955,1225000,234955,1225000,25000,49,1225000,216,ADD073900,GSTAG54,20-12-2019 12:01,"52,SIVANANDA STREETAUNPPARPALAYAM PUDURANUPPARPALAYAM POST"
179,400,90110,142,900000912,20,19000248,CUSB00023,900053,1,1.00E-06,221.53,1155,221.53,1155,15,77,1155,216,ADD061382,GSTAG54,02-12-2019 10:55,"CHETTIPALAYAM ROAD,EACHANARI(PO) COIMBATORE- "
180,400,90110,142,900000912,40,19000248,CUSB00023,900087,1,1.00E-06,46.03,240,46.03,240,5,48,240,216,ADD061382,GSTAG54,02-12-2019 10:55,"CHETTIPALAYAM ROAD,EACHANARI(PO) COIMBATORE- "
181,400,90110,142,900000914,20,19000249,CU1A01328,900104,1,1.00E-06,720,4000,720,4000,4000,1,4000,216,ADD001390,GSTAG14,04-12-2019 06:37,"2/31A  THENNAMPLAYAMARASUR, COIMBATORE641 407-TN"
182,400,90110,142,900000943,10,19000278,CUSB00023,900052,1,1.00E-06,575.4,3000,575.4,3000,250,12,3000,216,ADD061382,GSTAG54,27-12-2019 10:50,"CHETTIPALAYAM ROAD,EACHANARI(PO) COIMBATORE- "
183,400,90110,142,900000633,10,18000325,CUSN00034,900065,1,1.00E-06,274.4,4535.5,274.4,4535.5,2.35,1930,4535.5,216,ADD062201,GSTAG52,07-03-2019 12:04,MALUMACHAMPATTICOIMBATORE 
184,400,AO0400,112,190000027,10,19000025,CRE000019,,1,1.00E-06,2798.82,15549,2798.82,15549,15549,1,15549, ,ADD027204,GSTMUL3,,ELGI INDUSTRIAL COMPLEX IIISINGANALLURCOIMBATOTRE - 641 005
185,400,90110,142,900000960,10,19000295,CU1P00675,900065,1,1.00E-06,314.6,5200,314.6,5200,2.5,2080,5200,216,DLC012727,GSTAG52,06-01-2020 10:09,"D.NO.48/4,SUBRAMANIAN KOVIL,GANDHIJI ROAD,KURICHY,COIMBATORE-24"
186,400,AO0400,112,180000049,10,19000065,SU1A01955,,1,1.00E-06,6300,35000,6300,35000,0,0,35000, ,ADD055807,GSTMUL3,,"OOR, NO.55, W-BLOCK,3RD MAINROAD,ANNA NAGAR, CHENNAI "
187,400,90110,142,900000624,20,18000316,CUSN00034,900065,1,1.00E-06,82.52,1364,82.52,1364,1.1,1240,1364,216,ADD062201,GSTAG52,28-02-2019 09:37,MALUMACHAMPATTICOIMBATORE 
188,400,90110,142,900000706,10,19000050,CUSS00162,900062,1,1.00E-06,302.5,5000,302.5,5000,4,1250,5000,216,ADD062405,GSTAG52,14-05-2019 09:42,"MADURAI VEERAN KOVILKALLAPPALAYAM(PO), COIMBATORE "
189,400,90110,142,900000707,10,19000051,CUSN00034,900065,1,1.00E-06,298.58,4935,298.58,4935,2.35,2100,4935,216,ADD062201,GSTAG52,14-05-2019 10:26,MALUMACHAMPATTICOIMBATORE 
190,400,90110,142,900000973,10,19000308,CU1P00675,900065,1,1.00E-06,415.95,6875,415.95,6875,2.5,2750,6875,216,DLC012727,GSTAG52,23-01-2020 09:37,"D.NO.48/4,SUBRAMANIAN KOVIL,GANDHIJI ROAD,KURICHY,COIMBATORE-24"
191,400,90110,142,900000990,20,19000325,CU1P00675,900065,1,1.00E-06,78.65,1300,78.65,1300,1.3,1000,1300,216,DLC012727,GSTAG52,04-02-2020 11:50,"D.NO.48/4,SUBRAMANIAN KOVIL,GANDHIJI ROAD,KURICHY,COIMBATORE-24"
192,400,90110,142,900000621,10,18000313,CU1K01648,900007,1,1.00E-06,12428.64,64800,12428.64,64800,18,3600,64800,216,ADD026193,GSTAG54,26-02-2019 07:18,"7,AEC NAGAR,RAJIV GANDHI ROADGANAPATHYCOIMBATORE - 641006"
193,400,90110,142,900000687,10,19000030,CU1K01648,900007,1,1.00E-06,3314.3,17280,3314.3,17280,18,960,17280,216,ADD026193,GSTAG54,26-04-2019 09:15,"7,AEC NAGAR,RAJIV GANDHI ROADGANAPATHYCOIMBATORE - 641006"
194,400,AO0400,112,190000002,10,19000001,CUSE00036,,1,1.00E-06,86163.56,478686.44,86163.56,478686.44,478686.44,1,478686.44, ,ADD062987,GSTMUL3,,VELLALORECOIMBATORE  641111 
195,400,90110,141,900000823,10,19000004,CU1E00893,900009,1,1.00E-06,0,59930,0,59930,13,4610,59930,217,ADD036894,GSTAG01,04-09-2019 07:25,"(FOUNDRY) KODANGIPALAYAM VILL.,KOTHAVADI ROADKINATHUKADAVU POPOLLACHI TALUK,COIMBATORE DIST"
196,400,90110,142,900000596,10,18000288,CUSN00034,900065,1,1.00E-06,344.07,5687,344.07,5687,2.35,2420,5687,216,ADD062201,GSTAG52,04-02-2019 07:05,MALUMACHAMPATTICOIMBATORE 
197,400,90110,142,900000596,20,18000288,CUSN00034,900065,1,1.00E-06,89.85,1485,89.85,1485,1.1,1350,1485,216,ADD062201,GSTAG52,04-02-2019 07:05,MALUMACHAMPATTICOIMBATORE 
198,400,90110,142,900000829,30,19000167,CU1K01648,900025,1,1.00E-06,12704.83,66240,12704.83,66240,240,276,66240,216,ADD026193,GSTAG54,09-09-2019 09:27,"7,AEC NAGAR,RAJIV GANDHI ROADGANAPATHYCOIMBATORE - 641006"
199,400,90110,142,900000897,10,19000233,CRB000037,900083,1,1.00E-06,45.38,750,45.38,750,5,150,750,216,ADD067517,GSTAG52,18-11-2019 11:53,"NO.20,NAZZ THEATRE ROADCOIMBATORE "
200,400,90110,142,900000980,20,19000315,CU1P00675,900065,1,1.00E-06,118.77,1963,118.77,1963,1.3,1510,1963,216,DLC012727,GSTAG52,31-01-2020 10:05,"D.NO.48/4,SUBRAMANIAN KOVIL,GANDHIJI ROAD,KURICHY,COIMBATORE-24"
201,400,90110,142,900000629,10,18000321,CU1C00683,900077,1,1.00E-06,3269.88,18166,3269.88,18166,18166,1,18166,216,ADD002919,GSTAG14,04-03-2019 10:30,KARUMBUKADAICOIMBATRORE 
202,400,AO0400,112,190000013,10,19000011,CRA000276,,1,1.00E-06,234463.32,1302574,234463.32,1302574,1302574,1,1302574, ,ADD025211,GSTMUL3,,"S2/A,11 PRIVATE INDUSTRIAL ESTATEKURICHYCOIMBATORE-641021"
203,400,90110,142,900000721,20,19000065,CUSN00034,900065,1,1.00E-06,103.16,1705,103.16,1705,1.1,1550,1705,216,ADD062201,GSTAG52,30-05-2019 09:06,MALUMACHAMPATTICOIMBATORE 
204,400,AO0400,112,190000052,10,19000051,CRE000019,,1,1.00E-06,2798.82,15549,2798.82,15549,15549,1,15549, ,ADD027204,GSTMUL3,,ELGI INDUSTRIAL COMPLEX IIISINGANALLURCOIMBATOTRE - 641 005
205,400,90110,142,900000845,10,19000182,CUSS00162,900062,1,1.00E-06,121,2000,121,2000,2.5,800,2000,216,ADD062405,GSTAG52,24-09-2019 08:50,"MADURAI VEERAN KOVILKALLAPPALAYAM(PO), COIMBATORE "
206,400,90110,142,900000690,20,19000033,CUSN00034,900065,1,1.00E-06,116.47,1925,116.47,1925,1.1,1750,1925,216,ADD062201,GSTAG52,30-04-2019 08:46,MALUMACHAMPATTICOIMBATORE 
207,400,90110,142,900000661,10,19000004,CUSS00162,900062,1,1.00E-06,302.5,5000,302.5,5000,4,1250,5000,216,ADD062405,GSTAG52,03-04-2019 09:34,"MADURAI VEERAN KOVILKALLAPPALAYAM(PO), COIMBATORE "
208,400,90110,142,900000673,10,19000016,CU1EMP,900070,1,1.00E-06,81,450,81,450,225,2,450,216,ADD000037,GSTAG14,17-04-2019 10:08,ELGI EQUIPMENT S LIMITEDEIC-SINGANALLURCOIMBATORE- 641 005.
209,400,AO0400,112,180000002,10,18000002,CRA000276,,1,1.00E-06,88380,491000,88380,491000,0,0,491000, ,ADD025211,GSTMUL3,,"S2/A,11 PRIVATE INDUSTRIAL ESTATEKURICHYCOIMBATORE-641021"
210,400,AO0400,112,180000042,10,18000040,SU1A01955,,1,1.00E-06,11421.72,63454,11421.72,63454,63454,1,63454, ,ADD055807,GSTMUL3,,"OOR, NO.55, W-BLOCK,3RD MAINROAD,ANNA NAGAR, CHENNAI "
211,400,90110,142,900000755,10,19000097,CU1P00675,900065,1,1.00E-06,440.15,7275,440.15,7275,2.5,2910,7275,216,DLC012727,GSTAG52,02-07-2019 07:15,"D.NO.48/4,SUBRAMANIAN KOVIL,GANDHIJI ROAD,KURICHY,COIMBATORE-24"
212,400,90110,142,900000791,10,19000133,CRB000037,900083,1,1.00E-06,145.2,2400,145.2,2400,5,480,2400,216,ADD067517,GSTAG52,02-08-2019 07:54,"NO.20,NAZZ THEATRE ROADCOIMBATORE "
213,400,90110,142,900000044,10,17000050,CU1P00675,900065,1,1.00E-06,393.41,6502.5,393.41,6502.5,2.25,2890,6502.5,216,ADD011345,AGG0150,06-06-2017 09:57,H O 97 BILAL NAGARKARUMBUKKADAICOIMBATORE
214,400,90110,142,900000051,10,17000057,CU1A03177,900065,1,1.00E-06,272.25,4500,272.25,4500,2.25,2000,4500,216,ADD025211,AGG0150,12-06-2017 07:15,"S2/A,11 PRIVATE INDUSTRIAL ESTATEKURICHYCOIMBATORE-641021"
215,400,90110,142,900000052,20,17000058,CU1R00495,900062,1,1.00E-06,94.38,1560,94.38,1560,9.75,160,1560,216,ADD012904,AGG0150,13-06-2017 11:06,KAVUNDAMPALAYAMCOIMBATORE 
216,400,90110,142,900000005,10,17000004,CU1P00675,900065,1,1.00E-06,343.04,5670,343.04,5670,2.25,2520,5670,216,ADD011345,AGG0150,17-04-2017 09:50,H O 97 BILAL NAGARKARUMBUKKADAICOIMBATORE
217,400,90110,142,900000007,20,17000006,CU1P00675,900065,1,1.00E-06,130.68,2160,130.68,2160,1,2160,2160,216,ADD011345,AGG0150,18-04-2017 09:20,H O 97 BILAL NAGARKARUMBUKKADAICOIMBATORE
218,400,90110,142,900000009,10,17000009,CU1P00675,900065,1,1.00E-06,208.28,3442.5,208.28,3442.5,2.25,1530,3442.5,216,ADD011345,AGG0150,20-04-2017 08:30,H O 97 BILAL NAGARKARUMBUKKADAICOIMBATORE
219,400,90110,142,900000029,10,17000035,CU1EMP,900070,1,1.00E-06,22.5,450,22.5,450,225,2,450,216,ADD059177,AGG0144,23-05-2017 02:57,"EIC, SINGANALLURCOIMBATORE "
220,400,90110,142,280000005,10,17000068,CU1EMP,900070,1,1.00E-06,22.5,450,22.5,450,225,2,450,222,ADD000037,AGG0144,22-06-2017 10:50,ELGI EQUIPMENT S LIMITEDEIC-SINGANALLURCOIMBATORE- 641 005.
221,400,90110,142,900000003,10,17000003,CU1K01648,900009,1,1.00E-06,27.51,142.5,27.51,142.5,14.25,10,142.5,213,ADD026193,AGG0126,15-04-2017 06:03,"7,AEC NAGAR,RAJIV GANDHI ROADGANAPATHYCOIMBATORE - 641006"
222,400,90110,142,900000017,10,17000019,CU1P00675,900065,1,1.00E-06,318.53,5265,318.53,5265,2.25,2340,5265,216,ADD011345,AGG0150,28-04-2017 09:26,H O 97 BILAL NAGARKARUMBUKKADAICOIMBATORE
223,400,90110,142,900000018,10,17000022,CU1P00675,900065,1,1.00E-06,215.08,3555,215.08,3555,2.25,1580,3555,216,ADD011345,AGG0150,03-05-2017 09:07,H O 97 BILAL NAGARKARUMBUKKADAICOIMBATORE
224,400,90110,142,900000028,20,17000034,CU1P00675,900065,1,1.00E-06,96.8,1600,96.8,1600,1,1600,1600,216,ADD011345,AGG0150,22-05-2017 09:14,H O 97 BILAL NAGARKARUMBUKKADAICOIMBATORE
225,400,90110,142,900000032,10,17000038,CU1G01600,900052,1,1.00E-06,317.63,5250,317.63,5250,250,21,5250,216,ADD035218,AGG0150,24-05-2017 06:55,"SRI BALAJI NAGAR,NEAR NABI NAGARCHETTIPALAYAM ROAD, PODANURCOIMBATORE"
226,400,90110,142,900000039,10,17000045,CU1EMP,900070,1,1.00E-06,22.5,450,22.5,450,225,2,450,216,ADD000037,AGG0144,01-06-2017 09:21,ELGI EQUIPMENT S LIMITEDEIC-SINGANALLURCOIMBATORE- 641 005.
227,400,90110,142,900000054,10,17000060,CU1P00675,900065,1,1.00E-06,292.67,4837.5,292.67,4837.5,2.25,2150,4837.5,216,ADD011345,AGG0150,16-06-2017 09:18,H O 97 BILAL NAGARKARUMBUKKADAICOIMBATORE
228,400,90110,142,900000054,20,17000060,CU1P00675,900065,1,1.00E-06,98.62,1630,98.62,1630,1,1630,1630,216,ADD011345,AGG0150,16-06-2017 09:18,H O 97 BILAL NAGARKARUMBUKKADAICOIMBATORE
229,400,90110,142,900000072,20,17001007,CU1P00675,900065,1,1.00E-06,105.27,1740,105.27,1740,1,1740,1740,216,ADD011345,GSTAG52,17-07-2017 08:37,H O 97 BILAL NAGARKARUMBUKKADAICOIMBATORE
230,400,90110,142,900000074,10,17001009,CU1C00683,900031,1,1.00E-06,15428.78,80442,15428.78,80442,4469,18,80442,216,ADD002919,GSTAG54,18-07-2017 07:06,KARUMBUKADAICOIMBATRORE 
231,400,90110,142,900000080,10,17001014,CU1P00675,900065,1,1.00E-06,265.45,4387.5,265.45,4387.5,2.25,1950,4387.5,216,DLC012727,GSTAG52,26-07-2017 10:26,"D.NO.48/4,SUBRAMANIAN KOVIL,GANDHIJI ROAD,KURICHY,COIMBATORE-24"
232,400,90110,142,900000080,20,17001014,CU1P00675,900065,1,1.00E-06,84.1,1390,84.1,1390,1,1390,1390,216,DLC012727,GSTAG52,26-07-2017 10:26,"D.NO.48/4,SUBRAMANIAN KOVIL,GANDHIJI ROAD,KURICHY,COIMBATORE-24"
233,400,90110,142,900000079,10,17001023,CU1M02135,900032,1,1.00E-06,84000,300000,84000,300000,300000,1,300000,216,ADD028402,GSTAG15,26-07-2017 09:03, COIMBATORE 
234,400,90110,142,900000106,20,17001039,CU1P00675,900065,1,1.00E-06,40.54,670,40.54,670,1,670,670,216,DLC012727,GSTAG52,21-08-2017 08:24,"D.NO.48/4,SUBRAMANIAN KOVIL,GANDHIJI ROAD,KURICHY,COIMBATORE-24"
235,400,90110,142,900000110,20,17001043,CU1I00192,900013,1,1.00E-06,5673.44,29580,5673.44,29580,85,348,29580,216,ADD005625,GSTAG54,24-08-2017 06:11,ATHIPALAYAM ROADCHINNAVEDAMPATTYCOIMBATORE
236,400,90110,142,900000065,20,17000072,CU1P00675,900065,1,1.00E-06,93.17,1540,93.17,1540,1,1540,1540,216,ADD011345,AGG0150,30-06-2017 09:16,H O 97 BILAL NAGARKARUMBUKKADAICOIMBATORE
237,400,90110,142,900000076,20,17001011,CU1P00675,900065,1,1.00E-06,92.57,1530,92.57,1530,1,1530,1530,216,DLC012727,GSTAG52,20-07-2017 09:38,"D.NO.48/4,SUBRAMANIAN KOVIL,GANDHIJI ROAD,KURICHY,COIMBATORE-24"
238,400,90110,142,900000078,10,17001013,CU1P00675,900065,1,1.00E-06,311.72,5152.5,311.72,5152.5,2.25,2290,5152.5,216,DLC012727,GSTAG52,25-07-2017 12:23,"D.NO.48/4,SUBRAMANIAN KOVIL,GANDHIJI ROAD,KURICHY,COIMBATORE-24"
239,400,90110,142,900000115,10,17001048,CU1P00675,900070,1,1.00E-06,3279.78,17100,3279.78,17100,380,45,17100,216,DLC012727,GSTAG54,31-08-2017 08:55,"D.NO.48/4,SUBRAMANIAN KOVIL,GANDHIJI ROAD,KURICHY,COIMBATORE-24"
240,400,90110,142,900000118,10,17001051,CU1K01648,900021,1,1.00E-06,14576.8,76000,14576.8,76000,160,475,76000,216,ADD026193,GSTAG54,01-09-2017 10:07,"7,AEC NAGAR,RAJIV GANDHI ROADGANAPATHYCOIMBATORE - 641006"
241,400,90110,142,900000124,20,17001057,CU1G01600,900083,1,1.00E-06,2626.7,13695,2626.7,13695,16.5,830,13695,216,ADD035218,GSTAG54,06-09-2017 10:24,"SRI BALAJI NAGAR,NEAR NABI NAGARCHETTIPALAYAM ROAD, PODANURCOIMBATORE"
242,400,90110,142,900000143,20,17001076,CU1K01648,900009,1,1.00E-06,12869.78,67100,12869.78,67100,15.25,4400,67100,216,ADD026193,GSTAG54,27-09-2017 12:03,"7,AEC NAGAR,RAJIV GANDHI ROADGANAPATHYCOIMBATORE - 641006"
243,400,90110,142,900000150,10,17001083,CUSM00010,900065,1,1.00E-06,208.73,3450,208.73,3450,1,3450,3450,216,ADD060293,GSTAG52,06-10-2017 10:53,"OPP-SUBRAMANI KOIL,GANDHIJI ROAD, KURICHY,SUNDHARAPURAMCOIMBATORE "
244,400,90110,142,900000151,20,17001084,CUSS00051,900065,1,1.00E-06,65.34,1080,65.34,1080,1,1080,1080,216,ADD060584,GSTAG52,11-10-2017 08:20,"KURICHY,SUNDHARAPURAM,COIMBATORE "
245,400,90110,142,900000154,10,17001087,CU1P00675,900070,1,1.00E-06,3279.78,17100,3279.78,17100,380,45,17100,216,ADD011345,GSTAG54,16-10-2017 09:25,H O 97 BILAL NAGARKARUMBUKKADAICOIMBATORE
246,400,90110,142,900000126,10,17001059,CU1C00683,900021,1,1.00E-06,18382.11,95840,18382.11,95840,160,599,95840,216,ADD002919,GSTAG54,08-09-2017 10:12,KARUMBUKADAICOIMBATRORE 
247,400,90110,142,900000129,20,17001062,CU1C00683,900031,1,1.00E-06,11268.25,58749.99,11268.25,58749.99,19583.33,3,58749.99,216,ADD002919,GSTAG54,13-09-2017 07:23,KARUMBUKADAICOIMBATRORE 
248,400,90110,142,900000138,10,17001071,CUSM00010,900065,1,1.00E-06,317.17,5242.5,317.17,5242.5,2.25,2330,5242.5,216,ADD060293,GSTAG52,25-09-2017 11:02,"OPP-SUBRAMANI KOIL,GANDHIJI ROAD, KURICHY,SUNDHARAPURAMCOIMBATORE "
249,400,90110,142,900000145,20,17001078,CU1C00683,900084,1,1.00E-06,1693.98,8832,1693.98,8832,32,276,8832,216,ADD002919,GSTAG54,04-10-2017 10:27,KARUMBUKADAICOIMBATRORE 
250,400,90110,142,900000158,10,17001091,CU1EMP,900070,1,1.00E-06,243,1350,243,1350,225,6,1350,216,ADD000037,GSTAG14,24-10-2017 06:03,ELGI EQUIPMENT S LIMITEDEIC-SINGANALLURCOIMBATORE- 641 005.
251,400,90110,142,900000164,10,17001097,CUSS00051,900065,1,1.00E-06,329.43,5445,329.43,5445,2.25,2420,5445,216,ADD060584,GSTAG52,30-10-2017 10:01,"KURICHY,SUNDHARAPURAM,COIMBATORE "
252,400,90110,142,900000168,10,17001101,CU1G01600,900083,1,1.00E-06,549.05,9075,549.05,9075,16.5,550,9075,216,ADD035218,GSTAG52,03-11-2017 08:09,"SRI BALAJI NAGAR,NEAR NABI NAGARCHETTIPALAYAM ROAD, PODANURCOIMBATORE"
253,400,90110,142,900000171,10,17001104,CU1G01600,900052,1,1.00E-06,1870.05,9750,1870.05,9750,250,39,9750,216,ADD035218,GSTAG54,08-11-2017 05:06,"SRI BALAJI NAGAR,NEAR NABI NAGARCHETTIPALAYAM ROAD, PODANURCOIMBATORE"
254,400,90110,142,900000177,10,17001110,CU1K01648,900007,1,1.00E-06,7081.26,36920,7081.26,36920,13,2840,36920,216,ADD026193,GSTAG54,13-11-2017 08:59,"7,AEC NAGAR,RAJIV GANDHI ROADGANAPATHYCOIMBATORE - 641006"
255,400,90110,142,900000179,10,17001112,CU1K01648,900021,1,1.00E-06,5232.3,27280,5232.3,27280,220,124,27280,216,ADD026193,GSTAG54,13-11-2017 11:33,"7,AEC NAGAR,RAJIV GANDHI ROADGANAPATHYCOIMBATORE - 641006"
256,400,90110,142,900000169,20,17001102,CUSS00051,900065,1,1.00E-06,98.62,1630,98.62,1630,1,1630,1630,216,ADD060584,GSTAG52,03-11-2017 10:05,"KURICHY,SUNDHARAPURAM,COIMBATORE "
257,400,90110,142,900000175,10,17001108,CU1A00851,900009,1,1.00E-06,5446.62,28397.4,5446.62,28397.4,10.07,2820,28397.4,216,ADD000870,GSTAG58,10-11-2017 08:13,"PLoT NO:201/5,PHASE II, I D A CHERLAPALLYHYDRABAD 500 051-TELANGANA"
258,400,90110,142,900000175,30,17001108,CU1A00851,900009,1,1.00E-06,13467.24,70215,13467.24,70215,15.1,4650,70215,216,ADD000870,GSTAG58,10-11-2017 08:13,"PLoT NO:201/5,PHASE II, I D A CHERLAPALLYHYDRABAD 500 051-TELANGANA"
259,400,90110,142,900000188,20,17001121,CU1C00683,900031,1,1.00E-06,4795,25000,4795,25000,25000,1,25000,216,ADD002919,GSTAG54,24-11-2017 08:49,KARUMBUKADAICOIMBATRORE 
260,400,90110,141,900000189,10,17000003,CU1E00893,900009,1,1.00E-06,0,43290,0,43290,13,3330,43290,217,ADD036894,GSTAG01,28-11-2017 05:52,"(FOUNDRY) KODANGIPALAYAM VILL.,KOTHAVADI ROADKINATHUKADAVU POPOLLACHI TALUK,COIMBATORE DIST"
261,400,90110,142,900000192,10,17001123,CU1EMP,900070,1,1.00E-06,40.5,225,40.5,225,225,1,225,216,ADD000037,GSTAG14,28-11-2017 10:48,ELGI EQUIPMENT S LIMITEDEIC-SINGANALLURCOIMBATORE- 641 005.
262,400,90110,142,900000214,20,17001145,CUSM00010,900065,1,1.00E-06,84.7,1400,84.7,1400,1,1400,1400,216,ADD060293,GSTAG52,22-12-2017 08:32,"OPP-SUBRAMANI KOIL,GANDHIJI ROAD, KURICHY,SUNDHARAPURAMCOIMBATORE "
263,400,90110,142,900000223,10,17001154,CU1K01648,900007,1,1.00E-06,6632.44,34580,6632.44,34580,13,2660,34580,216,ADD026193,GSTAG54,02-01-2018 09:51,"7,AEC NAGAR,RAJIV GANDHI ROADGANAPATHYCOIMBATORE - 641006"
264,400,90110,142,900000226,20,17001157,CUSM00010,900065,1,1.00E-06,64.13,1060,64.13,1060,1,1060,1060,216,ADD060293,GSTAG52,08-01-2018 08:52,"OPP-SUBRAMANI KOIL,GANDHIJI ROAD, KURICHY,SUNDHARAPURAMCOIMBATORE "
265,400,90110,142,900000197,10,17001128,CU1EMP,900070,1,1.00E-06,81,450,81,450,225,2,450,216,ADD000037,GSTAG14,01-12-2017 10:24,ELGI EQUIPMENT S LIMITEDEIC-SINGANALLURCOIMBATORE- 641 005.
266,400,90110,142,900000220,20,17001151,CUSM00010,900065,1,1.00E-06,67.16,1110,67.16,1110,1,1110,1110,216,ADD060293,GSTAG52,28-12-2017 11:52,"OPP-SUBRAMANI KOIL,GANDHIJI ROAD, KURICHY,SUNDHARAPURAMCOIMBATORE "
267,400,90110,142,900000242,10,17001173,CUSS00051,900065,1,1.00E-06,439.33,7261.5,439.33,7261.5,2.35,3090,7261.5,216,ADD060584,GSTAG52,02-02-2018 09:04,"KURICHY,SUNDHARAPURAM,COIMBATORE "
268,400,90110,142,900000261,10,17001192,CU1K01648,900009,1,1.00E-06,29663.79,154660,29663.79,154660,22,7030,154660,216,ADD026193,GSTAG54,20-02-2018 11:39,"7,AEC NAGAR,RAJIV GANDHI ROADGANAPATHYCOIMBATORE - 641006"
269,400,90110,142,900000268,20,17001199,CU1P00675,900065,1,1.00E-06,85.18,1408,85.18,1408,1.1,1280,1408,216,DLC012727,GSTAG52,01-03-2018 11:11,"D.NO.48/4,SUBRAMANIAN KOVIL,GANDHIJI ROAD,KURICHY,COIMBATORE-24"
270,400,90110,142,900000276,10,17001206,CUSS00162,900062,1,1.00E-06,302.5,5000,302.5,5000,4,1250,5000,216,ADD062405,GSTAG52,08-03-2018 06:15,"MADURAI VEERAN KOVILKALLAPPALAYAM(PO), COIMBATORE "
271,400,90110,142,900000277,10,17001207,CU1K01648,900009,1,1.00E-06,34431.94,179520,34431.94,179520,22,8160,179520,216,ADD026193,GSTAG54,08-03-2018 08:58,"7,AEC NAGAR,RAJIV GANDHI ROADGANAPATHYCOIMBATORE - 641006"
272,400,90110,142,900000284,10,17001214,CUSS00162,900062,1,1.00E-06,302.5,5000,302.5,5000,4,1250,5000,216,ADD062405,GSTAG52,13-03-2018 09:52,"MADURAI VEERAN KOVILKALLAPPALAYAM(PO), COIMBATORE "
273,400,90110,142,900000289,20,17001219,CUSN00034,900065,1,1.00E-06,96.51,1595,96.51,1595,1.1,1450,1595,216,ADD062201,GSTAG52,16-03-2018 11:26,MALUMACHAMPATTICOIMBATORE 
274,400,90110,142,900000291,10,17001221,CU1K01648,900009,1,1.00E-06,34305.35,178860,34305.35,178860,22,8130,178860,216,ADD026193,GSTAG54,20-03-2018 08:24,"7,AEC NAGAR,RAJIV GANDHI ROADGANAPATHYCOIMBATORE - 641006"
275,400,90110,142,900000310,10,18000005,CU1EMP,900070,1,1.00E-06,81,450,81,450,225,2,450,216,ADD000037,GSTAG14,06-04-2018 04:54,ELGI EQUIPMENT S LIMITEDEIC-SINGANALLURCOIMBATORE- 641 005.
276,400,90110,142,900000318,10,18000013,CUSN00034,900065,1,1.00E-06,430.79,7120.5,430.79,7120.5,2.35,3030,7120.5,216,ADD062201,GSTAG52,12-04-2018 11:37,MALUMACHAMPATTICOIMBATORE 
277,400,90110,142,900000318,20,18000013,CUSN00034,900065,1,1.00E-06,106.48,1760,106.48,1760,1.1,1600,1760,216,ADD062201,GSTAG52,12-04-2018 11:37,MALUMACHAMPATTICOIMBATORE 
278,400,90110,142,900000331,10,18000026,CU1EMP,900070,1,1.00E-06,81,450,81,450,225,2,450,216,ADD000037,GSTAG14,04-05-2018 06:30,ELGI EQUIPMENT S LIMITEDEIC-SINGANALLURCOIMBATORE- 641 005.
279,400,90110,142,900000296,10,17001226,CUSN00034,900065,1,1.00E-06,457.81,7567,457.81,7567,2.35,3220,7567,216,ADD062201,GSTAG52,27-03-2018 08:46,MALUMACHAMPATTICOIMBATORE 
280,400,90110,142,900000300,10,17001230,CUSN00034,900065,1,1.00E-06,489.08,8084,489.08,8084,2.35,3440,8084,216,ADD062201,GSTAG52,28-03-2018 09:03,MALUMACHAMPATTICOIMBATORE 
281,400,90110,142,900000311,30,18000006,CU1C00683,900013,1,1.00E-06,11030.8,57512,11030.8,57512,56,1027,57512,216,ADD002919,GSTAG54,06-04-2018 11:25,KARUMBUKADAICOIMBATRORE 
282,400,90110,142,900000311,40,18000006,CU1C00683,900021,1,1.00E-06,13014.44,67854.24,13014.44,67854.24,200.16,339,67854.24,216,ADD002919,GSTAG54,06-04-2018 11:25,KARUMBUKADAICOIMBATRORE 
283,400,90110,142,900000323,20,18000018,CUSN00034,900065,1,1.00E-06,79.86,1320,79.86,1320,1.1,1200,1320,216,ADD062201,GSTAG52,19-04-2018 11:54,MALUMACHAMPATTICOIMBATORE 
284,400,90110,142,900000333,10,18000028,CUSS00162,900062,1,1.00E-06,302.5,5000,302.5,5000,4,1250,5000,216,ADD062405,GSTAG52,04-05-2018 10:13,"MADURAI VEERAN KOVILKALLAPPALAYAM(PO), COIMBATORE "
285,400,90110,142,900000334,10,18000029,CUSN00034,900065,1,1.00E-06,255.92,4230,255.92,4230,2.35,1800,4230,216,ADD062201,GSTAG52,07-05-2018 10:08,MALUMACHAMPATTICOIMBATORE 
286,400,90110,142,900000340,20,18000035,CUSN00034,900065,1,1.00E-06,135.76,2244,135.76,2244,1.1,2040,2244,216,ADD062201,GSTAG52,10-05-2018 08:55,MALUMACHAMPATTICOIMBATORE 
287,400,90110,142,900000348,10,18000043,CUSN00034,900065,1,1.00E-06,413.72,6838.5,413.72,6838.5,2.35,2910,6838.5,216,ADD062201,GSTAG52,18-05-2018 10:01,MALUMACHAMPATTICOIMBATORE 
288,400,90110,142,900000348,20,18000043,CUSN00034,900065,1,1.00E-06,49.92,825,49.92,825,1.1,750,825,216,ADD062201,GSTAG52,18-05-2018 10:01,MALUMACHAMPATTICOIMBATORE 
289,400,90110,142,900000349,30,18000044,CUSB00023,900070,1,1.00E-06,4459.35,23250,4459.35,23250,310,75,23250,216,ADD061382,GSTAG54,21-05-2018 09:34,"CHETTIPALAYAM ROAD,EACHANARI(PO) COIMBATORE- "
290,400,90110,142,900000350,20,18000045,CUSN00034,900065,1,1.00E-06,110.47,1826,110.47,1826,1.1,1660,1826,216,ADD062201,GSTAG52,21-05-2018 09:44,MALUMACHAMPATTICOIMBATORE 
291,400,90110,142,900000368,10,18000063,CUSS00162,900062,1,1.00E-06,302.5,5000,302.5,5000,4,1250,5000,216,ADD062405,GSTAG52,05-06-2018 10:51,"MADURAI VEERAN KOVILKALLAPPALAYAM(PO), COIMBATORE "
292,400,90110,142,900000371,10,18000066,CUSN00034,900065,1,1.00E-06,439.33,7261.5,439.33,7261.5,2.35,3090,7261.5,216,ADD062201,GSTAG52,08-06-2018 10:07,MALUMACHAMPATTICOIMBATORE 
293,400,90110,142,900000377,10,18000072,CUSN00034,900065,1,1.00E-06,442.16,7308.5,442.16,7308.5,2.35,3110,7308.5,216,ADD062201,GSTAG52,18-06-2018 08:33,MALUMACHAMPATTICOIMBATORE 
294,400,90110,142,900000381,10,18000076,CUSN00034,900065,1,1.00E-06,327.01,5405,327.01,5405,2.35,2300,5405,216,ADD062201,GSTAG52,22-06-2018 08:36,MALUMACHAMPATTICOIMBATORE 
295,400,90110,142,900000381,20,18000076,CUSN00034,900065,1,1.00E-06,86.52,1430,86.52,1430,1.1,1300,1430,216,ADD062201,GSTAG52,22-06-2018 08:36,MALUMACHAMPATTICOIMBATORE 
296,400,90110,142,900000342,10,18000037,CU1K01648,900032,1,1.00E-06,32208,110000,32208,110000,110000,1,110000,216,ADD026193,GSTAG55,14-05-2018 05:43,"7,AEC NAGAR,RAJIV GANDHI ROADGANAPATHYCOIMBATORE - 641006"
297,400,90110,142,900000355,20,18000050,CUSN00034,900065,1,1.00E-06,131.77,2178,131.77,2178,1.1,1980,2178,216,ADD062201,GSTAG52,23-05-2018 12:15,MALUMACHAMPATTICOIMBATORE 
298,400,90110,142,900000397,10,18000092,CU1K01648,900007,1,1.00E-06,1703.18,8880,1703.18,8880,18.5,480,8880,216,ADD026193,GSTAG54,09-07-2018 09:45,"7,AEC NAGAR,RAJIV GANDHI ROADGANAPATHYCOIMBATORE - 641006"
299,400,90110,142,900000405,20,18000100,CUSN00034,900065,1,1.00E-06,41.94,693,41.94,693,1.1,630,693,216,ADD062201,GSTAG52,13-07-2018 12:02,MALUMACHAMPATTICOIMBATORE 
300,400,90110,142,900000409,10,18000104,CU1N00515,900056,1,1.00E-06,2302.52,12004.8,2302.52,12004.8,19.52,615,12004.8,216,ADD011057,GSTAG54,18-07-2018 09:18,SARAVANAMPATTI ROADVELLAKINAR VILLAGECOIMBATORE-29
301,400,90110,142,900000423,10,18000118,CUSN00034,900065,1,1.00E-06,399.52,6603.5,399.52,6603.5,2.35,2810,6603.5,216,ADD062201,GSTAG52,01-08-2018 09:21,MALUMACHAMPATTICOIMBATORE 
302,400,90110,142,900000435,10,18000130,CUSN00034,900065,1,1.00E-06,422.26,6979.5,422.26,6979.5,2.35,2970,6979.5,216,ADD062201,GSTAG52,18-08-2018 09:10,MALUMACHAMPATTICOIMBATORE 
303,400,90110,142,900000438,20,18000133,CUSN00034,900065,1,1.00E-06,81.87,1353,81.87,1353,1.1,1230,1353,216,ADD062201,GSTAG52,23-08-2018 09:14,MALUMACHAMPATTICOIMBATORE 
304,400,90110,142,900000449,10,18000144,CU1K01648,900009,1,1.00E-06,52433.33,273375,52433.33,273375,20.25,13500,273375,216,ADD026193,GSTAG54,03-09-2018 09:45,"7,AEC NAGAR,RAJIV GANDHI ROADGANAPATHYCOIMBATORE - 641006"
305,400,90110,142,900000451,10,18000146,CUSB00023,900052,1,1.00E-06,2761.92,14400,2761.92,14400,240,60,14400,216,ADD061382,GSTAG54,06-09-2018 05:34,"CHETTIPALAYAM ROAD,EACHANARI(PO) COIMBATORE- "
306,400,90110,142,900000456,10,18000151,CUSS00162,900062,1,1.00E-06,302.5,5000,302.5,5000,4,1250,5000,216,ADD062405,GSTAG52,11-09-2018 10:19,"MADURAI VEERAN KOVILKALLAPPALAYAM(PO), COIMBATORE "
307,400,90110,142,900000460,10,18000155,CUSN00034,900065,1,1.00E-06,423.69,7003,423.69,7003,2.35,2980,7003,216,ADD062201,GSTAG52,14-09-2018 09:41,MALUMACHAMPATTICOIMBATORE 
308,400,90110,142,900000429,10,18000124,CUSN00034,900065,1,1.00E-06,439.33,7261.5,439.33,7261.5,2.35,3090,7261.5,216,ADD062201,GSTAG52,09-08-2018 11:32,MALUMACHAMPATTICOIMBATORE 
309,400,90110,142,900000430,10,18000125,CUSN00034,900065,1,1.00E-06,231.74,3830.5,231.74,3830.5,2.35,1630,3830.5,216,ADD062201,GSTAG52,13-08-2018 07:23,MALUMACHAMPATTICOIMBATORE 
310,400,90110,142,900000434,20,18000129,CUSN00034,900065,1,1.00E-06,113.81,1881,113.81,1881,1.1,1710,1881,216,ADD062201,GSTAG52,17-08-2018 09:59,MALUMACHAMPATTICOIMBATORE 
311,400,90110,142,900000439,10,18000134,CU1K01648,900007,1,1.00E-06,8224.38,42880,8224.38,42880,16,2680,42880,216,ADD026193,GSTAG54,27-08-2018 09:13,"7,AEC NAGAR,RAJIV GANDHI ROADGANAPATHYCOIMBATORE - 641006"
312,400,90110,142,900000440,20,18000135,CUSN00034,900065,1,1.00E-06,105.15,1738,105.15,1738,1.1,1580,1738,216,ADD062201,GSTAG52,27-08-2018 09:26,MALUMACHAMPATTICOIMBATORE 
313,400,90110,142,900000452,10,18000147,CUSN00034,900065,1,1.00E-06,363.97,6016,363.97,6016,2.35,2560,6016,216,ADD062201,GSTAG52,06-09-2018 08:41,MALUMACHAMPATTICOIMBATORE 
314,400,90110,142,900000459,20,18000154,CUSN00034,900065,1,1.00E-06,72.55,1199,72.55,1199,1.1,1090,1199,216,ADD062201,GSTAG52,13-09-2018 11:54,MALUMACHAMPATTICOIMBATORE 
315,400,90110,142,900000463,10,18000158,CU1K01648,900009,1,1.00E-06,6525.04,34020,6525.04,34020,20.25,1680,34020,216,ADD026193,GSTAG54,18-09-2018 11:46,"7,AEC NAGAR,RAJIV GANDHI ROADGANAPATHYCOIMBATORE - 641006"
316,400,90110,142,900000466,20,18000161,CU1C00683,900013,1,1.00E-06,8377.82,43680,8377.82,43680,80,546,43680,216,ADD002919,GSTAG54,20-09-2018 11:16,KARUMBUKADAICOIMBATRORE 
317,400,90110,142,900000488,10,18000182,CUSN00034,900065,1,1.00E-06,396.66,6556.5,396.66,6556.5,2.35,2790,6556.5,216,ADD062201,GSTAG52,12-10-2018 09:38,MALUMACHAMPATTICOIMBATORE 
318,400,90110,142,900000488,20,18000182,CUSN00034,900065,1,1.00E-06,102.49,1694,102.49,1694,1.1,1540,1694,216,ADD062201,GSTAG52,12-10-2018 09:38,MALUMACHAMPATTICOIMBATORE 
319,400,90110,142,900000495,10,18000189,CU1K01648,900007,1,1.00E-06,10188.42,53120,10188.42,53120,16,3320,53120,216,ADD026193,GSTAG54,17-10-2018 12:07,"7,AEC NAGAR,RAJIV GANDHI ROADGANAPATHYCOIMBATORE - 641006"
320,400,90110,142,900000495,20,18000189,CU1K01648,900009,1,1.00E-06,7068.79,36855,7068.79,36855,20.25,1820,36855,216,ADD026193,GSTAG54,17-10-2018 12:07,"7,AEC NAGAR,RAJIV GANDHI ROADGANAPATHYCOIMBATORE - 641006"
321,400,90110,142,900000496,10,18000190,CU1C00683,900010,1,1.00E-06,20629.05,107555,20629.05,107555,24.5,4390,107555,216,ADD002919,GSTAG54,17-10-2018 12:12,KARUMBUKADAICOIMBATRORE 
322,400,90110,142,900000500,10,18000194,CU1G01600,900083,1,1.00E-06,133.71,2210,133.71,2210,17,130,2210,216,ADD035218,GSTAG52,25-10-2018 07:11,"SRI BALAJI NAGAR,NEAR NABI NAGARCHETTIPALAYAM ROAD, PODANURCOIMBATORE"
323,400,90110,142,900000501,20,18000195,CUSN00034,900065,1,1.00E-06,86.52,1430,86.52,1430,1.1,1300,1430,216,ADD062201,GSTAG52,25-10-2018 08:34,MALUMACHAMPATTICOIMBATORE 
324,400,90110,142,900000476,10,18000171,CUSN00034,900065,1,1.00E-06,410.89,6791.5,410.89,6791.5,2.35,2890,6791.5,216,ADD062201,GSTAG52,28-09-2018 11:13,MALUMACHAMPATTICOIMBATORE 
325,400,90110,142,900000505,20,18000199,CUSN00034,900065,1,1.00E-06,68.56,1133,68.56,1133,1.1,1030,1133,216,ADD062201,GSTAG52,31-10-2018 08:15,MALUMACHAMPATTICOIMBATORE 
326,400,90110,142,900000508,10,18000202,CU1EMP,900070,1,1.00E-06,121.5,675,121.5,675,225,3,675,216,ADD000037,GSTAG14,02-11-2018 10:28,ELGI EQUIPMENT S LIMITEDEIC-SINGANALLURCOIMBATORE- 641 005.
327,400,90110,142,900000516,20,18000210,CU1C00683,900013,1,1.00E-06,6291.04,32800,6291.04,32800,80,410,32800,216,ADD002919,GSTAG54,15-11-2018 09:06,KARUMBUKADAICOIMBATRORE 
328,400,90110,142,900000516,30,18000210,CU1C00683,900023,1,1.00E-06,9212.54,48032,9212.54,48032,240.16,200,48032,216,ADD002919,GSTAG54,15-11-2018 09:06,KARUMBUKADAICOIMBATRORE 
329,400,90110,142,900000523,10,18000217,CU1K01648,900007,1,1.00E-06,12704.83,66240,12704.83,66240,16,4140,66240,216,ADD026193,GSTAG54,22-11-2018 12:10,"7,AEC NAGAR,RAJIV GANDHI ROADGANAPATHYCOIMBATORE - 641006"
330,400,90110,142,900000536,20,18000230,CUSB00023,900053,1,1.00E-06,49.68,259,49.68,259,7,37,259,216,ADD061382,GSTAG54,30-11-2018 05:47,"CHETTIPALAYAM ROAD,EACHANARI(PO) COIMBATORE- "
331,400,90110,142,900000538,10,18000232,CU1EMP,900070,1,1.00E-06,81,450,81,450,225,2,450,216,ADD000037,GSTAG14,30-11-2018 12:27,ELGI EQUIPMENT S LIMITEDEIC-SINGANALLURCOIMBATORE- 641 005.
332,400,90110,142,900000513,10,18000207,CUSN00034,900065,1,1.00E-06,436.47,7214.5,436.47,7214.5,2.35,3070,7214.5,216,ADD062201,GSTAG52,13-11-2018 09:45,MALUMACHAMPATTICOIMBATORE 
333,400,90110,142,900000542,10,18000236,CUSN00034,900065,1,1.00E-06,396.66,6556.5,396.66,6556.5,2.35,2790,6556.5,216,ADD062201,GSTAG52,06-12-2018 07:59,MALUMACHAMPATTICOIMBATORE 
334,400,90110,142,900000563,10,18000257,CU1C00683,900013,1,1.00E-06,1536.32,8010,1536.32,8010,90,89,8010,216,ADD002919,GSTAG54,29-12-2018 12:09,KARUMBUKADAICOIMBATRORE 
335,400,90110,142,900000563,30,18000257,CU1C00683,900084,1,1.00E-06,424.65,2214,424.65,2214,82,27,2214,216,ADD002919,GSTAG54,29-12-2018 12:09,KARUMBUKADAICOIMBATRORE 
336,400,90110,142,900000563,40,18000257,CU1C00683,900084,1,1.00E-06,1032.27,5382,1032.27,5382,46,117,5382,216,ADD002919,GSTAG54,29-12-2018 12:09,KARUMBUKADAICOIMBATRORE 
337,400,90110,142,900000571,10,18000265,CUSS00162,900062,1,1.00E-06,302.5,5000,302.5,5000,4,1250,5000,216,ADD062405,GSTAG52,08-01-2019 10:44,"MADURAI VEERAN KOVILKALLAPPALAYAM(PO), COIMBATORE "
338,400,90110,142,900000587,10,18000280,CUSN00034,900065,1,1.00E-06,348.33,5757.5,348.33,5757.5,2.35,2450,5757.5,216,ADD062201,GSTAG52,29-01-2019 08:33,MALUMACHAMPATTICOIMBATORE 
339,400,90110,142,900000558,20,18000252,CUSN00034,900065,1,1.00E-06,81.19,1342,81.19,1342,1.1,1220,1342,216,ADD062201,GSTAG52,28-12-2018 09:04,MALUMACHAMPATTICOIMBATORE 
340,400,90110,142,900000564,10,18000258,CUSN00034,900065,1,1.00E-06,410.89,6791.5,410.89,6791.5,2.35,2890,6791.5,216,ADD062201,GSTAG52,31-12-2018 09:22,MALUMACHAMPATTICOIMBATORE 
341,400,90110,142,900000568,10,18000262,CUSN00034,900065,1,1.00E-06,390.98,6462.5,390.98,6462.5,2.35,2750,6462.5,216,ADD062201,GSTAG52,03-01-2019 09:00,MALUMACHAMPATTICOIMBATORE 
342,400,90110,142,900000575,10,18000269,CUSN00034,900065,1,1.00E-06,348.33,5757.5,348.33,5757.5,2.35,2450,5757.5,216,ADD062201,GSTAG52,17-01-2019 09:15,MALUMACHAMPATTICOIMBATORE 
343,400,90110,142,900000577,20,18000271,CUSN00034,900065,1,1.00E-06,85.86,1419,85.86,1419,1.1,1290,1419,216,ADD062201,GSTAG52,21-01-2019 08:39,MALUMACHAMPATTICOIMBATORE 
344,400,90110,142,900000581,10,18000274,CUSN00034,900065,1,1.00E-06,402.35,6650.5,402.35,6650.5,2.35,2830,6650.5,216,ADD062201,GSTAG52,25-01-2019 08:35,MALUMACHAMPATTICOIMBATORE 
345,400,90110,142,900000609,30,18000301,CU1C00683,900023,1,1.00E-06,6264.53,32661.76,6264.53,32661.76,240.16,136,32661.76,216,ADD002919,GSTAG54,11-02-2019 09:16,KARUMBUKADAICOIMBATRORE 
346,400,90110,142,900000610,50,18000302,CUSB00023,900090,1,1.00E-06,61.38,320,61.38,320,10,32,320,216,ADD061382,GSTAG54,11-02-2019 10:16,"CHETTIPALAYAM ROAD,EACHANARI(PO) COIMBATORE- "
347,400,90110,142,900000800,10,19000142,CRB000037,900083,1,1.00E-06,51.43,850,51.43,850,5,170,850,216,ADD067517,GSTAG52,14-08-2019 12:17,"NO.20,NAZZ THEATRE ROADCOIMBATORE "
348,400,90110,142,900000877,30,19000213,CUSB00023,900090,1,1.00E-06,304.96,1590,304.96,1590,10,159,1590,216,ADD061382,GSTAG54,30-10-2019 09:46,"CHETTIPALAYAM ROAD,EACHANARI(PO) COIMBATORE- "
349,400,90110,142,900000888,20,19000224,CU1P00675,900065,1,1.00E-06,228.88,3783,228.88,3783,1.3,2910,3783,216,DLC012727,GSTAG52,08-11-2019 10:01,"D.NO.48/4,SUBRAMANIAN KOVIL,GANDHIJI ROAD,KURICHY,COIMBATORE-24"
350,400,90110,142,900000816,10,19000157,CU1P00675,900065,1,1.00E-06,467.37,7725,467.37,7725,2.5,3090,7725,216,DLC012727,GSTAG52,28-08-2019 09:35,"D.NO.48/4,SUBRAMANIAN KOVIL,GANDHIJI ROAD,KURICHY,COIMBATORE-24"
351,400,90110,142,900000816,20,19000157,CU1P00675,900065,1,1.00E-06,70.01,1157,70.01,1157,1.3,890,1157,216,DLC012727,GSTAG52,28-08-2019 09:35,"D.NO.48/4,SUBRAMANIAN KOVIL,GANDHIJI ROAD,KURICHY,COIMBATORE-24"
352,400,90110,142,900000903,10,19000239,CU1K01648,900007,1,1.00E-06,8120.81,42340,8120.81,42340,14.5,2920,42340,216,ADD026193,GSTAG54,21-11-2019 09:18,"7,AEC NAGAR,RAJIV GANDHI ROADGANAPATHYCOIMBATORE - 641006"
353,400,90110,142,900000911,20,19000247,CU1P00675,900065,1,1.00E-06,113.26,1872,113.26,1872,1.3,1440,1872,216,DLC012727,GSTAG52,02-12-2019 09:46,"D.NO.48/4,SUBRAMANIAN KOVIL,GANDHIJI ROAD,KURICHY,COIMBATORE-24"
354,400,90110,142,900000885,10,19000221,CUSE00037,900072,1,1.00E-06,22304.85,116292.24,22304.85,116292.24,2280.24,51,116292.24,216,ADD063121,GSTAG54,06-11-2019 10:06,"PALAYAM ROAD,SELAKKARICHALVILLAGE, SULUR TALUK "
355,400,90110,142,900000719,10,19000063,CUSN00034,900065,1,1.00E-06,496.2,8201.5,496.2,8201.5,2.35,3490,8201.5,216,ADD062201,GSTAG52,29-05-2019 08:42,MALUMACHAMPATTICOIMBATORE 
356,400,90110,142,900000899,10,19000235,CU1P00675,900065,1,1.00E-06,428.05,7075,428.05,7075,2.5,2830,7075,216,DLC012727,GSTAG52,19-11-2019 09:00,"D.NO.48/4,SUBRAMANIAN KOVIL,GANDHIJI ROAD,KURICHY,COIMBATORE-24"
357,400,AO0400,112,180000039,10,18000038,CRE000019,,1,1.00E-06,342.9,1905,342.9,1905,0,0,1905, ,ADD027204,GSTMUL3,,ELGI INDUSTRIAL COMPLEX IIISINGANALLURCOIMBATOTRE - 641 005
358,400,90110,142,900000922,10,19000257,CRL000064,900082,1,1.00E-06,900,5000,900,5000,5000,1,5000,216,ADD073745,GSTAG14,10-12-2019 09:55,"C-301, SRI VARI MANSAROVAR APTPERKS ARCH ROADUPPILIPALAYAM P O- 641015."
359,400,90110,142,900000615,20,18000307,CUSN00034,900065,1,1.00E-06,121.8,2013,121.8,2013,1.1,1830,2013,216,ADD062201,GSTAG52,15-02-2019 08:59,MALUMACHAMPATTICOIMBATORE 
360,400,AO0400,112,180000029,10,18000028,CRE000019,,1,1.00E-06,20206.62,112259,20206.62,112259,0,0,112259, ,ADD027204,GSTMUL3,,ELGI INDUSTRIAL COMPLEX IIISINGANALLURCOIMBATOTRE - 641 005
361,400,90110,142,900000753,10,19000095,CU1K01648,900100,1,1.00E-06,577.32,3010,577.32,3010,70,43,3010,216,ADD026193,GSTAG54,28-06-2019 08:05,"7,AEC NAGAR,RAJIV GANDHI ROADGANAPATHYCOIMBATORE - 641006"
362,400,90110,142,900000854,20,19000191,CU1P00675,900065,1,1.00E-06,62.14,1027,62.14,1027,1.3,790,1027,216,DLC012727,GSTAG52,04-10-2019 08:11,"D.NO.48/4,SUBRAMANIAN KOVIL,GANDHIJI ROAD,KURICHY,COIMBATORE-24"
363,400,AO0400,112,180000052,10,19000093,SRT000017,,1,1.00E-06,2088.58,11603.2,2088.58,11603.2,0,0,11603.2, ,ADD068128,GSTMUL3,,"MC. NICHOLS ROAD,CHETPETCHENNAI -  600031 "
364,400,90110,142,900000631,10,18000323,CUSS00162,900062,1,1.00E-06,302.5,5000,302.5,5000,4,1250,5000,216,ADD062405,GSTAG52,05-03-2019 11:11,"MADURAI VEERAN KOVILKALLAPPALAYAM(PO), COIMBATORE "
365,400,90110,142,900000714,10,19000058,CUSN00034,900065,1,1.00E-06,363.97,6016,363.97,6016,2.35,2560,6016,216,ADD062201,GSTAG52,23-05-2019 10:06,MALUMACHAMPATTICOIMBATORE 
366,400,90110,142,900000685,10,19000028,CUSN00034,900065,1,1.00E-06,351.17,5804.5,351.17,5804.5,2.35,2470,5804.5,216,ADD062201,GSTAG52,24-04-2019 07:16,MALUMACHAMPATTICOIMBATORE 
367,400,90110,142,900000757,30,19000099,CUSB00023,900070,1,1.00E-06,3553.1,18525,3553.1,18525,325,57,18525,216,ADD061382,GSTAG54,03-07-2019 10:31,"CHETTIPALAYAM ROAD,EACHANARI(PO) COIMBATORE- "
368,400,90110,142,900000757,50,19000099,CUSB00023,900088,1,1.00E-06,73.84,385,73.84,385,5,77,385,216,ADD061382,GSTAG54,03-07-2019 10:31,"CHETTIPALAYAM ROAD,EACHANARI(PO) COIMBATORE- "
369,400,90110,142,900000999,10,19000334,CU1P00675,900065,1,1.00E-06,490.05,8100,490.05,8100,2.5,3240,8100,216,DLC012727,GSTAG52,14-02-2020 12:28,"D.NO.48/4,SUBRAMANIAN KOVIL,GANDHIJI ROAD,KURICHY,COIMBATORE-24"
370,400,90110,142,900000999,20,19000334,CU1P00675,900065,1,1.00E-06,83.37,1378,83.37,1378,1.3,1060,1378,216,DLC012727,GSTAG52,14-02-2020 12:28,"D.NO.48/4,SUBRAMANIAN KOVIL,GANDHIJI ROAD,KURICHY,COIMBATORE-24"
371,400,90110,142,900000641,20,18000333,CUSB00023,900053,1,1.00E-06,241.67,1260,241.67,1260,15,84,1260,216,ADD061382,GSTAG54,18-03-2019 07:28,"CHETTIPALAYAM ROAD,EACHANARI(PO) COIMBATORE- "
372,400,90110,142,900000641,50,18000333,CUSB00023,900090,1,1.00E-06,642.53,3350,642.53,3350,10,335,3350,216,ADD061382,GSTAG54,18-03-2019 07:28,"CHETTIPALAYAM ROAD,EACHANARI(PO) COIMBATORE- "
373,400,90110,142,900000641,60,18000333,CUSB00023,900091,1,1.00E-06,40.28,210,40.28,210,15,14,210,216,ADD061382,GSTAG54,18-03-2019 07:28,"CHETTIPALAYAM ROAD,EACHANARI(PO) COIMBATORE- "
374,400,90110,142,900000594,20,18000286,CU1K01648,900009,1,1.00E-06,30596.9,159525,30596.9,159525,22.5,7090,159525,216,ADD026193,GSTAG54,01-02-2019 10:00,"7,AEC NAGAR,RAJIV GANDHI ROADGANAPATHYCOIMBATORE - 641006"
375,400,90110,142,900000636,20,18000328,CUSN00034,900065,1,1.00E-06,49.25,814,49.25,814,1.1,740,814,216,ADD062201,GSTAG52,12-03-2019 11:18,MALUMACHAMPATTICOIMBATORE 
376,400,90110,142,900000793,60,19000135,CUSB00023,900090,1,1.00E-06,243.59,1270,243.59,1270,10,127,1270,216,ADD061382,GSTAG54,05-08-2019 08:55,"CHETTIPALAYAM ROAD,EACHANARI(PO) COIMBATORE- "
377,400,90110,142,900000793,80,19000135,CUSB00023,900095,1,1.00E-06,15.34,80,15.34,80,40,2,80,216,ADD061382,GSTAG54,05-08-2019 08:55,"CHETTIPALAYAM ROAD,EACHANARI(PO) COIMBATORE- "
378,400,AO0400,112,190000094,10,19000110,CRA000276,,1,1.00E-06,257909.58,1432831,257909.58,1432831,1432831,1,1432831, ,ADD025211,GSTMUL3,,"S2/A,11 PRIVATE INDUSTRIAL ESTATEKURICHYCOIMBATORE-641021"
379,400,AO0400,112,190000095,10,19000111,CRA000276,,1,1.00E-06,3582.9,19905,3582.9,19905,19905,1,19905, ,ADD025211,GSTMUL3,,"S2/A,11 PRIVATE INDUSTRIAL ESTATEKURICHYCOIMBATORE-641021"
380,400,AO0400,112,190000099,10,19000115,CRC000062,,1,1.00E-06,450,2500,450,2500,2500,1,2500, ,ADD070520,GSTMUL3,,"INDIA HOUSE1443/1, TRICHY ROADCOIMBATORE – 641018"
381,400,90110,142,900000717,20,19000061,CUSN00034,900065,1,1.00E-06,95.83,1584,95.83,1584,1.1,1440,1584,216,ADD062201,GSTAG52,28-05-2019 08:44,MALUMACHAMPATTICOIMBATORE 
382,400,90110,142,900000666,10,19000009,CUSN00034,900065,1,1.00E-06,442.16,7308.5,442.16,7308.5,2.35,3110,7308.5,216,ADD062201,GSTAG52,11-04-2019 09:12,MALUMACHAMPATTICOIMBATORE 
383,400,90110,142,900000771,20,19000113,CU1P00675,900065,1,1.00E-06,97.53,1612,97.53,1612,1.3,1240,1612,216,DLC012727,GSTAG52,17-07-2019 08:58,"D.NO.48/4,SUBRAMANIAN KOVIL,GANDHIJI ROAD,KURICHY,COIMBATORE-24"
384,400,90110,142,900000893,20,19000229,CU1P00675,900065,1,1.00E-06,101.47,1677,101.47,1677,1.3,1290,1677,216,DLC012727,GSTAG52,13-11-2019 09:59,"D.NO.48/4,SUBRAMANIAN KOVIL,GANDHIJI ROAD,KURICHY,COIMBATORE-24"
385,400,90110,142,900000671,20,19000014,CUSN00034,900065,1,1.00E-06,88.52,1463,88.52,1463,1.1,1330,1463,216,ADD062201,GSTAG52,16-04-2019 07:29,MALUMACHAMPATTICOIMBATORE 
386,400,90110,142,900000733,20,19000075,CU1K01648,900009,1,1.00E-06,11814.88,61600,11814.88,61600,22,2800,61600,216,ADD026193,GSTAG54,13-06-2019 12:02,"7,AEC NAGAR,RAJIV GANDHI ROADGANAPATHYCOIMBATORE - 641006"
387,400,90110,142,900000833,10,19000171,CUSB00023,900052,1,1.00E-06,95.9,500,95.9,500,250,2,500,216,ADD061382,GSTAG54,11-09-2019 10:23,"CHETTIPALAYAM ROAD,EACHANARI(PO) COIMBATORE- "
388,400,90110,142,900000833,30,19000171,CUSB00023,900070,1,1.00E-06,2742.74,14300,2742.74,14300,325,44,14300,216,ADD061382,GSTAG54,11-09-2019 10:23,"CHETTIPALAYAM ROAD,EACHANARI(PO) COIMBATORE- "
389,400,90110,142,900000835,20,19000173,CU1P00675,900065,1,1.00E-06,193.48,3198,193.48,3198,1.3,2460,3198,216,DLC012727,GSTAG52,13-09-2019 10:44,"D.NO.48/4,SUBRAMANIAN KOVIL,GANDHIJI ROAD,KURICHY,COIMBATORE-24"
390,400,90110,142,900000686,10,19000029,CUSN00034,900065,1,1.00E-06,447.85,7402.5,447.85,7402.5,2.35,3150,7402.5,216,ADD062201,GSTAG52,25-04-2019 06:46,MALUMACHAMPATTICOIMBATORE 
391,400,90110,142,900000756,10,19000098,CUSS00162,900062,1,1.00E-06,121,2000,121,2000,4,500,2000,216,ADD062405,GSTAG52,02-07-2019 12:02,"MADURAI VEERAN KOVILKALLAPPALAYAM(PO), COIMBATORE "
392,400,AO0400,112,190000075,10,19000082,CU1C01600,,1,1.00E-06,82036.62,455759,82036.62,455759,455759,1,455759, ,ADD039470,GSTMUL3,,"EXCISE,TRICHY ROADCOIMBATORE "
393,400,AO0400,112,190000076,10,19000083,CRE000072,,1,1.00E-06,63000,350000,63000,350000,350000,1,350000, ,ADD072678,GSTMUL3,,"1ST FLOOR, 1443/1INDIA HOUSE, TRICHY ROADCOIMBATORE"
394,400,AO0400,112,190000078,10,19000085,CRE000019,,1,1.00E-06,2798.82,15549,2798.82,15549,15549,1,15549, ,ADD027204,GSTMUL3,,ELGI INDUSTRIAL COMPLEX IIISINGANALLURCOIMBATOTRE - 641 005
395,400,90110,142,900000808,20,19000149,CU1P00675,900065,1,1.00E-06,90.46,1495,90.46,1495,1.3,1150,1495,216,DLC012727,GSTAG52,24-08-2019 07:48,"D.NO.48/4,SUBRAMANIAN KOVIL,GANDHIJI ROAD,KURICHY,COIMBATORE-24"
396,400,90110,142,900000970,20,19000305,CU1N00515,900056,1,1.00E-06,345.62,1801.95,345.62,1801.95,2.93,615,1801.95,216,ADD011057,GSTAG54,21-01-2020 11:07,SARAVANAMPATTI ROADVELLAKINAR VILLAGECOIMBATORE-29
397,400,90110,142,900000625,10,18000317,CU1K01648,900010,1,1.00E-06,56066.98,292320,56066.98,292320,24,12180,292320,216,ADD026193,GSTAG54,01-03-2019 05:54,"7,AEC NAGAR,RAJIV GANDHI ROADGANAPATHYCOIMBATORE - 641006"
398,400,90110,142,900000780,10,19000122,CU1P00675,900065,1,1.00E-06,411.4,6800,411.4,6800,2.5,2720,6800,216,DLC012727,GSTAG52,25-07-2019 09:25,"D.NO.48/4,SUBRAMANIAN KOVIL,GANDHIJI ROAD,KURICHY,COIMBATORE-24"
399,400,90110,142,900000781,20,19000123,CU1K01648,900009,1,1.00E-06,15063.97,78540,15063.97,78540,22,3570,78540,216,ADD026193,GSTAG54,25-07-2019 11:57,"7,AEC NAGAR,RAJIV GANDHI ROADGANAPATHYCOIMBATORE - 641006"
400,400,AO0400,112,180000057,10,19000098,SRT000017,,1,1.00E-06,1874.63,10414.6,1874.63,10414.6,0,0,10414.6, ,ADD068128,GSTMUL3,,"MC. NICHOLS ROAD,CHETPETCHENNAI -  600031 "
401,400,AO0400,112,180000058,10,19000099,SRT000017,,1,1.00E-06,1012.46,5624.8,1012.46,5624.8,0,0,5624.8, ,ADD068128,GSTMUL3,,"MC. NICHOLS ROAD,CHETPETCHENNAI -  600031 "
402,400,AO0400,112,180000060,10,19000101,SRT000017,,1,1.00E-06,2687.2,14928.9,2687.2,14928.9,0,0,14928.9, ,ADD068128,GSTMUL3,,"MC. NICHOLS ROAD,CHETPETCHENNAI -  600031 "
403,400,90110,142,900000976,10,19000311,CRB000037,900083,1,1.00E-06,136.13,2250,136.13,2250,5,450,2250,216,ADD067517,GSTAG52,28-01-2020 09:08,"NO.20,NAZZ THEATRE ROADCOIMBATORE "
404,400,90110,142,900000638,10,18000330,CUSN00034,900065,1,1.00E-06,354.02,5851.5,354.02,5851.5,2.35,2490,5851.5,216,ADD062201,GSTAG52,14-03-2019 09:52,MALUMACHAMPATTICOIMBATORE 
405,400,90110,142,900000840,20,19000178,CU1K01648,900009,1,1.00E-06,11070.7,57720,11070.7,57720,18.5,3120,57720,216,ADD026193,GSTAG54,19-09-2019 07:34,"7,AEC NAGAR,RAJIV GANDHI ROADGANAPATHYCOIMBATORE - 641006"
406,400,90110,142,900000972,20,19000307,CU1P00675,900065,1,1.00E-06,54.28,897,54.28,897,1.3,690,897,216,DLC012727,GSTAG52,22-01-2020 08:01,"D.NO.48/4,SUBRAMANIAN KOVIL,GANDHIJI ROAD,KURICHY,COIMBATORE-24"
407,400,90110,142,900000613,20,18000305,CUSN00034,900065,1,1.00E-06,65.89,1089,65.89,1089,1.1,990,1089,216,ADD062201,GSTAG52,14-02-2019 09:50,MALUMACHAMPATTICOIMBATORE 
408,400,90110,142,900000814,10,19000155,CU1K01648,900007,1,1.00E-06,2475.18,12905,2475.18,12905,14.5,890,12905,216,ADD026193,GSTAG54,27-08-2019 12:06,"7,AEC NAGAR,RAJIV GANDHI ROADGANAPATHYCOIMBATORE - 641006"
409,400,90110,142,900000815,10,19000156,CU1C00683,900013,1,1.00E-06,48839.76,254639,48839.76,254639,77,3307,254639,216,ADD002919,GSTAG54,27-08-2019 12:14,KARUMBUKADAICOIMBATRORE 
410,400,90110,142,900000809,10,19000150,CU1K01648,900007,1,1.00E-06,9344.5,48720,9344.5,48720,14.5,3360,48720,216,ADD026193,GSTAG54,24-08-2019 10:31,"7,AEC NAGAR,RAJIV GANDHI ROADGANAPATHYCOIMBATORE - 641006"
411,400,90110,142,900000947,10,19000282,CU1G99999,900106,1,1.00E-06,76.26,423.72,76.26,423.72,423.72,1,423.72,216,ADD074276,GSTAG14,31-12-2019 06:16,M.K.N.ROADCHENNAI-600 032. 
412,400,90110,142,900000948,10,19000283,CU1G99999,900106,1,1.00E-06,76.27,423.72,76.27,423.72,423.72,1,423.72,216,ADD074279,GSTAG18,31-12-2019 06:29,DAHANU ROAD(E)PALGHAR-401 602 
413,400,90110,142,900000894,10,19000230,CU1P00675,900065,1,1.00E-06,326.7,5400,326.7,5400,2.5,2160,5400,216,DLC012727,GSTAG52,15-11-2019 10:08,"D.NO.48/4,SUBRAMANIAN KOVIL,GANDHIJI ROAD,KURICHY,COIMBATORE-24"
414,400,AO0400,112,190000018,10,19000016,CRA000276,,1,1.00E-06,325.71,1809.5,325.71,1809.5,1809.5,1,1809.5, ,ADD025211,GSTMUL3,,"S2/A,11 PRIVATE INDUSTRIAL ESTATEKURICHYCOIMBATORE-641021"
415,400,90110,142,900000776,10,19000118,CRB000037,900083,1,1.00E-06,157.3,2600,157.3,2600,5,520,2600,216,ADD067517,GSTAG52,19-07-2019 08:20,"NO.20,NAZZ THEATRE ROADCOIMBATORE "
416,400,90110,142,900000933,10,19000268,CUSS00162,900062,1,1.00E-06,121,2000,121,2000,2.5,800,2000,216,ADD062405,GSTAG52,17-12-2019 11:11,"MADURAI VEERAN KOVILKALLAPPALAYAM(PO), COIMBATORE "
417,400,90110,142,900000906,10,19000242,CU1P00675,900065,1,1.00E-06,487.03,8050,487.03,8050,2.5,3220,8050,216,DLC012727,GSTAG52,25-11-2019 07:34,"D.NO.48/4,SUBRAMANIAN KOVIL,GANDHIJI ROAD,KURICHY,COIMBATORE-24"
418,400,90110,142,900000650,10,18000342,CRB000037,900083,1,1.00E-06,223.85,3700,223.85,3700,5,740,3700,216,ADD067517,GSTAG52,26-03-2019 08:22,"NO.20,NAZZ THEATRE ROADCOIMBATORE "
419,400,90110,142,900000652,10,18000344,CUSS00162,900062,1,1.00E-06,302.5,5000,302.5,5000,4,1250,5000,216,ADD062405,GSTAG52,26-03-2019 09:56,"MADURAI VEERAN KOVILKALLAPPALAYAM(PO), COIMBATORE "
420,400,90110,142,900000827,20,19000165,CU1P00675,900065,1,1.00E-06,81.8,1352,81.8,1352,1.3,1040,1352,216,DLC012727,GSTAG52,05-09-2019 12:29,"D.NO.48/4,SUBRAMANIAN KOVIL,GANDHIJI ROAD,KURICHY,COIMBATORE-24"
421,400,90110,142,900000932,10,19000267,CU1K01648,900007,1,1.00E-06,12125.6,63220,12125.6,63220,14.5,4360,63220,216,ADD026193,GSTAG54,17-12-2019 09:04,"7,AEC NAGAR,RAJIV GANDHI ROADGANAPATHYCOIMBATORE - 641006"
422,400,90110,142,900000932,30,19000267,CU1K01648,900009,1,1.00E-06,4465.1,23280,4465.1,23280,24,970,23280,216,ADD026193,GSTAG54,17-12-2019 09:04,"7,AEC NAGAR,RAJIV GANDHI ROADGANAPATHYCOIMBATORE - 641006"
423,400,90110,142,900000758,20,19000100,CU1P00675,900065,1,1.00E-06,103.04,1703,103.04,1703,1.3,1310,1703,216,DLC012727,GSTAG52,04-07-2019 08:57,"D.NO.48/4,SUBRAMANIAN KOVIL,GANDHIJI ROAD,KURICHY,COIMBATORE-24"
424,400,90110,142,900000782,10,19000124,CU1K01648,900007,1,1.00E-06,10205.68,53210,10205.68,53210,17,3130,53210,216,ADD026193,GSTAG54,26-07-2019 10:03,"7,AEC NAGAR,RAJIV GANDHI ROADGANAPATHYCOIMBATORE - 641006"
425,400,90110,142,900000784,10,19000126,CRB000037,900083,1,1.00E-06,117.98,1950,117.98,1950,5,390,1950,216,ADD067517,GSTAG52,26-07-2019 12:14,"NO.20,NAZZ THEATRE ROADCOIMBATORE "
426,400,90110,142,900000853,20,19000190,CU1P00675,900065,1,1.00E-06,103.82,1716,103.82,1716,1.3,1320,1716,216,DLC012727,GSTAG52,03-10-2019 09:46,"D.NO.48/4,SUBRAMANIAN KOVIL,GANDHIJI ROAD,KURICHY,COIMBATORE-24"
427,400,90110,142,900000863,10,19000200,CU1K01648,900007,1,1.00E-06,8565.79,44660,8565.79,44660,14.5,3080,44660,216,ADD026193,GSTAG54,16-10-2019 09:50,"7,AEC NAGAR,RAJIV GANDHI ROADGANAPATHYCOIMBATORE - 641006"
428,400,AO0400,112,190000102,10,19000118,CU1C01600,,1,1.00E-06,82036.62,455759,82036.62,455759,455759,1,455759, ,ADD039470,GSTMUL3,,"EXCISE,TRICHY ROADCOIMBATORE "
429,400,AO0400,112,190000112,10,19000128,CRC000062,,1,1.00E-06,450,2500,450,2500,2500,1,2500, ,ADD070520,GSTMUL3,,"INDIA HOUSE1443/1, TRICHY ROADCOIMBATORE – 641018"
430,400,AO0400,112,180000033,10,18000032,CRA000276,,1,1.00E-06,3257.1,18095,3257.1,18095,0,0,18095, ,ADD025211,GSTMUL3,,"S2/A,11 PRIVATE INDUSTRIAL ESTATEKURICHYCOIMBATORE-641021"
431,400,90110,142,900000858,10,19000195,CU1P00675,900065,1,1.00E-06,474.93,7850,474.93,7850,2.5,3140,7850,216,DLC012727,GSTAG52,11-10-2019 09:26,"D.NO.48/4,SUBRAMANIAN KOVIL,GANDHIJI ROAD,KURICHY,COIMBATORE-24"
432,400,AO0400,112,190000006,10,19000005,CRA000276,,1,1.00E-06,88380,491000,88380,491000,491000,1,491000, ,ADD025211,GSTMUL3,,"S2/A,11 PRIVATE INDUSTRIAL ESTATEKURICHYCOIMBATORE-641021"
433,400,90110,142,900000710,10,19000054,CUSN00034,900065,1,1.00E-06,301.41,4982,301.41,4982,2.35,2120,4982,216,ADD062201,GSTAG52,20-05-2019 07:03,MALUMACHAMPATTICOIMBATORE 
434,400,AO0400,112,190000089,10,19000105,CU1C01600,,1,1.00E-06,82036.62,455759,82036.62,455759,455759,1,455759, ,ADD039470,GSTMUL3,,"EXCISE,TRICHY ROADCOIMBATORE "
435,400,90110,142,900000937,10,19000272,CU1P00675,900065,1,1.00E-06,444.68,7350,444.68,7350,2.5,2940,7350,216,DLC012727,GSTAG52,20-12-2019 10:23,"D.NO.48/4,SUBRAMANIAN KOVIL,GANDHIJI ROAD,KURICHY,COIMBATORE-24"
436,400,90110,142,900000912,10,19000248,CUSB00023,900052,1,1.00E-06,383.6,2000,383.6,2000,250,8,2000,216,ADD061382,GSTAG54,02-12-2019 10:55,"CHETTIPALAYAM ROAD,EACHANARI(PO) COIMBATORE- "
437,400,90110,142,900000912,70,19000248,CUSB00023,900091,1,1.00E-06,17.26,90,17.26,90,15,6,90,216,ADD061382,GSTAG54,02-12-2019 10:55,"CHETTIPALAYAM ROAD,EACHANARI(PO) COIMBATORE- "
438,400,90110,142,900000914,10,19000249,CU1A01328,900104,1,1.00E-06,5400,30000,5400,30000,30000,1,30000,216,ADD001390,GSTAG14,04-12-2019 06:37,"2/31A  THENNAMPLAYAMARASUR, COIMBATORE641 407-TN"
439,400,90110,142,900000961,20,19000296,CRJ000095,900013,1,1.00E-06,13291.74,69300,13291.74,69300,77,900,69300,216,ADD073900,GSTAG54,07-01-2020 09:18,"52,SIVANANDA STREETAUNPPARPALAYAM PUDURANUPPARPALAYAM POST"
440,400,90110,142,900000943,20,19000278,CUSB00023,900070,1,1.00E-06,3303.76,17225,3303.76,17225,325,53,17225,216,ADD061382,GSTAG54,27-12-2019 10:50,"CHETTIPALAYAM ROAD,EACHANARI(PO) COIMBATORE- "
441,400,90110,142,900000633,20,18000325,CUSN00034,900065,1,1.00E-06,89.18,1474,89.18,1474,1.1,1340,1474,216,ADD062201,GSTAG52,07-03-2019 12:04,MALUMACHAMPATTICOIMBATORE 
442,400,90110,142,900000762,20,19000104,CU1P00675,900065,1,1.00E-06,148.66,2457,148.66,2457,1.3,1890,2457,216,DLC012727,GSTAG52,08-07-2019 10:22,"D.NO.48/4,SUBRAMANIAN KOVIL,GANDHIJI ROAD,KURICHY,COIMBATORE-24"
443,400,90110,142,900000646,10,18000338,CU1EMP,900070,1,1.00E-06,243,1350,243,1350,225,6,1350,216,ADD000037,GSTAG14,21-03-2019 07:06,ELGI EQUIPMENT S LIMITEDEIC-SINGANALLURCOIMBATORE- 641 005.
444,400,AO0400,112,180000048,10,19000064,SU1T00608,,1,1.00E-06,8280,46000,8280,46000,0,0,46000, ,ADD053740,GSTMUL3,,"EDAYAR STREET,COIMBATORE "
445,400,90110,142,900000711,10,19000055,CU1EMP,900070,1,1.00E-06,81,450,81,450,225,2,450,216,ADD000037,GSTAG14,21-05-2019 03:19,ELGI EQUIPMENT S LIMITEDEIC-SINGANALLURCOIMBATORE- 641 005.
446,400,90110,142,900000991,10,19000326,CU1K01648,900007,1,1.00E-06,4839.11,25230,4839.11,25230,14.5,1740,25230,216,ADD026193,GSTAG54,07-02-2020 09:12,"7,AEC NAGAR,RAJIV GANDHI ROADGANAPATHYCOIMBATORE - 641006"
447,400,90110,142,900000991,20,19000326,CU1K01648,900009,1,1.00E-06,20615.62,107485,20615.62,107485,18.5,5810,107485,216,ADD026193,GSTAG54,07-02-2020 09:12,"7,AEC NAGAR,RAJIV GANDHI ROADGANAPATHYCOIMBATORE - 641006"
448,400,90110,142,900000995,20,19000330,CU1P00675,900065,1,1.00E-06,132.93,2197,132.93,2197,1.3,1690,2197,216,DLC012727,GSTAG52,11-02-2020 10:01,"D.NO.48/4,SUBRAMANIAN KOVIL,GANDHIJI ROAD,KURICHY,COIMBATORE-24"
449,400,90110,142,900000983,20,19000318,CU1P00675,900065,1,1.00E-06,95.95,1586,95.95,1586,1.3,1220,1586,216,DLC012727,GSTAG52,03-02-2020 10:11,"D.NO.48/4,SUBRAMANIAN KOVIL,GANDHIJI ROAD,KURICHY,COIMBATORE-24"
450,400,AO0400,112,190000035,10,19000033,CU1C01600,,1,1.00E-06,82036.62,455759,82036.62,455759,455759,1,455759, ,ADD039470,GSTMUL3,,"EXCISE,TRICHY ROADCOIMBATORE "
451,400,90110,142,900000725,10,19000069,CUSB00023,900052,1,1.00E-06,815.15,4250,815.15,4250,250,17,4250,216,ADD061382,GSTAG54,05-06-2019 10:38,"CHETTIPALAYAM ROAD,EACHANARI(PO) COIMBATORE- "
452,400,90110,142,900000725,20,19000069,CUSB00023,900053,1,1.00E-06,172.62,900,172.62,900,15,60,900,216,ADD061382,GSTAG54,05-06-2019 10:38,"CHETTIPALAYAM ROAD,EACHANARI(PO) COIMBATORE- "
453,400,90110,142,900000725,30,19000069,CUSB00023,900070,1,1.00E-06,2992.08,15600,2992.08,15600,325,48,15600,216,ADD061382,GSTAG54,05-06-2019 10:38,"CHETTIPALAYAM ROAD,EACHANARI(PO) COIMBATORE- "
454,400,90110,142,900000725,60,19000069,CUSB00023,900090,1,1.00E-06,343.32,1790,343.32,1790,10,179,1790,216,ADD061382,GSTAG54,05-06-2019 10:38,"CHETTIPALAYAM ROAD,EACHANARI(PO) COIMBATORE- "
455,400,90110,142,900000725,70,19000069,CUSB00023,900091,1,1.00E-06,172.62,900,172.62,900,15,60,900,216,ADD061382,GSTAG54,05-06-2019 10:38,"CHETTIPALAYAM ROAD,EACHANARI(PO) COIMBATORE- "
456,400,90110,142,900000829,10,19000167,CU1K01648,900007,1,1.00E-06,11402.51,59450,11402.51,59450,14.5,4100,59450,216,ADD026193,GSTAG54,09-09-2019 09:27,"7,AEC NAGAR,RAJIV GANDHI ROADGANAPATHYCOIMBATORE - 641006"
457,400,90110,142,900000907,10,19000243,CU1P00675,900065,1,1.00E-06,378.13,6250,378.13,6250,2.5,2500,6250,216,DLC012727,GSTAG52,27-11-2019 09:50,"D.NO.48/4,SUBRAMANIAN KOVIL,GANDHIJI ROAD,KURICHY,COIMBATORE-24"
458,400,90110,142,900000940,20,19000275,CU1P00675,900065,1,1.00E-06,92.81,1534,92.81,1534,1.3,1180,1534,216,DLC012727,GSTAG52,24-12-2019 10:05,"D.NO.48/4,SUBRAMANIAN KOVIL,GANDHIJI ROAD,KURICHY,COIMBATORE-24"
459,400,90110,142,900000898,10,19000234,CUSS00162,900062,1,1.00E-06,121,2000,121,2000,2.5,800,2000,216,ADD062405,GSTAG52,18-11-2019 11:58,"MADURAI VEERAN KOVILKALLAPPALAYAM(PO), COIMBATORE "
460,400,90110,142,900000981,10,19000316,CRB000037,900083,1,1.00E-06,142.18,2350,142.18,2350,5,470,2350,216,ADD067517,GSTAG52,31-01-2020 10:14,"NO.20,NAZZ THEATRE ROADCOIMBATORE "
461,400,90110,142,900000627,40,18000319,CU1C00683,900084,1,1.00E-06,4844.1,25256,4844.1,25256,82,308,25256,216,ADD002919,GSTAG54,04-03-2019 09:55,KARUMBUKADAICOIMBATRORE 
462,400,90110,142,900000689,10,19000032,CUSN00034,900065,1,1.00E-06,351.17,5804.5,351.17,5804.5,2.35,2470,5804.5,216,ADD062201,GSTAG52,29-04-2019 08:54,MALUMACHAMPATTICOIMBATORE 
463,400,90110,142,900000689,20,19000032,CUSN00034,900065,1,1.00E-06,83.85,1386,83.85,1386,1.1,1260,1386,216,ADD062201,GSTAG52,29-04-2019 08:54,MALUMACHAMPATTICOIMBATORE 
464,400,90110,142,900000935,20,19000270,CU1P00675,900065,1,1.00E-06,109.33,1807,109.33,1807,1.3,1390,1807,216,DLC012727,GSTAG52,18-12-2019 09:13,"D.NO.48/4,SUBRAMANIAN KOVIL,GANDHIJI ROAD,KURICHY,COIMBATORE-24"
465,400,90110,142,900000669,10,19000012,CRB000037,900083,1,1.00E-06,181.5,3000,181.5,3000,5,600,3000,216,ADD067463,GSTAG52,12-04-2019 10:45,VILLARASAMPATTI (PO)ERODE 
466,400,90110,142,900000915,20,19000250,CU1P00675,900065,1,1.00E-06,74.73,1235,74.73,1235,1.3,950,1235,216,DLC012727,GSTAG52,04-12-2019 11:23,"D.NO.48/4,SUBRAMANIAN KOVIL,GANDHIJI ROAD,KURICHY,COIMBATORE-24"
467,400,90110,142,900000008,10,17000008,CU1A03177,900065,1,1.00E-06,261.36,4320,261.36,4320,2.25,1920,4320,216,ADD025211,AGG0150,18-04-2017 10:26,"S2/A,11 PRIVATE INDUSTRIAL ESTATEKURICHYCOIMBATORE-641021"
468,400,90110,142,900000044,20,17000050,CU1P00675,900065,1,1.00E-06,56.87,940,56.87,940,1,940,940,216,ADD011345,AGG0150,06-06-2017 09:57,H O 97 BILAL NAGARKARUMBUKKADAICOIMBATORE
469,400,90110,142,900000007,10,17000006,CU1P00675,900065,1,1.00E-06,224.61,3712.5,224.61,3712.5,2.25,1650,3712.5,216,ADD011345,AGG0150,18-04-2017 09:20,H O 97 BILAL NAGARKARUMBUKKADAICOIMBATORE
470,400,90110,142,900000025,10,17000030,CU1P00675,900065,1,1.00E-06,238.22,3937.5,238.22,3937.5,2.25,1750,3937.5,216,ADD011345,AGG0150,15-05-2017 08:33,H O 97 BILAL NAGARKARUMBUKKADAICOIMBATORE
471,400,90110,142,900000061,10,17000067,CU1P00675,900065,1,1.00E-06,321.26,5310,321.26,5310,2.25,2360,5310,216,ADD011345,AGG0150,22-06-2017 08:52,H O 97 BILAL NAGARKARUMBUKKADAICOIMBATORE
472,400,90110,142,900000063,20,17000070,CU1P00675,900065,1,1.00E-06,78.65,1300,78.65,1300,1,1300,1300,216,ADD011345,AGG0150,28-06-2017 09:22,H O 97 BILAL NAGARKARUMBUKKADAICOIMBATORE
473,400,90110,142,900000018,20,17000022,CU1P00675,900065,1,1.00E-06,122.21,2020,122.21,2020,1,2020,2020,216,ADD011345,AGG0150,03-05-2017 09:07,H O 97 BILAL NAGARKARUMBUKKADAICOIMBATORE
474,400,90110,142,900000035,20,17000041,CU1K01648,900009,1,1.00E-06,10041.66,52012.5,10041.66,52012.5,14.25,3650,52012.5,213,ADD026193,AGG0126,29-05-2017 10:19,"7,AEC NAGAR,RAJIV GANDHI ROADGANAPATHYCOIMBATORE - 641006"
475,400,90110,142,900000074,20,17001009,CU1C00683,900031,1,1.00E-06,15344,80000,15344,80000,40000,2,80000,216,ADD002919,GSTAG54,18-07-2017 07:06,KARUMBUKADAICOIMBATRORE 
476,400,90110,141,900000105,10,17000002,CU1E00893,900009,1,1.00E-06,0,32500,0,32500,13,2500,32500,215,ADD036894,GSTAG01,18-08-2017 07:29,"(FOUNDRY) KODANGIPALAYAM VILL.,KOTHAVADI ROADKINATHUKADAVU POPOLLACHI TALUK,COIMBATORE DIST"
477,400,90110,141,900000105,20,17000002,CU1E00893,900010,1,1.00E-06,0,125400,0,125400,22,5700,125400,215,ADD036894,GSTAG01,18-08-2017 07:29,"(FOUNDRY) KODANGIPALAYAM VILL.,KOTHAVADI ROADKINATHUKADAVU POPOLLACHI TALUK,COIMBATORE DIST"
478,400,90110,142,900000068,10,17001003,CU1P00675,900065,1,1.00E-06,518.63,8572.5,518.63,8572.5,2.25,3810,8572.5,216,DLC012727,GSTAG52,11-07-2017 09:46,"D.NO.48/4,SUBRAMANIAN KOVIL,GANDHIJI ROAD,KURICHY,COIMBATORE-24"
479,400,90110,142,900000077,10,17001012,CU1P00675,900065,1,1.00E-06,348.48,5760,348.48,5760,2.25,2560,5760,216,ADD011345,GSTAG52,24-07-2017 10:01,H O 97 BILAL NAGARKARUMBUKKADAICOIMBATORE
480,400,90110,142,900000081,10,17001015,CU1P00675,900052,1,1.00E-06,1380.96,7200,1380.96,7200,225,32,7200,216,DLC012727,GSTAG54,27-07-2017 11:18,"D.NO.48/4,SUBRAMANIAN KOVIL,GANDHIJI ROAD,KURICHY,COIMBATORE-24"
481,400,90110,142,900000083,10,17001017,CU1K02010,900072,1,1.00E-06,1301.55,6786,1301.55,6786,754,9,6786,216,ADD031226,GSTAG54,31-07-2017 05:58, COIMBATORE 
482,400,90110,142,900000095,10,17001030,CU1P00675,900065,1,1.00E-06,447.85,7402.5,447.85,7402.5,2.25,3290,7402.5,216,ADD011345,GSTAG52,10-08-2017 09:50,H O 97 BILAL NAGARKARUMBUKKADAICOIMBATORE
483,400,90110,142,900000096,10,17001031,CU1EMP,900070,1,1.00E-06,81,450,81,450,225,2,450,216,ADD000037,GSTAG14,10-08-2017 10:32,ELGI EQUIPMENT S LIMITEDEIC-SINGANALLURCOIMBATORE- 641 005.
484,400,90110,142,900000113,10,17001046,CU1EMP,900070,1,1.00E-06,81,450,81,450,225,2,450,216,ADD000037,GSTAG14,31-08-2017 08:42,ELGI EQUIPMENT S LIMITEDEIC-SINGANALLURCOIMBATORE- 641 005.
485,400,90110,142,900000155,10,17001088,CU1P00675,900052,1,1.00E-06,1438.5,7500,1438.5,7500,250,30,7500,216,DLC012727,GSTAG54,16-10-2017 09:33,"D.NO.48/4,SUBRAMANIAN KOVIL,GANDHIJI ROAD,KURICHY,COIMBATORE-24"
486,400,90110,142,900000112,20,17001045,CU1P00675,900065,1,1.00E-06,62.92,1040,62.92,1040,1,1040,1040,216,DLC012727,GSTAG52,30-08-2017 11:04,"D.NO.48/4,SUBRAMANIAN KOVIL,GANDHIJI ROAD,KURICHY,COIMBATORE-24"
487,400,90110,142,900000116,20,17001049,CU1P00675,900065,1,1.00E-06,127.66,2110,127.66,2110,1,2110,2110,216,DLC012727,GSTAG52,31-08-2017 12:41,"D.NO.48/4,SUBRAMANIAN KOVIL,GANDHIJI ROAD,KURICHY,COIMBATORE-24"
488,400,90110,142,900000125,20,17001058,CU1K01648,900009,1,1.00E-06,4913.92,25620,4913.92,25620,15.25,1680,25620,216,ADD026193,GSTAG54,07-09-2017 10:07,"7,AEC NAGAR,RAJIV GANDHI ROADGANAPATHYCOIMBATORE - 641006"
489,400,90110,142,900000128,10,17001061,CUSM00010,900065,1,1.00E-06,333.5,5512.5,333.5,5512.5,2.25,2450,5512.5,216,ADD060293,GSTAG52,11-09-2017 09:21,"OPP-SUBRAMANI KOIL,GANDHIJI ROAD, KURICHY,SUNDHARAPURAMCOIMBATORE "
490,400,90110,142,900000164,20,17001097,CUSS00051,900065,1,1.00E-06,81.68,1350,81.68,1350,1,1350,1350,216,ADD060584,GSTAG52,30-10-2017 10:01,"KURICHY,SUNDHARAPURAM,COIMBATORE "
491,400,90110,142,900000172,10,17001105,CU1EMP,900070,1,1.00E-06,81,450,81,450,225,2,450,216,ADD000037,GSTAG14,08-11-2017 05:16,ELGI EQUIPMENT S LIMITEDEIC-SINGANALLURCOIMBATORE- 641 005.
492,400,90110,142,900000174,20,17001107,CU1P00675,900065,1,1.00E-06,91.96,1520,91.96,1520,1,1520,1520,216,ADD011345,GSTAG52,09-11-2017 08:16,H O 97 BILAL NAGARKARUMBUKKADAICOIMBATORE
493,400,90110,142,900000182,20,17001115,CU1P00675,900065,1,1.00E-06,85.31,1410,85.31,1410,1,1410,1410,216,DLC012727,GSTAG52,17-11-2017 08:38,"D.NO.48/4,SUBRAMANIAN KOVIL,GANDHIJI ROAD,KURICHY,COIMBATORE-24"
494,400,90110,142,900000165,10,17001098,CUSS00051,900065,1,1.00E-06,315.81,5220,315.81,5220,2.25,2320,5220,216,ADD060584,GSTAG52,01-11-2017 08:55,"KURICHY,SUNDHARAPURAM,COIMBATORE "
495,400,90110,142,900000165,20,17001098,CUSS00051,900065,1,1.00E-06,93.78,1550,93.78,1550,1,1550,1550,216,ADD060584,GSTAG52,01-11-2017 08:55,"KURICHY,SUNDHARAPURAM,COIMBATORE "
496,400,90110,142,900000194,10,17001125,CU1P00675,900065,1,1.00E-06,220.53,3645,220.53,3645,2.25,1620,3645,216,DLC012727,GSTAG52,30-11-2017 09:33,"D.NO.48/4,SUBRAMANIAN KOVIL,GANDHIJI ROAD,KURICHY,COIMBATORE-24"
497,400,90110,142,900000207,10,17001138,CU1EMP,900070,1,1.00E-06,40.5,225,40.5,225,225,1,225,216,ADD000037,GSTAG14,08-12-2017 11:30,ELGI EQUIPMENT S LIMITEDEIC-SINGANALLURCOIMBATORE- 641 005.
498,400,90110,142,900000208,10,17001139,CUSM00010,900065,1,1.00E-06,368.9,6097.5,368.9,6097.5,2.25,2710,6097.5,216,ADD060293,GSTAG52,12-12-2017 08:13,"OPP-SUBRAMANI KOIL,GANDHIJI ROAD, KURICHY,SUNDHARAPURAMCOIMBATORE "
499,400,90110,142,900000221,20,17001152,CU1C00683,900084,1,1.00E-06,4936.93,25740,4936.93,25740,78,330,25740,216,ADD002919,GSTAG54,02-01-2018 08:29,KARUMBUKADAICOIMBATRORE 
500,400,90110,142,900000222,10,17001153,CUSM00010,900065,1,1.00E-06,333.5,5512.5,333.5,5512.5,2.25,2450,5512.5,216,ADD060293,GSTAG52,02-01-2018 08:38,"OPP-SUBRAMANI KOIL,GANDHIJI ROAD, KURICHY,SUNDHARAPURAMCOIMBATORE "
501,400,90110,142,900000222,20,17001153,CUSM00010,900065,1,1.00E-06,81.68,1350,81.68,1350,1,1350,1350,216,ADD060293,GSTAG52,02-01-2018 08:38,"OPP-SUBRAMANI KOIL,GANDHIJI ROAD, KURICHY,SUNDHARAPURAMCOIMBATORE "
502,400,90110,142,900000226,10,17001157,CUSM00010,900065,1,1.00E-06,389.33,6435,389.33,6435,2.25,2860,6435,216,ADD060293,GSTAG52,08-01-2018 08:52,"OPP-SUBRAMANI KOIL,GANDHIJI ROAD, KURICHY,SUNDHARAPURAMCOIMBATORE "
503,400,90110,142,900000201,10,17001132,CU1K01648,900007,1,1.00E-06,1856.14,30680,1856.14,30680,13,2360,30680,216,ADD026193,GSTAG52,04-12-2017 09:22,"7,AEC NAGAR,RAJIV GANDHI ROADGANAPATHYCOIMBATORE - 641006"
504,400,90110,142,900000206,10,17001137,CU1P00675,900065,1,1.00E-06,291.32,4815,291.32,4815,2.25,2140,4815,216,DLC012727,GSTAG52,08-12-2017 08:57,"D.NO.48/4,SUBRAMANIAN KOVIL,GANDHIJI ROAD,KURICHY,COIMBATORE-24"
505,400,90110,142,900000212,20,17001143,CUSM00010,900065,1,1.00E-06,78.65,1300,78.65,1300,1,1300,1300,216,ADD060293,GSTAG52,18-12-2017 11:20,"OPP-SUBRAMANI KOIL,GANDHIJI ROAD, KURICHY,SUNDHARAPURAMCOIMBATORE "
506,400,90110,142,900000215,20,17001146,CUSM00010,900065,1,1.00E-06,90.75,1500,90.75,1500,1,1500,1500,216,ADD060293,GSTAG52,26-12-2017 08:56,"OPP-SUBRAMANI KOIL,GANDHIJI ROAD, KURICHY,SUNDHARAPURAMCOIMBATORE "
507,400,90110,142,900000225,10,17001156,CUSM00010,900065,1,1.00E-06,367.55,6075,367.55,6075,2.25,2700,6075,216,ADD060293,GSTAG52,05-01-2018 08:41,"OPP-SUBRAMANI KOIL,GANDHIJI ROAD, KURICHY,SUNDHARAPURAMCOIMBATORE "
508,400,90110,142,900000240,10,17001171,CUSS00051,900065,1,1.00E-06,378.44,6255,378.44,6255,2.25,2780,6255,216,ADD060584,GSTAG52,29-01-2018 08:53,"KURICHY,SUNDHARAPURAM,COIMBATORE "
509,400,90110,142,900000241,10,17001172,CUSS00051,900065,1,1.00E-06,337.59,5580,337.59,5580,2.25,2480,5580,216,ADD060584,GSTAG52,30-01-2018 10:05,"KURICHY,SUNDHARAPURAM,COIMBATORE "
510,400,90110,142,900000244,10,17001175,CU1K01648,900009,1,1.00E-06,17469.14,91080,17469.14,91080,22,4140,91080,216,ADD026193,GSTAG54,06-02-2018 11:15,"7,AEC NAGAR,RAJIV GANDHI ROADGANAPATHYCOIMBATORE - 641006"
511,400,90110,142,900000266,20,17001197,CU1P00675,900065,1,1.00E-06,69.21,1144,69.21,1144,1.1,1040,1144,216,DLC012727,GSTAG52,23-02-2018 10:46,"D.NO.48/4,SUBRAMANIAN KOVIL,GANDHIJI ROAD,KURICHY,COIMBATORE-24"
512,400,90110,142,900000237,20,17001168,CUSS00051,900065,1,1.00E-06,59.29,980,59.29,980,1,980,980,216,ADD060584,GSTAG52,22-01-2018 08:13,"KURICHY,SUNDHARAPURAM,COIMBATORE "
513,400,90110,142,900000260,10,17001191,CU1P00675,900065,1,1.00E-06,348.33,5757.5,348.33,5757.5,2.35,2450,5757.5,216,DLC012727,GSTAG52,20-02-2018 09:32,"D.NO.48/4,SUBRAMANIAN KOVIL,GANDHIJI ROAD,KURICHY,COIMBATORE-24"
514,400,90110,142,900000260,20,17001191,CU1P00675,900065,1,1.00E-06,98.49,1628,98.49,1628,1.1,1480,1628,216,DLC012727,GSTAG52,20-02-2018 09:32,"D.NO.48/4,SUBRAMANIAN KOVIL,GANDHIJI ROAD,KURICHY,COIMBATORE-24"
515,400,90110,142,900000263,20,17001194,CU1K01648,900009,1,1.00E-06,20591.65,107360,20591.65,107360,22,4880,107360,216,ADD026193,GSTAG54,22-02-2018 08:47,"7,AEC NAGAR,RAJIV GANDHI ROADGANAPATHYCOIMBATORE - 641006"
516,400,90110,142,900000264,20,17001195,CU1P00675,900065,1,1.00E-06,58.56,968,58.56,968,1.1,880,968,216,ADD011345,GSTAG52,22-02-2018 08:58,H O 97 BILAL NAGARKARUMBUKKADAICOIMBATORE
517,400,90110,142,900000286,20,17001216,CU1C00683,900084,1,1.00E-06,4828.37,25174,4828.37,25174,82,307,25174,216,ADD002919,GSTAG54,14-03-2018 10:45,KARUMBUKADAICOIMBATRORE 
518,400,90110,142,900000290,10,17001220,CUSN00034,900065,1,1.00E-06,368.23,6086.5,368.23,6086.5,2.35,2590,6086.5,216,ADD062201,GSTAG52,19-03-2018 09:40,MALUMACHAMPATTICOIMBATORE 
519,400,90110,142,900000295,10,17001225,CU1C00683,900031,1,1.00E-06,24958,130125.1,24958,130125.1,9294.65,14,130125.1,216,ADD002919,GSTAG54,26-03-2018 12:10,KARUMBUKADAICOIMBATRORE 
520,400,90110,142,900000295,40,17001225,CU1C00683,900084,1,1.00E-06,1724.79,8992.72,1724.79,8992.72,37.16,242,8992.72,216,ADD002919,GSTAG54,26-03-2018 12:10,KARUMBUKADAICOIMBATRORE 
521,400,90110,142,900000298,10,17001228,CU1K01648,900009,1,1.00E-06,33166.06,172920,33166.06,172920,22,7860,172920,216,ADD026193,GSTAG54,27-03-2018 11:38,"7,AEC NAGAR,RAJIV GANDHI ROADGANAPATHYCOIMBATORE - 641006"
522,400,90110,142,900000299,30,17001229,CU1C00683,900084,1,1.00E-06,1069.48,5576,1069.48,5576,82,68,5576,216,ADD002919,GSTAG54,27-03-2018 11:43,KARUMBUKADAICOIMBATRORE 
523,400,90110,142,900000328,20,18000023,CUSN00034,900065,1,1.00E-06,77.2,1276,77.2,1276,1.1,1160,1276,216,ADD062201,GSTAG52,26-04-2018 11:08,MALUMACHAMPATTICOIMBATORE 
524,400,90110,142,900000302,10,17001232,CU1C00683,900083,1,1.00E-06,1280.49,21165,1280.49,21165,17,1245,21165,216,ADD002919,GSTAG52,29-03-2018 12:00,KARUMBUKADAICOIMBATRORE 
525,400,90110,142,900000311,20,18000006,CU1C00683,900013,1,1.00E-06,40446.78,210880,40446.78,210880,80,2636,210880,216,ADD002919,GSTAG54,06-04-2018 11:25,KARUMBUKADAICOIMBATRORE 
526,400,90110,142,900000330,10,18000025,CU1C00683,900031,1,1.00E-06,5370.4,27999.95,5370.4,27999.95,2545.45,11,27999.95,216,ADD002919,GSTAG54,03-05-2018 09:05,KARUMBUKADAICOIMBATRORE 
527,400,90110,142,900000340,10,18000035,CUSN00034,900065,1,1.00E-06,297.15,4911.5,297.15,4911.5,2.35,2090,4911.5,216,ADD062201,GSTAG52,10-05-2018 08:55,MALUMACHAMPATTICOIMBATORE 
528,400,90110,142,900000350,10,18000045,CUSN00034,900065,1,1.00E-06,76.78,1269,76.78,1269,2.35,540,1269,216,ADD062201,GSTAG52,21-05-2018 09:44,MALUMACHAMPATTICOIMBATORE 
529,400,90110,142,900000364,10,18000059,CU1EMP,900070,1,1.00E-06,243,1350,243,1350,225,6,1350,216,ADD000037,GSTAG14,01-06-2018 03:10,ELGI EQUIPMENT S LIMITEDEIC-SINGANALLURCOIMBATORE- 641 005.
530,400,90110,142,900000367,10,18000062,CUSN00034,900065,1,1.00E-06,399.52,6603.5,399.52,6603.5,2.35,2810,6603.5,216,ADD062201,GSTAG52,05-06-2018 09:17,MALUMACHAMPATTICOIMBATORE 
531,400,90110,142,900000373,10,18000068,CUSS00162,900062,1,1.00E-06,302.5,5000,302.5,5000,4,1250,5000,216,ADD062405,GSTAG52,12-06-2018 10:24,"MADURAI VEERAN KOVILKALLAPPALAYAM(PO), COIMBATORE "
532,400,90110,142,900000374,10,18000069,CUSE00037,900072,1,1.00E-06,4696.41,24486,4696.41,24486,2040.5,12,24486,216,ADD063121,GSTAG54,14-06-2018 05:30,"PALAYAM ROAD,SELAKKARICHALVILLAGE, SULUR TALUK "
533,400,90110,142,900000380,20,18000075,CUSN00034,900065,1,1.00E-06,99.83,1650,99.83,1650,1.1,1500,1650,216,ADD062201,GSTAG52,20-06-2018 10:17,MALUMACHAMPATTICOIMBATORE 
534,400,90110,142,900000347,10,18000042,CUSS00162,900062,1,1.00E-06,302.5,5000,302.5,5000,4,1250,5000,216,ADD062405,GSTAG52,17-05-2018 09:34,"MADURAI VEERAN KOVILKALLAPPALAYAM(PO), COIMBATORE "
535,400,90110,142,900000360,10,18000055,CUSN00034,900065,1,1.00E-06,418,6909,418,6909,2.35,2940,6909,216,ADD062201,GSTAG52,30-05-2018 09:03,MALUMACHAMPATTICOIMBATORE 
536,400,90110,142,900000366,10,18000061,CU1N00515,900056,1,1.00E-06,346.8,1808.1,346.8,1808.1,1.47,1230,1808.1,216,ADD011057,GSTAG54,01-06-2018 10:59,SARAVANAMPATTI ROADVELLAKINAR VILLAGECOIMBATORE-29
537,400,90110,142,900000406,10,18000101,CUSN00034,900065,1,1.00E-06,408.04,6744.5,408.04,6744.5,2.35,2870,6744.5,216,ADD062201,GSTAG52,17-07-2018 09:57,MALUMACHAMPATTICOIMBATORE 
538,400,90110,142,900000412,30,18000107,CUSB00023,900070,1,1.00E-06,2556.69,13330,2556.69,13330,310,43,13330,216,ADD061382,GSTAG54,19-07-2018 04:39,"CHETTIPALAYAM ROAD,EACHANARI(PO) COIMBATORE- "
539,400,90110,142,900000414,10,18000109,CUSN00034,900065,1,1.00E-06,420.84,6956,420.84,6956,2.35,2960,6956,216,ADD062201,GSTAG52,19-07-2018 08:49,MALUMACHAMPATTICOIMBATORE 
540,400,90110,142,900000414,20,18000109,CUSN00034,900065,1,1.00E-06,59.24,979,59.24,979,1.1,890,979,216,ADD062201,GSTAG52,19-07-2018 08:49,MALUMACHAMPATTICOIMBATORE 
541,400,90110,142,900000389,20,18000084,CU1C00683,900031,1,1.00E-06,34524,180000,34524,180000,90000,2,180000,216,ADD002919,GSTAG54,29-06-2018 11:04,KARUMBUKADAICOIMBATRORE 
542,400,90110,142,900000401,20,18000096,CUSN00034,900065,1,1.00E-06,200.98,3322,200.98,3322,1.1,3020,3322,216,ADD062201,GSTAG52,11-07-2018 11:10,MALUMACHAMPATTICOIMBATORE 
543,400,90110,142,900000436,10,18000131,CUSN00034,900065,1,1.00E-06,447.85,7402.5,447.85,7402.5,2.35,3150,7402.5,216,ADD062201,GSTAG52,21-08-2018 08:42,MALUMACHAMPATTICOIMBATORE 
544,400,90110,142,900000437,10,18000132,CUSS00162,900062,1,1.00E-06,302.5,5000,302.5,5000,4,1250,5000,216,ADD062405,GSTAG52,21-08-2018 10:34,"MADURAI VEERAN KOVILKALLAPPALAYAM(PO), COIMBATORE "
545,400,90110,142,900000443,10,18000138,CU1K01648,900007,1,1.00E-06,10740.8,56000,10740.8,56000,16,3500,56000,216,ADD026193,GSTAG54,29-08-2018 08:49,"7,AEC NAGAR,RAJIV GANDHI ROADGANAPATHYCOIMBATORE - 641006"
546,400,90110,142,900000447,10,18000142,CUSN00034,900065,1,1.00E-06,371.08,6133.5,371.08,6133.5,2.35,2610,6133.5,216,ADD062201,GSTAG52,31-08-2018 09:58,MALUMACHAMPATTICOIMBATORE 
547,400,90110,142,900000447,20,18000142,CUSN00034,900065,1,1.00E-06,69.21,1144,69.21,1144,1.1,1040,1144,216,ADD062201,GSTAG52,31-08-2018 09:58,MALUMACHAMPATTICOIMBATORE 
548,400,90110,142,900000454,10,18000149,CUSN00034,900065,1,1.00E-06,396.66,6556.5,396.66,6556.5,2.35,2790,6556.5,216,ADD062201,GSTAG52,07-09-2018 09:42,MALUMACHAMPATTICOIMBATORE 
549,400,90110,142,900000424,10,18000119,CUSS00162,900062,1,1.00E-06,302.5,5000,302.5,5000,4,1250,5000,216,ADD062405,GSTAG52,02-08-2018 10:31,"MADURAI VEERAN KOVILKALLAPPALAYAM(PO), COIMBATORE "
550,400,90110,142,900000432,10,18000127,CU1EMP,900070,1,1.00E-06,40.5,225,40.5,225,225,1,225,216,ADD000037,GSTAG14,16-08-2018 11:01,ELGI EQUIPMENT S LIMITEDEIC-SINGANALLURCOIMBATORE- 641 005.
551,400,90110,142,900000441,10,18000136,CU1C00683,900013,1,1.00E-06,18658.3,97280,18658.3,97280,80,1216,97280,216,ADD002919,GSTAG54,27-08-2018 09:35,KARUMBUKADAICOIMBATRORE 
552,400,90110,142,900000442,10,18000137,CUSS00162,900062,1,1.00E-06,302.5,5000,302.5,5000,4,1250,5000,216,ADD062405,GSTAG52,28-08-2018 10:46,"MADURAI VEERAN KOVILKALLAPPALAYAM(PO), COIMBATORE "
553,400,90110,142,900000453,10,18000148,CU1K01648,900007,1,1.00E-06,14361.98,74880,14361.98,74880,16,4680,74880,216,ADD026193,GSTAG54,06-09-2018 10:38,"7,AEC NAGAR,RAJIV GANDHI ROADGANAPATHYCOIMBATORE - 641006"
554,400,90110,142,900000464,10,18000159,CUSN00034,900065,1,1.00E-06,432.21,7144,432.21,7144,2.35,3040,7144,216,ADD062201,GSTAG52,19-09-2018 09:37,MALUMACHAMPATTICOIMBATORE 
555,400,90110,142,900000483,10,18000178,CU1R00495,900062,1,1.00E-06,1101.1,18200,1101.1,18200,13,1400,18200,216,ADD012904,GSTAG52,09-10-2018 11:07,KAVUNDAMPALAYAMCOIMBATORE 
556,400,90110,142,900000494,20,18000188,CUSN00034,900065,1,1.00E-06,91.18,1507,91.18,1507,1.1,1370,1507,216,ADD062201,GSTAG52,17-10-2018 12:00,MALUMACHAMPATTICOIMBATORE 
557,400,90110,142,900000502,10,18000196,CUSN00034,900065,1,1.00E-06,443.59,7332,443.59,7332,2.35,3120,7332,216,ADD062201,GSTAG52,26-10-2018 10:52,MALUMACHAMPATTICOIMBATORE 
558,400,90110,142,900000466,60,18000161,CU1C00683,900084,1,1.00E-06,3711.71,19352,3711.71,19352,82,236,19352,216,ADD002919,GSTAG54,20-09-2018 11:16,KARUMBUKADAICOIMBATRORE 
559,400,90110,142,900000466,70,18000161,CU1C00683,900031,1,1.00E-06,4363.49,22750.25,4363.49,22750.25,429.25,53,22750.25,216,ADD002919,GSTAG54,20-09-2018 11:16,KARUMBUKADAICOIMBATRORE 
560,400,90110,142,900000468,10,18000163,CU1K01648,900009,1,1.00E-06,20351.9,106110,20351.9,106110,20.25,5240,106110,216,ADD026193,GSTAG54,20-09-2018 12:31,"7,AEC NAGAR,RAJIV GANDHI ROADGANAPATHYCOIMBATORE - 641006"
561,400,90110,142,900000503,20,18000197,CUSN00034,900065,1,1.00E-06,95.83,1584,95.83,1584,1.1,1440,1584,216,ADD062201,GSTAG52,29-10-2018 08:58,MALUMACHAMPATTICOIMBATORE 
562,400,90110,142,900000505,10,18000199,CUSN00034,900065,1,1.00E-06,385.29,6368.5,385.29,6368.5,2.35,2710,6368.5,216,ADD062201,GSTAG52,31-10-2018 08:15,MALUMACHAMPATTICOIMBATORE 
563,400,90110,142,900000510,20,18000204,CUSN00034,900065,1,1.00E-06,89.18,1474,89.18,1474,1.1,1340,1474,216,ADD062201,GSTAG52,09-11-2018 08:56,MALUMACHAMPATTICOIMBATORE 
564,400,90110,142,900000528,20,18000222,CUSN00034,900065,1,1.00E-06,73.21,1210,73.21,1210,1.1,1100,1210,216,ADD062201,GSTAG52,28-11-2018 09:09,MALUMACHAMPATTICOIMBATORE 
565,400,90110,142,900000551,10,18000245,CUSN00034,900065,1,1.00E-06,477.71,7896,477.71,7896,2.35,3360,7896,216,ADD062201,GSTAG52,19-12-2018 10:23,MALUMACHAMPATTICOIMBATORE 
566,400,90110,142,900000511,20,18000205,CUSB00023,900053,1,1.00E-06,33.57,175,33.57,175,7,25,175,216,ADD061382,GSTAG54,12-11-2018 05:14,"CHETTIPALAYAM ROAD,EACHANARI(PO) COIMBATORE- "
567,400,90110,142,900000521,10,18000215,CUSN00034,900065,1,1.00E-06,449.27,7426,449.27,7426,2.35,3160,7426,216,ADD062201,GSTAG52,22-11-2018 09:14,MALUMACHAMPATTICOIMBATORE 
568,400,90110,142,900000522,10,18000216,CU1K01648,900007,1,1.00E-06,4511.14,23520,4511.14,23520,16,1470,23520,216,ADD026193,GSTAG54,22-11-2018 11:03,"7,AEC NAGAR,RAJIV GANDHI ROADGANAPATHYCOIMBATORE - 641006"
569,400,90110,142,900000529,10,18000223,CU1R02553,900013,1,1.00E-06,2493.46,13000.32,2493.46,13000.32,175.68,74,13000.32,216,ADD043142,GSTAG54,29-11-2018 05:54,"3/50 D, THIRU NAGAR COLONYKARUVEPPAM PATTI ,SAKARI ROADTHIRUCHENGODE, NAMAKKAL (DT)"
570,400,90110,142,900000537,20,18000231,CUSN00034,900065,1,1.00E-06,94.5,1562,94.5,1562,1.1,1420,1562,216,ADD062201,GSTAG52,30-11-2018 08:39,MALUMACHAMPATTICOIMBATORE 
571,400,90110,142,900000539,10,18000233,CUSN00034,900065,1,1.00E-06,383.88,6345,383.88,6345,2.35,2700,6345,216,ADD062201,GSTAG52,04-12-2018 08:40,MALUMACHAMPATTICOIMBATORE 
572,400,90110,142,900000550,10,18000244,CU1EMP,900070,1,1.00E-06,81,450,81,450,225,2,450,216,ADD000037,GSTAG14,19-12-2018 10:05,ELGI EQUIPMENT S LIMITEDEIC-SINGANALLURCOIMBATORE- 641 005.
573,400,90110,142,900000552,10,18000246,CUSS00162,900062,1,1.00E-06,302.5,5000,302.5,5000,4,1250,5000,216,ADD062405,GSTAG52,20-12-2018 10:38,"MADURAI VEERAN KOVILKALLAPPALAYAM(PO), COIMBATORE "
574,400,90110,142,900000572,10,18000266,CUSN00034,900065,1,1.00E-06,514.68,8507,514.68,8507,2.35,3620,8507,216,ADD062201,GSTAG52,09-01-2019 09:55,MALUMACHAMPATTICOIMBATORE 
575,400,90110,142,900000572,20,18000266,CUSN00034,900065,1,1.00E-06,80.54,1331,80.54,1331,1.1,1210,1331,216,ADD062201,GSTAG52,09-01-2019 09:55,MALUMACHAMPATTICOIMBATORE 
576,400,90110,142,900000584,10,18000277,CU1C00683,900013,1,1.00E-06,5488.55,28616,5488.55,28616,56,511,28616,216,ADD002919,GSTAG54,25-01-2019 12:06,KARUMBUKADAICOIMBATRORE 
577,400,90110,142,900000585,20,18000278,CUSN00034,900065,1,1.00E-06,73.21,1210,73.21,1210,1.1,1100,1210,216,ADD062201,GSTAG52,28-01-2019 09:53,MALUMACHAMPATTICOIMBATORE 
578,400,90110,142,900000586,10,18000279,CU1EMP,900070,1,1.00E-06,81,450,81,450,225,2,450,216,ADD000037,GSTAG14,28-01-2019 12:22,ELGI EQUIPMENT S LIMITEDEIC-SINGANALLURCOIMBATORE- 641 005.
579,400,90110,142,900000555,10,18000249,CUSS00162,900062,1,1.00E-06,302.5,5000,302.5,5000,4,1250,5000,216,ADD062405,GSTAG52,27-12-2018 11:11,"MADURAI VEERAN KOVILKALLAPPALAYAM(PO), COIMBATORE "
580,400,90110,142,900000560,10,18000254,CU1N00515,900056,1,1.00E-06,115.59,602.7,115.59,602.7,1.47,410,602.7,216,ADD011057,GSTAG54,28-12-2018 09:41,SARAVANAMPATTI ROADVELLAKINAR VILLAGECOIMBATORE-29
581,400,90110,142,900000564,20,18000258,CUSN00034,900065,1,1.00E-06,85.18,1408,85.18,1408,1.1,1280,1408,216,ADD062201,GSTAG52,31-12-2018 09:22,MALUMACHAMPATTICOIMBATORE 
582,400,90110,142,900000567,10,18000261,CUSN00034,900065,1,1.00E-06,349.76,5781,349.76,5781,2.35,2460,5781,216,ADD062201,GSTAG52,02-01-2019 12:03,MALUMACHAMPATTICOIMBATORE 
583,400,90110,142,900000567,20,18000261,CUSN00034,900065,1,1.00E-06,92.51,1529,92.51,1529,1.1,1390,1529,216,ADD062201,GSTAG52,02-01-2019 12:03,MALUMACHAMPATTICOIMBATORE 
584,400,90110,142,900000570,10,18000264,CUSN00034,900065,1,1.00E-06,446.44,7379,446.44,7379,2.35,3140,7379,216,ADD062201,GSTAG52,07-01-2019 12:24,MALUMACHAMPATTICOIMBATORE 
585,400,90110,142,900000578,10,18000272,CUSS00162,900062,1,1.00E-06,302.5,5000,302.5,5000,4,1250,5000,216,ADD062405,GSTAG52,21-01-2019 08:50,"MADURAI VEERAN KOVILKALLAPPALAYAM(PO), COIMBATORE "
586,400,90110,142,900000604,10,18000296,CRB000037,900083,1,1.00E-06,145.2,2400,145.2,2400,5,480,2400,216,ADD067517,GSTAG52,08-02-2019 09:33,"NO.20,NAZZ THEATRE ROADCOIMBATORE "
587,400,90110,142,900000610,30,18000302,CUSB00023,900087,1,1.00E-06,3.84,20,3.84,20,5,4,20,216,ADD061382,GSTAG54,11-02-2019 10:16,"CHETTIPALAYAM ROAD,EACHANARI(PO) COIMBATORE- "
588,400,90110,142,900000602,20,18000294,CUSN00034,900065,1,1.00E-06,159.06,2629,159.06,2629,1.1,2390,2629,216,ADD062201,GSTAG52,07-02-2019 09:01,MALUMACHAMPATTICOIMBATORE 
589,400,90110,142,900000877,20,19000213,CUSB00023,900088,1,1.00E-06,151.52,790,151.52,790,5,158,790,216,ADD061382,GSTAG54,30-10-2019 09:46,"CHETTIPALAYAM ROAD,EACHANARI(PO) COIMBATORE- "
590,400,90110,142,900000903,20,19000239,CU1K01648,900009,1,1.00E-06,31508.9,164280,31508.9,164280,18.5,8880,164280,216,ADD026193,GSTAG54,21-11-2019 09:18,"7,AEC NAGAR,RAJIV GANDHI ROADGANAPATHYCOIMBATORE - 641006"
591,400,90110,142,900000767,20,19000109,CU1P00675,900065,1,1.00E-06,60.57,1001,60.57,1001,1.3,770,1001,216,DLC012727,GSTAG52,15-07-2019 07:32,"D.NO.48/4,SUBRAMANIAN KOVIL,GANDHIJI ROAD,KURICHY,COIMBATORE-24"
592,400,90110,142,900000987,20,19000322,CU1C00683,900013,1,1.00E-06,2284.96,11913.2,2284.96,11913.2,82.16,145,11913.2,216,ADD002919,GSTAG54,04-02-2020 10:25,KARUMBUKADAICOIMBATRORE 
593,400,90110,142,900000987,40,19000322,CU1C00683,900031,1,1.00E-06,3682.56,19200,3682.56,19200,19200,1,19200,216,ADD002919,GSTAG54,04-02-2020 10:25,KARUMBUKADAICOIMBATRORE 
594,400,90110,142,900000647,10,18000339,CUSN00034,900065,1,1.00E-06,430.79,7120.5,430.79,7120.5,2.35,3030,7120.5,216,ADD062201,GSTAG52,21-03-2019 08:27,MALUMACHAMPATTICOIMBATORE 
595,400,90110,142,900000647,20,18000339,CUSN00034,900065,1,1.00E-06,61.23,1012,61.23,1012,1.1,920,1012,216,ADD062201,GSTAG52,21-03-2019 08:27,MALUMACHAMPATTICOIMBATORE 
596,400,90110,142,900000899,20,19000235,CU1P00675,900065,1,1.00E-06,105.39,1742,105.39,1742,1.3,1340,1742,216,DLC012727,GSTAG52,19-11-2019 09:00,"D.NO.48/4,SUBRAMANIAN KOVIL,GANDHIJI ROAD,KURICHY,COIMBATORE-24"
597,400,90110,142,900000632,10,18000324,CRB000037,900083,1,1.00E-06,520.3,8600,520.3,8600,5,1720,8600,216,ADD067517,GSTAG52,07-03-2019 10:46,"NO.20,NAZZ THEATRE ROADCOIMBATORE "
598,400,90110,142,900000674,20,19000017,CUSN00034,900065,1,1.00E-06,62.56,1034,62.56,1034,1.1,940,1034,216,ADD062201,GSTAG52,19-04-2019 07:20,MALUMACHAMPATTICOIMBATORE 
599,400,90110,142,900000616,10,18000308,CUSN00034,900065,1,1.00E-06,415.15,6862,415.15,6862,2.35,2920,6862,216,ADD062201,GSTAG52,19-02-2019 09:10,MALUMACHAMPATTICOIMBATORE 
600,400,90110,142,900001004,10,19000339,CU1P00675,900065,1,1.00E-06,269.23,4450,269.23,4450,2.5,1780,4450,216,DLC012727,GSTAG52,21-02-2020 12:08,"D.NO.48/4,SUBRAMANIAN KOVIL,GANDHIJI ROAD,KURICHY,COIMBATORE-24"
601,400,AO0400,112,180000024,10,18000023,CRA000278,,1,1.00E-06,3600,20000,3600,20000,0,0,20000, ,ADD001390,GSTMUL3,,"2/31A  THENNAMPLAYAMARASUR, COIMBATORE641 407-TN"
602,400,90110,142,900000620,20,18000312,CUSN00034,900065,1,1.00E-06,95.83,1584,95.83,1584,1.1,1440,1584,216,ADD062201,GSTAG52,25-02-2019 10:14,MALUMACHAMPATTICOIMBATORE 
603,400,90110,142,900000797,10,19000139,CUSS00162,900062,1,1.00E-06,121,2000,121,2000,2.5,800,2000,216,ADD062405,GSTAG52,13-08-2019 11:03,"MADURAI VEERAN KOVILKALLAPPALAYAM(PO), COIMBATORE "
604,400,90110,142,900000832,20,19000170,CU1P00675,900065,1,1.00E-06,47.19,780,47.19,780,1.3,600,780,216,DLC012727,GSTAG52,11-09-2019 08:43,"D.NO.48/4,SUBRAMANIAN KOVIL,GANDHIJI ROAD,KURICHY,COIMBATORE-24"
605,400,90110,142,900000697,20,19000040,CUSN00034,900065,1,1.00E-06,151.73,2508,151.73,2508,1.1,2280,2508,216,ADD062201,GSTAG52,08-05-2019 09:40,MALUMACHAMPATTICOIMBATORE 
606,400,90110,142,900000857,20,19000194,CU1P00675,900065,1,1.00E-06,84.94,1404,84.94,1404,1.3,1080,1404,216,DLC012727,GSTAG52,09-10-2019 09:25,"D.NO.48/4,SUBRAMANIAN KOVIL,GANDHIJI ROAD,KURICHY,COIMBATORE-24"
607,400,90110,142,900000682,10,19000025,CU1EMP,900082,1,1.00E-06,900,5000,900,5000,5000,1,5000,216,ADD000037,GSTAG14,23-04-2019 11:24,ELGI EQUIPMENT S LIMITEDEIC-SINGANALLURCOIMBATORE- 641 005.
608,400,90110,142,900000740,20,19000082,CU1P00675,900065,1,1.00E-06,110.91,1833,110.91,1833,1.3,1410,1833,216,DLC012727,GSTAG52,20-06-2019 09:22,"D.NO.48/4,SUBRAMANIAN KOVIL,GANDHIJI ROAD,KURICHY,COIMBATORE-24"
609,400,90110,142,900000945,10,19000280,CU1P00675,900065,1,1.00E-06,450.73,7450,450.73,7450,2.5,2980,7450,216,DLC012727,GSTAG52,30-12-2019 09:36,"D.NO.48/4,SUBRAMANIAN KOVIL,GANDHIJI ROAD,KURICHY,COIMBATORE-24"
610,400,90110,142,900000641,80,18000333,CUSB00023,900095,1,1.00E-06,38.36,200,38.36,200,40,5,200,216,ADD061382,GSTAG54,18-03-2019 07:28,"CHETTIPALAYAM ROAD,EACHANARI(PO) COIMBATORE- "
611,400,90110,142,900000969,10,19000304,CU1K01648,900007,1,1.00E-06,4755.68,24795,4755.68,24795,14.5,1710,24795,216,ADD026193,GSTAG54,21-01-2020 08:55,"7,AEC NAGAR,RAJIV GANDHI ROADGANAPATHYCOIMBATORE - 641006"
612,400,90110,142,900000658,10,19000001,CUSN00034,900065,1,1.00E-06,314.21,5193.5,314.21,5193.5,2.35,2210,5193.5,216,ADD062201,GSTAG52,02-04-2019 08:44,MALUMACHAMPATTICOIMBATORE 
613,400,90110,142,900000851,10,19000188,CUSS00162,900062,1,1.00E-06,121,2000,121,2000,2.5,800,2000,216,ADD062405,GSTAG52,30-09-2019 08:48,"MADURAI VEERAN KOVILKALLAPPALAYAM(PO), COIMBATORE "
614,400,90110,142,900000594,30,18000286,CU1K01648,900010,1,1.00E-06,6628.61,34560,6628.61,34560,24,1440,34560,216,ADD026193,GSTAG54,01-02-2019 10:00,"7,AEC NAGAR,RAJIV GANDHI ROADGANAPATHYCOIMBATORE - 641006"
615,400,90110,142,900000793,10,19000135,CUSB00023,900052,1,1.00E-06,863.1,4500,863.1,4500,250,18,4500,216,ADD061382,GSTAG54,05-08-2019 08:55,"CHETTIPALAYAM ROAD,EACHANARI(PO) COIMBATORE- "
616,400,90110,142,900000793,20,19000135,CUSB00023,900053,1,1.00E-06,143.85,750,143.85,750,15,50,750,216,ADD061382,GSTAG54,05-08-2019 08:55,"CHETTIPALAYAM ROAD,EACHANARI(PO) COIMBATORE- "
617,400,90110,142,900000793,50,19000135,CUSB00023,900088,1,1.00E-06,46.99,245,46.99,245,5,49,245,216,ADD061382,GSTAG54,05-08-2019 08:55,"CHETTIPALAYAM ROAD,EACHANARI(PO) COIMBATORE- "
618,400,90110,142,900000614,10,18000306,CRB000037,900083,1,1.00E-06,202.68,3350,202.68,3350,5,670,3350,216,ADD067517,GSTAG52,15-02-2019 06:37,"NO.20,NAZZ THEATRE ROADCOIMBATORE "
619,400,90110,142,900000635,20,18000327,CUSN00034,900065,1,1.00E-06,83.85,1386,83.85,1386,1.1,1260,1386,216,ADD062201,GSTAG52,08-03-2019 10:12,MALUMACHAMPATTICOIMBATORE 
620,400,90110,142,900000805,10,19000146,CUSS00162,900062,1,1.00E-06,121,2000,121,2000,2.5,800,2000,216,ADD062405,GSTAG52,20-08-2019 10:04,"MADURAI VEERAN KOVILKALLAPPALAYAM(PO), COIMBATORE "
621,400,90110,142,900000926,10,19000261,CU1EMP,900082,1,1.00E-06,900,5000,900,5000,5000,1,5000,216,ADD000037,GSTAG14,12-12-2019 12:27,ELGI EQUIPMENT S LIMITEDEIC-SINGANALLURCOIMBATORE- 641 005.
622,400,90110,142,900000896,10,19000232,CU1P00675,900065,1,1.00E-06,494.6,8175,494.6,8175,2.5,3270,8175,216,DLC012727,GSTAG52,18-11-2019 09:23,"D.NO.48/4,SUBRAMANIAN KOVIL,GANDHIJI ROAD,KURICHY,COIMBATORE-24"
623,400,90110,142,900000896,20,19000232,CU1P00675,900065,1,1.00E-06,86.52,1430,86.52,1430,1.3,1100,1430,216,DLC012727,GSTAG52,18-11-2019 09:23,"D.NO.48/4,SUBRAMANIAN KOVIL,GANDHIJI ROAD,KURICHY,COIMBATORE-24"
624,400,90110,142,900000765,20,19000107,CU1P00675,900065,1,1.00E-06,119.55,1976,119.55,1976,1.3,1520,1976,216,DLC012727,GSTAG52,11-07-2019 07:38,"D.NO.48/4,SUBRAMANIAN KOVIL,GANDHIJI ROAD,KURICHY,COIMBATORE-24"
625,400,90110,142,900000789,10,19000131,CU1P00675,900065,1,1.00E-06,405.35,6700,405.35,6700,2.5,2680,6700,216,DLC012727,GSTAG52,31-07-2019 12:09,"D.NO.48/4,SUBRAMANIAN KOVIL,GANDHIJI ROAD,KURICHY,COIMBATORE-24"
626,400,90110,142,900000833,50,19000171,CUSB00023,900088,1,1.00E-06,115.08,600,115.08,600,5,120,600,216,ADD061382,GSTAG54,11-09-2019 10:23,"CHETTIPALAYAM ROAD,EACHANARI(PO) COIMBATORE- "
627,400,90110,142,900000833,90,19000171,CUSB00023,900095,1,1.00E-06,7.67,40,7.67,40,40,1,40,216,ADD061382,GSTAG54,11-09-2019 10:23,"CHETTIPALAYAM ROAD,EACHANARI(PO) COIMBATORE- "
628,400,90110,178,900000844,20,19000002,CU1P00675,900065,1,1.00E-06,-299.21,-1560,-299.21,-1560,1.3,-1200,-1560,RSO,ADD011345,GSTAG54,23-09-2019 12:13,H O 97 BILAL NAGARKARUMBUKKADAICOIMBATORE
629,400,90110,142,900000769,10,19000111,CU1C00683,900031,1,1.00E-06,7206.91,37575.1,7206.91,37575.1,1633.7,23,37575.1,216,ADD002919,GSTAG54,15-07-2019 11:10,KARUMBUKADAICOIMBATRORE 
630,400,AO0400,112,190000074,10,19000081,CRA000276,,1,1.00E-06,88380,491000,88380,491000,491000,1,491000, ,ADD025211,GSTMUL3,,"S2/A,11 PRIVATE INDUSTRIAL ESTATEKURICHYCOIMBATORE-641021"
631,400,90110,142,900000808,10,19000149,CU1P00675,900065,1,1.00E-06,405.35,6700,405.35,6700,2.5,2680,6700,216,DLC012727,GSTAG52,24-08-2019 07:48,"D.NO.48/4,SUBRAMANIAN KOVIL,GANDHIJI ROAD,KURICHY,COIMBATORE-24"
632,400,90110,142,900000598,10,18000290,CUSB00023,900052,1,1.00E-06,2877,15000,2877,15000,250,60,15000,216,ADD061382,GSTAG54,05-02-2019 12:13,"CHETTIPALAYAM ROAD,EACHANARI(PO) COIMBATORE- "
633,400,90110,142,900000964,10,19000299,CU1P00675,900065,1,1.00E-06,412.92,6825,412.92,6825,2.5,2730,6825,216,DLC012727,GSTAG52,08-01-2020 09:09,"D.NO.48/4,SUBRAMANIAN KOVIL,GANDHIJI ROAD,KURICHY,COIMBATORE-24"
634,400,90110,142,900000879,20,19000215,CU1P00675,900065,1,1.00E-06,119.55,1976,119.55,1976,1.3,1520,1976,216,DLC012727,GSTAG52,01-11-2019 08:53,"D.NO.48/4,SUBRAMANIAN KOVIL,GANDHIJI ROAD,KURICHY,COIMBATORE-24"
635,400,90110,142,900000880,10,19000216,CUSS00162,900062,1,1.00E-06,121,2000,121,2000,2.5,800,2000,216,ADD062405,GSTAG52,01-11-2019 11:56,"MADURAI VEERAN KOVILKALLAPPALAYAM(PO), COIMBATORE "
636,400,AO0400,112,180000061,10,19000102,SRT000017,,1,1.00E-06,1841.36,10229.8,1841.36,10229.8,0,0,10229.8, ,ADD068128,GSTMUL3,,"MC. NICHOLS ROAD,CHETPETCHENNAI -  600031 "
637,400,90110,141,900000730,10,19000002,CU1E00893,900010,1,1.00E-06,0,118250,0,118250,25,4730,118250,217,ADD036894,GSTAG01,10-06-2019 06:19,"(FOUNDRY) KODANGIPALAYAM VILL.,KOTHAVADI ROADKINATHUKADAVU POPOLLACHI TALUK,COIMBATORE DIST"
638,400,AO0400,112,190000046,10,19000045,CRA000276,,1,1.00E-06,35169.48,195386,35169.48,195386,195386,1,195386, ,ADD025211,GSTMUL3,,"S2/A,11 PRIVATE INDUSTRIAL ESTATEKURICHYCOIMBATORE-641021"
639,400,90110,142,900000779,20,19000121,CU1P00675,900065,1,1.00E-06,95.95,1586,95.95,1586,1.3,1220,1586,216,DLC012727,GSTAG52,23-07-2019 08:40,"D.NO.48/4,SUBRAMANIAN KOVIL,GANDHIJI ROAD,KURICHY,COIMBATORE-24"
640,400,90110,142,900000942,10,19000277,CRB000037,900083,1,1.00E-06,66.55,1100,66.55,1100,5,220,1100,216,ADD067517,GSTAG52,24-12-2019 11:27,"NO.20,NAZZ THEATRE ROADCOIMBATORE "
641,400,90110,142,900000972,10,19000307,CU1P00675,900065,1,1.00E-06,393.25,6500,393.25,6500,2.5,2600,6500,216,DLC012727,GSTAG52,22-01-2020 08:01,"D.NO.48/4,SUBRAMANIAN KOVIL,GANDHIJI ROAD,KURICHY,COIMBATORE-24"
642,400,90110,142,900000613,10,18000305,CUSN00034,900065,1,1.00E-06,440.75,7285,440.75,7285,2.35,3100,7285,216,ADD062201,GSTAG52,14-02-2019 09:50,MALUMACHAMPATTICOIMBATORE 
643,400,AO0400,112,180000006,10,18000005,CRE000019,,1,1.00E-06,20206.62,112259,20206.62,112259,0,0,112259, ,ADD027204,GSTMUL3,,ELGI INDUSTRIAL COMPLEX IIISINGANALLURCOIMBATOTRE - 641 005
644,400,AO0400,112,180000008,10,18000009,CRE000019,,1,1.00E-06,9918,55100,9918,55100,0,0,55100, ,ADD027204,GSTMUL3,,ELGI INDUSTRIAL COMPLEX IIISINGANALLURCOIMBATOTRE - 641 005
645,400,90110,142,900000953,10,19000288,CU1G99999,900106,1,1.00E-06,76.26,423.72,76.26,423.72,423.72,1,423.72,216,ADD074281,GSTAG14,31-12-2019 07:12,TIRUPUR-641 652  
646,400,90110,142,900000954,10,19000289,CU1G99999,900106,1,1.00E-06,76.26,423.72,76.26,423.72,423.72,1,423.72,216,ADD074282,GSTAG14,31-12-2019 07:20,COIMBATORE-641 008.  
647,400,90110,142,900000701,10,19000044,CRB000037,900083,1,1.00E-06,117.98,1950,117.98,1950,5,390,1950,216,ADD067517,GSTAG52,10-05-2019 10:53,"NO.20,NAZZ THEATRE ROADCOIMBATORE "
648,400,90110,142,900000702,20,19000046,CUSN00034,900065,1,1.00E-06,77.87,1287,77.87,1287,1.1,1170,1287,216,ADD062201,GSTAG52,13-05-2019 08:43,MALUMACHAMPATTICOIMBATORE 
649,400,90110,142,900000678,20,19000021,CUSN00034,900065,1,1.00E-06,89.18,1474,89.18,1474,1.1,1340,1474,216,ADD062201,GSTAG52,22-04-2019 10:17,MALUMACHAMPATTICOIMBATORE 
650,400,90110,142,900000792,10,19000134,CU1P00675,900065,1,1.00E-06,349.4,5775,349.4,5775,2.5,2310,5775,216,DLC012727,GSTAG52,02-08-2019 09:35,"D.NO.48/4,SUBRAMANIAN KOVIL,GANDHIJI ROAD,KURICHY,COIMBATORE-24"
651,400,AO0400,112,190000079,10,19000086,CRE000019,,1,1.00E-06,9918,55100,9918,55100,55100,1,55100, ,ADD027204,GSTMUL3,,ELGI INDUSTRIAL COMPLEX IIISINGANALLURCOIMBATOTRE - 641 005
652,400,AO0400,112,190000082,10,19000089,CU1I00906,,1,1.00E-06,7699.32,42774,7699.32,42774,42774,1,42774, ,ADD044583,GSTMUL3,,"622A,GROUND FLOOR,NEAR ELGIINDUSTRIAL COMPLEX,SINGANALLURCOIMBATORE-641005_TN"
653,400,90110,142,900000889,10,19000225,CRB000037,900083,1,1.00E-06,45.38,750,45.38,750,5,150,750,216,ADD067517,GSTAG52,08-11-2019 11:52,"NO.20,NAZZ THEATRE ROADCOIMBATORE "
654,400,90110,142,900000651,10,18000343,CUSN00034,900065,1,1.00E-06,368.23,6086.5,368.23,6086.5,2.35,2590,6086.5,216,ADD062201,GSTAG52,26-03-2019 08:51,MALUMACHAMPATTICOIMBATORE 
655,400,90110,142,900000770,10,19000112,CU1K01648,900007,1,1.00E-06,1918.58,10003,1918.58,10003,7,1429,10003,216,ADD026193,GSTAG54,16-07-2019 06:38,"7,AEC NAGAR,RAJIV GANDHI ROADGANAPATHYCOIMBATORE - 641006"
656,400,90110,142,900000827,10,19000165,CU1P00675,900065,1,1.00E-06,440.15,7275,440.15,7275,2.5,2910,7275,216,DLC012727,GSTAG52,05-09-2019 12:29,"D.NO.48/4,SUBRAMANIAN KOVIL,GANDHIJI ROAD,KURICHY,COIMBATORE-24"
657,400,90110,142,900000860,20,19000197,CU1C00683,900031,1,1.00E-06,4574.81,23852,4574.81,23852,5963,4,23852,216,ADD002919,GSTAG54,15-10-2019 10:38,KARUMBUKADAICOIMBATRORE 
658,400,90110,142,900000862,10,19000199,CUSS00162,900062,1,1.00E-06,121,2000,121,2000,2.5,800,2000,216,ADD062405,GSTAG52,15-10-2019 11:27,"MADURAI VEERAN KOVILKALLAPPALAYAM(PO), COIMBATORE "
659,400,AO0400,112,190000007,10,19000006,CU1C01600,,1,1.00E-06,82036.62,455759,82036.62,455759,455759,1,455759, ,ADD039470,GSTMUL3,,"EXCISE,TRICHY ROADCOIMBATORE "
660,400,AO0400,112,190000008,10,19000007,CRE000020,,1,1.00E-06,63000,350000,63000,350000,350000,1,350000, ,ADD003397,GSTMUL3,,"1443/1,INDIA HOUSETRICHY ROAD,COIMBATORETN - 641 045"
661,400,AO0400,112,190000061,10,19000067,CRE000019,,1,1.00E-06,20206.62,112259,20206.62,112259,112259,1,112259, ,ADD027204,GSTMUL3,,ELGI INDUSTRIAL COMPLEX IIISINGANALLURCOIMBATOTRE - 641 005
662,400,AO0400,112,190000064,10,19000070,CRA000276,,1,1.00E-06,257909.58,1432831,257909.58,1432831,1432831,1,1432831, ,ADD025211,GSTMUL3,,"S2/A,11 PRIVATE INDUSTRIAL ESTATEKURICHYCOIMBATORE-641021"
663,400,90110,142,900000852,20,19000189,CUSB00023,900070,1,1.00E-06,3116.75,16250,3116.75,16250,325,50,16250,216,ADD061382,GSTAG54,03-10-2019 09:05,"CHETTIPALAYAM ROAD,EACHANARI(PO) COIMBATORE- "
664,400,90110,142,900000852,40,19000189,CUSB00023,900090,1,1.00E-06,443.06,2310,443.06,2310,10,231,2310,216,ADD061382,GSTAG54,03-10-2019 09:05,"CHETTIPALAYAM ROAD,EACHANARI(PO) COIMBATORE- "
665,400,90110,252,900000865,10,19000002,CU1A00851,900099,1,1.00E-06,0,238350,0,238350,227,1050,238350,224,ADD000870,GSTAG11,17-10-2019 07:33,"PLoT NO:201/5,PHASE II, I D A CHERLAPALLYHYDRABAD 500 051-TELANGANA"
666,400,AO0400,112,190000106,10,19000122,CRE000019,,1,1.00E-06,9918,55100,9918,55100,55100,1,55100, ,ADD027204,GSTMUL3,,ELGI INDUSTRIAL COMPLEX IIISINGANALLURCOIMBATOTRE - 641 005
667,400,AO0400,112,190000110,10,19000126,CRA000276,,1,1.00E-06,19935,110750,19935,110750,110750,1,110750, ,ADD025211,GSTMUL3,,"S2/A,11 PRIVATE INDUSTRIAL ESTATEKURICHYCOIMBATORE-641021"
668,400,90110,142,900000742,10,19000084,CU1K01648,900009,1,1.00E-06,24051.72,125400,24051.72,125400,22,5700,125400,216,ADD026193,GSTAG54,24-06-2019 06:38,"7,AEC NAGAR,RAJIV GANDHI ROADGANAPATHYCOIMBATORE - 641006"
669,400,90110,142,900000788,10,19000130,CU1P00675,900065,1,1.00E-06,376.62,6225,376.62,6225,2.5,2490,6225,216,DLC012727,GSTAG52,29-07-2019 10:04,"D.NO.48/4,SUBRAMANIAN KOVIL,GANDHIJI ROAD,KURICHY,COIMBATORE-24"
670,400,90110,142,900000773,20,19000115,CU1P00675,900065,1,1.00E-06,131.36,2171,131.36,2171,1.3,1670,2171,216,DLC012727,GSTAG52,18-07-2019 10:03,"D.NO.48/4,SUBRAMANIAN KOVIL,GANDHIJI ROAD,KURICHY,COIMBATORE-24"
671,400,AO0400,112,180000044,10,19000059,CU1C01600,,1,1.00E-06,82036.62,455759,82036.62,455759,455759,1,455759, ,ADD039470,GSTMUL3,,"EXCISE,TRICHY ROADCOIMBATORE "
672,400,90110,142,900000710,20,19000054,CUSN00034,900065,1,1.00E-06,83.2,1375,83.2,1375,1.1,1250,1375,216,ADD062201,GSTAG52,20-05-2019 07:03,MALUMACHAMPATTICOIMBATORE 
673,400,90110,142,900000810,10,19000151,CRB000037,900083,1,1.00E-06,187.55,3100,187.55,3100,5,620,3100,216,ADD067517,GSTAG52,24-08-2019 11:57,"NO.20,NAZZ THEATRE ROADCOIMBATORE "
674,400,AO0400,112,190000088,10,19000104,CRA000276,,1,1.00E-06,88380,491000,88380,491000,491000,1,491000, ,ADD025211,GSTMUL3,,"S2/A,11 PRIVATE INDUSTRIAL ESTATEKURICHYCOIMBATORE-641021"
675,400,90110,142,900000734,20,19000076,CU1P00675,900065,1,1.00E-06,113.26,1872,113.26,1872,1.3,1440,1872,216,DLC012727,GSTAG52,14-06-2019 08:59,"D.NO.48/4,SUBRAMANIAN KOVIL,GANDHIJI ROAD,KURICHY,COIMBATORE-24"
676,400,90110,142,900000943,40,19000278,CUSB00023,900088,1,1.00E-06,49.87,260,49.87,260,5,52,260,216,ADD061382,GSTAG54,27-12-2019 10:50,"CHETTIPALAYAM ROAD,EACHANARI(PO) COIMBATORE- "
677,400,90110,142,900000612,10,18000304,CUSS00162,900062,1,1.00E-06,302.5,5000,302.5,5000,4,1250,5000,216,ADD062405,GSTAG52,12-02-2019 12:06,"MADURAI VEERAN KOVILKALLAPPALAYAM(PO), COIMBATORE "
678,400,AO0400,112,190000028,10,19000026,CRE000019,,1,1.00E-06,9918,55100,9918,55100,55100,1,55100, ,ADD027204,GSTMUL3,,ELGI INDUSTRIAL COMPLEX IIISINGANALLURCOIMBATOTRE - 641 005
679,400,90110,142,900000762,10,19000104,CU1P00675,900065,1,1.00E-06,264.7,4375,264.7,4375,2.5,1750,4375,216,DLC012727,GSTAG52,08-07-2019 10:22,"D.NO.48/4,SUBRAMANIAN KOVIL,GANDHIJI ROAD,KURICHY,COIMBATORE-24"
680,400,90110,142,900000871,20,19000207,CU1P00675,900065,1,1.00E-06,83.37,1378,83.37,1378,1.3,1060,1378,216,DLC012727,GSTAG52,24-10-2019 08:44,"D.NO.48/4,SUBRAMANIAN KOVIL,GANDHIJI ROAD,KURICHY,COIMBATORE-24"
681,400,90110,142,900000723,10,19000067,CUSS00162,900062,1,1.00E-06,302.5,5000,302.5,5000,4,1250,5000,216,ADD062405,GSTAG52,03-06-2019 10:07,"MADURAI VEERAN KOVILKALLAPPALAYAM(PO), COIMBATORE "
682,400,90110,142,900001003,10,19000338,CRB000037,900083,1,1.00E-06,81.68,1350,81.68,1350,5,270,1350,216,ADD067517,GSTAG52,21-02-2020 10:58,"NO.20,NAZZ THEATRE ROADCOIMBATORE "
683,400,90110,142,900000624,10,18000316,CUSN00034,900065,1,1.00E-06,416.58,6885.5,416.58,6885.5,2.35,2930,6885.5,216,ADD062201,GSTAG52,28-02-2019 09:37,MALUMACHAMPATTICOIMBATORE 
684,400,90110,142,900000958,20,19000293,CRJ000095,900010,1,1.00E-06,14097.3,73500,14097.3,73500,21,3500,73500,216,ADD073900,GSTAG54,04-01-2020 07:25,"52,SIVANANDA STREETAUNPPARPALAYAM PUDURANUPPARPALAYAM POST"
685,400,90110,142,900000645,10,18000337,CUSS00162,900062,1,1.00E-06,302.5,5000,302.5,5000,4,1250,5000,216,ADD062405,GSTAG52,19-03-2019 10:34,"MADURAI VEERAN KOVILKALLAPPALAYAM(PO), COIMBATORE "
686,400,90110,142,900000990,10,19000325,CU1P00675,900065,1,1.00E-06,313.1,5175,313.1,5175,2.5,2070,5175,216,DLC012727,GSTAG52,04-02-2020 11:50,"D.NO.48/4,SUBRAMANIAN KOVIL,GANDHIJI ROAD,KURICHY,COIMBATORE-24"
687,400,90110,142,900000677,10,19000020,CRD000053,900082,1,1.00E-06,2616.48,14536,2616.48,14536,14536,1,14536,216,ADD069291,GSTAG14,22-04-2019 06:40,"ARIVAGAMSITE NO:1,SENGALIAPPAN NAGARRANGANATHAPURAM"
688,400,90110,142,900000623,10,18000315,CU1EMP,900070,1,1.00E-06,81,450,81,450,225,2,450,216,ADD000037,GSTAG14,26-02-2019 11:11,ELGI EQUIPMENT S LIMITEDEIC-SINGANALLURCOIMBATORE- 641 005.
689,400,AO0400,112,190000022,10,19000020,CRA000276,,1,1.00E-06,88380,491000,88380,491000,491000,1,491000, ,ADD025211,GSTMUL3,,"S2/A,11 PRIVATE INDUSTRIAL ESTATEKURICHYCOIMBATORE-641021"
690,400,AO0400,112,190000024,10,19000022,CRE000020,,1,1.00E-06,63000,350000,63000,350000,350000,1,350000, ,ADD003397,GSTMUL3,,"1443/1,INDIA HOUSETRICHY ROAD,COIMBATORETN - 641 045"
691,400,AO0400,112,190000045,10,19000044,CRA000276,,1,1.00E-06,162.9,905,162.9,905,905,1,905, ,ADD025211,GSTMUL3,,"S2/A,11 PRIVATE INDUSTRIAL ESTATEKURICHYCOIMBATORE-641021"
692,400,90110,142,900000829,20,19000167,CU1K01648,900009,1,1.00E-06,7664.33,39960,7664.33,39960,18.5,2160,39960,216,ADD026193,GSTAG54,09-09-2019 09:27,"7,AEC NAGAR,RAJIV GANDHI ROADGANAPATHYCOIMBATORE - 641006"
693,400,90110,142,900000830,10,19000168,CU1P00675,900065,1,1.00E-06,409.9,6775,409.9,6775,2.5,2710,6775,216,DLC012727,GSTAG52,09-09-2019 09:46,"D.NO.48/4,SUBRAMANIAN KOVIL,GANDHIJI ROAD,KURICHY,COIMBATORE-24"
694,400,90110,142,900000855,10,19000192,CRB000037,900083,1,1.00E-06,248.05,4100,248.05,4100,5,820,4100,216,ADD067517,GSTAG52,07-10-2019 08:40,"NO.20,NAZZ THEATRE ROADCOIMBATORE "
695,400,90110,142,900000908,10,19000244,CUSS00162,900062,1,1.00E-06,121,2000,121,2000,2.5,800,2000,216,ADD062405,GSTAG52,27-11-2019 09:57,"MADURAI VEERAN KOVILKALLAPPALAYAM(PO), COIMBATORE "
696,400,AO0400,112,180000037,10,18000036,CRA000276,,1,1.00E-06,10137.6,56320,10137.6,56320,0,0,56320, ,ADD025211,GSTMUL3,,"S2/A,11 PRIVATE INDUSTRIAL ESTATEKURICHYCOIMBATORE-641021"
697,400,AO0400,112,180000038,10,18000037,CRE000020,,1,1.00E-06,10137.6,56320,10137.6,56320,0,0,56320, ,ADD003397,GSTMUL3,,"1443/1,INDIA HOUSETRICHY ROAD,COIMBATORETN - 641 045"
698,400,90110,142,900000874,10,19000210,CRB000037,900083,1,1.00E-06,96.8,1600,96.8,1600,5,320,1600,216,ADD067517,GSTAG52,25-10-2019 12:05,"NO.20,NAZZ THEATRE ROADCOIMBATORE "
699,400,90110,142,900000627,50,18000319,CU1C00683,900084,1,1.00E-06,3086.13,16090.28,3086.13,16090.28,37.16,433,16090.28,216,ADD002919,GSTAG54,04-03-2019 09:55,KARUMBUKADAICOIMBATRORE 
700,400,AO0400,112,190000049,10,19000048,CU1C01600,,1,1.00E-06,82036.62,455759,82036.62,455759,455759,1,455759, ,ADD039470,GSTMUL3,,"EXCISE,TRICHY ROADCOIMBATORE "
701,400,AO0400,112,190000054,10,19000053,CRA000276,,1,1.00E-06,257909.58,1432831,257909.58,1432831,1432831,1,1432831, ,ADD025211,GSTMUL3,,"S2/A,11 PRIVATE INDUSTRIAL ESTATEKURICHYCOIMBATORE-641021"
702,400,90110,142,900000818,10,19000159,CU1P00675,900065,1,1.00E-06,465.85,7700,465.85,7700,2.5,3080,7700,216,DLC012727,GSTAG52,30-08-2019 09:49,"D.NO.48/4,SUBRAMANIAN KOVIL,GANDHIJI ROAD,KURICHY,COIMBATORE-24"
703,400,90110,142,900000859,20,19000196,CU1P00675,900065,1,1.00E-06,91.23,1508,91.23,1508,1.3,1160,1508,216,DLC012727,GSTAG52,14-10-2019 09:06,"D.NO.48/4,SUBRAMANIAN KOVIL,GANDHIJI ROAD,KURICHY,COIMBATORE-24"
704,400,90110,142,900000956,10,19000291,CUSS00162,900062,1,1.00E-06,121,2000,121,2000,2.5,800,2000,216,ADD062405,GSTAG52,31-12-2019 12:00,"MADURAI VEERAN KOVILKALLAPPALAYAM(PO), COIMBATORE "
705,400,90110,142,900000957,10,19000292,CRB000037,900083,1,1.00E-06,111.93,1850,111.93,1850,5,370,1850,216,ADD067517,GSTAG52,31-12-2019 12:04,"NO.20,NAZZ THEATRE ROADCOIMBATORE "
706,400,90110,142,900000667,10,19000010,CUSN00034,900065,1,1.00E-06,354.02,5851.5,354.02,5851.5,2.35,2490,5851.5,216,ADD062201,GSTAG52,12-04-2019 09:00,MALUMACHAMPATTICOIMBATORE 
707,400,AO0400,112,180000043,10,18000041,SU1S01872,,1,1.00E-06,688.32,3824,688.32,3824,3824,1,3824, ,ADD053244,GSTMUL3,,"302/2161, TRICHY ROAD,SINGANALLURCOIMBATORE"
708,400,90110,142,900000755,20,19000097,CU1P00675,900065,1,1.00E-06,83.37,1378,83.37,1378,1.3,1060,1378,216,DLC012727,GSTAG52,02-07-2019 07:15,"D.NO.48/4,SUBRAMANIAN KOVIL,GANDHIJI ROAD,KURICHY,COIMBATORE-24"
709,400,90110,142,900000720,10,19000064,CU1EMP,900070,1,1.00E-06,81,450,81,450,225,2,450,216,ADD000037,GSTAG14,30-05-2019 06:59,ELGI EQUIPMENT S LIMITEDEIC-SINGANALLURCOIMBATORE- 641 005.
710,400,90110,211,900000004,10,17000001,CU1K01648,900009,1,1.00E-06,22366.77,115852.5,22366.77,115852.5,14.25,8130,115852.5,213,ADD026193,AGG0126,17-04-2017 08:56,"7,AEC NAGAR,RAJIV GANDHI ROADGANAPATHYCOIMBATORE - 641006"
711,400,90110,142,900000015,20,17000017,CU1P00675,900065,1,1.00E-06,101.04,1670,101.04,1670,1,1670,1670,216,ADD011345,AGG0150,25-04-2017 09:30,H O 97 BILAL NAGARKARUMBUKKADAICOIMBATORE
712,400,90110,142,900000022,10,17000027,CU1EMP,900070,1,1.00E-06,33.75,675,33.75,675,225,3,675,216,ADD058978,AGG0144,05-05-2017 11:01,"EIC,SINGANALLURCOIMBATORE "
713,400,90110,142,900000040,10,17000046,CU1P00675,900065,1,1.00E-06,318.53,5265,318.53,5265,2.25,2340,5265,216,ADD011345,AGG0150,01-06-2017 10:31,H O 97 BILAL NAGARKARUMBUKKADAICOIMBATORE
714,400,90110,142,900000040,20,17000046,CU1P00675,900065,1,1.00E-06,80.47,1330,80.47,1330,1,1330,1330,216,ADD011345,AGG0150,01-06-2017 10:31,H O 97 BILAL NAGARKARUMBUKKADAICOIMBATORE
715,400,90110,142,900000047,20,17000053,CU1G01600,900070,1,1.00E-06,712.69,11780,712.69,11780,380,31,11780,216,ADD035218,AGG0150,08-06-2017 09:42,"SRI BALAJI NAGAR,NEAR NABI NAGARCHETTIPALAYAM ROAD, PODANURCOIMBATORE"
716,400,90110,142,900000048,10,17000054,CU1P00675,900065,1,1.00E-06,245.03,4050,245.03,4050,2.25,1800,4050,216,ADD011345,AGG0150,08-06-2017 11:11,H O 97 BILAL NAGARKARUMBUKKADAICOIMBATORE
717,400,90110,142,900000048,20,17000054,CU1P00675,900065,1,1.00E-06,85.91,1420,85.91,1420,1,1420,1420,216,ADD011345,AGG0150,08-06-2017 11:11,H O 97 BILAL NAGARKARUMBUKKADAICOIMBATORE
718,400,90110,142,900000055,20,17000061,CU1N00515,900056,1,1.00E-06,147.34,2435.4,147.34,2435.4,2.97,820,2435.4,216,ADD011057,AGG0150,16-06-2017 10:52,SARAVANAMPATTI ROADVELLAKINAR VILLAGECOIMBATORE-29
719,400,90110,142,900000056,10,17000062,CU1EMP,900070,1,1.00E-06,22.5,450,22.5,450,225,2,450,216,ADD000037,AGG0144,16-06-2017 11:33,ELGI EQUIPMENT S LIMITEDEIC-SINGANALLURCOIMBATORE- 641 005.
720,400,90110,142,900000059,20,17000065,CU1P00675,900065,1,1.00E-06,72.6,1200,72.6,1200,1,1200,1200,216,ADD011345,AGG0150,20-06-2017 08:58,H O 97 BILAL NAGARKARUMBUKKADAICOIMBATORE
721,400,90110,142,900000027,10,17000033,CU1A03177,900065,1,1.00E-06,240.95,3982.5,240.95,3982.5,2.25,1770,3982.5,216,ADD025211,AGG0150,18-05-2017 09:31,"S2/A,11 PRIVATE INDUSTRIAL ESTATEKURICHYCOIMBATORE-641021"
722,400,90110,142,900000038,10,17000044,CU1P00675,900065,1,1.00E-06,351.2,5805,351.2,5805,2.25,2580,5805,216,ADD011345,AGG0150,31-05-2017 11:21,H O 97 BILAL NAGARKARUMBUKKADAICOIMBATORE
723,400,90110,142,900000086,10,17001020,CU1P00675,900065,1,1.00E-06,323.99,5355,323.99,5355,2.25,2380,5355,216,DLC012727,GSTAG52,04-08-2017 09:48,"D.NO.48/4,SUBRAMANIAN KOVIL,GANDHIJI ROAD,KURICHY,COIMBATORE-24"
724,400,90110,142,900000101,10,17001036,CU1E00068,900069,1,1.00E-06,767.2,4000,767.2,4000,20,200,4000,216,ADD003397,GSTAG54,16-08-2017 06:43,"1443/1,INDIA HOUSETRICHY ROAD,COIMBATORETN - 641 045"
725,400,90110,141,900000104,10,17000001,CU1E00893,900009,1,1.00E-06,0,128700,0,128700,13,9900,128700,215,ADD036894,GSTAG01,17-08-2017 08:22,"(FOUNDRY) KODANGIPALAYAM VILL.,KOTHAVADI ROADKINATHUKADAVU POPOLLACHI TALUK,COIMBATORE DIST"
726,400,90110,142,900000108,10,17001041,CU1K01648,900009,1,1.00E-06,31004.47,161650,31004.47,161650,15.25,10600,161650,216,ADD026193,GSTAG54,22-08-2017 09:36,"7,AEC NAGAR,RAJIV GANDHI ROADGANAPATHYCOIMBATORE - 641006"
727,400,90110,142,900000110,10,17001043,CU1I00192,900013,1,1.00E-06,26065.62,135900,26065.62,135900,75,1812,135900,216,ADD005625,GSTAG54,24-08-2017 06:11,ATHIPALAYAM ROADCHINNAVEDAMPATTYCOIMBATORE
728,400,90110,142,900000098,10,17001033,CU1EMP,900070,1,1.00E-06,81,450,81,450,225,2,450,216,ADD000037,GSTAG14,11-08-2017 08:38,ELGI EQUIPMENT S LIMITEDEIC-SINGANALLURCOIMBATORE- 641 005.
729,400,90110,142,900000099,10,17001034,CU1K01648,900007,1,1.00E-06,5734.82,29900,5734.82,29900,13,2300,29900,216,ADD026193,GSTAG54,11-08-2017 09:37,"7,AEC NAGAR,RAJIV GANDHI ROADGANAPATHYCOIMBATORE - 641006"
730,400,90110,142,900000130,10,17001063,CUSM00010,900065,1,1.00E-06,304.92,5040,304.92,5040,2.25,2240,5040,216,ADD060293,GSTAG52,13-09-2017 10:03,"OPP-SUBRAMANI KOIL,GANDHIJI ROAD, KURICHY,SUNDHARAPURAMCOIMBATORE "
731,400,90110,142,900000131,10,17001064,CU1EMP,900070,1,1.00E-06,81,450,81,450,225,2,450,216,ADD000037,GSTAG14,14-09-2017 11:29,ELGI EQUIPMENT S LIMITEDEIC-SINGANALLURCOIMBATORE- 641 005.
732,400,90110,142,900000133,20,17001066,CUSM00010,900065,1,1.00E-06,81.07,1340,81.07,1340,1,1340,1340,216,ADD060293,GSTAG52,18-09-2017 11:13,"OPP-SUBRAMANI KOIL,GANDHIJI ROAD, KURICHY,SUNDHARAPURAMCOIMBATORE "
733,400,90110,142,900000140,20,17001073,CUSM00010,900065,1,1.00E-06,84.1,1390,84.1,1390,1,1390,1390,216,ADD060293,GSTAG52,26-09-2017 11:18,"OPP-SUBRAMANI KOIL,GANDHIJI ROAD, KURICHY,SUNDHARAPURAMCOIMBATORE "
734,400,90110,142,900000152,20,17001085,CUSS00051,900065,1,1.00E-06,88.94,1470,88.94,1470,1,1470,1470,216,ADD060584,GSTAG52,12-10-2017 08:20,"KURICHY,SUNDHARAPURAM,COIMBATORE "
735,400,90110,142,900000153,10,17001086,CUSS00051,900065,1,1.00E-06,382.51,6322.5,382.51,6322.5,2.25,2810,6322.5,216,ADD060584,GSTAG52,16-10-2017 09:07,"KURICHY,SUNDHARAPURAM,COIMBATORE "
736,400,90110,142,900000128,20,17001061,CUSM00010,900065,1,1.00E-06,91.96,1520,91.96,1520,1,1520,1520,216,ADD060293,GSTAG52,11-09-2017 09:21,"OPP-SUBRAMANI KOIL,GANDHIJI ROAD, KURICHY,SUNDHARAPURAMCOIMBATORE "
737,400,90110,142,900000129,10,17001062,CU1C00683,900031,1,1.00E-06,17933.32,93500.16,17933.32,93500.16,3596.16,26,93500.16,216,ADD002919,GSTAG54,13-09-2017 07:23,KARUMBUKADAICOIMBATRORE 
738,400,90110,142,900000146,10,17001079,CU1C00683,900031,1,1.00E-06,8391.25,43750,8391.25,43750,21875,2,43750,216,ADD002919,GSTAG54,04-10-2017 10:33,KARUMBUKADAICOIMBATRORE 
739,400,90110,142,900000160,10,17001093,CU1K01648,900007,1,1.00E-06,16107.36,83980,16107.36,83980,13,6460,83980,216,ADD026193,GSTAG54,24-10-2017 08:59,"7,AEC NAGAR,RAJIV GANDHI ROADGANAPATHYCOIMBATORE - 641006"
740,400,90110,142,900000166,20,17001099,CUSS00051,900065,1,1.00E-06,82.28,1360,82.28,1360,1,1360,1360,216,ADD060584,GSTAG52,02-11-2017 08:14,"KURICHY,SUNDHARAPURAM,COIMBATORE "
741,400,90110,142,900000174,10,17001107,CU1P00675,900065,1,1.00E-06,328.06,5422.5,328.06,5422.5,2.25,2410,5422.5,216,ADD011345,GSTAG52,09-11-2017 08:16,H O 97 BILAL NAGARKARUMBUKKADAICOIMBATORE
742,400,90110,142,900000178,10,17001111,CU1P00675,900065,1,1.00E-06,279.05,4612.5,279.05,4612.5,2.25,2050,4612.5,216,DLC012727,GSTAG52,13-11-2017 09:10,"D.NO.48/4,SUBRAMANIAN KOVIL,GANDHIJI ROAD,KURICHY,COIMBATORE-24"
743,400,90110,142,900000178,20,17001111,CU1P00675,900065,1,1.00E-06,90.15,1490,90.15,1490,1,1490,1490,216,DLC012727,GSTAG52,13-11-2017 09:10,"D.NO.48/4,SUBRAMANIAN KOVIL,GANDHIJI ROAD,KURICHY,COIMBATORE-24"
744,400,90110,142,900000180,20,17001113,CU1P00675,900065,1,1.00E-06,102.85,1700,102.85,1700,1,1700,1700,216,DLC012727,GSTAG52,14-11-2017 08:31,"D.NO.48/4,SUBRAMANIAN KOVIL,GANDHIJI ROAD,KURICHY,COIMBATORE-24"
745,400,90110,142,900000184,10,17001117,CU1R00495,900062,1,1.00E-06,1393.92,23040,1393.92,23040,12,1920,23040,216,ADD012904,GSTAG52,21-11-2017 07:06,KAVUNDAMPALAYAMCOIMBATORE 
746,400,90110,142,900000191,10,17001122,CU1P00675,900065,1,1.00E-06,378.44,6255,378.44,6255,2.25,2780,6255,216,DLC012727,GSTAG52,28-11-2017 08:45,"D.NO.48/4,SUBRAMANIAN KOVIL,GANDHIJI ROAD,KURICHY,COIMBATORE-24"
747,400,90110,142,900000195,10,17001126,CU1P00675,900070,1,1.00E-06,3279.78,17100,3279.78,17100,380,45,17100,216,DLC012727,GSTAG54,01-12-2017 06:02,"D.NO.48/4,SUBRAMANIAN KOVIL,GANDHIJI ROAD,KURICHY,COIMBATORE-24"
748,400,90110,142,900000210,10,17001141,CU1G01600,900013,1,1.00E-06,3207.86,16725,3207.86,16725,75,223,16725,216,ADD035218,GSTAG54,13-12-2017 06:29,"SRI BALAJI NAGAR,NEAR NABI NAGARCHETTIPALAYAM ROAD, PODANURCOIMBATORE"
749,400,90110,142,900000217,10,17001148,CUSM00010,900065,1,1.00E-06,397.49,6570,397.49,6570,2.25,2920,6570,216,ADD060293,GSTAG52,27-12-2017 09:28,"OPP-SUBRAMANI KOIL,GANDHIJI ROAD, KURICHY,SUNDHARAPURAMCOIMBATORE "
750,400,90110,142,900000198,10,17001129,CU1I00192,900013,1,1.00E-06,16974.3,88500,16974.3,88500,75,1180,88500,216,ADD005625,GSTAG54,04-12-2017 06:23,ATHIPALAYAM ROADCHINNAVEDAMPATTYCOIMBATORE
751,400,90110,142,900000198,20,17001129,CU1I00192,900013,1,1.00E-06,945.57,4930,945.57,4930,85,58,4930,216,ADD005625,GSTAG54,04-12-2017 06:23,ATHIPALAYAM ROADCHINNAVEDAMPATTYCOIMBATORE
752,400,90110,142,900000202,20,17001133,CU1K01648,900009,1,1.00E-06,9623.1,50172.5,9623.1,50172.5,15.25,3290,50172.5,216,ADD026193,GSTAG54,05-12-2017 09:13,"7,AEC NAGAR,RAJIV GANDHI ROADGANAPATHYCOIMBATORE - 641006"
753,400,90110,142,900000205,10,17001136,CU1P00675,900065,1,1.00E-06,194.66,3217.5,194.66,3217.5,2.25,1430,3217.5,216,DLC012727,GSTAG52,06-12-2017 09:17,"D.NO.48/4,SUBRAMANIAN KOVIL,GANDHIJI ROAD,KURICHY,COIMBATORE-24"
754,400,90110,142,900000230,10,17001161,CUSS00051,900065,1,1.00E-06,326.7,5400,326.7,5400,2.25,2400,5400,216,ADD060584,GSTAG52,12-01-2018 08:01,"KURICHY,SUNDHARAPURAM,COIMBATORE "
755,400,90110,142,900000230,20,17001161,CUSS00051,900065,1,1.00E-06,87.73,1450,87.73,1450,1,1450,1450,216,ADD060584,GSTAG52,12-01-2018 08:01,"KURICHY,SUNDHARAPURAM,COIMBATORE "
756,400,90110,142,900000232,10,17001163,CUSB00023,900052,1,1.00E-06,2761.92,14400,2761.92,14400,240,60,14400,216,ADD061382,GSTAG54,15-01-2018 08:45,"CHETTIPALAYAM ROAD,EACHANARI(PO) COIMBATORE- "
757,400,90110,142,900000252,10,17001183,CU1P00675,900065,1,1.00E-06,362.54,5992.5,362.54,5992.5,2.35,2550,5992.5,216,DLC012727,GSTAG52,13-02-2018 07:49,"D.NO.48/4,SUBRAMANIAN KOVIL,GANDHIJI ROAD,KURICHY,COIMBATORE-24"
758,400,90110,142,900000270,30,17001201,CUSB00023,900070,1,1.00E-06,2972.9,15500,2972.9,15500,310,50,15500,216,ADD061382,GSTAG54,05-03-2018 09:14,"CHETTIPALAYAM ROAD,EACHANARI(PO) COIMBATORE- "
759,400,90110,142,900000271,10,17001202,CU1P00675,900065,1,1.00E-06,392.4,6486,392.4,6486,2.35,2760,6486,216,DLC012727,GSTAG52,05-03-2018 09:21,"D.NO.48/4,SUBRAMANIAN KOVIL,GANDHIJI ROAD,KURICHY,COIMBATORE-24"
760,400,90110,142,900000238,10,17001169,CUSS00051,900065,1,1.00E-06,363.46,6007.5,363.46,6007.5,2.25,2670,6007.5,216,ADD060584,GSTAG52,24-01-2018 08:35,"KURICHY,SUNDHARAPURAM,COIMBATORE "
761,400,90110,142,900000238,20,17001169,CUSS00051,900065,1,1.00E-06,79.26,1310,79.26,1310,1,1310,1310,216,ADD060584,GSTAG52,24-01-2018 08:35,"KURICHY,SUNDHARAPURAM,COIMBATORE "
762,400,90110,142,900000243,10,17001174,CUSS00051,900065,1,1.00E-06,336.96,5569.5,336.96,5569.5,2.35,2370,5569.5,216,ADD060584,GSTAG52,05-02-2018 09:55,"KURICHY,SUNDHARAPURAM,COIMBATORE "
763,400,90110,142,900000263,10,17001194,CU1K01648,900007,1,1.00E-06,5869.08,30600,5869.08,30600,17,1800,30600,216,ADD026193,GSTAG54,22-02-2018 08:47,"7,AEC NAGAR,RAJIV GANDHI ROADGANAPATHYCOIMBATORE - 641006"
764,400,90110,142,900000275,10,17001205,CU1C00683,900031,1,1.00E-06,38983.35,203250,38983.35,203250,8468.75,24,203250,216,ADD002919,GSTAG54,07-03-2018 12:13,KARUMBUKADAICOIMBATRORE 
765,400,90110,142,900000280,10,17001210,CU1K01648,900007,1,1.00E-06,18585.42,96900,18585.42,96900,17,5700,96900,216,ADD026193,GSTAG54,09-03-2018 08:42,"7,AEC NAGAR,RAJIV GANDHI ROADGANAPATHYCOIMBATORE - 641006"
766,400,90110,142,900000285,20,17001215,CU1C00683,900013,1,1.00E-06,12229.17,63760,12229.17,63760,80,797,63760,216,ADD002919,GSTAG54,14-03-2018 10:31,KARUMBUKADAICOIMBATRORE 
767,400,90110,142,900000295,30,17001225,CU1C00683,900031,1,1.00E-06,5849.96,30500.3,5849.96,30500.3,265.22,115,30500.3,216,ADD002919,GSTAG54,26-03-2018 12:10,KARUMBUKADAICOIMBATRORE 
768,400,90110,142,900000315,20,18000010,CU1K01648,900009,1,1.00E-06,26710.07,139260,26710.07,139260,22,6330,139260,216,ADD026193,GSTAG54,11-04-2018 11:46,"7,AEC NAGAR,RAJIV GANDHI ROADGANAPATHYCOIMBATORE - 641006"
769,400,90110,142,900000317,10,18000012,CUSS00162,900062,1,1.00E-06,302.5,5000,302.5,5000,4,1250,5000,216,ADD062405,GSTAG52,12-04-2018 11:30,"MADURAI VEERAN KOVILKALLAPPALAYAM(PO), COIMBATORE "
770,400,90110,142,900000320,10,18000015,CUSN00034,900065,1,1.00E-06,467.76,7731.5,467.76,7731.5,2.35,3290,7731.5,216,ADD062201,GSTAG52,13-04-2018 10:43,MALUMACHAMPATTICOIMBATORE 
771,400,90110,142,900000320,20,18000015,CUSN00034,900065,1,1.00E-06,92.51,1529,92.51,1529,1.1,1390,1529,216,ADD062201,GSTAG52,13-04-2018 10:43,MALUMACHAMPATTICOIMBATORE 
772,400,90110,142,900000296,20,17001226,CUSN00034,900065,1,1.00E-06,73.21,1210,73.21,1210,1.1,1100,1210,216,ADD062201,GSTAG52,27-03-2018 08:46,MALUMACHAMPATTICOIMBATORE 
773,400,90110,142,900000297,10,17001227,CUSS00162,900062,1,1.00E-06,302.5,5000,302.5,5000,4,1250,5000,216,ADD062405,GSTAG52,27-03-2018 09:34,"MADURAI VEERAN KOVILKALLAPPALAYAM(PO), COIMBATORE "
774,400,90110,142,900000304,10,17001234,CUSN00034,900065,1,1.00E-06,390.98,6462.5,390.98,6462.5,2.35,2750,6462.5,216,ADD062201,GSTAG52,30-03-2018 12:01,MALUMACHAMPATTICOIMBATORE 
775,400,90110,142,900000323,10,18000018,CUSN00034,900065,1,1.00E-06,356.85,5898.5,356.85,5898.5,2.35,2510,5898.5,216,ADD062201,GSTAG52,19-04-2018 11:54,MALUMACHAMPATTICOIMBATORE 
776,400,90110,142,900000327,10,18000022,CUSS00162,900062,1,1.00E-06,302.5,5000,302.5,5000,4,1250,5000,216,ADD062405,GSTAG52,25-04-2018 10:34,"MADURAI VEERAN KOVILKALLAPPALAYAM(PO), COIMBATORE "
777,400,90110,142,900000349,10,18000044,CUSB00023,900052,1,1.00E-06,782.54,4080,782.54,4080,240,17,4080,216,ADD061382,GSTAG54,21-05-2018 09:34,"CHETTIPALAYAM ROAD,EACHANARI(PO) COIMBATORE- "
778,400,90110,142,900000349,20,18000044,CUSB00023,900053,1,1.00E-06,98.01,511,98.01,511,7,73,511,216,ADD061382,GSTAG54,21-05-2018 09:34,"CHETTIPALAYAM ROAD,EACHANARI(PO) COIMBATORE- "
779,400,90110,142,900000367,20,18000062,CUSN00034,900065,1,1.00E-06,105.82,1749,105.82,1749,1.1,1590,1749,216,ADD062201,GSTAG52,05-06-2018 09:17,MALUMACHAMPATTICOIMBATORE 
780,400,90110,142,900000369,10,18000064,CU1EMP,900070,1,1.00E-06,40.5,225,40.5,225,225,1,225,216,ADD000037,GSTAG14,06-06-2018 07:25,ELGI EQUIPMENT S LIMITEDEIC-SINGANALLURCOIMBATORE- 641 005.
781,400,90110,142,900000375,10,18000070,CUSB00023,900052,1,1.00E-06,1979.38,10320,1979.38,10320,240,43,10320,216,ADD061382,GSTAG54,14-06-2018 05:53,"CHETTIPALAYAM ROAD,EACHANARI(PO) COIMBATORE- "
782,400,90110,142,900000375,20,18000070,CUSB00023,900053,1,1.00E-06,22.82,119,22.82,119,7,17,119,216,ADD061382,GSTAG54,14-06-2018 05:53,"CHETTIPALAYAM ROAD,EACHANARI(PO) COIMBATORE- "
783,400,90110,142,900000379,20,18000074,CUSN00034,900065,1,1.00E-06,64.56,1067,64.56,1067,1.1,970,1067,216,ADD062201,GSTAG52,19-06-2018 12:12,MALUMACHAMPATTICOIMBATORE 
784,400,90110,142,900000363,10,18000058,CUSN00034,900065,1,1.00E-06,348.33,5757.5,348.33,5757.5,2.35,2450,5757.5,216,ADD062201,GSTAG52,31-05-2018 08:57,MALUMACHAMPATTICOIMBATORE 
785,400,90110,142,900000407,10,18000102,CU1C00683,900013,1,1.00E-06,40216.62,209680,40216.62,209680,80,2621,209680,216,ADD002919,GSTAG54,17-07-2018 10:42,KARUMBUKADAICOIMBATRORE 
786,400,90110,142,900000407,30,18000102,CU1C00683,900084,1,1.00E-06,7733.1,40318.6,7733.1,40318.6,37.16,1085,40318.6,216,ADD002919,GSTAG54,17-07-2018 10:42,KARUMBUKADAICOIMBATRORE 
787,400,90110,142,900000390,20,18000085,CUSN00034,900065,1,1.00E-06,93.17,1540,93.17,1540,1.1,1400,1540,216,ADD062201,GSTAG52,02-07-2018 09:07,MALUMACHAMPATTICOIMBATORE 
788,400,90110,142,900000420,10,18000115,CUSN00034,900065,1,1.00E-06,236.02,3901,236.02,3901,2.35,1660,3901,216,ADD062201,GSTAG52,27-07-2018 07:15,MALUMACHAMPATTICOIMBATORE 
789,400,90110,142,900000422,20,18000117,CUSN00034,900065,1,1.00E-06,109.82,1815,109.82,1815,1.1,1650,1815,216,ADD062201,GSTAG52,31-07-2018 09:21,MALUMACHAMPATTICOIMBATORE 
790,400,90110,142,900000426,10,18000121,CUSN00034,900065,1,1.00E-06,217.53,3595.5,217.53,3595.5,2.35,1530,3595.5,216,ADD062201,GSTAG52,06-08-2018 10:09,MALUMACHAMPATTICOIMBATORE 
791,400,90110,142,900000455,10,18000150,CU1K01648,900007,1,1.00E-06,8991.58,46880,8991.58,46880,16,2930,46880,216,ADD026193,GSTAG54,10-09-2018 09:14,"7,AEC NAGAR,RAJIV GANDHI ROADGANAPATHYCOIMBATORE - 641006"
792,400,90110,142,900000430,20,18000125,CUSN00034,900065,1,1.00E-06,169.71,2805,169.71,2805,1.1,2550,2805,216,ADD062201,GSTAG52,13-08-2018 07:23,MALUMACHAMPATTICOIMBATORE 
793,400,90110,142,900000457,20,18000152,CU1N00515,900056,1,1.00E-06,191.88,1000.4,191.88,1000.4,4.88,205,1000.4,216,ADD011057,GSTAG54,13-09-2018 10:21,SARAVANAMPATTI ROADVELLAKINAR VILLAGECOIMBATORE-29
794,400,90110,142,900000459,10,18000154,CUSN00034,900065,1,1.00E-06,408.04,6744.5,408.04,6744.5,2.35,2870,6744.5,216,ADD062201,GSTAG52,13-09-2018 11:54,MALUMACHAMPATTICOIMBATORE 
795,400,90110,142,900000465,10,18000160,CU1C00683,900031,1,1.00E-06,8151.5,42500,8151.5,42500,42500,1,42500,216,ADD002919,GSTAG54,20-09-2018 11:10,KARUMBUKADAICOIMBATRORE 
796,400,90110,142,900000475,10,18000170,CU1EMP,900070,1,1.00E-06,81,450,81,450,225,2,450,216,ADD000037,GSTAG14,28-09-2018 08:00,ELGI EQUIPMENT S LIMITEDEIC-SINGANALLURCOIMBATORE- 641 005.
797,400,90110,142,900000480,10,18000175,CU1EMP,900070,1,1.00E-06,121.5,675,121.5,675,225,3,675,216,ADD000037,GSTAG14,05-10-2018 06:54,ELGI EQUIPMENT S LIMITEDEIC-SINGANALLURCOIMBATORE- 641 005.
798,400,90110,142,900000484,10,18000179,CU1C00683,900013,1,1.00E-06,6870.28,35820,6870.28,35820,90,398,35820,216,ADD002919,GSTAG54,10-10-2018 10:40,KARUMBUKADAICOIMBATRORE 
799,400,90110,142,900000484,30,18000179,CU1C00683,900021,1,1.00E-06,11094.91,57846.24,11094.91,57846.24,200.16,289,57846.24,216,ADD002919,GSTAG54,10-10-2018 10:40,KARUMBUKADAICOIMBATRORE 
800,400,90110,142,900000507,20,18000201,CUSN00034,900065,1,1.00E-06,119.13,1969,119.13,1969,1.1,1790,1969,216,ADD062201,GSTAG52,01-11-2018 11:07,MALUMACHAMPATTICOIMBATORE 
801,400,90110,142,900000467,10,18000162,CU1EMP,900070,1,1.00E-06,40.5,225,40.5,225,225,1,225,216,ADD000037,GSTAG14,20-09-2018 11:56,ELGI EQUIPMENT S LIMITEDEIC-SINGANALLURCOIMBATORE- 641 005.
802,400,90110,142,900000469,20,18000164,CUSN00034,900065,1,1.00E-06,95.83,1584,95.83,1584,1.1,1440,1584,216,ADD062201,GSTAG52,20-09-2018 12:36,MALUMACHAMPATTICOIMBATORE 
803,400,90110,142,900000481,10,18000176,CUSN00034,900065,1,1.00E-06,463.5,7661,463.5,7661,2.35,3260,7661,216,ADD062201,GSTAG52,05-10-2018 12:29,MALUMACHAMPATTICOIMBATORE 
804,400,90110,142,900000491,10,18000185,CUSN00034,900065,1,1.00E-06,453.53,7496.5,453.53,7496.5,2.35,3190,7496.5,216,ADD062201,GSTAG52,16-10-2018 08:40,MALUMACHAMPATTICOIMBATORE 
805,400,90110,142,900000497,10,18000191,CUSN00034,900065,1,1.00E-06,352.59,5828,352.59,5828,2.35,2480,5828,216,ADD062201,GSTAG52,18-10-2018 09:02,MALUMACHAMPATTICOIMBATORE 
806,400,90110,142,900000497,20,18000191,CUSN00034,900065,1,1.00E-06,127.78,2112,127.78,2112,1.1,1920,2112,216,ADD062201,GSTAG52,18-10-2018 09:02,MALUMACHAMPATTICOIMBATORE 
807,400,90110,142,900000509,20,18000203,CUSN00034,900065,1,1.00E-06,81.19,1342,81.19,1342,1.1,1220,1342,216,ADD062201,GSTAG52,07-11-2018 11:20,MALUMACHAMPATTICOIMBATORE 
808,400,90110,142,900000510,10,18000204,CUSN00034,900065,1,1.00E-06,403.78,6674,403.78,6674,2.35,2840,6674,216,ADD062201,GSTAG52,09-11-2018 08:56,MALUMACHAMPATTICOIMBATORE 
809,400,90110,142,900000516,50,18000210,CU1C00683,900084,1,1.00E-06,2320.4,12098,2320.4,12098,46,263,12098,216,ADD002919,GSTAG54,15-11-2018 09:06,KARUMBUKADAICOIMBATRORE 
810,400,90110,142,900000525,20,18000219,CUSN00034,900065,1,1.00E-06,116.47,1925,116.47,1925,1.1,1750,1925,216,ADD062201,GSTAG52,26-11-2018 09:07,MALUMACHAMPATTICOIMBATORE 
811,400,90110,142,900000545,20,18000239,CUSN00034,900065,1,1.00E-06,113.14,1870,113.14,1870,1.1,1700,1870,216,ADD062201,GSTAG52,11-12-2018 09:23,MALUMACHAMPATTICOIMBATORE 
812,400,90110,142,900000547,10,18000241,CUSN00034,900065,1,1.00E-06,516.09,8530.5,516.09,8530.5,2.35,3630,8530.5,216,ADD062201,GSTAG52,14-12-2018 11:13,MALUMACHAMPATTICOIMBATORE 
813,400,90110,142,900000511,30,18000205,CUSB00023,900070,1,1.00E-06,3626.94,18910,3626.94,18910,310,61,18910,216,ADD061382,GSTAG54,12-11-2018 05:14,"CHETTIPALAYAM ROAD,EACHANARI(PO) COIMBATORE- "
814,400,90110,142,900000520,10,18000214,CUSS00162,900062,1,1.00E-06,302.5,5000,302.5,5000,4,1250,5000,216,ADD062405,GSTAG52,20-11-2018 11:01,"MADURAI VEERAN KOVILKALLAPPALAYAM(PO), COIMBATORE "
815,400,90110,142,900000557,10,18000251,CU1G01600,900083,1,1.00E-06,205.7,3400,205.7,3400,17,200,3400,216,ADD035218,GSTAG52,28-12-2018 06:12,"SRI BALAJI NAGAR,NEAR NABI NAGARCHETTIPALAYAM ROAD, PODANURCOIMBATORE"
816,400,90110,142,900000574,10,18000268,CU1C00683,900031,1,1.00E-06,15344.02,80000.16,15344.02,80000.16,3333.34,24,80000.16,216,ADD002919,GSTAG54,09-01-2019 10:28,KARUMBUKADAICOIMBATRORE 
817,400,90110,142,900000551,20,18000245,CUSN00034,900065,1,1.00E-06,63.89,1056,63.89,1056,1.1,960,1056,216,ADD062201,GSTAG52,19-12-2018 10:23,MALUMACHAMPATTICOIMBATORE 
818,400,90110,142,900000568,20,18000262,CUSN00034,900065,1,1.00E-06,101.83,1683,101.83,1683,1.1,1530,1683,216,ADD062201,GSTAG52,03-01-2019 09:00,MALUMACHAMPATTICOIMBATORE 
819,400,90110,142,900000576,10,18000270,CUSN00034,900065,1,1.00E-06,389.57,6439,389.57,6439,2.35,2740,6439,216,ADD062201,GSTAG52,18-01-2019 09:55,MALUMACHAMPATTICOIMBATORE 
820,400,90110,142,900000607,10,18000299,CUSN00034,900065,1,1.00E-06,275.83,4559,275.83,4559,2.35,1940,4559,216,ADD062201,GSTAG52,11-02-2019 09:06,MALUMACHAMPATTICOIMBATORE 
821,400,90110,142,900000608,10,18000300,CU1K01648,900007,1,1.00E-06,10529.82,54900,10529.82,54900,18,3050,54900,216,ADD026193,GSTAG54,11-02-2019 09:12,"7,AEC NAGAR,RAJIV GANDHI ROADGANAPATHYCOIMBATORE - 641006"
822,400,90110,142,900000608,20,18000300,CU1K01648,900009,1,1.00E-06,14500.08,75600,14500.08,75600,22.5,3360,75600,216,ADD026193,GSTAG54,11-02-2019 09:12,"7,AEC NAGAR,RAJIV GANDHI ROADGANAPATHYCOIMBATORE - 641006"
823,400,90110,142,900000609,10,18000301,CU1C00683,900013,1,1.00E-06,3711.33,19350,3711.33,19350,90,215,19350,216,ADD002919,GSTAG54,11-02-2019 09:16,KARUMBUKADAICOIMBATRORE 
824,400,90110,142,900000691,20,19000034,CUSN00034,900065,1,1.00E-06,53.92,891,53.92,891,1.1,810,891,216,ADD062201,GSTAG52,02-05-2019 09:46,MALUMACHAMPATTICOIMBATORE 
825,400,90110,142,900000799,10,19000141,CU1P00675,900065,1,1.00E-06,346.37,5725,346.37,5725,2.5,2290,5725,216,DLC012727,GSTAG52,14-08-2019 09:13,"D.NO.48/4,SUBRAMANIAN KOVIL,GANDHIJI ROAD,KURICHY,COIMBATORE-24"
826,400,90110,142,900000975,10,19000310,CU1P00675,900065,1,1.00E-06,347.88,5750,347.88,5750,2.5,2300,5750,216,DLC012727,GSTAG52,27-01-2020 08:39,"D.NO.48/4,SUBRAMANIAN KOVIL,GANDHIJI ROAD,KURICHY,COIMBATORE-24"
827,400,90110,142,900000975,20,19000310,CU1P00675,900065,1,1.00E-06,111.68,1846,111.68,1846,1.3,1420,1846,216,DLC012727,GSTAG52,27-01-2020 08:39,"D.NO.48/4,SUBRAMANIAN KOVIL,GANDHIJI ROAD,KURICHY,COIMBATORE-24"
828,400,90110,142,900000600,10,18000292,CUSS00162,900062,1,1.00E-06,302.5,5000,302.5,5000,4,1250,5000,216,ADD062405,GSTAG52,07-02-2019 08:39,"MADURAI VEERAN KOVILKALLAPPALAYAM(PO), COIMBATORE "
829,400,90110,142,900000601,10,18000293,CRB000037,900083,1,1.00E-06,172.43,2850,172.43,2850,5,570,2850,216,ADD067517,GSTAG52,07-02-2019 08:47,"NO.20,NAZZ THEATRE ROADCOIMBATORE "
830,400,90110,142,900000877,10,19000213,CUSB00023,900070,1,1.00E-06,4051.78,21125,4051.78,21125,325,65,21125,216,ADD061382,GSTAG54,30-10-2019 09:46,"CHETTIPALAYAM ROAD,EACHANARI(PO) COIMBATORE- "
831,400,90110,142,900000886,20,19000222,CU1P00675,900065,1,1.00E-06,120.34,1989,120.34,1989,1.3,1530,1989,216,DLC012727,GSTAG52,07-11-2019 09:52,"D.NO.48/4,SUBRAMANIAN KOVIL,GANDHIJI ROAD,KURICHY,COIMBATORE-24"
832,400,90110,142,900000618,10,18000310,CUSS00162,900062,1,1.00E-06,302.5,5000,302.5,5000,4,1250,5000,216,ADD062405,GSTAG52,19-02-2019 11:09,"MADURAI VEERAN KOVILKALLAPPALAYAM(PO), COIMBATORE "
833,400,90110,142,900000675,10,19000018,CUSS00162,900062,1,1.00E-06,302.5,5000,302.5,5000,4,1250,5000,216,ADD062405,GSTAG52,19-04-2019 11:30,"MADURAI VEERAN KOVILKALLAPPALAYAM(PO), COIMBATORE "
834,400,90110,142,900000761,10,19000103,CRB000037,900083,1,1.00E-06,133.1,2200,133.1,2200,5,440,2200,216,ADD067517,GSTAG52,05-07-2019 11:22,"NO.20,NAZZ THEATRE ROADCOIMBATORE "
835,400,AO0400,112,180000030,10,18000029,CRE000019,,1,1.00E-06,2798.82,15549,2798.82,15549,0,0,15549, ,ADD027204,GSTMUL3,,ELGI INDUSTRIAL COMPLEX IIISINGANALLURCOIMBATOTRE - 641 005
836,400,AO0400,112,180000031,10,18000030,CRE000019,,1,1.00E-06,9918,55100,9918,55100,0,0,55100, ,ADD027204,GSTMUL3,,ELGI INDUSTRIAL COMPLEX IIISINGANALLURCOIMBATOTRE - 641 005
837,400,90110,142,900000754,20,19000096,CU1P00675,900065,1,1.00E-06,140.79,2327,140.79,2327,1.3,1790,2327,216,DLC012727,GSTAG52,28-06-2019 08:12,"D.NO.48/4,SUBRAMANIAN KOVIL,GANDHIJI ROAD,KURICHY,COIMBATORE-24"
838,400,AO0400,112,180000025,10,18000024,CRA000276,,1,1.00E-06,88380,491000,88380,491000,0,0,491000, ,ADD025211,GSTMUL3,,"S2/A,11 PRIVATE INDUSTRIAL ESTATEKURICHYCOIMBATORE-641021"
839,400,90110,142,900000798,10,19000140,CRB000037,900083,1,1.00E-06,45.38,750,45.38,750,5,150,750,216,ADD067517,GSTAG52,13-08-2019 11:08,"NO.20,NAZZ THEATRE ROADCOIMBATORE "
840,400,90110,142,900000965,20,19000300,CU1P00675,900065,1,1.00E-06,87.31,1443,87.31,1443,1.3,1110,1443,216,DLC012727,GSTAG52,10-01-2020 10:05,"D.NO.48/4,SUBRAMANIAN KOVIL,GANDHIJI ROAD,KURICHY,COIMBATORE-24"
841,400,90110,142,900000698,10,19000041,CUSB00023,900053,1,1.00E-06,261.81,1365,261.81,1365,15,91,1365,216,ADD061382,GSTAG54,08-05-2019 09:48,"CHETTIPALAYAM ROAD,EACHANARI(PO) COIMBATORE- "
842,400,90110,142,900001001,10,19000336,CU1P00675,900065,1,1.00E-06,508.2,8400,508.2,8400,2.5,3360,8400,216,DLC012727,GSTAG52,18-02-2020 11:16,"D.NO.48/4,SUBRAMANIAN KOVIL,GANDHIJI ROAD,KURICHY,COIMBATORE-24"
843,400,90110,142,900000655,20,18000347,CUSN00034,900065,1,1.00E-06,88.52,1463,88.52,1463,1.1,1330,1463,216,ADD062201,GSTAG52,28-03-2019 08:38,MALUMACHAMPATTICOIMBATORE 
844,400,90110,142,900000641,30,18000333,CUSB00023,900070,1,1.00E-06,4051.78,21125,4051.78,21125,325,65,21125,216,ADD061382,GSTAG54,18-03-2019 07:28,"CHETTIPALAYAM ROAD,EACHANARI(PO) COIMBATORE- "
845,400,90110,142,900000732,10,19000074,CUSS00162,900062,1,1.00E-06,121,2000,121,2000,4,500,2000,216,ADD062405,GSTAG52,11-06-2019 11:30,"MADURAI VEERAN KOVILKALLAPPALAYAM(PO), COIMBATORE "
846,400,AO0400,112,190000100,10,19000116,CRA000278,,1,1.00E-06,3600,20000,3600,20000,20000,1,20000, ,ADD001390,GSTMUL3,,"2/31A  THENNAMPLAYAMARASUR, COIMBATORE641 407-TN"
847,400,AO0400,112,190000043,10,19000042,CRA000276,,1,1.00E-06,19935,110750,19935,110750,110750,1,110750, ,ADD025211,GSTMUL3,,"S2/A,11 PRIVATE INDUSTRIAL ESTATEKURICHYCOIMBATORE-641021"
848,400,90110,142,900000804,10,19000145,CU1EMP,900082,1,1.00E-06,900,5000,900,5000,5000,1,5000,216,ADD000037,GSTAG14,19-08-2019 11:17,ELGI EQUIPMENT S LIMITEDEIC-SINGANALLURCOIMBATORE- 641 005.
849,400,90110,142,900000850,10,19000187,CU1P00675,900065,1,1.00E-06,425.02,7025,425.02,7025,2.5,2810,7025,216,DLC012727,GSTAG52,30-09-2019 08:41,"D.NO.48/4,SUBRAMANIAN KOVIL,GANDHIJI ROAD,KURICHY,COIMBATORE-24"
850,400,90110,142,900000634,10,18000326,CU1K01648,900010,1,1.00E-06,26974.75,140640,26974.75,140640,24,5860,140640,216,ADD026193,GSTAG54,08-03-2019 07:22,"7,AEC NAGAR,RAJIV GANDHI ROADGANAPATHYCOIMBATORE - 641006"
851,400,90110,142,900000663,10,19000006,CRB000037,900083,1,1.00E-06,148.23,2450,148.23,2450,5,490,2450,216,ADD067517,GSTAG52,05-04-2019 09:54,"NO.20,NAZZ THEATRE ROADCOIMBATORE "
852,400,90110,142,900000728,10,19000072,CRB000037,900083,1,1.00E-06,390.23,6450,390.23,6450,5,1290,6450,216,ADD067517,GSTAG52,07-06-2019 09:10,"NO.20,NAZZ THEATRE ROADCOIMBATORE "
853,400,90110,142,900000793,40,19000135,CUSB00023,900087,1,1.00E-06,74.8,390,74.8,390,5,78,390,216,ADD061382,GSTAG54,05-08-2019 08:55,"CHETTIPALAYAM ROAD,EACHANARI(PO) COIMBATORE- "
854,400,AO0400,112,190000097,10,19000113,CRA000276,,1,1.00E-06,19935,110750,19935,110750,110750,1,110750, ,ADD025211,GSTMUL3,,"S2/A,11 PRIVATE INDUSTRIAL ESTATEKURICHYCOIMBATORE-641021"
855,400,90110,142,900000982,40,19000317,CUSB00023,900087,1,1.00E-06,23.98,125,23.98,125,5,25,125,216,ADD061382,GSTAG54,31-01-2020 11:22,"CHETTIPALAYAM ROAD,EACHANARI(PO) COIMBATORE- "
856,400,90110,142,900000789,20,19000131,CU1P00675,900065,1,1.00E-06,104.61,1729,104.61,1729,1.3,1330,1729,216,DLC012727,GSTAG52,31-07-2019 12:09,"D.NO.48/4,SUBRAMANIAN KOVIL,GANDHIJI ROAD,KURICHY,COIMBATORE-24"
857,400,90110,142,900000811,10,19000152,CU1K01648,900009,1,1.00E-06,36582.97,190735,36582.97,190735,18.5,10310,190735,216,ADD026193,GSTAG54,26-08-2019 06:40,"7,AEC NAGAR,RAJIV GANDHI ROADGANAPATHYCOIMBATORE - 641006"
858,400,90110,142,900000671,10,19000014,CUSN00034,900065,1,1.00E-06,356.85,5898.5,356.85,5898.5,2.35,2510,5898.5,216,ADD062201,GSTAG52,16-04-2019 07:29,MALUMACHAMPATTICOIMBATORE 
859,400,90110,142,900000733,10,19000075,CU1K01648,900007,1,1.00E-06,10238.28,53380,10238.28,53380,17,3140,53380,216,ADD026193,GSTAG54,13-06-2019 12:02,"7,AEC NAGAR,RAJIV GANDHI ROADGANAPATHYCOIMBATORE - 641006"
860,400,90110,142,900000657,10,18000349,CRB000037,900083,1,1.00E-06,266.2,4400,266.2,4400,5,880,4400,216,ADD067517,GSTAG52,29-03-2019 10:27,"NO.20,NAZZ THEATRE ROADCOIMBATORE "
861,400,AO0400,112,190000073,10,19000080,CRA000278,,1,1.00E-06,3600,20000,3600,20000,20000,1,20000, ,ADD001390,GSTMUL3,,"2/31A  THENNAMPLAYAMARASUR, COIMBATORE641 407-TN"
862,400,90110,142,900000598,20,18000290,CUSB00023,900053,1,1.00E-06,163.99,855,163.99,855,15,57,855,216,ADD061382,GSTAG54,05-02-2019 12:13,"CHETTIPALAYAM ROAD,EACHANARI(PO) COIMBATORE- "
863,400,90110,142,900000795,10,19000137,CRB000037,900083,1,1.00E-06,133.1,2200,133.1,2200,5,440,2200,216,ADD067517,GSTAG52,06-08-2019 11:00,"NO.20,NAZZ THEATRE ROADCOIMBATORE "
864,400,90110,142,900000643,20,18000335,CUSN00034,900065,1,1.00E-06,75.87,1254,75.87,1254,1.1,1140,1254,216,ADD062201,GSTAG52,19-03-2019 08:05,MALUMACHAMPATTICOIMBATORE 
865,400,90110,142,900000879,10,19000215,CU1P00675,900065,1,1.00E-06,326.7,5400,326.7,5400,2.5,2160,5400,216,DLC012727,GSTAG52,01-11-2019 08:53,"D.NO.48/4,SUBRAMANIAN KOVIL,GANDHIJI ROAD,KURICHY,COIMBATORE-24"
866,400,90110,142,900000840,10,19000178,CU1K01648,900007,1,1.00E-06,10568.18,55100,10568.18,55100,14.5,3800,55100,216,ADD026193,GSTAG54,19-09-2019 07:34,"7,AEC NAGAR,RAJIV GANDHI ROADGANAPATHYCOIMBATORE - 641006"
867,400,90110,142,900000695,10,19000038,CU1EMP,900070,1,1.00E-06,81,450,81,450,225,2,450,216,ADD000037,GSTAG14,07-05-2019 11:12,ELGI EQUIPMENT S LIMITEDEIC-SINGANALLURCOIMBATORE- 641 005.
868,400,90110,142,900000814,20,19000155,CU1K01648,900009,1,1.00E-06,19480.17,101565,19480.17,101565,18.5,5490,101565,216,ADD026193,GSTAG54,27-08-2019 12:06,"7,AEC NAGAR,RAJIV GANDHI ROADGANAPATHYCOIMBATORE - 641006"
869,400,90110,142,900000834,20,19000172,CU1P00675,900065,1,1.00E-06,35.4,585,35.4,585,1.3,450,585,216,DLC012727,GSTAG52,12-09-2019 10:04,"D.NO.48/4,SUBRAMANIAN KOVIL,GANDHIJI ROAD,KURICHY,COIMBATORE-24"
870,400,90110,142,900000764,10,19000106,CUSS00162,900062,1,1.00E-06,121,2000,121,2000,4,500,2000,216,ADD062405,GSTAG52,09-07-2019 11:34,"MADURAI VEERAN KOVILKALLAPPALAYAM(PO), COIMBATORE "
871,400,90110,142,900000906,20,19000242,CU1P00675,900065,1,1.00E-06,66.86,1105,66.86,1105,1.3,850,1105,216,DLC012727,GSTAG52,25-11-2019 07:34,"D.NO.48/4,SUBRAMANIAN KOVIL,GANDHIJI ROAD,KURICHY,COIMBATORE-24"
872,400,AO0400,112,190000020,10,19000018,CRE000019,,1,1.00E-06,908.28,5046,908.28,5046,5046,1,5046, ,ADD027204,GSTMUL3,,ELGI INDUSTRIAL COMPLEX IIISINGANALLURCOIMBATOTRE - 641 005
873,400,AO0400,112,190000080,10,19000087,CRA000276,,1,1.00E-06,257909.58,1432831,257909.58,1432831,1432831,1,1432831, ,ADD025211,GSTMUL3,,"S2/A,11 PRIVATE INDUSTRIAL ESTATEKURICHYCOIMBATORE-641021"
874,400,90110,142,900000838,10,19000176,CU1P00675,900065,1,1.00E-06,310.07,5125,310.07,5125,2.5,2050,5125,216,DLC012727,GSTAG52,17-09-2019 09:43,"D.NO.48/4,SUBRAMANIAN KOVIL,GANDHIJI ROAD,KURICHY,COIMBATORE-24"
875,400,AO0400,112,180000011,10,18000012,CU1I00906,,1,1.00E-06,7699.32,42774,7699.32,42774,0,0,42774, ,ADD044583,GSTMUL3,,"622A,GROUND FLOOR,NEAR ELGIINDUSTRIAL COMPLEX,SINGANALLURCOIMBATORE-641005_TN"
876,400,AO0400,112,190000009,10,19000008,CRE000019,,1,1.00E-06,20206.62,112259,20206.62,112259,112259,1,112259, ,ADD027204,GSTMUL3,,ELGI INDUSTRIAL COMPLEX IIISINGANALLURCOIMBATOTRE - 641 005
877,400,AO0400,112,180000034,10,18000033,CU1I00906,,1,1.00E-06,7699.32,42774,7699.32,42774,0,0,42774, ,ADD044583,GSTMUL3,,"622A,GROUND FLOOR,NEAR ELGIINDUSTRIAL COMPLEX,SINGANALLURCOIMBATORE-641005_TN"
878,400,90110,142,900000712,10,19000056,CUSS00162,900062,1,1.00E-06,302.5,5000,302.5,5000,4,1250,5000,216,ADD062405,GSTAG52,21-05-2019 10:32,"MADURAI VEERAN KOVILKALLAPPALAYAM(PO), COIMBATORE "
879,400,90110,142,900000713,10,19000057,CU1EMP,900070,1,1.00E-06,162,900,162,900,225,4,900,216,ADD000037,GSTAG14,21-05-2019 11:14,ELGI EQUIPMENT S LIMITEDEIC-SINGANALLURCOIMBATORE- 641 005.
880,400,AO0400,112,190000037,10,19000035,CRE000019,,1,1.00E-06,20206.62,112259,20206.62,112259,112259,1,112259, ,ADD027204,GSTMUL3,,ELGI INDUSTRIAL COMPLEX IIISINGANALLURCOIMBATOTRE - 641 005
881,400,90110,142,900000924,10,19000259,CU1P00675,900065,1,1.00E-06,415.95,6875,415.95,6875,2.5,2750,6875,216,DLC012727,GSTAG52,12-12-2019 09:19,"D.NO.48/4,SUBRAMANIAN KOVIL,GANDHIJI ROAD,KURICHY,COIMBATORE-24"
882,400,90110,142,900000773,10,19000115,CU1P00675,900065,1,1.00E-06,376.62,6225,376.62,6225,2.5,2490,6225,216,DLC012727,GSTAG52,18-07-2019 10:03,"D.NO.48/4,SUBRAMANIAN KOVIL,GANDHIJI ROAD,KURICHY,COIMBATORE-24"
883,400,AO0400,112,190000093,10,19000109,CRE000019,,1,1.00E-06,9918,55100,9918,55100,55100,1,55100, ,ADD027204,GSTMUL3,,ELGI INDUSTRIAL COMPLEX IIISINGANALLURCOIMBATOTRE - 641 005
884,400,90110,142,900000912,60,19000248,CUSB00023,900090,1,1.00E-06,299.21,1560,299.21,1560,10,156,1560,216,ADD061382,GSTAG54,02-12-2019 10:55,"CHETTIPALAYAM ROAD,EACHANARI(PO) COIMBATORE- "
885,400,AO0400,112,190000029,10,19000027,CRA000276,,1,1.00E-06,234463.32,1302574,234463.32,1302574,1302574,1,1302574, ,ADD025211,GSTMUL3,,"S2/A,11 PRIVATE INDUSTRIAL ESTATEKURICHYCOIMBATORE-641021"
886,400,AO0400,112,190000032,10,19000030,CRA000276,,1,1.00E-06,19935,110750,19935,110750,110750,1,110750, ,ADD025211,GSTMUL3,,"S2/A,11 PRIVATE INDUSTRIAL ESTATEKURICHYCOIMBATORE-641021"
887,400,90110,142,900000943,30,19000278,CUSB00023,900087,1,1.00E-06,14.39,75,14.39,75,5,15,75,216,ADD061382,GSTAG54,27-12-2019 10:50,"CHETTIPALAYAM ROAD,EACHANARI(PO) COIMBATORE- "
888,400,AO0400,112,180000013,10,18000014,CRE000019,,1,1.00E-06,17100,95000,17100,95000,0,0,95000, ,ADD027204,GSTMUL3,,ELGI INDUSTRIAL COMPLEX IIISINGANALLURCOIMBATOTRE - 641 005
889,400,90110,142,900000693,10,19000036,CUSS00162,900062,1,1.00E-06,302.5,5000,302.5,5000,4,1250,5000,216,ADD062405,GSTAG52,06-05-2019 10:16,"MADURAI VEERAN KOVILKALLAPPALAYAM(PO), COIMBATORE "
890,400,AO0400,112,180000050,10,19000066,SU1A01955,,1,1.00E-06,1800,10000,1800,10000,0,0,10000, ,ADD055807,GSTMUL3,,"OOR, NO.55, W-BLOCK,3RD MAINROAD,ANNA NAGAR, CHENNAI "
891,400,90110,142,900001002,20,19000337,CU1P00675,900065,1,1.00E-06,103.82,1716,103.82,1716,1.3,1320,1716,216,DLC012727,GSTAG52,21-02-2020 09:24,"D.NO.48/4,SUBRAMANIAN KOVIL,GANDHIJI ROAD,KURICHY,COIMBATORE-24"
892,400,90110,142,900000707,20,19000051,CUSN00034,900065,1,1.00E-06,59.9,990,59.9,990,1.1,900,990,216,ADD062201,GSTAG52,14-05-2019 10:26,MALUMACHAMPATTICOIMBATORE 
893,400,90110,142,900000796,10,19000138,CU1P00675,900065,1,1.00E-06,361.5,5975,361.5,5975,2.5,2390,5975,216,DLC012727,GSTAG52,13-08-2019 09:45,"D.NO.48/4,SUBRAMANIAN KOVIL,GANDHIJI ROAD,KURICHY,COIMBATORE-24"
894,400,90110,142,900000796,20,19000138,CU1P00675,900065,1,1.00E-06,193.48,3198,193.48,3198,1.3,2460,3198,216,DLC012727,GSTAG52,13-08-2019 09:45,"D.NO.48/4,SUBRAMANIAN KOVIL,GANDHIJI ROAD,KURICHY,COIMBATORE-24"
895,400,90110,141,900000824,10,19000005,CU1E00893,900010,1,1.00E-06,0,158250,0,158250,25,6330,158250,217,ADD036894,GSTAG01,04-09-2019 07:29,"(FOUNDRY) KODANGIPALAYAM VILL.,KOTHAVADI ROADKINATHUKADAVU POPOLLACHI TALUK,COIMBATORE DIST"
896,400,90110,142,900000825,10,19000163,CRB000037,900083,1,1.00E-06,226.88,3750,226.88,3750,5,750,3750,216,ADD067517,GSTAG52,04-09-2019 07:36,"NO.20,NAZZ THEATRE ROADCOIMBATORE "
897,400,AO0400,112,190000021,10,19000019,CRA000278,,1,1.00E-06,3600,20000,3600,20000,20000,1,20000, ,ADD001390,GSTMUL3,,"2/31A  THENNAMPLAYAMARASUR, COIMBATORE641 407-TN"
898,400,90110,142,900000974,20,19000309,CU1P00675,900065,1,1.00E-06,85.74,1417,85.74,1417,1.3,1090,1417,216,DLC012727,GSTAG52,24-01-2020 10:00,"D.NO.48/4,SUBRAMANIAN KOVIL,GANDHIJI ROAD,KURICHY,COIMBATORE-24"
899,400,90110,142,900000628,10,18000320,CU1C00683,900031,1,1.00E-06,4890.9,25500,4890.9,25500,25500,1,25500,216,ADD002919,GSTAG54,04-03-2019 10:19,KARUMBUKADAICOIMBATRORE 
900,400,AO0400,112,190000012,10,19000010,CRE000019,,1,1.00E-06,9918,55100,9918,55100,55100,1,55100, ,ADD027204,GSTMUL3,,ELGI INDUSTRIAL COMPLEX IIISINGANALLURCOIMBATOTRE - 641 005
901,400,AO0400,112,190000053,10,19000052,CRE000019,,1,1.00E-06,9918,55100,9918,55100,55100,1,55100, ,ADD027204,GSTMUL3,,ELGI INDUSTRIAL COMPLEX IIISINGANALLURCOIMBATOTRE - 641 005
902,400,90110,142,900000837,10,19000175,CU1C00683,900013,1,1.00E-06,11802.97,61537.84,11802.97,61537.84,82.16,749,61537.84,216,ADD002919,GSTAG54,16-09-2019 09:30,KARUMBUKADAICOIMBATRORE 
903,400,AO0400,112,180000051,10,19000076,SU1A01955,,1,1.00E-06,180,1000,180,1000,0,0,1000, ,ADD055807,GSTMUL3,,"OOR, NO.55, W-BLOCK,3RD MAINROAD,ANNA NAGAR, CHENNAI "
904,400,90110,142,900000668,10,19000011,CU1EMP,900083,1,1.00E-06,10,200,10,200,100,2,200,216,ADD000037,GSTAG12,12-04-2019 09:58,ELGI EQUIPMENT S LIMITEDEIC-SINGANALLURCOIMBATORE- 641 005.
905,400,90110,142,900000664,20,19000007,CUSN00034,900065,1,1.00E-06,89.85,1485,89.85,1485,1.1,1350,1485,216,ADD062201,GSTAG52,09-04-2019 09:06,MALUMACHAMPATTICOIMBATORE 
906,400,90110,252,900000821,10,19000001,CU1N00002,900099,1,1.00E-06,0,524370,0,524370,227,2310,524370,224,ADD010058,GSTAG04,30-08-2019 12:23,"164- SANKAGIRI MAIN ROADTHIRU GIRI COMPLEX,TRICHENGODUNAMAKKAL - 637 211 TN"
907,400,90110,142,900000014,10,17000015,CU1P00675,900052,1,1.00E-06,151.25,2500,151.25,2500,250,10,2500,216,ADD011345,AGG0150,25-04-2017 05:54,H O 97 BILAL NAGARKARUMBUKKADAICOIMBATORE
908,400,90110,142,280000001,10,17000016,CU1EMP,900070,1,1.00E-06,33.75,675,33.75,675,225,3,675,222,ADD000037,AGG0144,20-04-2017 11:09,ELGI EQUIPMENT S LIMITEDEIC-SINGANALLURCOIMBATORE- 641 005.
909,400,90110,142,900000042,20,17000048,CU1C00683,900048,1,1.00E-06,617.8,3200,617.8,3200,32,100,3200,213,ADD002919,AGG0126,05-06-2017 10:28,KARUMBUKADAICOIMBATRORE 
910,400,90110,142,900000050,10,17000056,CU1P00675,900065,1,1.00E-06,330.79,5467.5,330.79,5467.5,2.25,2430,5467.5,216,ADD011345,AGG0150,12-06-2017 07:03,H O 97 BILAL NAGARKARUMBUKKADAICOIMBATORE
911,400,90110,142,900000059,10,17000065,CU1P00675,900065,1,1.00E-06,349.85,5782.5,349.85,5782.5,2.25,2570,5782.5,216,ADD011345,AGG0150,20-06-2017 08:58,H O 97 BILAL NAGARKARUMBUKKADAICOIMBATORE
912,400,90110,142,900000025,20,17000030,CU1P00675,900065,1,1.00E-06,103.46,1710,103.46,1710,1,1710,1710,216,ADD011345,AGG0150,15-05-2017 08:33,H O 97 BILAL NAGARKARUMBUKKADAICOIMBATORE
913,400,90110,142,900000025,20,17000031,CU1P00675,900065,1,1.00E-06,9.68,160,9.68,160,1,160,160,216,ADD011345,AGG0150,15-05-2017 08:33,H O 97 BILAL NAGARKARUMBUKKADAICOIMBATORE
914,400,90110,142,900000053,10,17000059,CU1P00675,900065,1,1.00E-06,262.73,4342.5,262.73,4342.5,2.25,1930,4342.5,216,ADD011345,AGG0150,14-06-2017 11:21,H O 97 BILAL NAGARKARUMBUKKADAICOIMBATORE
915,400,90110,142,900000057,10,17000063,CU1L00976,900082,1,1.00E-06,16904.75,338095,16904.75,338095,338095,1,338095,216,ADD059479,ASSET01,19-06-2017 08:25,"156-KARAIVALASU,ARISANANATHAM, KARUPPANVALASU(POST)DHARAPURAM(TK) ERODE(DT) "
916,400,90110,142,900000064,20,17000071,CU1P00675,900065,1,1.00E-06,85.91,1420,85.91,1420,1,1420,1420,216,ADD011345,AGG0150,29-06-2017 10:13,H O 97 BILAL NAGARKARUMBUKKADAICOIMBATORE
917,400,90110,142,900000023,10,17000028,CU1A03177,900065,1,1.00E-06,280.42,4635,280.42,4635,2.25,2060,4635,216,ADD025211,AGG0150,08-05-2017 09:20,"S2/A,11 PRIVATE INDUSTRIAL ESTATEKURICHYCOIMBATORE-641021"
918,400,90110,142,900000036,10,17000042,CU1P00675,900065,1,1.00E-06,340.31,5625,340.31,5625,2.25,2500,5625,216,ADD011345,AGG0150,29-05-2017 10:32,H O 97 BILAL NAGARKARUMBUKKADAICOIMBATORE
919,400,90110,142,900000041,20,17000047,CU1P00675,900065,1,1.00E-06,89.54,1480,89.54,1480,1,1480,1480,216,ADD011345,AGG0150,02-06-2017 09:14,H O 97 BILAL NAGARKARUMBUKKADAICOIMBATORE
920,400,90110,142,900000058,10,17000064,CU1EMP,900070,1,1.00E-06,22.5,450,22.5,450,225,2,450,216,ADD000037,AGG0144,20-06-2017 08:42,ELGI EQUIPMENT S LIMITEDEIC-SINGANALLURCOIMBATORE- 641 005.
921,400,90110,142,900000075,10,17001010,CU1P00675,900070,1,1.00E-06,4008.62,20900,4008.62,20900,380,55,20900,216,ADD011345,GSTAG54,19-07-2017 07:16,H O 97 BILAL NAGARKARUMBUKKADAICOIMBATORE
922,400,90110,142,900000084,20,17001018,CU1P00675,900065,1,1.00E-06,67.76,1120,67.76,1120,1,1120,1120,216,DLC012727,GSTAG52,31-07-2017 11:18,"D.NO.48/4,SUBRAMANIAN KOVIL,GANDHIJI ROAD,KURICHY,COIMBATORE-24"
923,400,90110,142,900000086,20,17001020,CU1P00675,900065,1,1.00E-06,87.12,1440,87.12,1440,1,1440,1440,216,DLC012727,GSTAG52,04-08-2017 09:48,"D.NO.48/4,SUBRAMANIAN KOVIL,GANDHIJI ROAD,KURICHY,COIMBATORE-24"
924,400,90110,142,900000069,10,17001004,CU1K01648,900007,1,1.00E-06,4812.26,25090,4812.26,25090,13,1930,25090,216,ADD026193,GSTAG54,11-07-2017 10:12,"7,AEC NAGAR,RAJIV GANDHI ROADGANAPATHYCOIMBATORE - 641006"
925,400,90110,142,900000076,10,17001011,CU1P00675,900065,1,1.00E-06,360.73,5962.5,360.73,5962.5,2.25,2650,5962.5,216,DLC012727,GSTAG52,20-07-2017 09:38,"D.NO.48/4,SUBRAMANIAN KOVIL,GANDHIJI ROAD,KURICHY,COIMBATORE-24"
926,400,90110,142,900000082,20,17001016,CU1P00675,900065,1,1.00E-06,75.02,1240,75.02,1240,1,1240,1240,216,DLC012727,GSTAG52,28-07-2017 12:14,"D.NO.48/4,SUBRAMANIAN KOVIL,GANDHIJI ROAD,KURICHY,COIMBATORE-24"
927,400,90110,142,900000088,10,17001022,CU1P00675,900065,1,1.00E-06,338.95,5602.5,338.95,5602.5,2.25,2490,5602.5,216,DLC012727,GSTAG52,07-08-2017 10:13,"D.NO.48/4,SUBRAMANIAN KOVIL,GANDHIJI ROAD,KURICHY,COIMBATORE-24"
928,400,90110,142,900000089,10,17001024,CU1E00068,900009,1,1.00E-06,15804.32,82400,15804.32,82400,20,4120,82400,216,ADD003397,GSTAG54,09-08-2017 03:32,"1443/1,INDIA HOUSETRICHY ROAD,COIMBATORETN - 641 045"
929,400,90110,142,900000093,10,17001028,CU1E00068,900009,1,1.00E-06,12658.8,66000,12658.8,66000,20,3300,66000,216,ADD003397,GSTAG54,09-08-2017 11:02,"1443/1,INDIA HOUSETRICHY ROAD,COIMBATORETN - 641 045"
930,400,90110,142,900000123,10,17001056,CU1A03177,900065,1,1.00E-06,300.83,4972.5,300.83,4972.5,2.25,2210,4972.5,216,ADD025211,GSTAG52,06-09-2017 10:18,"S2/A,11 PRIVATE INDUSTRIAL ESTATEKURICHYCOIMBATORE-641021"
931,400,90110,142,900000130,20,17001063,CUSM00010,900065,1,1.00E-06,93.17,1540,93.17,1540,1,1540,1540,216,ADD060293,GSTAG52,13-09-2017 10:03,"OPP-SUBRAMANI KOIL,GANDHIJI ROAD, KURICHY,SUNDHARAPURAMCOIMBATORE "
932,400,90110,142,900000133,10,17001066,CUSM00010,900065,1,1.00E-06,329.43,5445,329.43,5445,2.25,2420,5445,216,ADD060293,GSTAG52,18-09-2017 11:13,"OPP-SUBRAMANI KOIL,GANDHIJI ROAD, KURICHY,SUNDHARAPURAMCOIMBATORE "
933,400,90110,142,900000134,20,17001067,CUSM00010,900065,1,1.00E-06,82.89,1370,82.89,1370,1,1370,1370,216,ADD060293,GSTAG52,19-09-2017 11:14,"OPP-SUBRAMANI KOIL,GANDHIJI ROAD, KURICHY,SUNDHARAPURAMCOIMBATORE "
934,400,90110,142,900000139,10,17001072,CU1EMP,900070,1,1.00E-06,324,1800,324,1800,225,8,1800,216,ADD000037,GSTAG14,26-09-2017 11:05,ELGI EQUIPMENT S LIMITEDEIC-SINGANALLURCOIMBATORE- 641 005.
935,400,90110,142,900000141,20,17001074,CUSM00010,900065,1,1.00E-06,79.86,1320,79.86,1320,1,1320,1320,216,ADD060293,GSTAG52,26-09-2017 11:32,"OPP-SUBRAMANI KOIL,GANDHIJI ROAD, KURICHY,SUNDHARAPURAMCOIMBATORE "
936,400,90110,142,900000144,10,17001077,CUSM00010,900065,1,1.00E-06,378.44,6255,378.44,6255,2.25,2780,6255,216,ADD060293,GSTAG52,27-09-2017 12:12,"OPP-SUBRAMANI KOIL,GANDHIJI ROAD, KURICHY,SUNDHARAPURAMCOIMBATORE "
937,400,90110,142,900000120,10,17001053,CU1I00192,900013,1,1.00E-06,6667.93,34765,6667.93,34765,85,409,34765,216,ADD005625,GSTAG54,05-09-2017 06:53,ATHIPALAYAM ROADCHINNAVEDAMPATTYCOIMBATORE
938,400,90110,142,900000138,20,17001071,CUSM00010,900065,1,1.00E-06,78.05,1290,78.05,1290,1,1290,1290,216,ADD060293,GSTAG52,25-09-2017 11:02,"OPP-SUBRAMANI KOIL,GANDHIJI ROAD, KURICHY,SUNDHARAPURAMCOIMBATORE "
939,400,90110,142,900000161,10,17001094,CUSS00051,900065,1,1.00E-06,338.95,5602.5,338.95,5602.5,2.25,2490,5602.5,216,ADD060584,GSTAG52,26-10-2017 08:18,"KURICHY,SUNDHARAPURAM,COIMBATORE "
940,400,90110,142,900000177,20,17001110,CU1K01648,900009,1,1.00E-06,14595.51,76097.5,14595.51,76097.5,15.25,4990,76097.5,216,ADD026193,GSTAG54,13-11-2017 08:59,"7,AEC NAGAR,RAJIV GANDHI ROADGANAPATHYCOIMBATORE - 641006"
941,400,90110,142,900000180,10,17001113,CU1P00675,900065,1,1.00E-06,291.32,4815,291.32,4815,2.25,2140,4815,216,DLC012727,GSTAG52,14-11-2017 08:31,"D.NO.48/4,SUBRAMANIAN KOVIL,GANDHIJI ROAD,KURICHY,COIMBATORE-24"
942,400,90110,142,900000185,10,17001118,CU1P00675,900065,1,1.00E-06,359.37,5940,359.37,5940,2.25,2640,5940,216,DLC012727,GSTAG52,21-11-2017 08:31,"D.NO.48/4,SUBRAMANIAN KOVIL,GANDHIJI ROAD,KURICHY,COIMBATORE-24"
943,400,90110,142,900000175,20,17001108,CU1A00851,900009,1,1.00E-06,3199.56,16681.75,3199.56,16681.75,12.59,1325,16681.75,216,ADD000870,GSTAG58,10-11-2017 08:13,"PLoT NO:201/5,PHASE II, I D A CHERLAPALLYHYDRABAD 500 051-TELANGANA"
944,400,90110,141,900000190,10,17000004,CU1E00893,900010,1,1.00E-06,0,139000,0,139000,25,5560,139000,217,ADD036894,GSTAG01,28-11-2017 06:02,"(FOUNDRY) KODANGIPALAYAM VILL.,KOTHAVADI ROADKINATHUKADAVU POPOLLACHI TALUK,COIMBATORE DIST"
945,400,90110,142,900000196,10,17001127,CU1P00675,900052,1,1.00E-06,863.1,4500,863.1,4500,250,18,4500,216,DLC012727,GSTAG54,01-12-2017 07:01,"D.NO.48/4,SUBRAMANIAN KOVIL,GANDHIJI ROAD,KURICHY,COIMBATORE-24"
946,400,90110,142,900000213,20,17001144,CUSM00010,900065,1,1.00E-06,105.88,1750,105.88,1750,1,1750,1750,216,ADD060293,GSTAG52,19-12-2017 10:04,"OPP-SUBRAMANI KOIL,GANDHIJI ROAD, KURICHY,SUNDHARAPURAMCOIMBATORE "
947,400,90110,142,900000214,10,17001145,CUSM00010,900065,1,1.00E-06,303.56,5017.5,303.56,5017.5,2.25,2230,5017.5,216,ADD060293,GSTAG52,22-12-2017 08:32,"OPP-SUBRAMANI KOIL,GANDHIJI ROAD, KURICHY,SUNDHARAPURAMCOIMBATORE "
948,400,90110,142,900000224,20,17001155,CUSM00010,900065,1,1.00E-06,74.42,1230,74.42,1230,1,1230,1230,216,ADD060293,GSTAG52,04-01-2018 08:22,"OPP-SUBRAMANI KOIL,GANDHIJI ROAD, KURICHY,SUNDHARAPURAMCOIMBATORE "
949,400,90110,142,900000202,10,17001133,CU1K01648,900007,1,1.00E-06,10322.68,53820,10322.68,53820,13,4140,53820,216,ADD026193,GSTAG54,05-12-2017 09:13,"7,AEC NAGAR,RAJIV GANDHI ROADGANAPATHYCOIMBATORE - 641006"
950,400,90110,142,900000203,20,17001134,CU1P00675,900065,1,1.00E-06,65.95,1090,65.95,1090,1,1090,1090,216,DLC012727,GSTAG52,05-12-2017 10:22,"D.NO.48/4,SUBRAMANIAN KOVIL,GANDHIJI ROAD,KURICHY,COIMBATORE-24"
951,400,90110,142,900000205,20,17001136,CU1P00675,900065,1,1.00E-06,42.35,700,42.35,700,1,700,700,216,DLC012727,GSTAG52,06-12-2017 09:17,"D.NO.48/4,SUBRAMANIAN KOVIL,GANDHIJI ROAD,KURICHY,COIMBATORE-24"
952,400,90110,142,900000225,20,17001156,CUSM00010,900065,1,1.00E-06,58.69,970,58.69,970,1,970,970,216,ADD060293,GSTAG52,05-01-2018 08:41,"OPP-SUBRAMANI KOIL,GANDHIJI ROAD, KURICHY,SUNDHARAPURAMCOIMBATORE "
953,400,90110,142,900000228,10,17001159,CU1EMP,900070,1,1.00E-06,81,450,81,450,225,2,450,216,ADD000037,GSTAG14,11-01-2018 05:08,ELGI EQUIPMENT S LIMITEDEIC-SINGANALLURCOIMBATORE- 641 005.
954,400,90110,142,900000233,20,17001164,CUSB00023,900053,1,1.00E-06,114.12,595,114.12,595,7,85,595,216,ADD061382,GSTAG54,16-01-2018 08:21,"CHETTIPALAYAM ROAD,EACHANARI(PO) COIMBATORE- "
955,400,90110,142,900000233,30,17001164,CUSB00023,900070,1,1.00E-06,1724.28,8990,1724.28,8990,310,29,8990,216,ADD061382,GSTAG54,16-01-2018 08:21,"CHETTIPALAYAM ROAD,EACHANARI(PO) COIMBATORE- "
956,400,90110,142,900000234,10,17001165,CUSS00051,900065,1,1.00E-06,313.1,5175,313.1,5175,2.25,2300,5175,216,ADD060584,GSTAG52,16-01-2018 09:21,"KURICHY,SUNDHARAPURAM,COIMBATORE "
957,400,90110,142,900000240,20,17001171,CUSS00051,900065,1,1.00E-06,59.9,990,59.9,990,1,990,990,216,ADD060584,GSTAG52,29-01-2018 08:53,"KURICHY,SUNDHARAPURAM,COIMBATORE "
958,400,90110,142,900000241,20,17001172,CUSS00051,900065,1,1.00E-06,74.42,1230,74.42,1230,1,1230,1230,216,ADD060584,GSTAG52,30-01-2018 10:05,"KURICHY,SUNDHARAPURAM,COIMBATORE "
959,400,90110,142,900000259,10,17001190,CUSV00051,900082,1,1.00E-06,900,5000,900,5000,5000,1,5000,216,ADD062169,GSTAG14,16-02-2018 09:42,MADUKKARAI  
960,400,90110,142,900000266,10,17001197,CU1P00675,900065,1,1.00E-06,406.63,6721,406.63,6721,2.35,2860,6721,216,DLC012727,GSTAG52,23-02-2018 10:46,"D.NO.48/4,SUBRAMANIAN KOVIL,GANDHIJI ROAD,KURICHY,COIMBATORE-24"
961,400,90110,142,900000270,20,17001201,CUSB00023,900053,1,1.00E-06,65.79,343,65.79,343,7,49,343,216,ADD061382,GSTAG54,05-03-2018 09:14,"CHETTIPALAYAM ROAD,EACHANARI(PO) COIMBATORE- "
962,400,90110,142,900000235,10,17001166,CUSS00051,900065,1,1.00E-06,345.77,5715,345.77,5715,2.25,2540,5715,216,ADD060584,GSTAG52,18-01-2018 09:38,"KURICHY,SUNDHARAPURAM,COIMBATORE "
963,400,90110,142,900000250,10,17001181,CUSS00051,900065,1,1.00E-06,342.65,5663.5,342.65,5663.5,2.35,2410,5663.5,216,ADD060584,GSTAG52,09-02-2018 10:18,"KURICHY,SUNDHARAPURAM,COIMBATORE "
964,400,90110,142,900000274,20,17001204,CU1P00675,900065,1,1.00E-06,54.57,902,54.57,902,1.1,820,902,216,DLC012727,GSTAG52,07-03-2018 09:34,"D.NO.48/4,SUBRAMANIAN KOVIL,GANDHIJI ROAD,KURICHY,COIMBATORE-24"
965,400,90110,142,900000278,10,17001208,CU1I00192,900013,1,1.00E-06,5869.08,30600,5869.08,30600,90,340,30600,216,ADD005625,GSTAG54,08-03-2018 10:31,ATHIPALAYAM ROADCHINNAVEDAMPATTYCOIMBATORE
966,400,90110,142,900000285,10,17001215,CU1C00683,900013,1,1.00E-06,5109.55,26640,5109.55,26640,90,296,26640,216,ADD002919,GSTAG54,14-03-2018 10:31,KARUMBUKADAICOIMBATRORE 
967,400,90110,142,900000308,10,18000003,CUSN00034,900065,1,1.00E-06,307.1,5076,307.1,5076,2.35,2160,5076,216,ADD062201,GSTAG52,04-04-2018 11:23,MALUMACHAMPATTICOIMBATORE 
968,400,90110,142,900000312,10,18000007,CU1EMP,900070,1,1.00E-06,81,450,81,450,225,2,450,216,ADD000037,GSTAG14,06-04-2018 11:51,ELGI EQUIPMENT S LIMITEDEIC-SINGANALLURCOIMBATORE- 641 005.
969,400,90110,142,900000319,10,18000014,CUSJ00029,900031,1,1.00E-06,82474,430000,82474,430000,10000,43,430000,216,ADD062885,GSTAG54,13-04-2018 08:57,"KARUMBUKKADAI,COIMBATORE "
970,400,90110,142,900000300,20,17001230,CUSN00034,900065,1,1.00E-06,60.57,1001,60.57,1001,1.1,910,1001,216,ADD062201,GSTAG52,28-03-2018 09:03,MALUMACHAMPATTICOIMBATORE 
971,400,90110,142,900000314,10,18000009,CU1I00908,900077,1,1.00E-06,120155.76,667532,120155.76,667532,667532,1,667532,216,ADD044387,GSTAG14,10-04-2018 06:24,NEAR ANAND ELECTRICALSKRISHNAGIRI ROADHOSUR
972,400,90110,142,900000316,20,18000011,CUSB00023,900053,1,1.00E-06,45.65,238,45.65,238,7,34,238,216,ADD061382,GSTAG54,12-04-2018 06:16,"CHETTIPALAYAM ROAD,EACHANARI(PO) COIMBATORE- "
973,400,90110,142,900000316,30,18000011,CUSB00023,900070,1,1.00E-06,3567.48,18600,3567.48,18600,310,60,18600,216,ADD061382,GSTAG54,12-04-2018 06:16,"CHETTIPALAYAM ROAD,EACHANARI(PO) COIMBATORE- "
974,400,90110,142,900000321,20,18000016,CUSN00034,900065,1,1.00E-06,64.56,1067,64.56,1067,1.1,970,1067,216,ADD062201,GSTAG52,17-04-2018 09:51,MALUMACHAMPATTICOIMBATORE 
975,400,90110,142,900000330,20,18000025,CU1C00683,900031,1,1.00E-06,6113.63,31875,6113.63,31875,31875,1,31875,216,ADD002919,GSTAG54,03-05-2018 09:05,KARUMBUKADAICOIMBATRORE 
976,400,90110,142,900000332,20,18000027,CUSN00034,900065,1,1.00E-06,81.19,1342,81.19,1342,1.1,1220,1342,216,ADD062201,GSTAG52,04-05-2018 09:47,MALUMACHAMPATTICOIMBATORE 
977,400,90110,142,900000335,20,18000030,CU1N00515,900056,1,1.00E-06,173.39,904.05,173.39,904.05,1.47,615,904.05,216,ADD011057,GSTAG54,08-05-2018 10:57,SARAVANAMPATTI ROADVELLAKINAR VILLAGECOIMBATORE-29
978,400,90110,142,900000377,20,18000072,CUSN00034,900065,1,1.00E-06,64.56,1067,64.56,1067,1.1,970,1067,216,ADD062201,GSTAG52,18-06-2018 08:33,MALUMACHAMPATTICOIMBATORE 
979,400,90110,142,900000379,10,18000074,CUSN00034,900065,1,1.00E-06,456.39,7543.5,456.39,7543.5,2.35,3210,7543.5,216,ADD062201,GSTAG52,19-06-2018 12:12,MALUMACHAMPATTICOIMBATORE 
980,400,90110,142,900000344,10,18000039,CU1K01648,900007,1,1.00E-06,18522.13,96570,18522.13,96570,18.5,5220,96570,216,ADD026193,GSTAG54,16-05-2018 08:53,"7,AEC NAGAR,RAJIV GANDHI ROADGANAPATHYCOIMBATORE - 641006"
981,400,90110,142,900000345,10,18000040,CUSN00034,900065,1,1.00E-06,319.9,5287.5,319.9,5287.5,2.35,2250,5287.5,216,ADD062201,GSTAG52,16-05-2018 09:31,MALUMACHAMPATTICOIMBATORE 
982,400,90110,142,900000351,10,18000046,CUSS00162,900062,1,1.00E-06,302.5,5000,302.5,5000,4,1250,5000,216,ADD062405,GSTAG52,22-05-2018 09:55,"MADURAI VEERAN KOVILKALLAPPALAYAM(PO), COIMBATORE "
983,400,90110,142,900000356,10,18000051,CUSN00034,900065,1,1.00E-06,359.71,5945.5,359.71,5945.5,2.35,2530,5945.5,216,ADD062201,GSTAG52,25-05-2018 09:11,MALUMACHAMPATTICOIMBATORE 
984,400,90110,142,900000382,10,18000077,CUSN00034,900065,1,1.00E-06,435.07,7191,435.07,7191,2.35,3060,7191,216,ADD062201,GSTAG52,25-06-2018 11:05,MALUMACHAMPATTICOIMBATORE 
985,400,90110,142,900000392,20,18000087,CU1K01648,900068,1,1.00E-06,2148.16,11200,2148.16,11200,800,14,11200,216,ADD026193,GSTAG54,02-07-2018 10:01,"7,AEC NAGAR,RAJIV GANDHI ROADGANAPATHYCOIMBATORE - 641006"
986,400,90110,142,900000398,10,18000093,CUSN00034,900065,1,1.00E-06,362.54,5992.5,362.54,5992.5,2.35,2550,5992.5,216,ADD062201,GSTAG52,09-07-2018 11:44,MALUMACHAMPATTICOIMBATORE 
987,400,90110,142,900000407,50,18000102,CU1C00683,900031,1,1.00E-06,1536.32,8010,1536.32,8010,534,15,8010,216,ADD002919,GSTAG54,17-07-2018 10:42,KARUMBUKADAICOIMBATRORE 
988,400,90110,142,900000384,10,18000079,CUSN00034,900065,1,1.00E-06,405.2,6697.5,405.2,6697.5,2.35,2850,6697.5,216,ADD062201,GSTAG52,26-06-2018 07:23,MALUMACHAMPATTICOIMBATORE 
989,400,90110,142,900000389,10,18000084,CU1C00683,900031,1,1.00E-06,4506.92,23498,4506.92,23498,379,62,23498,216,ADD002919,GSTAG54,29-06-2018 11:04,KARUMBUKADAICOIMBATRORE 
990,400,90110,142,900000390,10,18000085,CUSN00034,900065,1,1.00E-06,405.2,6697.5,405.2,6697.5,2.35,2850,6697.5,216,ADD062201,GSTAG52,02-07-2018 09:07,MALUMACHAMPATTICOIMBATORE 
991,400,90110,142,900000402,10,18000097,CU1EMP,900070,1,1.00E-06,40.5,225,40.5,225,225,1,225,216,ADD000037,GSTAG14,13-07-2018 06:02,ELGI EQUIPMENT S LIMITEDEIC-SINGANALLURCOIMBATORE- 641 005.
992,400,90110,142,900000416,10,18000111,CU1K01648,900007,1,1.00E-06,17422.15,90835,17422.15,90835,18.5,4910,90835,216,ADD026193,GSTAG54,20-07-2018 09:10,"7,AEC NAGAR,RAJIV GANDHI ROADGANAPATHYCOIMBATORE - 641006"
993,400,90110,142,900000420,20,18000115,CUSN00034,900065,1,1.00E-06,138.42,2288,138.42,2288,1.1,2080,2288,216,ADD062201,GSTAG52,27-07-2018 07:15,MALUMACHAMPATTICOIMBATORE 
994,400,90110,142,900000422,10,18000117,CUSN00034,900065,1,1.00E-06,354.02,5851.5,354.02,5851.5,2.35,2490,5851.5,216,ADD062201,GSTAG52,31-07-2018 09:21,MALUMACHAMPATTICOIMBATORE 
995,400,90110,142,900000425,20,18000120,CUSN00034,900065,1,1.00E-06,68.56,1133,68.56,1133,1.1,1030,1133,216,ADD062201,GSTAG52,03-08-2018 08:39,MALUMACHAMPATTICOIMBATORE 
996,400,90110,142,900000426,20,18000121,CUSN00034,900065,1,1.00E-06,140.43,2321,140.43,2321,1.1,2110,2321,216,ADD062201,GSTAG52,06-08-2018 10:09,MALUMACHAMPATTICOIMBATORE 
997,400,90110,142,900000428,10,18000123,CU1C00683,900013,1,1.00E-06,5161.34,26910,5161.34,26910,90,299,26910,216,ADD002919,GSTAG54,07-08-2018 10:39,KARUMBUKADAICOIMBATRORE 
