,company,dpst,trantype,orderno,positionno,invoice,custcode,item,rate1,rate2,ed_amount,amth1,txah1,foreign_currency_amount,unitprice,deliveryqty,sales_amount,saleordertype,stoa,taxcode,orderdate,deladdress,salesrepcode,salesrep,lobcode,lineofbusiness
0,600,90042,614,622000868,120,17001328,CU1F00158,1199AA006,1,1.00E-06,118.32,816,118.32,816,408,2,816,615,ADD058845,AGG0134,05-06-2017 06:32,"PLOT NO 419(A) OLD NO - 420 - SECTOR 8OLD NO - 420 - SECTOR 8,IMTMANESAR,GURGAON -122050",200085,BASKARAN K,A09,4W Ford
1,600,90042,614,622000868,120,17001328,CU1F00158,1199AA006,1,1.00E-06,118.32,816,118.32,816,408,2,816,615,ADD058845,AGG0134,05-06-2017 06:32,"PLOT NO 419(A) OLD NO - 420 - SECTOR 8OLD NO - 420 - SECTOR 8,IMTMANESAR,GURGAON -122050",200085,BASKARAN K,A09,4W Ford
2,600,90040,613,603001287,30,17000948,CU1S09721,FRT,1,1.00E-06,0,3500,0,3500,3500,1,3500,611,ADD059381,AGG000001,07-06-2017 00:45,"VISAT PETROLEUM, NR.VISHAL PARTY PLOTSABARMATI, AHMEDABAD380 005",200085,BASKARAN K,L01,Other Industry
3,600,90040,613,603001287,30,17000948,CU1S09721,FRT,1,1.00E-06,0,3500,0,3500,3500,1,3500,611,ADD059381,AGG000001,07-06-2017 00:45,"VISAT PETROLEUM, NR.VISHAL PARTY PLOTSABARMATI, AHMEDABAD380 005",200085,BASKARAN K,L01,Other Industry
4,600,90042,614,622000838,10,17001376,CU1V01656,4899FT003,1,1.00E-06,620,31000,620,31000,31000,1,31000,615,ADD059324,AGG0133,02-06-2017 10:03,KOTA  ,200085,BASKARAN K,A13,4W Unorganised/General
5,600,90042,614,622000838,10,17001376,CU1V01656,4899FT003,1,1.00E-06,620,31000,620,31000,31000,1,31000,615,ADD059324,AGG0133,02-06-2017 10:03,KOTA  ,200085,BASKARAN K,A13,4W Unorganised/General
6,600,90042,614,622000892,10,17001478,CU1P00003,2399BR001,1,1.00E-06,1600,80000,1600,80000,80000,1,80000,615,DLC011032,AGG0133,07-06-2017 00:45,"SAVEDI NAKA,NAGAR MANMAD ROAD,AHMEDNAGAR-414003 ",200085,BASKARAN K,A13,4W Unorganised/General
7,600,90042,614,622000892,10,17001478,CU1P00003,2399BR001,1,1.00E-06,1600,80000,1600,80000,80000,1,80000,615,DLC011032,AGG0133,07-06-2017 00:45,"SAVEDI NAKA,NAGAR MANMAD ROAD,AHMEDNAGAR-414003 ",200085,BASKARAN K,A13,4W Unorganised/General
8,600,90042,614,622000956,10,17001618,CU1R00005,200320440,1,1.00E-06,1160,58000,1160,58000,58000,1,58000,615,ADD012388,AGG0133,13-06-2017 05:18,"376  OPP. POLICE STATION4TH C ROAD, SARDARPURAJODHPUR - 342 003,MOB:98290 22394",200085,BASKARAN K,C08,TYRE General
9,600,90042,614,622000956,10,17001618,CU1R00005,200320440,1,1.00E-06,1160,58000,1160,58000,58000,1,58000,615,ADD012388,AGG0133,13-06-2017 05:18,"376  OPP. POLICE STATION4TH C ROAD, SARDARPURAJODHPUR - 342 003,MOB:98290 22394",200085,BASKARAN K,C08,TYRE General
10,600,90042,614,622000942,10,17001629,CU1B01331,9099EL023,1,1.00E-06,1440,72000,1440,72000,72000,1,72000,RGS,DLC045312,AGG0133,12-06-2017 01:52,ATRU ROADBARAN325 205,200085,BASKARAN K,A01,4W Maruti
11,600,90042,614,622000942,10,17001629,CU1B01331,9099EL023,1,1.00E-06,1440,72000,1440,72000,72000,1,72000,RGS,DLC045312,AGG0133,12-06-2017 01:52,ATRU ROADBARAN325 205,200085,BASKARAN K,A01,4W Maruti
12,600,90042,614,622000974,10,17001571,CU1H00919,2399BR001,1,1.00E-06,1750,87500,1750,87500,87500,1,87500,615,ADD059442,AGG0133,13-06-2017 05:19,"NEAR KARMA VILLA,NEAR HOLLY CHILD SCHOOLBORISANA ROAD, PANCHVATI AREAKALOL, GANDHINAGAR – 382721",200085,BASKARAN K,A13,4W Unorganised/General
13,600,90042,614,622000974,10,17001571,CU1H00919,2399BR001,1,1.00E-06,1750,87500,1750,87500,87500,1,87500,615,ADD059442,AGG0133,13-06-2017 05:19,"NEAR KARMA VILLA,NEAR HOLLY CHILD SCHOOLBORISANA ROAD, PANCHVATI AREAKALOL, GANDHINAGAR – 382721",200085,BASKARAN K,A13,4W Unorganised/General
14,600,90042,614,622000844,10,17001591,CU1S00003,9099EL007,1,1.00E-06,3860,193000,3860,193000,193000,1,193000,RGS,DA1035607,AGG0133,02-06-2017 10:03,79 SEVOKE ROADSILIGURI - 734401 ,200085,BASKARAN K,A05,4W M & M
15,600,90042,614,622000844,10,17001591,CU1S00003,9099EL007,1,1.00E-06,3860,193000,3860,193000,193000,1,193000,RGS,DA1035607,AGG0133,02-06-2017 10:03,79 SEVOKE ROADSILIGURI - 734401 ,200085,BASKARAN K,A05,4W M & M
16,600,90040,613,603001248,10,17001124,CU1M03718,Z15005,1,1.00E-06,4378.1,29682,4378.1,29682,29682,1,29682,611,ADD039946,AGG0077,02-06-2017 10:03,"NO 8,FIRST CROSS,SUNDAR RAJA NAGAR100 FT,NR INDIRA GANDHI STATUEPONDICHERRY-605 005",200085,BASKARAN K,L01,Other Industry
17,600,90040,613,603001248,10,17001124,CU1M03718,Z15005,1,1.00E-06,4378.1,29682,4378.1,29682,29682,1,29682,611,ADD039946,AGG0077,02-06-2017 10:03,"NO 8,FIRST CROSS,SUNDAR RAJA NAGAR100 FT,NR INDIRA GANDHI STATUEPONDICHERRY-605 005",200085,BASKARAN K,L01,Other Industry
18,600,90042,614,622000910,10,17001511,CU1A03533,1699EL007,1,1.00E-06,820,41000,820,41000,41000,1,41000,615,ADD059404,AGG0133,08-06-2017 03:36,"DEOGHAR DUMKA ROAD,JHOUSHAGARHINEAR BAZAR SAMITIDEOGHAR-814112",200085,BASKARAN K,A23,4W - RENAULT
19,600,90042,614,622000910,10,17001511,CU1A03533,1699EL007,1,1.00E-06,820,41000,820,41000,41000,1,41000,615,ADD059404,AGG0133,08-06-2017 03:36,"DEOGHAR DUMKA ROAD,JHOUSHAGARHINEAR BAZAR SAMITIDEOGHAR-814112",200085,BASKARAN K,A23,4W - RENAULT
20,600,90040,613,603001333,10,17001250,CU1A02024,S38006,1,1.00E-06,26845,182000,26845,182000,182000,1,182000,611,DA1029302,AGG0077,09-06-2017 06:35,"7,NEWAL KISHORE ROADHAZRATGANJLUCKNOW - 226 001 (U.P)",200085,BASKARAN K,C07,TYRE General
21,600,90040,613,603001333,10,17001250,CU1A02024,S38006,1,1.00E-06,26845,182000,26845,182000,182000,1,182000,611,DA1029302,AGG0077,09-06-2017 06:35,"7,NEWAL KISHORE ROADHAZRATGANJLUCKNOW - 226 001 (U.P)",200085,BASKARAN K,C07,TYRE General
22,600,90040,613,603001433,10,17001263,CU1A02024,S12102,1,1.00E-06,11800,80000,11800,80000,80000,1,80000,611,ADD059496,AGG0077,19-06-2017 13:28,GONDA(U.P.)-271001  ,200085,BASKARAN K,A13,4W Unorganised/General
23,600,90040,613,603001433,10,17001263,CU1A02024,S12102,1,1.00E-06,11800,80000,11800,80000,80000,1,80000,611,ADD059496,AGG0077,19-06-2017 13:28,GONDA(U.P.)-271001  ,200085,BASKARAN K,A13,4W Unorganised/General
24,600,90040,613,603001437,10,17001265,CU1R01453,S12102,1,1.00E-06,23050,80000,23050,80000,80000,1,80000,611,DLC030091,AGG0079,19-06-2017 13:28,"PLOT No.109/1 & 109/2, MAUZAKOIRAJPUR, PARGANA ATHGAWANTEHSIL : PINDRA, VARANASI",200085,BASKARAN K,A05,4W M & M
25,600,90040,613,603001437,10,17001265,CU1R01453,S12102,1,1.00E-06,23050,80000,23050,80000,80000,1,80000,611,DLC030091,AGG0079,19-06-2017 13:28,"PLOT No.109/1 & 109/2, MAUZAKOIRAJPUR, PARGANA ATHGAWANTEHSIL : PINDRA, VARANASI",200085,BASKARAN K,A05,4W M & M
26,600,90042,614,622001064,10,17001910,CU1S02416,200320440,1,1.00E-06,2320,116000,2320,116000,58000,2,116000,615,DLC054296,AGG0133,23-06-2017 03:37,"#1/1, GANGA NILAYA,NEW TIMBER YARD LAYOUT58 BUS STOP BYTARAYANAPURAMYSORE ROAD, BANGALORE-560 026",200085,BASKARAN K,C09,Tyre Shop - HOT
27,600,90042,614,622001064,10,17001910,CU1S02416,200320440,1,1.00E-06,2320,116000,2320,116000,58000,2,116000,615,DLC054296,AGG0133,23-06-2017 03:37,"#1/1, GANGA NILAYA,NEW TIMBER YARD LAYOUT58 BUS STOP BYTARAYANAPURAMYSORE ROAD, BANGALORE-560 026",200085,BASKARAN K,C09,Tyre Shop - HOT
28,600,90042,614,622000977,30,17001811,CU1V01656,2399BR001,1,1.00E-06,1250,62500,1250,62500,62500,1,62500,615,ADD059525,AGG0133,13-06-2017 05:19,Mr.YOGESH GUPTA - 07426973731NEAR RAILWAY SATATIONBHARATPUR,200085,BASKARAN K,C08,TYRE General
29,600,90042,614,622000977,30,17001811,CU1V01656,2399BR001,1,1.00E-06,1250,62500,1250,62500,62500,1,62500,615,ADD059525,AGG0133,13-06-2017 05:19,Mr.YOGESH GUPTA - 07426973731NEAR RAILWAY SATATIONBHARATPUR,200085,BASKARAN K,C08,TYRE General
30,600,90042,614,622001006,20,17001717,CU1V01656,3603VDE001,1,1.00E-06,8,400,8,400,200,2,400,615,ADD059324,AGG0133,16-06-2017 05:56,KOTA  ,200085,BASKARAN K,A01,4W Maruti
31,600,90042,614,622001006,20,17001717,CU1V01656,3603VDE001,1,1.00E-06,8,400,8,400,200,2,400,615,ADD059324,AGG0133,16-06-2017 05:56,KOTA  ,200085,BASKARAN K,A01,4W Maruti
32,600,90042,614,622001099,30,17002101,CU1J00730,9099EL023,1,1.00E-06,1600,80000,1600,80000,80000,1,80000,RGS,ADD059574,AGG0133,27-06-2017 12:38,INDRANI KRISHI FARM HOUSENEAR RTO OFFICE MAHOBA ROADCHHATARPUR (M.P.) - 471001,200085,BASKARAN K,A01,4W Maruti
33,600,90042,614,622001099,30,17002101,CU1J00730,9099EL023,1,1.00E-06,1600,80000,1600,80000,80000,1,80000,RGS,ADD059574,AGG0133,27-06-2017 12:38,INDRANI KRISHI FARM HOUSENEAR RTO OFFICE MAHOBA ROADCHHATARPUR (M.P.) - 471001,200085,BASKARAN K,A01,4W Maruti
34,600,90042,614,622001061,30,17002114,CU1E01065,4899SZ010,1,1.00E-06,320,16000,320,16000,16000,1,16000,615,ADD044563,AGG0133,23-06-2017 03:37,"BHAVNAGAR RAJKOT HIGHWAYBHAVNAGAR,GUJARATMOB:97145 08886",200085,BASKARAN K,A03,4W Honda
35,600,90042,614,622001061,30,17002114,CU1E01065,4899SZ010,1,1.00E-06,320,16000,320,16000,16000,1,16000,615,ADD044563,AGG0133,23-06-2017 03:37,"BHAVNAGAR RAJKOT HIGHWAYBHAVNAGAR,GUJARATMOB:97145 08886",200085,BASKARAN K,A03,4W Honda
36,600,90040,613,603001385,10,17001366,CU1V00377,S25004,1,1.00E-06,15690.32,106375,15690.32,106375,106375,1,106375,611,ADD037959,AGG0077,14-06-2017 01:34,"2-4-135,SNEHAPURI COLONYOPP-IBJ PETROL BANK,NAGOLEHYDERABAD",200085,BASKARAN K,A03,4W Honda
37,600,90040,613,603001385,10,17001366,CU1V00377,S25004,1,1.00E-06,15690.32,106375,15690.32,106375,106375,1,106375,611,ADD037959,AGG0077,14-06-2017 01:34,"2-4-135,SNEHAPURI COLONYOPP-IBJ PETROL BANK,NAGOLEHYDERABAD",200085,BASKARAN K,A03,4W Honda
38,600,90042,614,622001026,10,17001943,CU1V01739,3899YS008,1,1.00E-06,6000,300000,6000,300000,300000,1,300000,RGS,ADD059486,AGG0133,19-06-2017 10:08,"MOHANPURA, MOHAMMADPURSOUTH CIVIL LINESROORKEE, HARIDWAR-247667",200085,BASKARAN K,C08,TYRE General
39,600,90042,614,622001026,10,17001943,CU1V01739,3899YS008,1,1.00E-06,6000,300000,6000,300000,300000,1,300000,RGS,ADD059486,AGG0133,19-06-2017 10:08,"MOHANPURA, MOHAMMADPURSOUTH CIVIL LINESROORKEE, HARIDWAR-247667",200085,BASKARAN K,C08,TYRE General
40,600,90042,614,622000923,20,17001948,CU1P01874,FRT,1,1.00E-06,0,10000,0,10000,10000,1,10000,RGS,ADD059415,AGG000001,09-06-2017 06:35,THANDA PANISUNDERBANI RAJOURIJAMMU - 185153,200085,BASKARAN K,A01,4W Maruti
41,600,90042,614,622000923,20,17001948,CU1P01874,FRT,1,1.00E-06,0,10000,0,10000,10000,1,10000,RGS,ADD059415,AGG000001,09-06-2017 06:35,THANDA PANISUNDERBANI RAJOURIJAMMU - 185153,200085,BASKARAN K,A01,4W Maruti
42,600,90042,614,622001074,10,17001951,CU1T00002,2399BR001,1,1.00E-06,1250,62500,1250,62500,62500,1,62500,615,ADD059552,AGG0133,23-06-2017 13:09,GHANDI NAGARBRAHAMPUR. ,200085,BASKARAN K,C05,TYRE Bridgstone
43,600,90042,614,622001074,10,17001951,CU1T00002,2399BR001,1,1.00E-06,1250,62500,1250,62500,62500,1,62500,615,ADD059552,AGG0133,23-06-2017 13:09,GHANDI NAGARBRAHAMPUR. ,200085,BASKARAN K,C05,TYRE Bridgstone
44,600,90040,613,603001463,10,17001291,CU1M03833,Z08076,1,1.00E-06,41200,2060000,41200,2060000,2060000,1,2060000,611,ADD042220,AGG0133,22-06-2017 05:36,"PO- SHAKTINAGERSONEBHADRA, UTTAR PRADESH ",200085,BASKARAN K,L01,Other Industry
45,600,90040,613,603001463,10,17001291,CU1M03833,Z08076,1,1.00E-06,41200,2060000,41200,2060000,2060000,1,2060000,611,ADD042220,AGG0133,22-06-2017 05:36,"PO- SHAKTINAGERSONEBHADRA, UTTAR PRADESH ",200085,BASKARAN K,L01,Other Industry
46,600,90040,613,603001267,20,17001386,CU1H00919,FRT,1,1.00E-06,0,4500,0,4500,4500,1,4500,611,ADD042120,AGG000001,05-06-2017 06:43,"OPPO ADHAR MALL,NEAR ST WORKSHOPNATIONAL HIGH WAY, KALOL-38272 ",200085,BASKARAN K,A24,4W - MFC
47,600,90040,613,603001267,20,17001386,CU1H00919,FRT,1,1.00E-06,0,4500,0,4500,4500,1,4500,611,ADD042120,AGG000001,05-06-2017 06:43,"OPPO ADHAR MALL,NEAR ST WORKSHOPNATIONAL HIGH WAY, KALOL-38272 ",200085,BASKARAN K,A24,4W - MFC
48,600,90040,613,603001358,20,17001390,CU1M00656,FRT,1,1.00E-06,0,3121,0,3121,3121,1,3121,611,PLC006731,AGG000001,13-06-2017 05:19,"CHAKAN INDUSTRIAL AREA,KHEDPUNE - 410 501MOB: 77740 95235",200085,BASKARAN K,A05,4W M & M
49,600,90040,613,603001358,20,17001390,CU1M00656,FRT,1,1.00E-06,0,3121,0,3121,3121,1,3121,611,PLC006731,AGG000001,13-06-2017 05:19,"CHAKAN INDUSTRIAL AREA,KHEDPUNE - 410 501MOB: 77740 95235",200085,BASKARAN K,A05,4W M & M
50,600,90050,614,622001087,30,17002151,CU1E00959,3603JBP00,1,1.00E-06,1362,68100,1362,68100,13620,5,68100,615,DLC061974,AGG0133,26-06-2017 08:23,"3523/49A,SECOND FLOORBALAJI MARKET,GALI HAQIM BAQAHAUZ KAZI, DELHI - 110 006",200085,BASKARAN K,L01,Other Industry
51,600,90050,614,622001087,30,17002151,CU1E00959,3603JBP00,1,1.00E-06,1362,68100,1362,68100,13620,5,68100,615,DLC061974,AGG0133,26-06-2017 08:23,"3523/49A,SECOND FLOORBALAJI MARKET,GALI HAQIM BAQAHAUZ KAZI, DELHI - 110 006",200085,BASKARAN K,L01,Other Industry
52,600,90042,614,622001067,10,17002153,CU1V01656,3899YS009,1,1.00E-06,640,32000,640,32000,32000,1,32000,615,ADD058980,AGG0133,23-06-2017 03:37,SIKAR332 001 ,200085,BASKARAN K,C08,TYRE General
53,600,90042,614,622001067,10,17002153,CU1V01656,3899YS009,1,1.00E-06,640,32000,640,32000,32000,1,32000,615,ADD058980,AGG0133,23-06-2017 03:37,SIKAR332 001 ,200085,BASKARAN K,C08,TYRE General
54,600,90040,613,603001452,30,17001316,CU1E01064,S47002,1,1.00E-06,3277.75,22222,3277.75,22222,22222,1,22222,611,ADD044562,AGG0077,21-06-2017 09:01,"PLOT NO 27 ,SECTOR 30,GTS ROADGANDHINAGAR, GUJARAT - 382 030MOB:93743 90001",200085,BASKARAN K,A03,4W Honda
55,600,90040,613,603001452,30,17001316,CU1E01064,S47002,1,1.00E-06,3277.75,22222,3277.75,22222,22222,1,22222,611,ADD044562,AGG0077,21-06-2017 09:01,"PLOT NO 27 ,SECTOR 30,GTS ROADGANDHINAGAR, GUJARAT - 382 030MOB:93743 90001",200085,BASKARAN K,A03,4W Honda
56,600,90042,614,622001020,20,17002219,CU1S06999,4899ZH004,1,1.00E-06,1445,72250,1445,72250,72250,1,72250,615,ADD059281,AGG0133,19-06-2017 01:41,"FLAT NO 9, SURVEY NO 48SUS ROAD, SUS GAON, SUSMULSHI,PUNE - 411002",200085,BASKARAN K,A08,4W Hyundai
57,600,90042,614,622001020,20,17002219,CU1S06999,4899ZH004,1,1.00E-06,1445,72250,1445,72250,72250,1,72250,615,ADD059281,AGG0133,19-06-2017 01:41,"FLAT NO 9, SURVEY NO 48SUS ROAD, SUS GAON, SUSMULSHI,PUNE - 411002",200085,BASKARAN K,A08,4W Hyundai
58,600,90040,613,603001394,10,17001436,CU1R01048,S25004,1,1.00E-06,12537.5,85000,12537.5,85000,85000,1,85000,611,DLC012082,AGG0077,15-06-2017 10:45,"RUKMANI HOUSE,2-A B ROADNEAR GEETA BHAVAN SQUAREINDORE",200085,BASKARAN K,A01,4W Maruti
59,600,90040,613,603001394,10,17001436,CU1R01048,S25004,1,1.00E-06,12537.5,85000,12537.5,85000,85000,1,85000,611,DLC012082,AGG0077,15-06-2017 10:45,"RUKMANI HOUSE,2-A B ROADNEAR GEETA BHAVAN SQUAREINDORE",200085,BASKARAN K,A01,4W Maruti
60,600,90042,614,622001013,20,17002233,CU1A02900,120366400,1,1.00E-06,913.5,6300,913.5,6300,6300,1,6300,615,ADD059483,AGG0140,19-06-2017 01:41,OLD KALIYAPPA MANDAPAM PREMISESGOUNDAMPALAYAMCOIMBATORE - 641 030,200085,BASKARAN K,A01,4W Maruti
61,600,90042,614,622001013,20,17002233,CU1A02900,120366400,1,1.00E-06,913.5,6300,913.5,6300,6300,1,6300,615,ADD059483,AGG0140,19-06-2017 01:41,OLD KALIYAPPA MANDAPAM PREMISESGOUNDAMPALAYAMCOIMBATORE - 641 030,200085,BASKARAN K,A01,4W Maruti
62,600,90042,613,603001744,20,17002210,CU1S01738,FRT,1,1.00E-06,810,4500,810,4500,4500,1,4500,611,ADD059638,GSTAG18,10-07-2017 03:25,"WARD NO.10, NH - 12NEAR NEW BUS STANDTENDUKHEDA (M.P.)- 487337",200085,BASKARAN K,A01,4W Maruti
63,600,90042,613,603001744,20,17002210,CU1S01738,FRT,1,1.00E-06,810,4500,810,4500,4500,1,4500,611,ADD059638,GSTAG18,10-07-2017 03:25,"WARD NO.10, NH - 12NEAR NEW BUS STANDTENDUKHEDA (M.P.)- 487337",200085,BASKARAN K,A01,4W Maruti
64,600,90040,613,603001515,10,17001441,CU1S09723,Z11016,1,1.00E-06,28025,190000,28025,190000,190000,1,190000,611,ADD059396,AGG0077,28-06-2017 07:00,ANANTHAPURAMU - 515001ANDHRAPRADESH ,200085,BASKARAN K,A01,4W Maruti
65,600,90040,613,603001515,10,17001441,CU1S09723,Z11016,1,1.00E-06,28025,190000,28025,190000,190000,1,190000,611,ADD059396,AGG0077,28-06-2017 07:00,ANANTHAPURAMU - 515001ANDHRAPRADESH ,200085,BASKARAN K,A01,4W Maruti
66,600,90040,613,603001760,20,17002172,CU1E01089,S15034,1,1.00E-06,11610,64500,11610,64500,64500,1,64500,611,ADD059630,GSTAG18,11-07-2017 10:11,"BESIDE PRASANGAM PARTY PLOT,GOTA ROAD, S G HIGH WAY,AHMEDABAD,GUJARAT - 382481",200085,BASKARAN K,A13,4W Unorganised/General
67,600,90040,613,603001760,20,17002172,CU1E01089,S15034,1,1.00E-06,11610,64500,11610,64500,64500,1,64500,611,ADD059630,GSTAG18,11-07-2017 10:11,"BESIDE PRASANGAM PARTY PLOT,GOTA ROAD, S G HIGH WAY,AHMEDABAD,GUJARAT - 382481",200085,BASKARAN K,A13,4W Unorganised/General
68,600,90040,613,603001738,10,17002056,CU1A00704,Z12115,1,1.00E-06,14400,80000,14400,80000,80000,1,80000,611,ADD059417,GSTAG18,10-07-2017 03:25,"90, PREM NAGARSATNA (M.P.) - 485001 ",200085,BASKARAN K,A13,4W Unorganised/General
69,600,90040,613,603001738,10,17002056,CU1A00704,Z12115,1,1.00E-06,14400,80000,14400,80000,80000,1,80000,611,ADD059417,GSTAG18,10-07-2017 03:25,"90, PREM NAGARSATNA (M.P.) - 485001 ",200085,BASKARAN K,A13,4W Unorganised/General
70,600,90040,613,603001869,10,17002510,CU1C00001,S11004,1,1.00E-06,7331.94,40733,7331.94,40733,40733,1,40733,611,PLC000290,GSTAG18,17-07-2017 09:08,OPP.ALL INDIA RADIO STATIONBANDAR ROADVIJAYAWADA,200085,BASKARAN K,L01,Other Industry
71,600,90040,613,603001869,10,17002510,CU1C00001,S11004,1,1.00E-06,7331.94,40733,7331.94,40733,40733,1,40733,611,PLC000290,GSTAG18,17-07-2017 09:08,OPP.ALL INDIA RADIO STATIONBANDAR ROADVIJAYAWADA,200085,BASKARAN K,L01,Other Industry
72,600,90042,613,603001818,110,17002452,CU1S09750,TMTA00527,1,1.00E-06,2532.6,14070,2532.6,14070,14070,1,14070,611,ADD059668,GSTAG18,14-07-2017 01:54,LUDHIANAPUNJAB - 141 001 ,200085,BASKARAN K,A01,4W Maruti
73,600,90042,613,603001818,110,17002452,CU1S09750,TMTA00527,1,1.00E-06,2532.6,14070,2532.6,14070,14070,1,14070,611,ADD059668,GSTAG18,14-07-2017 01:54,LUDHIANAPUNJAB - 141 001 ,200085,BASKARAN K,A01,4W Maruti
74,600,90042,613,603001818,60,17002453,CU1S09750,TMTA00528,1,1.00E-06,13762,49150,13762,49150,9830,5,49150,611,ADD059668,GSTAG19,14-07-2017 01:54,LUDHIANAPUNJAB - 141 001 ,200085,BASKARAN K,A01,4W Maruti
75,600,90042,613,603001818,60,17002453,CU1S09750,TMTA00528,1,1.00E-06,13762,49150,13762,49150,9830,5,49150,611,ADD059668,GSTAG19,14-07-2017 01:54,LUDHIANAPUNJAB - 141 001 ,200085,BASKARAN K,A01,4W Maruti
76,600,90050,613,603001905,10,17002454,CU1O00325,3603GAS00,1,1.00E-06,3024.9,16805,3024.9,16805,3361,5,16805,611,DLC051316,GSTAG14,18-07-2017 10:37,"3/54 MEYYANUR ROADKAMALA COMPLEX,5 ROADSALEM",200085,BASKARAN K,502,DEALERS
77,600,90050,613,603001905,10,17002454,CU1O00325,3603GAS00,1,1.00E-06,3024.9,16805,3024.9,16805,3361,5,16805,611,DLC051316,GSTAG14,18-07-2017 10:37,"3/54 MEYYANUR ROADKAMALA COMPLEX,5 ROADSALEM",200085,BASKARAN K,502,DEALERS
78,600,90040,613,603001792,10,17002440,CU1K02277,S12102,1,1.00E-06,133740,743000,133740,743000,74300,10,743000,611,ADD059674,GSTAG18,13-07-2017 13:03,"KALAVAD & 150 RING ROAD CIRCLEOPP. COSMO MULTIPLEX KALAVAD ROAD, RAJKOT",200085,BASKARAN K,A01,4W Maruti
79,600,90040,613,603001792,10,17002440,CU1K02277,S12102,1,1.00E-06,133740,743000,133740,743000,74300,10,743000,611,ADD059674,GSTAG18,13-07-2017 13:03,"KALAVAD & 150 RING ROAD CIRCLEOPP. COSMO MULTIPLEX KALAVAD ROAD, RAJKOT",200085,BASKARAN K,A01,4W Maruti
80,600,90042,613,603001847,30,17002259,CU1K02395,2399BR001,1,1.00E-06,13500,75000,13500,75000,75000,1,75000,611,DLC064747,GSTAG18,14-07-2017 12:14,"BHATLI CHHOWK,NATIONAL HIGHWAY-6NEAR ROYAL ENFIELD SHOWROOMBARGARH - 768 010",200085,BASKARAN K,A05,4W M & M
81,600,90042,613,603001847,30,17002259,CU1K02395,2399BR001,1,1.00E-06,13500,75000,13500,75000,75000,1,75000,611,DLC064747,GSTAG18,14-07-2017 12:14,"BHATLI CHHOWK,NATIONAL HIGHWAY-6NEAR ROYAL ENFIELD SHOWROOMBARGARH - 768 010",200085,BASKARAN K,A05,4W M & M
82,600,90040,613,603001949,10,17002463,CU1T00002,S12073,1,1.00E-06,44100,245000,44100,245000,245000,1,245000,611,DLC070171,GSTAG18,19-07-2017 10:31,"NH-6, DHANKAUDASAMBALPUR768 006",200085,BASKARAN K,A20,4W - Nissan
83,600,90040,613,603001949,10,17002463,CU1T00002,S12073,1,1.00E-06,44100,245000,44100,245000,245000,1,245000,611,DLC070171,GSTAG18,19-07-2017 10:31,"NH-6, DHANKAUDASAMBALPUR768 006",200085,BASKARAN K,A20,4W - Nissan
84,600,90040,613,603001736,10,17002286,CU1S01738,S12102,1,1.00E-06,14400,80000,14400,80000,80000,1,80000,611,ADD059639,GSTAG18,10-07-2017 03:25,"BHERAV MATA MANDIRNEAR TOLL NAKA, MAIN ROADSHAHPURA (M.P.) - 483119",200085,BASKARAN K,A01,4W Maruti
85,600,90040,613,603001736,10,17002286,CU1S01738,S12102,1,1.00E-06,14400,80000,14400,80000,80000,1,80000,611,ADD059639,GSTAG18,10-07-2017 03:25,"BHERAV MATA MANDIRNEAR TOLL NAKA, MAIN ROADSHAHPURA (M.P.) - 483119",200085,BASKARAN K,A01,4W Maruti
86,600,90040,613,603001869,30,17002424,CU1C00001,S12001,1,1.00E-06,14414.4,80080,14414.4,80080,80080,1,80080,611,PLC000290,GSTAG18,17-07-2017 09:08,OPP.ALL INDIA RADIO STATIONBANDAR ROADVIJAYAWADA,200085,BASKARAN K,L01,Other Industry
87,600,90040,613,603001869,30,17002424,CU1C00001,S12001,1,1.00E-06,14414.4,80080,14414.4,80080,80080,1,80080,611,PLC000290,GSTAG18,17-07-2017 09:08,OPP.ALL INDIA RADIO STATIONBANDAR ROADVIJAYAWADA,200085,BASKARAN K,L01,Other Industry
88,600,90042,613,603001930,70,17002437,CU1S00003,460338140,1,1.00E-06,23400,130000,23400,130000,130000,1,130000,611,DA1066071,GSTAG18,19-07-2017 04:03,"79,SEVOKE ROAD,BELOW U B I SEVOKEROAD BRANCHSILIGURI-734 001 WB",200085,BASKARAN K,502,DEALERS
89,600,90042,613,603001930,70,17002437,CU1S00003,460338140,1,1.00E-06,23400,130000,23400,130000,130000,1,130000,611,DA1066071,GSTAG18,19-07-2017 04:03,"79,SEVOKE ROAD,BELOW U B I SEVOKEROAD BRANCHSILIGURI-734 001 WB",200085,BASKARAN K,502,DEALERS
90,600,90040,613,603001884,10,17002682,CU1C00001,X130025,1,1.00E-06,5723.2,20440,5723.2,20440,10220,2,20440,611,PLC000290,GSTAG19,17-07-2017 09:09,OPP.ALL INDIA RADIO STATIONBANDAR ROADVIJAYAWADA,200085,BASKARAN K,L01,Other Industry
91,600,90040,613,603001884,10,17002682,CU1C00001,X130025,1,1.00E-06,5723.2,20440,5723.2,20440,10220,2,20440,611,PLC000290,GSTAG19,17-07-2017 09:09,OPP.ALL INDIA RADIO STATIONBANDAR ROADVIJAYAWADA,200085,BASKARAN K,L01,Other Industry
92,600,90040,613,603002128,10,17002659,CU1A01366,S25005,1,1.00E-06,22500,125000,22500,125000,125000,1,125000,611,ADD002130,GSTAG18,27-07-2017 01:43,NH-5 RUDRAPURBHUBANESWAR - 752 101 ,200085,BASKARAN K,1,MANUFACTURER(GENERAL)
93,600,90040,613,603002128,10,17002659,CU1A01366,S25005,1,1.00E-06,22500,125000,22500,125000,125000,1,125000,611,ADD002130,GSTAG18,27-07-2017 01:43,NH-5 RUDRAPURBHUBANESWAR - 752 101 ,200085,BASKARAN K,1,MANUFACTURER(GENERAL)
94,600,90050,613,603002106,10,17002606,CU1S02416,3603IHP00,1,1.00E-06,14618.88,81216,14618.88,81216,8121.6,10,81216,611,DLC065564,GSTAG18,26-07-2017 08:11," NO:156 1ST FLOOR, MPM LANEBANGALORE",200085,BASKARAN K,502,DEALERS
95,600,90050,613,603002106,10,17002606,CU1S02416,3603IHP00,1,1.00E-06,14618.88,81216,14618.88,81216,8121.6,10,81216,611,DLC065564,GSTAG18,26-07-2017 08:11," NO:156 1ST FLOOR, MPM LANEBANGALORE",200085,BASKARAN K,502,DEALERS
96,600,90042,613,603001888,290,17002609,CU1S03461,K13990007,1,1.00E-06,25200,90000,25200,90000,9000,10,90000,611,ADD013485,GSTAG19,18-07-2017 10:36,TECHNOY MOTORS PVT LTDSUKHERUDAIPUR,200085,BASKARAN K,A01,4W Maruti
97,600,90042,613,603001888,290,17002609,CU1S03461,K13990007,1,1.00E-06,25200,90000,25200,90000,9000,10,90000,611,ADD013485,GSTAG19,18-07-2017 10:36,TECHNOY MOTORS PVT LTDSUKHERUDAIPUR,200085,BASKARAN K,A01,4W Maruti
98,600,90042,613,603002121,20,17002623,CU1P02029,3899YS009,1,1.00E-06,7200,40000,7200,40000,40000,1,40000,611,ADD059815,GSTAG18,26-07-2017 08:12,HURHURU ROADHAZARIBAGH-825301 ,200085,BASKARAN K,A24,4W - MFC
99,600,90042,613,603002121,20,17002623,CU1P02029,3899YS009,1,1.00E-06,7200,40000,7200,40000,40000,1,40000,611,ADD059815,GSTAG18,26-07-2017 08:12,HURHURU ROADHAZARIBAGH-825301 ,200085,BASKARAN K,A24,4W - MFC
100,600,90050,613,603002008,10,17002648,CU1J00730,3603IHV00,1,1.00E-06,860.4,4780,860.4,4780,4780,1,4780,611,ADD021827,GSTAG18,21-07-2017 10:18,"M-184, GAUTAM NAGARBHOPAL.PIN : 462 023MOB:97520 93004",200085,BASKARAN K,502,DEALERS
101,600,90050,613,603002008,10,17002648,CU1J00730,3603IHV00,1,1.00E-06,860.4,4780,860.4,4780,4780,1,4780,611,ADD021827,GSTAG18,21-07-2017 10:18,"M-184, GAUTAM NAGARBHOPAL.PIN : 462 023MOB:97520 93004",200085,BASKARAN K,502,DEALERS
102,600,90040,613,603001908,130,17002631,CU1S03461,S46025,1,1.00E-06,70200,390000,70200,390000,390000,1,390000,611,ADD013485,GSTAG18,18-07-2017 10:37,TECHNOY MOTORS PVT LTDSUKHERUDAIPUR,200085,BASKARAN K,A01,4W Maruti
103,600,90040,613,603001908,130,17002631,CU1S03461,S46025,1,1.00E-06,70200,390000,70200,390000,390000,1,390000,611,ADD013485,GSTAG18,18-07-2017 10:37,TECHNOY MOTORS PVT LTDSUKHERUDAIPUR,200085,BASKARAN K,A01,4W Maruti
104,600,90042,613,603002145,10,17002620,CU1A00004,120366400,1,1.00E-06,1800,10000,1800,10000,10000,1,10000,611,ADD031987,GSTAG18,27-07-2017 01:43,CHITTOGARH ROAD BHILWARABHILWARA - 311 001MOB:98870 63862 / Mr.Rameshwar -GM Service,200085,BASKARAN K,502,DEALERS
105,600,90042,613,603002145,10,17002620,CU1A00004,120366400,1,1.00E-06,1800,10000,1800,10000,10000,1,10000,611,ADD031987,GSTAG18,27-07-2017 01:43,CHITTOGARH ROAD BHILWARABHILWARA - 311 001MOB:98870 63862 / Mr.Rameshwar -GM Service,200085,BASKARAN K,502,DEALERS
106,600,90040,613,603002071,30,17002629,CU1A00004,S46018,1,1.00E-06,68400,380000,68400,380000,380000,1,380000,611,ADD000044,GSTAG18,25-07-2017 01:27,"G-1-265-RIICO INDUSTRIAL AREA4TH PHASE, BHILWARARJ -311001,MOB:9414144111",200085,BASKARAN K,A01,4W Maruti
107,600,90040,613,603002071,30,17002629,CU1A00004,S46018,1,1.00E-06,68400,380000,68400,380000,380000,1,380000,611,ADD000044,GSTAG18,25-07-2017 01:27,"G-1-265-RIICO INDUSTRIAL AREA4TH PHASE, BHILWARARJ -311001,MOB:9414144111",200085,BASKARAN K,A01,4W Maruti
108,600,90042,613,603001875,20,17002800,CU1D01636,2399BR001,1,1.00E-06,16380,91000,16380,91000,91000,1,91000,611,ADD057159,GSTAG18,17-07-2017 09:08,VILLAGE KARSOG MANDIDT. MANDI(H.P) ,200085,BASKARAN K,A08,4W Hyundai
109,600,90042,613,603001875,20,17002800,CU1D01636,2399BR001,1,1.00E-06,16380,91000,16380,91000,91000,1,91000,611,ADD057159,GSTAG18,17-07-2017 09:08,VILLAGE KARSOG MANDIDT. MANDI(H.P) ,200085,BASKARAN K,A08,4W Hyundai
110,600,90042,613,603002201,10,17002813,CU1A02232,460346140,1,1.00E-06,25200,140000,25200,140000,140000,1,140000,611,ADD059862,GSTAG18,28-07-2017 11:23,"EARAI HONDA,NEAR ND HOTELBESIDES MDR MALL,NAGPUR ROAD CHANDRAPUR 442401",200085,BASKARAN K,502,DEALERS
111,600,90042,613,603002201,10,17002813,CU1A02232,460346140,1,1.00E-06,25200,140000,25200,140000,140000,1,140000,611,ADD059862,GSTAG18,28-07-2017 11:23,"EARAI HONDA,NEAR ND HOTELBESIDES MDR MALL,NAGPUR ROAD CHANDRAPUR 442401",200085,BASKARAN K,502,DEALERS
112,600,90040,613,603002062,20,17002758,CU1M04050,Z11016,1,1.00E-06,36000,200000,36000,200000,200000,1,200000,611,ADD059711,GSTAG18,24-07-2017 08:30,"9,17/539, NH-47,EDAPALLY NORTHOPP. MILMA, COCHIN-682024 ",200085,BASKARAN K,A04,4W Telco
113,600,90040,613,603002062,20,17002758,CU1M04050,Z11016,1,1.00E-06,36000,200000,36000,200000,200000,1,200000,611,ADD059711,GSTAG18,24-07-2017 08:30,"9,17/539, NH-47,EDAPALLY NORTHOPP. MILMA, COCHIN-682024 ",200085,BASKARAN K,A04,4W Telco
114,600,90040,613,603001790,10,17002828,CU1C02532,S12102,1,1.00E-06,68400,380000,68400,380000,76000,5,380000,611,ADD059606,GSTAG18,13-07-2017 13:03,"ERANGIKAL PO, ELATHUR,CALICUT - 673303KERALA",200085,BASKARAN K,A01,4W Maruti
115,600,90040,613,603001790,10,17002828,CU1C02532,S12102,1,1.00E-06,68400,380000,68400,380000,76000,5,380000,611,ADD059606,GSTAG18,13-07-2017 13:03,"ERANGIKAL PO, ELATHUR,CALICUT - 673303KERALA",200085,BASKARAN K,A01,4W Maruti
116,600,90040,613,603001944,10,17002767,CU1I00282,Z11013,1,1.00E-06,6750,37500,6750,37500,37500,1,37500,611,DLC050750,GSTAG18,19-07-2017 10:31,"PURBASHA,OPP:USHAGRAM GIRL'S SCHOOLASANSOL,BURDWAN DT - 713 303MOB:09434013474,0341329022",200085,BASKARAN K,502,DEALERS
117,600,90040,613,603001944,10,17002767,CU1I00282,Z11013,1,1.00E-06,6750,37500,6750,37500,37500,1,37500,611,DLC050750,GSTAG18,19-07-2017 10:31,"PURBASHA,OPP:USHAGRAM GIRL'S SCHOOLASANSOL,BURDWAN DT - 713 303MOB:09434013474,0341329022",200085,BASKARAN K,502,DEALERS
118,600,90040,613,603002229,20,17002883,CU1S01738,FRT,1,1.00E-06,720,4000,720,4000,4000,1,4000,611,ADD059637,GSTAG18,29-07-2017 03:40,BYPASS ROADSHEHNAAI GARDENGADARWARA (M.P.) - 487551,200085,BASKARAN K,A01,4W Maruti
119,600,90040,613,603002229,20,17002883,CU1S01738,FRT,1,1.00E-06,720,4000,720,4000,4000,1,4000,611,ADD059637,GSTAG18,29-07-2017 03:40,BYPASS ROADSHEHNAAI GARDENGADARWARA (M.P.) - 487551,200085,BASKARAN K,A01,4W Maruti
120,600,90050,613,603002231,20,17002884,CU1S01738,FRT,1,1.00E-06,90,500,90,500,500,1,500,611,ADD059637,GSTAG18,29-07-2017 03:40,BYPASS ROADSHEHNAAI GARDENGADARWARA (M.P.) - 487551,200085,BASKARAN K,A01,4W Maruti
121,600,90050,613,603002231,20,17002884,CU1S01738,FRT,1,1.00E-06,90,500,90,500,500,1,500,611,ADD059637,GSTAG18,29-07-2017 03:40,BYPASS ROADSHEHNAAI GARDENGADARWARA (M.P.) - 487551,200085,BASKARAN K,A01,4W Maruti
122,600,90040,613,603002271,10,17002903,CU1S00015,S15034,1,1.00E-06,23400,130000,23400,130000,65000,2,130000,611,DA1014127,GSTAG18,01-08-2017 05:48,"(NEAR RAJU GODOWN DEALER)KHASRA NO:30/6,LIBASPUR,DELHI-110 042",200085,BASKARAN K,502,DEALERS
123,600,90040,613,603002271,10,17002903,CU1S00015,S15034,1,1.00E-06,23400,130000,23400,130000,65000,2,130000,611,DA1014127,GSTAG18,01-08-2017 05:48,"(NEAR RAJU GODOWN DEALER)KHASRA NO:30/6,LIBASPUR,DELHI-110 042",200085,BASKARAN K,502,DEALERS
124,600,90042,613,603002262,10,17002855,CU1K02721,3899YS009,1,1.00E-06,7200,40000,7200,40000,40000,1,40000,611,ADD059580,GSTAG18,01-08-2017 05:48,FARIDKOT ROAD SADIQSADIQPUNJAB - 151 212,200085,BASKARAN K,C08,TYRE General
125,600,90042,613,603002262,10,17002855,CU1K02721,3899YS009,1,1.00E-06,7200,40000,7200,40000,40000,1,40000,611,ADD059580,GSTAG18,01-08-2017 05:48,FARIDKOT ROAD SADIQSADIQPUNJAB - 151 212,200085,BASKARAN K,C08,TYRE General
126,600,90040,613,603002054,10,17002729,CU1A02900,S12102,1,1.00E-06,26280,146000,26280,146000,73000,2,146000,611,DLC062662,GSTAG14,24-07-2017 06:38,"No.261, MADURAI MAIN ROADKARAIERUPPUTIRUNELVELI - 627 357",200085,BASKARAN K,A01,4W Maruti
127,600,90040,613,603002054,10,17002729,CU1A02900,S12102,1,1.00E-06,26280,146000,26280,146000,73000,2,146000,611,DLC062662,GSTAG14,24-07-2017 06:38,"No.261, MADURAI MAIN ROADKARAIERUPPUTIRUNELVELI - 627 357",200085,BASKARAN K,A01,4W Maruti
128,600,90040,613,603002050,10,17002733,CU1A02900,S12102,1,1.00E-06,13140,73000,13140,73000,73000,1,73000,611,DLC069528,GSTAG14,24-07-2017 06:38,"No.3/50-1 ELAMEGANAPURAMRAMALINGAPURAM,KUNARAMANALLURTHENKASI, TIRUNELVELI-627 814",200085,BASKARAN K,A01,4W Maruti
129,600,90040,613,603002050,10,17002733,CU1A02900,S12102,1,1.00E-06,13140,73000,13140,73000,73000,1,73000,611,DLC069528,GSTAG14,24-07-2017 06:38,"No.3/50-1 ELAMEGANAPURAMRAMALINGAPURAM,KUNARAMANALLURTHENKASI, TIRUNELVELI-627 814",200085,BASKARAN K,A01,4W Maruti
130,600,90042,613,603002077,10,17002793,CU1N03085,3899YS008,1,1.00E-06,52200,290000,52200,290000,290000,1,290000,611,ADD058878,GSTAG18,25-07-2017 14:24,"4TH KM,RAMPURC B GANJBAREILLY - 243 503",200085,BASKARAN K,22,GARAGES
131,600,90042,613,603002077,10,17002793,CU1N03085,3899YS008,1,1.00E-06,52200,290000,52200,290000,290000,1,290000,611,ADD058878,GSTAG18,25-07-2017 14:24,"4TH KM,RAMPURC B GANJBAREILLY - 243 503",200085,BASKARAN K,22,GARAGES
132,600,90040,613,603001752,10,17002805,CU1R00893,Z12101,1,1.00E-06,13680,76000,13680,76000,76000,1,76000,611,PLC007639,GSTAG18,11-07-2017 10:10,223 G T ROAD (EAST)USHAGRAMASANSOL - 713 303,200085,BASKARAN K,A08,4W Hyundai
133,600,90040,613,603001752,10,17002805,CU1R00893,Z12101,1,1.00E-06,13680,76000,13680,76000,76000,1,76000,611,PLC007639,GSTAG18,11-07-2017 10:10,223 G T ROAD (EAST)USHAGRAMASANSOL - 713 303,200085,BASKARAN K,A08,4W Hyundai
134,600,90040,613,603002111,10,17002807,CU1J00001,Z12101,1,1.00E-06,25992,144400,25992,144400,72200,2,144400,611,ADD006497,GSTAG18,26-07-2017 08:11,"P 41 PRINCEEP STREETIST FLOOR,ROOM NO:123 & 115KOLKATA - 700072 WB",200085,BASKARAN K,502,DEALERS
135,600,90040,613,603002111,10,17002807,CU1J00001,Z12101,1,1.00E-06,25992,144400,25992,144400,72200,2,144400,611,ADD006497,GSTAG18,26-07-2017 08:11,"P 41 PRINCEEP STREETIST FLOOR,ROOM NO:123 & 115KOLKATA - 700072 WB",200085,BASKARAN K,502,DEALERS
136,600,90040,613,603002095,20,17002831,CU1B02563,Z46009,1,1.00E-06,70200,390000,70200,390000,390000,1,390000,611,ADD043919,GSTAG18,25-07-2017 14:25,"MAHOBA ROAD,NEAR RTO OFFICECHHATARPUR - 471 001 ",200085,BASKARAN K,A08,4W Hyundai
137,600,90040,613,603002095,20,17002831,CU1B02563,Z46009,1,1.00E-06,70200,390000,70200,390000,390000,1,390000,611,ADD043919,GSTAG18,25-07-2017 14:25,"MAHOBA ROAD,NEAR RTO OFFICECHHATARPUR - 471 001 ",200085,BASKARAN K,A08,4W Hyundai
138,600,90040,613,603002221,10,17002763,CU1D01413,S12102,1,1.00E-06,68400,380000,68400,380000,76000,5,380000,611,ADD059865,GSTAG18,29-07-2017 03:40,"NEXA WORK SHOPPADMAVATHI NAGARNH-5,  RAJAHMUNDRY-533106",200085,BASKARAN K,A24,4W - MFC
139,600,90040,613,603002221,10,17002763,CU1D01413,S12102,1,1.00E-06,68400,380000,68400,380000,76000,5,380000,611,ADD059865,GSTAG18,29-07-2017 03:40,"NEXA WORK SHOPPADMAVATHI NAGARNH-5,  RAJAHMUNDRY-533106",200085,BASKARAN K,A24,4W - MFC
140,600,90040,613,603002195,10,17002818,CU1A02232,S45001,1,1.00E-06,15300,85000,15300,85000,85000,1,85000,611,ADD027143,GSTAG18,28-07-2017 11:23,"PLOT NO 10B, GANDHI LAYOUTJAFAR NAGAR, RING ROADNAGPUR - 440013,MOB:09922990002/8805558881",200085,BASKARAN K,502,DEALERS
141,600,90040,613,603002195,10,17002818,CU1A02232,S45001,1,1.00E-06,15300,85000,15300,85000,85000,1,85000,611,ADD027143,GSTAG18,28-07-2017 11:23,"PLOT NO 10B, GANDHI LAYOUTJAFAR NAGAR, RING ROADNAGPUR - 440013,MOB:09922990002/8805558881",200085,BASKARAN K,502,DEALERS
142,600,90042,613,603002153,10,17002711,CU1A00004,9099EL020,1,1.00E-06,13500,75000,13500,75000,75000,1,75000,611,ADD031987,GSTAG18,27-07-2017 12:56,CHITTOGARH ROAD BHILWARABHILWARA - 311 001MOB:98870 63862 / Mr.Rameshwar -GM Service,200085,BASKARAN K,A01,4W Maruti
143,600,90042,613,603002153,10,17002711,CU1A00004,9099EL020,1,1.00E-06,13500,75000,13500,75000,75000,1,75000,611,ADD031987,GSTAG18,27-07-2017 12:56,CHITTOGARH ROAD BHILWARABHILWARA - 311 001MOB:98870 63862 / Mr.Rameshwar -GM Service,200085,BASKARAN K,A01,4W Maruti
144,600,90040,613,603001916,20,17002979,CU1A02232,S12108,1,1.00E-06,25200,140000,25200,140000,70000,2,140000,611,DA1029706,GSTAG18,18-07-2017 10:37,MIDC HINGNA ROADWADINAGPUR,200085,BASKARAN K,A05,4W M & M
145,600,90040,613,603001916,20,17002979,CU1A02232,S12108,1,1.00E-06,25200,140000,25200,140000,70000,2,140000,611,DA1029706,GSTAG18,18-07-2017 10:37,MIDC HINGNA ROADWADINAGPUR,200085,BASKARAN K,A05,4W M & M
146,600,90050,613,603002379,20,17002988,CU1H00919,3603SAP00,1,1.00E-06,4352.4,24180,4352.4,24180,8060,3,24180,611,ADD032512,GSTAG18,07-08-2017 08:26,"C- 201, SIDDHARTH ANNEX-3NEAR HOTEL PLAZO,VEMALI, N.H.8VADODARA - 390 008,MOB:99241 33114",200085,BASKARAN K,502,DEALERS
147,600,90050,613,603002379,20,17002988,CU1H00919,3603SAP00,1,1.00E-06,4352.4,24180,4352.4,24180,8060,3,24180,611,ADD032512,GSTAG18,07-08-2017 08:26,"C- 201, SIDDHARTH ANNEX-3NEAR HOTEL PLAZO,VEMALI, N.H.8VADODARA - 390 008,MOB:99241 33114",200085,BASKARAN K,502,DEALERS
148,600,90042,613,603002412,10,17002964,CU1S02416,2399BR001,1,1.00E-06,11115,61750,11115,61750,61750,1,61750,611,ADD059953,GSTAG18,09-08-2017 03:43,"#100/2, BIRLA CIRCLE, KUDLU ROADOPPOSITE SPRING VILLAHSR SECOND SECTOR ALUR BANGALORE",200085,BASKARAN K,C08,TYRE General
149,600,90042,613,603002412,10,17002964,CU1S02416,2399BR001,1,1.00E-06,11115,61750,11115,61750,61750,1,61750,611,ADD059953,GSTAG18,09-08-2017 03:43,"#100/2, BIRLA CIRCLE, KUDLU ROADOPPOSITE SPRING VILLAHSR SECOND SECTOR ALUR BANGALORE",200085,BASKARAN K,C08,TYRE General
150,600,90040,613,603002459,10,17003035,CU1C00991,Z25007,1,1.00E-06,15300,85000,15300,85000,85000,1,85000,611,DLC065101,GSTAG18,09-08-2017 11:35,"Block B, PHASE - 1, BADLI INDUSTRIAL ARENEW DELHI-110 085",200085,BASKARAN K,A08,4W Hyundai
151,600,90040,613,603002459,10,17003035,CU1C00991,Z25007,1,1.00E-06,15300,85000,15300,85000,85000,1,85000,611,DLC065101,GSTAG18,09-08-2017 11:35,"Block B, PHASE - 1, BADLI INDUSTRIAL ARENEW DELHI-110 085",200085,BASKARAN K,A08,4W Hyundai
152,600,90042,613,603002525,10,17003104,CU1S03461,1699EL007,1,1.00E-06,9711.24,34683,9711.24,34683,34683,1,34683,611,ADD059797,GSTAG19,11-08-2017 14:16,(RANIKHEDA CHOURAHA BEHIND CHETAK HOTEL)TOP AUTOMOBILE NIMBAHERANIMBAHERA,200085,BASKARAN K,A24,4W - MFC
153,600,90042,613,603002525,10,17003104,CU1S03461,1699EL007,1,1.00E-06,9711.24,34683,9711.24,34683,34683,1,34683,611,ADD059797,GSTAG19,11-08-2017 14:16,(RANIKHEDA CHOURAHA BEHIND CHETAK HOTEL)TOP AUTOMOBILE NIMBAHERANIMBAHERA,200085,BASKARAN K,A24,4W - MFC
154,600,90042,613,603002388,20,17003167,CU1J00001,9099EL023,1,1.00E-06,14400,80000,14400,80000,80000,1,80000,611,DLC061138,GSTAG18,08-08-2017 03:11,"P 41 PRINCEEP STREETIST FLOOR,ROOM NO:123 & 115CALCUTTA-700072",200085,BASKARAN K,A20,4W - Nissan
155,600,90042,613,603002388,20,17003167,CU1J00001,9099EL023,1,1.00E-06,14400,80000,14400,80000,80000,1,80000,611,DLC061138,GSTAG18,08-08-2017 03:11,"P 41 PRINCEEP STREETIST FLOOR,ROOM NO:123 & 115CALCUTTA-700072",200085,BASKARAN K,A20,4W - Nissan
156,600,90040,613,603002457,10,17003171,CU1J00001,S45001,1,1.00E-06,15300,85000,15300,85000,85000,1,85000,611,ADD006497,GSTAG18,09-08-2017 11:35,"P 41 PRINCEEP STREETIST FLOOR,ROOM NO:123 & 115KOLKATA - 700072 WB",200085,BASKARAN K,A01,4W Maruti
157,600,90040,613,603002457,10,17003171,CU1J00001,S45001,1,1.00E-06,15300,85000,15300,85000,85000,1,85000,611,ADD006497,GSTAG18,09-08-2017 11:35,"P 41 PRINCEEP STREETIST FLOOR,ROOM NO:123 & 115KOLKATA - 700072 WB",200085,BASKARAN K,A01,4W Maruti
158,600,90042,613,603002547,90,17003233,CU1A03865,TMTA00527,1,1.00E-06,3075.84,17088,3075.84,17088,17088,1,17088,611,ADD042489,GSTAG18,14-08-2017 12:15,"5/2, DELHI ROAD EAST,OPP. NEW MANDI SAMITI,MEERUT - 250 002 UP",200085,BASKARAN K,A01,4W Maruti
159,600,90042,613,603002547,90,17003233,CU1A03865,TMTA00527,1,1.00E-06,3075.84,17088,3075.84,17088,17088,1,17088,611,ADD042489,GSTAG18,14-08-2017 12:15,"5/2, DELHI ROAD EAST,OPP. NEW MANDI SAMITI,MEERUT - 250 002 UP",200085,BASKARAN K,A01,4W Maruti
160,600,90050,613,603002583,10,17003128,CU1A02409,3603ICP00,1,1.00E-06,8060.42,44780.12,8060.42,44780.12,6397.16,7,44780.12,611,DLC040129,GSTAG14,16-08-2017 08:16,"No.576A, NVN LAYOUT, CROSS CUTNEAR NORTH COIMBATORE FLYOVERGANDHIPURAM, COIMBATORE",200085,BASKARAN K,L01,Other Industry
161,600,90050,613,603002583,10,17003128,CU1A02409,3603ICP00,1,1.00E-06,8060.42,44780.12,8060.42,44780.12,6397.16,7,44780.12,611,DLC040129,GSTAG14,16-08-2017 08:16,"No.576A, NVN LAYOUT, CROSS CUTNEAR NORTH COIMBATORE FLYOVERGANDHIPURAM, COIMBATORE",200085,BASKARAN K,L01,Other Industry
162,600,90050,613,603002580,10,17003129,CU1A02409,3603IHK00,1,1.00E-06,8060.22,44779,8060.22,44779,6397,7,44779,611,DLC040129,GSTAG14,16-08-2017 08:16,"No.576A, NVN LAYOUT, CROSS CUTNEAR NORTH COIMBATORE FLYOVERGANDHIPURAM, COIMBATORE",200085,BASKARAN K,L01,Other Industry
163,600,90050,613,603002580,10,17003129,CU1A02409,3603IHK00,1,1.00E-06,8060.22,44779,8060.22,44779,6397,7,44779,611,DLC040129,GSTAG14,16-08-2017 08:16,"No.576A, NVN LAYOUT, CROSS CUTNEAR NORTH COIMBATORE FLYOVERGANDHIPURAM, COIMBATORE",200085,BASKARAN K,L01,Other Industry
164,600,90042,613,603002356,10,17003140,CU1E01092,K13990005,1,1.00E-06,1064,3800,1064,3800,3800,1,3800,611,ADD059915,GSTAG19,07-08-2017 03:20,"SR.NO.98/2A/P, BANGALORE PUNE HIGHWAYNR.BELAWADI STADIUMBANER,PUNE - 411 045",200085,BASKARAN K,A26,4W - NEXA
165,600,90042,613,603002356,10,17003140,CU1E01092,K13990005,1,1.00E-06,1064,3800,1064,3800,3800,1,3800,611,ADD059915,GSTAG19,07-08-2017 03:20,"SR.NO.98/2A/P, BANGALORE PUNE HIGHWAYNR.BELAWADI STADIUMBANER,PUNE - 411 045",200085,BASKARAN K,A26,4W - NEXA
166,600,90040,613,603002540,10,17003273,CU1I00282,S15035,1,1.00E-06,10440,58000,10440,58000,58000,1,58000,611,DA1062534,GSTAG18,14-08-2017 08:16,"PURBASHAOPP:USHAGRAM GIRL'S H S SCHOOLASANSOL,BURDWAN DT - 713 303.",200085,BASKARAN K,B02,2W Hero Motocorp
167,600,90040,613,603002540,10,17003273,CU1I00282,S15035,1,1.00E-06,10440,58000,10440,58000,58000,1,58000,611,DA1062534,GSTAG18,14-08-2017 08:16,"PURBASHAOPP:USHAGRAM GIRL'S H S SCHOOLASANSOL,BURDWAN DT - 713 303.",200085,BASKARAN K,B02,2W Hero Motocorp
168,600,90040,613,603002350,10,17003295,CU1F00502,S12102,1,1.00E-06,57600,320000,57600,320000,80000,4,320000,611,ADD059922,GSTAG18,04-08-2017 10:38,"A-16, BLOCK-AINFO TECHNOLOGY PARKSECTOR-34, GURUGRAM",200085,BASKARAN K,A03,4W Honda
169,600,90040,613,603002350,10,17003295,CU1F00502,S12102,1,1.00E-06,57600,320000,57600,320000,80000,4,320000,611,ADD059922,GSTAG18,04-08-2017 10:38,"A-16, BLOCK-AINFO TECHNOLOGY PARKSECTOR-34, GURUGRAM",200085,BASKARAN K,A03,4W Honda
170,600,90050,613,603002888,10,17003493,CU1S02416,3603SBP00,1,1.00E-06,8035.2,44640,8035.2,44640,7440,6,44640,611,ADD015247,GSTAG18,28-08-2017 10:16,"No.156 1ST FLOOR, MPM LANEBANGALORE - 560002 ",200085,BASKARAN K,L01,Other Industry
171,600,90050,613,603002888,10,17003493,CU1S02416,3603SBP00,1,1.00E-06,8035.2,44640,8035.2,44640,7440,6,44640,611,ADD015247,GSTAG18,28-08-2017 10:16,"No.156 1ST FLOOR, MPM LANEBANGALORE - 560002 ",200085,BASKARAN K,L01,Other Industry
172,600,90042,613,603002116,10,17003376,CU1P02029,460338140,1,1.00E-06,27000,150000,27000,150000,150000,1,150000,611,ADD059815,GSTAG18,26-07-2017 08:11,HURHURU ROADHAZARIBAGH-825301 ,200085,BASKARAN K,A24,4W - MFC
173,600,90042,613,603002116,10,17003376,CU1P02029,460338140,1,1.00E-06,27000,150000,27000,150000,150000,1,150000,611,ADD059815,GSTAG18,26-07-2017 08:11,HURHURU ROADHAZARIBAGH-825301 ,200085,BASKARAN K,A24,4W - MFC
174,600,90040,613,603002627,10,17003470,CU1A02024,Z11013,1,1.00E-06,13500,75000,13500,75000,37500,2,75000,611,DLC073309,GSTAG18,18-08-2017 04:16,"7,NEWAL KISHORE ROADHAZRATGANJLUCKNOW-226001",200085,BASKARAN K,B02,2W Hero Motocorp
175,600,90040,613,603002627,10,17003470,CU1A02024,Z11013,1,1.00E-06,13500,75000,13500,75000,37500,2,75000,611,DLC073309,GSTAG18,18-08-2017 04:16,"7,NEWAL KISHORE ROADHAZRATGANJLUCKNOW-226001",200085,BASKARAN K,B02,2W Hero Motocorp
176,600,90042,613,603002110,20,17003317,CU1B02563,1299SA001,1,1.00E-06,5400,30000,5400,30000,30000,1,30000,611,ADD043919,GSTAG18,26-07-2017 08:11,"MAHOBA ROAD,NEAR RTO OFFICECHHATARPUR - 471 001 ",200085,BASKARAN K,A08,4W Hyundai
177,600,90042,613,603002110,20,17003317,CU1B02563,1299SA001,1,1.00E-06,5400,30000,5400,30000,30000,1,30000,611,ADD043919,GSTAG18,26-07-2017 08:11,"MAHOBA ROAD,NEAR RTO OFFICECHHATARPUR - 471 001 ",200085,BASKARAN K,A08,4W Hyundai
178,600,90040,613,603002327,10,17003326,CU1A00740,S12102,1,1.00E-06,54720,304000,54720,304000,76000,4,304000,611,ADD000774,GSTAG18,04-08-2017 04:12,171 ABERDEEN BAZARPORT BLAIRANDAMANS,200085,BASKARAN K,A01,4W Maruti
179,600,90040,613,603002327,10,17003326,CU1A00740,S12102,1,1.00E-06,54720,304000,54720,304000,76000,4,304000,611,ADD000774,GSTAG18,04-08-2017 04:12,171 ABERDEEN BAZARPORT BLAIRANDAMANS,200085,BASKARAN K,A01,4W Maruti
180,600,90042,613,603002764,20,17003332,CU1M02888,FRT,1,1.00E-06,630,3500,630,3500,3500,1,3500,611,ADD060070,GSTAG18,22-08-2017 08:15,BELWA MISHRAPAKADI BUJURGPADRAUNA - 274304 KUSHINAGAR,200085,BASKARAN K,M01,LCV - TATA
181,600,90042,613,603002764,20,17003332,CU1M02888,FRT,1,1.00E-06,630,3500,630,3500,3500,1,3500,611,ADD060070,GSTAG18,22-08-2017 08:15,BELWA MISHRAPAKADI BUJURGPADRAUNA - 274304 KUSHINAGAR,200085,BASKARAN K,M01,LCV - TATA
182,600,90042,613,603002755,10,17003366,CU1S02416,3899YS008,1,1.00E-06,54720,304000,54720,304000,304000,1,304000,611,ADD060068,GSTAG18,22-08-2017 06:15,"#70/B , 3RD STAGE  DATTAGALLIKANAKADASANAGARMYSORE-570023",200085,BASKARAN K,A13,4W Unorganised/General
183,600,90042,613,603002755,10,17003366,CU1S02416,3899YS008,1,1.00E-06,54720,304000,54720,304000,304000,1,304000,611,ADD060068,GSTAG18,22-08-2017 06:15,"#70/B , 3RD STAGE  DATTAGALLIKANAKADASANAGARMYSORE-570023",200085,BASKARAN K,A13,4W Unorganised/General
184,600,90042,613,603002755,30,17003366,CU1S02416,2399BR001,1,1.00E-06,12780,71000,12780,71000,71000,1,71000,611,ADD060068,GSTAG18,22-08-2017 06:15,"#70/B , 3RD STAGE  DATTAGALLIKANAKADASANAGARMYSORE-570023",200085,BASKARAN K,A13,4W Unorganised/General
185,600,90042,613,603002755,30,17003366,CU1S02416,2399BR001,1,1.00E-06,12780,71000,12780,71000,71000,1,71000,611,ADD060068,GSTAG18,22-08-2017 06:15,"#70/B , 3RD STAGE  DATTAGALLIKANAKADASANAGARMYSORE-570023",200085,BASKARAN K,A13,4W Unorganised/General
186,600,90042,613,603002558,20,17003351,CU1C02501,3899YS009,1,1.00E-06,5400,30000,5400,30000,30000,1,30000,611,ADD044111,GSTAG18,14-08-2017 12:15,"PONGUMOODU, MEDICAL COLLEGETHIRUVANANTHAPURAM - 695011MOB:96455 76221",200085,BASKARAN K,A13,4W Unorganised/General
187,600,90042,613,603002558,20,17003351,CU1C02501,3899YS009,1,1.00E-06,5400,30000,5400,30000,30000,1,30000,611,ADD044111,GSTAG18,14-08-2017 12:15,"PONGUMOODU, MEDICAL COLLEGETHIRUVANANTHAPURAM - 695011MOB:96455 76221",200085,BASKARAN K,A13,4W Unorganised/General
188,600,90042,613,603002238,10,17003336,CU1V00377,3899YS008,1,1.00E-06,52200,290000,52200,290000,290000,1,290000,611,DA1018453,GSTAG18,31-07-2017 03:01,   ,200085,BASKARAN K,502,DEALERS
189,600,90042,613,603002238,10,17003336,CU1V00377,3899YS008,1,1.00E-06,52200,290000,52200,290000,290000,1,290000,611,DA1018453,GSTAG18,31-07-2017 03:01,   ,200085,BASKARAN K,502,DEALERS
190,600,90040,613,603002425,10,17003354,CU1J00001,S46018,1,1.00E-06,69300,385000,69300,385000,385000,1,385000,611,ADD006497,GSTAG18,09-08-2017 11:35,"P 41 PRINCEEP STREETIST FLOOR,ROOM NO:123 & 115KOLKATA - 700072 WB",200085,BASKARAN K,A24,4W - MFC
191,600,90040,613,603002425,10,17003354,CU1J00001,S46018,1,1.00E-06,69300,385000,69300,385000,385000,1,385000,611,ADD006497,GSTAG18,09-08-2017 11:35,"P 41 PRINCEEP STREETIST FLOOR,ROOM NO:123 & 115KOLKATA - 700072 WB",200085,BASKARAN K,A24,4W - MFC
192,600,90042,613,603002509,30,17003445,CU1J00001,3899YS008,1,1.00E-06,54900,305000,54900,305000,305000,1,305000,611,DA1006672,GSTAG18,11-08-2017 12:16,SURICHUARAMPURHATBIRBHUM,200085,BASKARAN K,A24,4W - MFC
193,600,90042,613,603002509,30,17003445,CU1J00001,3899YS008,1,1.00E-06,54900,305000,54900,305000,305000,1,305000,611,DA1006672,GSTAG18,11-08-2017 12:16,SURICHUARAMPURHATBIRBHUM,200085,BASKARAN K,A24,4W - MFC
194,600,90040,613,603002840,10,17003449,CU1N03098,S15034,1,1.00E-06,12600,70000,12600,70000,70000,1,70000,611,ADD060089,GSTAG18,24-08-2017 04:16,"VARANGALAKUDIYIEL BUILDING,NIRMALA COLLEGE ROAD,MUVATTUPUZHA,ERNAKULAMPIN CODE-686 661",200085,BASKARAN K,C09,Tyre Shop - HOT
195,600,90040,613,603002840,10,17003449,CU1N03098,S15034,1,1.00E-06,12600,70000,12600,70000,70000,1,70000,611,ADD060089,GSTAG18,24-08-2017 04:16,"VARANGALAKUDIYIEL BUILDING,NIRMALA COLLEGE ROAD,MUVATTUPUZHA,ERNAKULAMPIN CODE-686 661",200085,BASKARAN K,C09,Tyre Shop - HOT
196,600,90040,613,603002851,10,17003507,CU1J00730,S11004,1,1.00E-06,7903.26,43907,7903.26,43907,43907,1,43907,611,DLC050447,GSTAG18,24-08-2017 12:15,"MIG 184,GAUTAM NAGARBHOPALMADYA PRADESH",200085,BASKARAN K,L01,Other Industry
197,600,90040,613,603002851,10,17003507,CU1J00730,S11004,1,1.00E-06,7903.26,43907,7903.26,43907,43907,1,43907,611,DLC050447,GSTAG18,24-08-2017 12:15,"MIG 184,GAUTAM NAGARBHOPALMADYA PRADESH",200085,BASKARAN K,L01,Other Industry
198,600,90040,613,603002915,10,17003532,CU1B02626,S11004,1,1.00E-06,9305.1,51695,9305.1,51695,51695,1,51695,611,ADD060115,GSTAG14,29-08-2017 04:15,"CHOOLAIMEDU HIGH ROAD,CHENNAI - 600094. ",200085,BASKARAN K,L01,Other Industry
199,600,90040,613,603002915,10,17003532,CU1B02626,S11004,1,1.00E-06,9305.1,51695,9305.1,51695,51695,1,51695,611,ADD060115,GSTAG14,29-08-2017 04:15,"CHOOLAIMEDU HIGH ROAD,CHENNAI - 600094. ",200085,BASKARAN K,L01,Other Industry
200,600,90042,613,603002170,10,17003535,CU1V01656,9099EL023,1,1.00E-06,13140,73000,13140,73000,73000,1,73000,611,ADD059848,GSTAG18,28-07-2017 03:53,KAPRENDISTT. BUNDI ,200085,BASKARAN K,502,DEALERS
201,600,90042,613,603002170,10,17003535,CU1V01656,9099EL023,1,1.00E-06,13140,73000,13140,73000,73000,1,73000,611,ADD059848,GSTAG18,28-07-2017 03:53,KAPRENDISTT. BUNDI ,200085,BASKARAN K,502,DEALERS
202,600,90040,613,603002882,10,17003542,CU1T00002,S25004,1,1.00E-06,15300,85000,15300,85000,85000,1,85000,611,DLC068602,GSTAG18,28-08-2017 06:16,C/0-MARUTI SCANGANDHINAGAR MAIN ROADBERHAMPUR,200085,BASKARAN K,A13,4W Unorganised/General
203,600,90040,613,603002882,10,17003542,CU1T00002,S25004,1,1.00E-06,15300,85000,15300,85000,85000,1,85000,611,DLC068602,GSTAG18,28-08-2017 06:16,C/0-MARUTI SCANGANDHINAGAR MAIN ROADBERHAMPUR,200085,BASKARAN K,A13,4W Unorganised/General
204,600,90040,613,603002709,40,17003543,CU1U01111,S46018,1,1.00E-06,66600,370000,66600,370000,370000,1,370000,611,ADD058993,GSTAG18,21-08-2017 12:16,"KANGRA,HP - 176 001MOB: 90410 64014 ",200085,BASKARAN K,A24,4W - MFC
205,600,90040,613,603002709,40,17003543,CU1U01111,S46018,1,1.00E-06,66600,370000,66600,370000,370000,1,370000,611,ADD058993,GSTAG18,21-08-2017 12:16,"KANGRA,HP - 176 001MOB: 90410 64014 ",200085,BASKARAN K,A24,4W - MFC
206,600,90042,613,603002713,10,17003544,CU1U01111,460338140,1,1.00E-06,34740,193000,34740,193000,193000,1,193000,611,ADD058993,GSTAG18,21-08-2017 12:16,"KANGRA,HP - 176 001MOB: 90410 64014 ",200085,BASKARAN K,A24,4W - MFC
207,600,90042,613,603002713,10,17003544,CU1U01111,460338140,1,1.00E-06,34740,193000,34740,193000,193000,1,193000,611,ADD058993,GSTAG18,21-08-2017 12:16,"KANGRA,HP - 176 001MOB: 90410 64014 ",200085,BASKARAN K,A24,4W - MFC
208,600,90042,613,603002249,10,17003587,CU1G01011,1399SA044,1,1.00E-06,4860,27000,4860,27000,27000,1,27000,611,DLC041082,GSTAG14,31-07-2017 04:42,"OPP TO OXFORD ENGG. COLLEGEDINDIGUL HIGHWAY ROADPIRATTIYUR, TRICHY",200085,BASKARAN K,1,MANUFACTURER(GENERAL)
209,600,90042,613,603002249,10,17003587,CU1G01011,1399SA044,1,1.00E-06,4860,27000,4860,27000,27000,1,27000,611,DLC041082,GSTAG14,31-07-2017 04:42,"OPP TO OXFORD ENGG. COLLEGEDINDIGUL HIGHWAY ROADPIRATTIYUR, TRICHY",200085,BASKARAN K,1,MANUFACTURER(GENERAL)
210,600,90042,613,603002554,10,17003591,CU1C00001,1199PP001,1,1.00E-06,23201.64,128898,23201.64,128898,21483,6,128898,611,DA1046382,GSTAG18,14-08-2017 12:15,   ,200085,BASKARAN K,L01,Other Industry
211,600,90042,613,603002554,10,17003591,CU1C00001,1199PP001,1,1.00E-06,23201.64,128898,23201.64,128898,21483,6,128898,611,DA1046382,GSTAG18,14-08-2017 12:15,   ,200085,BASKARAN K,L01,Other Industry
212,600,90040,613,603002692,50,17003593,CU1M04062,X130019,1,1.00E-06,3539.2,12640,3539.2,12640,12640,1,12640,611,ADD055121,GSTAG15,21-08-2017 08:16,"SEETHARAMPALAYAM POTIRUCHENGODE, NAMAKKAL -637209MOB:98427 56611",200085,BASKARAN K,L01,Other Industry
213,600,90040,613,603002692,50,17003593,CU1M04062,X130019,1,1.00E-06,3539.2,12640,3539.2,12640,12640,1,12640,611,ADD055121,GSTAG15,21-08-2017 08:16,"SEETHARAMPALAYAM POTIRUCHENGODE, NAMAKKAL -637209MOB:98427 56611",200085,BASKARAN K,L01,Other Industry
214,600,90050,613,603002012,30,17003617,CU1E00959,3603JBP00,1,1.00E-06,4615.2,25640,4615.2,25640,12820,2,25640,611,ADD039075,GSTAG18,21-07-2017 10:18,"3522/49A,SECOND FLOORBALAJI MARKET,GALI HAQIM BAQAHAUZ KAZI, DELHI - 110 006",200085,BASKARAN K,1,MANUFACTURER(GENERAL)
215,600,90050,613,603002012,30,17003617,CU1E00959,3603JBP00,1,1.00E-06,4615.2,25640,4615.2,25640,12820,2,25640,611,ADD039075,GSTAG18,21-07-2017 10:18,"3522/49A,SECOND FLOORBALAJI MARKET,GALI HAQIM BAQAHAUZ KAZI, DELHI - 110 006",200085,BASKARAN K,1,MANUFACTURER(GENERAL)
216,600,90042,613,603002818,20,17003629,CU1A04137,460346290,1,1.00E-06,10800,60000,10800,60000,60000,1,60000,611,ADD060086,GSTAG18,23-08-2017 11:45,"PLOT NO - 92, VILLAGE KOLKHETAL - PANVEL ; DIST - RAIGADMAHARASHTRA - 410 206",200085,BASKARAN K,A01,4W Maruti
217,600,90042,613,603002818,20,17003629,CU1A04137,460346290,1,1.00E-06,10800,60000,10800,60000,60000,1,60000,611,ADD060086,GSTAG18,23-08-2017 11:45,"PLOT NO - 92, VILLAGE KOLKHETAL - PANVEL ; DIST - RAIGADMAHARASHTRA - 410 206",200085,BASKARAN K,A01,4W Maruti
218,600,90042,613,603002931,80,17003675,CU1S08340,TMTA00527,1,1.00E-06,3075.84,17088,3075.84,17088,17088,1,17088,611,ADD059986,GSTAG18,29-08-2017 10:18,"SY.NO 2/6, BERATANA AGRAHARAHOSUR ROADBENGALURU 560100",200085,BASKARAN K,A01,4W Maruti
219,600,90042,613,603002931,80,17003675,CU1S08340,TMTA00527,1,1.00E-06,3075.84,17088,3075.84,17088,17088,1,17088,611,ADD059986,GSTAG18,29-08-2017 10:18,"SY.NO 2/6, BERATANA AGRAHARAHOSUR ROADBENGALURU 560100",200085,BASKARAN K,A01,4W Maruti
220,600,90042,613,603002585,10,17003651,CU1R01399,3899YS009,1,1.00E-06,5400,30000,5400,30000,30000,1,30000,611,DA1057781,GSTAG18,16-08-2017 10:15,NIKAMUL SATRATEZPUR- 784154 ,200085,BASKARAN K,A01,4W Maruti
221,600,90042,613,603002585,10,17003651,CU1R01399,3899YS009,1,1.00E-06,5400,30000,5400,30000,30000,1,30000,611,DA1057781,GSTAG18,16-08-2017 10:15,NIKAMUL SATRATEZPUR- 784154 ,200085,BASKARAN K,A01,4W Maruti
222,600,90040,613,603002766,10,17003653,CU1C00001,Z12110,1,1.00E-06,14040,78000,14040,78000,78000,1,78000,611,ADD060071,GSTAG18,22-08-2017 08:16,NELLORE  ,200085,BASKARAN K,M99,LCV - Others
223,600,90040,613,603002766,10,17003653,CU1C00001,Z12110,1,1.00E-06,14040,78000,14040,78000,78000,1,78000,611,ADD060071,GSTAG18,22-08-2017 08:16,NELLORE  ,200085,BASKARAN K,M99,LCV - Others
224,600,90040,613,603002599,10,17003667,CU1S00014,S46018,1,1.00E-06,68400,380000,68400,380000,380000,1,380000,611,DLC048165,GSTAG14,17-08-2017 08:15,"SITE No.15, ELGI INDL. COMPLEXTRICHY ROAD, SINGANALLURCOIMBATORE-641005",200085,BASKARAN K,L01,Other Industry
225,600,90040,613,603002599,10,17003667,CU1S00014,S46018,1,1.00E-06,68400,380000,68400,380000,380000,1,380000,611,DLC048165,GSTAG14,17-08-2017 08:15,"SITE No.15, ELGI INDL. COMPLEXTRICHY ROAD, SINGANALLURCOIMBATORE-641005",200085,BASKARAN K,L01,Other Industry
226,600,90042,613,603001836,20,17003685,CU1J00001,9099EL007,1,1.00E-06,103140,573000,103140,573000,191000,3,573000,611,PLC000469,GSTAG18,14-07-2017 12:14,"P 41 PRINCEEP STREETIST FLOOR,ROOM NO:123 & 115KOLKATA,700 072-WB",200085,BASKARAN K,A13,4W Unorganised/General
227,600,90042,613,603001836,20,17003685,CU1J00001,9099EL007,1,1.00E-06,103140,573000,103140,573000,191000,3,573000,611,PLC000469,GSTAG18,14-07-2017 12:14,"P 41 PRINCEEP STREETIST FLOOR,ROOM NO:123 & 115KOLKATA,700 072-WB",200085,BASKARAN K,A13,4W Unorganised/General
228,600,90042,613,603002940,20,17003646,CU1G01109,FRT,1,1.00E-06,900,5000,900,5000,5000,1,5000,611,ADD059287,GSTAG18,30-08-2017 06:16,SAI COMPLEXBADDI SOLAN H.P. ,200085,BASKARAN K,A01,4W Maruti
229,600,90042,613,603002940,20,17003646,CU1G01109,FRT,1,1.00E-06,900,5000,900,5000,5000,1,5000,611,ADD059287,GSTAG18,30-08-2017 06:16,SAI COMPLEXBADDI SOLAN H.P. ,200085,BASKARAN K,A01,4W Maruti
230,600,90040,613,603002908,10,17003745,CU1V00377,Z11005,1,1.00E-06,34200,190000,34200,190000,190000,1,190000,611,DLC018453,GSTAG18,28-08-2017 12:16,"H No.6-2-981,201,2nd FLOORMARUTI PLAZA, ADJ TO SHADANCOLLEGE, KHAIRATABAD,HYDERABAD",200085,BASKARAN K,C08,TYRE General
231,600,90040,613,603002908,10,17003745,CU1V00377,Z11005,1,1.00E-06,34200,190000,34200,190000,190000,1,190000,611,DLC018453,GSTAG18,28-08-2017 12:16,"H No.6-2-981,201,2nd FLOORMARUTI PLAZA, ADJ TO SHADANCOLLEGE, KHAIRATABAD,HYDERABAD",200085,BASKARAN K,C08,TYRE General
232,600,90040,613,603002799,20,17003928,CU1S09760,FRT,1,1.00E-06,540,3000,540,3000,3000,1,3000,611,ADD060044,GSTAG18,23-08-2017 06:16,FIROZABADUTTAR PRADESH - 283203 ,200085,BASKARAN K,C01,TYRE J K Tyres
233,600,90040,613,603002799,20,17003928,CU1S09760,FRT,1,1.00E-06,540,3000,540,3000,3000,1,3000,611,ADD060044,GSTAG18,23-08-2017 06:16,FIROZABADUTTAR PRADESH - 283203 ,200085,BASKARAN K,C01,TYRE J K Tyres
234,600,90040,613,603003153,10,17003930,CU1M02198,S11014,1,1.00E-06,283860,1577000,283860,1577000,1577000,1,1577000,611,ADD029147,GSTAG18,08-09-2017 12:30,A UNIT OF MUNEER ENTERPRISES PVT LTDSANKALAPUR BELLARY ROADHOSPET - 583201,200085,BASKARAN K,A01,4W Maruti
235,600,90040,613,603003153,10,17003930,CU1M02198,S11014,1,1.00E-06,283860,1577000,283860,1577000,1577000,1,1577000,611,ADD029147,GSTAG18,08-09-2017 12:30,A UNIT OF MUNEER ENTERPRISES PVT LTDSANKALAPUR BELLARY ROADHOSPET - 583201,200085,BASKARAN K,A01,4W Maruti
236,600,90050,613,603003021,10,17003748,CU1E00578,3603RES00,1,1.00E-06,6318,35100,6318,35100,7020,5,35100,611,ADD058701,GSTAG14,01-09-2017 12:15,"PVDINDIA HOUSE, TRICHY ROADCOIMBATORE - 641021",200085,BASKARAN K,L01,Other Industry
237,600,90050,613,603003021,10,17003748,CU1E00578,3603RES00,1,1.00E-06,6318,35100,6318,35100,7020,5,35100,611,ADD058701,GSTAG14,01-09-2017 12:15,"PVDINDIA HOUSE, TRICHY ROADCOIMBATORE - 641021",200085,BASKARAN K,L01,Other Industry
238,600,90040,613,603002711,20,17003948,CU1K02724,S12001,1,1.00E-06,15199.92,84444,15199.92,84444,84444,1,84444,611,ADD060031,GSTAG18,21-08-2017 12:16,"RAMGHAT ROAD,ALIGARH-202 001, UP ",200085,BASKARAN K,A19,4W - Carnation
239,600,90040,613,603002711,20,17003948,CU1K02724,S12001,1,1.00E-06,15199.92,84444,15199.92,84444,84444,1,84444,611,ADD060031,GSTAG18,21-08-2017 12:16,"RAMGHAT ROAD,ALIGARH-202 001, UP ",200085,BASKARAN K,A19,4W - Carnation
240,600,90040,613,603003059,10,17003953,CU1M00781,S12102,1,1.00E-06,68949,383050,68949,383050,76610,5,383050,611,ADD009295,GSTAG18,05-09-2017 06:16,HOTEL AKASHWANI MANSIONRATU ROADRANCHI,200085,BASKARAN K,A01,4W Maruti
241,600,90040,613,603003059,10,17003953,CU1M00781,S12102,1,1.00E-06,68949,383050,68949,383050,76610,5,383050,611,ADD009295,GSTAG18,05-09-2017 06:16,HOTEL AKASHWANI MANSIONRATU ROADRANCHI,200085,BASKARAN K,A01,4W Maruti
242,600,90040,613,603002962,10,17003854,CU1D00924,S12102,1,1.00E-06,51984,288800,51984,288800,72200,4,288800,611,ADD060180,GSTAG18,30-08-2017 10:16,"A.S.R NURSERY,BESIDE H.P. PETROL BUNKLOTUS LAND MARK,AYODHYANAGARC.K.REDDY, ROAD,VIJAYAWADA-­-520003",200085,BASKARAN K,A26,4W - NEXA
243,600,90040,613,603002962,10,17003854,CU1D00924,S12102,1,1.00E-06,51984,288800,51984,288800,72200,4,288800,611,ADD060180,GSTAG18,30-08-2017 10:16,"A.S.R NURSERY,BESIDE H.P. PETROL BUNKLOTUS LAND MARK,AYODHYANAGARC.K.REDDY, ROAD,VIJAYAWADA-­-520003",200085,BASKARAN K,A26,4W - NEXA
244,600,90040,613,603003083,10,17003860,CU1H01283,S15034,1,1.00E-06,12203.28,67796,12203.28,67796,67796,1,67796,611,ADD060243,GSTAG14,05-09-2017 14:16,"67 , AVARAM PALAGANUM ROAD ,K.R PURAMCOIMBATORE-641006",200085,BASKARAN K,C09,Tyre Shop - HOT
245,600,90040,613,603003083,10,17003860,CU1H01283,S15034,1,1.00E-06,12203.28,67796,12203.28,67796,67796,1,67796,611,ADD060243,GSTAG14,05-09-2017 14:16,"67 , AVARAM PALAGANUM ROAD ,K.R PURAMCOIMBATORE-641006",200085,BASKARAN K,C09,Tyre Shop - HOT
246,600,90042,613,603002100,50,17003777,CU1S03461,1199PP006,1,1.00E-06,7200,40000,7200,40000,40000,1,40000,611,ADD059797,GSTAG18,25-07-2017 14:25,(RANIKHEDA CHOURAHA BEHIND CHETAK HOTEL)TOP AUTOMOBILE NIMBAHERANIMBAHERA,200085,BASKARAN K,A24,4W - MFC
247,600,90042,613,603002100,50,17003777,CU1S03461,1199PP006,1,1.00E-06,7200,40000,7200,40000,40000,1,40000,611,ADD059797,GSTAG18,25-07-2017 14:25,(RANIKHEDA CHOURAHA BEHIND CHETAK HOTEL)TOP AUTOMOBILE NIMBAHERANIMBAHERA,200085,BASKARAN K,A24,4W - MFC
248,600,90050,613,603002536,20,17003778,CU1R00005,3603OSJ00,1,1.00E-06,13255.2,73640,13255.2,73640,7364,10,73640,611,1000299,GSTAG18,14-08-2017 08:16,"376 OPP. POLICE STATION4TH C ROAD,SARDARPURA JODHPUR,RAJASTHAN PIN: 342 003",200085,BASKARAN K,L01,Other Industry
249,600,90050,613,603002536,20,17003778,CU1R00005,3603OSJ00,1,1.00E-06,13255.2,73640,13255.2,73640,7364,10,73640,611,1000299,GSTAG18,14-08-2017 08:16,"376 OPP. POLICE STATION4TH C ROAD,SARDARPURA JODHPUR,RAJASTHAN PIN: 342 003",200085,BASKARAN K,L01,Other Industry
250,600,90050,613,603002989,40,17003878,CU1E00959,3603RES00,1,1.00E-06,1811.88,10066,1811.88,10066,5033,2,10066,611,ADD039075,GSTAG18,31-08-2017 08:16,"3522/49A,SECOND FLOORBALAJI MARKET,GALI HAQIM BAQAHAUZ KAZI, DELHI - 110 006",200085,BASKARAN K,L01,Other Industry
251,600,90050,613,603002989,40,17003878,CU1E00959,3603RES00,1,1.00E-06,1811.88,10066,1811.88,10066,5033,2,10066,611,ADD039075,GSTAG18,31-08-2017 08:16,"3522/49A,SECOND FLOORBALAJI MARKET,GALI HAQIM BAQAHAUZ KAZI, DELHI - 110 006",200085,BASKARAN K,L01,Other Industry
252,600,90050,613,603002964,10,17003884,CU1V01656,3603BAP00,1,1.00E-06,1619.64,8998,1619.64,8998,8998,1,8998,611,DA1068081,GSTAG18,30-08-2017 10:16,"S-19-20, NITYANAND NAGAR - 3STREET No.9, GANDHI PATHVAISHALI NAGAR, JAIPUR",200085,BASKARAN K,L01,Other Industry
253,600,90050,613,603002964,10,17003884,CU1V01656,3603BAP00,1,1.00E-06,1619.64,8998,1619.64,8998,8998,1,8998,611,DA1068081,GSTAG18,30-08-2017 10:16,"S-19-20, NITYANAND NAGAR - 3STREET No.9, GANDHI PATHVAISHALI NAGAR, JAIPUR",200085,BASKARAN K,L01,Other Industry
254,600,90042,613,603002488,20,17003967,CU1C02535,2399BR001,1,1.00E-06,11700,65000,11700,65000,65000,1,65000,611,ADD059978,GSTAG18,11-08-2017 01:59,"NEAR HANUMAN CHAWRAHAHARDOI BYPASS ROADGHAYILLA,   LUCKNOW",200085,BASKARAN K,A11,4W Fiat
255,600,90042,613,603002488,20,17003967,CU1C02535,2399BR001,1,1.00E-06,11700,65000,11700,65000,65000,1,65000,611,ADD059978,GSTAG18,11-08-2017 01:59,"NEAR HANUMAN CHAWRAHAHARDOI BYPASS ROADGHAYILLA,   LUCKNOW",200085,BASKARAN K,A11,4W Fiat
256,600,90042,613,603002812,40,17003969,CU1K01889,FRT,1,1.00E-06,2250,12500,2250,12500,12500,1,12500,611,ADD060096,GSTAG18,23-08-2017 11:45,HAIDERGARH ROADMAHRAJGANJRAEBARELI(U.P.)-229306,200085,BASKARAN K,A01,4W Maruti
257,600,90042,613,603002812,40,17003969,CU1K01889,FRT,1,1.00E-06,2250,12500,2250,12500,12500,1,12500,611,ADD060096,GSTAG18,23-08-2017 11:45,HAIDERGARH ROADMAHRAJGANJRAEBARELI(U.P.)-229306,200085,BASKARAN K,A01,4W Maruti
258,600,90040,613,603002383,20,17003817,CU1P02879,Z12115,1,1.00E-06,13680,76000,13680,76000,76000,1,76000,611,ADD038243,GSTAG18,07-08-2017 08:26,"PLOT NO 1001,SECTOR 28GIDC,OPP,DSP OFFICEGANDHINAGAR",200085,BASKARAN K,1,MANUFACTURER(GENERAL)
259,600,90040,613,603002383,20,17003817,CU1P02879,Z12115,1,1.00E-06,13680,76000,13680,76000,76000,1,76000,611,ADD038243,GSTAG18,07-08-2017 08:26,"PLOT NO 1001,SECTOR 28GIDC,OPP,DSP OFFICEGANDHINAGAR",200085,BASKARAN K,1,MANUFACTURER(GENERAL)
260,600,90040,613,603002486,20,17003819,CU1S09756,FRT,1,1.00E-06,1800,10000,1800,10000,10000,1,10000,611,ADD059969,GSTAG18,11-08-2017 01:59,"NEAR NAVEEN MANDI,TEHSIL-AKBARPURSINJHAULI,MALIPUR ROADAMBEDKAR NAGAR(UP) - 224122",200085,BASKARAN K,A13,4W Unorganised/General
261,600,90040,613,603002486,20,17003819,CU1S09756,FRT,1,1.00E-06,1800,10000,1800,10000,10000,1,10000,611,ADD059969,GSTAG18,11-08-2017 01:59,"NEAR NAVEEN MANDI,TEHSIL-AKBARPURSINJHAULI,MALIPUR ROADAMBEDKAR NAGAR(UP) - 224122",200085,BASKARAN K,A13,4W Unorganised/General
262,600,90040,613,603003322,20,17004159,CU1S07617,S25004,1,1.00E-06,18000,100000,18000,100000,100000,1,100000,611,DA1065895,GSTAG18,15-09-2017 06:30,NAGALPUR HIGHWAYMEHSANA384002,200085,BASKARAN K,A01,4W Maruti
263,600,90040,613,603003322,20,17004159,CU1S07617,S25004,1,1.00E-06,18000,100000,18000,100000,100000,1,100000,611,DA1065895,GSTAG18,15-09-2017 06:30,NAGALPUR HIGHWAYMEHSANA384002,200085,BASKARAN K,A01,4W Maruti
264,600,90042,613,603003320,70,17004161,CU1S07617,5499VT007,1,1.00E-06,6300,35000,6300,35000,35000,1,35000,611,DA1065895,GSTAG18,15-09-2017 06:30,NAGALPUR HIGHWAYMEHSANA384002,200085,BASKARAN K,A01,4W Maruti
265,600,90042,613,603003320,70,17004161,CU1S07617,5499VT007,1,1.00E-06,6300,35000,6300,35000,35000,1,35000,611,DA1065895,GSTAG18,15-09-2017 06:30,NAGALPUR HIGHWAYMEHSANA384002,200085,BASKARAN K,A01,4W Maruti
266,600,90040,613,603003088,10,17004092,CU1M01993,S12108,1,1.00E-06,14040,78000,14040,78000,78000,1,78000,611,DLC033505,GSTAG18,05-09-2017 14:16,"NH-17, NEAR BALEGULI CROSSANKOLA ",200085,BASKARAN K,M01,LCV - TATA
267,600,90040,613,603003088,10,17004092,CU1M01993,S12108,1,1.00E-06,14040,78000,14040,78000,78000,1,78000,611,DLC033505,GSTAG18,05-09-2017 14:16,"NH-17, NEAR BALEGULI CROSSANKOLA ",200085,BASKARAN K,M01,LCV - TATA
268,600,90040,613,603003172,10,17004101,CU1V01746,S12108,1,1.00E-06,28080,156000,28080,156000,78000,2,156000,611,ADD060204,GSTAG18,11-09-2017 10:30,"SHANKAR SANKUL,SWAMIVIVEKANANDNAGAR,MALEGAON ROAD SATANATAL- SATANA,DIST-NASHIK-423301",200085,BASKARAN K,M01,LCV - TATA
269,600,90040,613,603003172,10,17004101,CU1V01746,S12108,1,1.00E-06,28080,156000,28080,156000,78000,2,156000,611,ADD060204,GSTAG18,11-09-2017 10:30,"SHANKAR SANKUL,SWAMIVIVEKANANDNAGAR,MALEGAON ROAD SATANATAL- SATANA,DIST-NASHIK-423301",200085,BASKARAN K,M01,LCV - TATA
270,600,90050,613,603003189,50,17004011,CU1S02416,3603BAP00,1,1.00E-06,1542.46,8569.2,1542.46,8569.2,8569.2,1,8569.2,611,DA1013828,GSTAG18,12-09-2017 08:30,"# 156, Ist FLOORMPM LANE, S P ROADBANGALORE - 560 002",200085,BASKARAN K,L01,Other Industry
271,600,90050,613,603003189,50,17004011,CU1S02416,3603BAP00,1,1.00E-06,1542.46,8569.2,1542.46,8569.2,8569.2,1,8569.2,611,DA1013828,GSTAG18,12-09-2017 08:30,"# 156, Ist FLOORMPM LANE, S P ROADBANGALORE - 560 002",200085,BASKARAN K,L01,Other Industry
272,600,90050,613,603003208,20,17004125,CU1F00158,3603DDP00,1,1.00E-06,2429.1,13495,2429.1,13495,13495,1,13495,611,ADD060316,GSTAG14,12-09-2017 12:31,"SANAND VEHICLE ASSEMBLING & ENGINE PLANTGATE NO.- 3,VOCF YARD SITESANAND,AHMEDABAD- 382170",200085,BASKARAN K,A09,4W Ford
273,600,90050,613,603003208,20,17004125,CU1F00158,3603DDP00,1,1.00E-06,2429.1,13495,2429.1,13495,13495,1,13495,611,ADD060316,GSTAG14,12-09-2017 12:31,"SANAND VEHICLE ASSEMBLING & ENGINE PLANTGATE NO.- 3,VOCF YARD SITESANAND,AHMEDABAD- 382170",200085,BASKARAN K,A09,4W Ford
274,600,90042,613,603003165,10,17004058,CU1A03865,1199PP002,1,1.00E-06,7303.86,40577,7303.86,40577,40577,1,40577,611,ADD042489,GSTAG18,11-09-2017 08:30,"5/2, DELHI ROAD EAST,OPP. NEW MANDI SAMITI,MEERUT - 250 002 UP",200085,BASKARAN K,L01,Other Industry
275,600,90042,613,603003165,10,17004058,CU1A03865,1199PP002,1,1.00E-06,7303.86,40577,7303.86,40577,40577,1,40577,611,ADD042489,GSTAG18,11-09-2017 08:30,"5/2, DELHI ROAD EAST,OPP. NEW MANDI SAMITI,MEERUT - 250 002 UP",200085,BASKARAN K,L01,Other Industry
276,600,90042,613,603003092,40,17004221,CU1S07084,FRT,1,1.00E-06,630,3500,630,3500,3500,1,3500,611,ADD032224,GSTAG18,05-09-2017 14:16,"898/3, HATESINGH GOYAL MARGMATAJI TEKRI ROADDEWAS (M.P.) - 455001",200085,BASKARAN K,A04,4W Telco
277,600,90042,613,603003092,40,17004221,CU1S07084,FRT,1,1.00E-06,630,3500,630,3500,3500,1,3500,611,ADD032224,GSTAG18,05-09-2017 14:16,"898/3, HATESINGH GOYAL MARGMATAJI TEKRI ROADDEWAS (M.P.) - 455001",200085,BASKARAN K,A04,4W Telco
278,600,90040,613,603003057,10,17004223,CU1D01413,Z11013,1,1.00E-06,6750,37500,6750,37500,37500,1,37500,611,ADD060249,GSTAG18,05-09-2017 06:16,"7-97-28,NH-7,KALLURKURNOOL-518003 ",200085,BASKARAN K,B02,2W Hero Motocorp
279,600,90040,613,603003057,10,17004223,CU1D01413,Z11013,1,1.00E-06,6750,37500,6750,37500,37500,1,37500,611,ADD060249,GSTAG18,05-09-2017 06:16,"7-97-28,NH-7,KALLURKURNOOL-518003 ",200085,BASKARAN K,B02,2W Hero Motocorp
280,600,90040,613,603002972,10,17004022,CU1A00704,Z11013,1,1.00E-06,6750,37500,6750,37500,37500,1,37500,611,ADD000156,GSTAG18,30-08-2017 12:16,"KHASRA 193/1,WARD-15ALIRAJPUR ROADKUKSHI, DIST:DHAR",200085,BASKARAN K,B02,2W Hero Motocorp
281,600,90040,613,603002972,10,17004022,CU1A00704,Z11013,1,1.00E-06,6750,37500,6750,37500,37500,1,37500,611,ADD000156,GSTAG18,30-08-2017 12:16,"KHASRA 193/1,WARD-15ALIRAJPUR ROADKUKSHI, DIST:DHAR",200085,BASKARAN K,B02,2W Hero Motocorp
282,600,90042,613,603002788,20,17004032,CU1F00451,4899ZH004,1,1.00E-06,14094.9,78305,14094.9,78305,78305,1,78305,611,ADD035486,GSTAG18,23-08-2017 04:16,"PLOT NO 2514,NH-5TELEGAPENTHACUTTACK-754001",200085,BASKARAN K,A02,4W Toyota
283,600,90042,613,603002788,20,17004032,CU1F00451,4899ZH004,1,1.00E-06,14094.9,78305,14094.9,78305,78305,1,78305,611,ADD035486,GSTAG18,23-08-2017 04:16,"PLOT NO 2514,NH-5TELEGAPENTHACUTTACK-754001",200085,BASKARAN K,A02,4W Toyota
284,600,90042,613,603003145,40,17004079,CU1A00704,200320440,1,1.00E-06,10638,59100,10638,59100,59100,1,59100,611,DLC054753,GSTAG18,08-09-2017 10:30,"KARMETA, JABALPURJABALPURM.P. - 482 002",200085,BASKARAN K,A23,4W - RENAULT
285,600,90042,613,603003145,40,17004079,CU1A00704,200320440,1,1.00E-06,10638,59100,10638,59100,59100,1,59100,611,DLC054753,GSTAG18,08-09-2017 10:30,"KARMETA, JABALPURJABALPURM.P. - 482 002",200085,BASKARAN K,A23,4W - RENAULT
286,600,90040,613,603003233,10,17004082,CU1A04140,S25004,1,1.00E-06,15300,85000,15300,85000,85000,1,85000,611,ADD060343,GSTAG18,13-09-2017 04:56,"TANNIRHALLA, B.M.ROADHASSAN - 573201 ",200085,BASKARAN K,A10,4W GM
287,600,90040,613,603003233,10,17004082,CU1A04140,S25004,1,1.00E-06,15300,85000,15300,85000,85000,1,85000,611,ADD060343,GSTAG18,13-09-2017 04:56,"TANNIRHALLA, B.M.ROADHASSAN - 573201 ",200085,BASKARAN K,A10,4W GM
288,600,90040,613,603002980,30,17004165,CU1S09770,Z20001,1,1.00E-06,80640,448000,80640,448000,64000,7,448000,611,ADD060195,GSTAG18,31-08-2017 04:15,"PLOT NO.66, SK-1 COMPOUNDNEAR DHANIYA GODOWNDEWAS NAKA, INDORE (M.P.) - 452010",200085,BASKARAN K,A05,4W M & M
289,600,90040,613,603002980,30,17004165,CU1S09770,Z20001,1,1.00E-06,80640,448000,80640,448000,64000,7,448000,611,ADD060195,GSTAG18,31-08-2017 04:15,"PLOT NO.66, SK-1 COMPOUNDNEAR DHANIYA GODOWNDEWAS NAKA, INDORE (M.P.) - 452010",200085,BASKARAN K,A05,4W M & M
290,600,90050,613,603003602,20,17004489,CU1A02409,3603EBS00,1,1.00E-06,5536.58,30758.82,5536.58,30758.82,10252.94,3,30758.82,611,ADD029495,GSTAG14,25-09-2017 12:31,"No.576A, NVN LAYOUT, CROSS CUTNEAR NORTH COIMBATORE FLYOVERGANDHIPURAM,COIMBATORE -641012",200085,BASKARAN K,L01,Other Industry
291,600,90050,613,603003602,20,17004489,CU1A02409,3603EBS00,1,1.00E-06,5536.58,30758.82,5536.58,30758.82,10252.94,3,30758.82,611,ADD029495,GSTAG14,25-09-2017 12:31,"No.576A, NVN LAYOUT, CROSS CUTNEAR NORTH COIMBATORE FLYOVERGANDHIPURAM,COIMBATORE -641012",200085,BASKARAN K,L01,Other Industry
292,600,90040,613,603003150,30,17004455,CU1A00704,FRT,1,1.00E-06,3060,17000,3060,17000,17000,1,17000,611,ADD060300,GSTAG18,08-09-2017 12:30,"BY PASS ROAD, NH- 78, BURHAR ROADNEAR OLD TATA WORKSHOPSHAHDOL (M.P.) - 484 001",200085,BASKARAN K,A23,4W - RENAULT
293,600,90040,613,603003150,30,17004455,CU1A00704,FRT,1,1.00E-06,3060,17000,3060,17000,17000,1,17000,611,ADD060300,GSTAG18,08-09-2017 12:30,"BY PASS ROAD, NH- 78, BURHAR ROADNEAR OLD TATA WORKSHOPSHAHDOL (M.P.) - 484 001",200085,BASKARAN K,A23,4W - RENAULT
294,600,90050,613,603003511,10,17004401,CU1G01750,3603IUS00,1,1.00E-06,23973.3,133185,23973.3,133185,44395,3,133185,611,ADD038173,GSTAG18,21-09-2017 04:31,"TELEPHONE EXCHANGE ROADNEAR PURANA BAZAR,PANI TANKIDHANBAD - 826001-JH",200085,BASKARAN K,J07,Mines Others
295,600,90050,613,603003511,10,17004401,CU1G01750,3603IUS00,1,1.00E-06,23973.3,133185,23973.3,133185,44395,3,133185,611,ADD038173,GSTAG18,21-09-2017 04:31,"TELEPHONE EXCHANGE ROADNEAR PURANA BAZAR,PANI TANKIDHANBAD - 826001-JH",200085,BASKARAN K,J07,Mines Others
296,600,90042,613,603003302,20,17004278,CU1H01284,900300010,1,1.00E-06,1260,7000,1260,7000,7000,1,7000,611,ADD060373,GSTAG18,14-09-2017 14:31,"(UNIT OF M/S HERITAGE LANDMARKS AUTOWORLD PVT LTD)KAMRE ASHRAM, PO- KAMRERATU ROAD, RANCHI-835222",200085,BASKARAN K,A02,4W Toyota
297,600,90042,613,603003302,20,17004278,CU1H01284,900300010,1,1.00E-06,1260,7000,1260,7000,7000,1,7000,611,ADD060373,GSTAG18,14-09-2017 14:31,"(UNIT OF M/S HERITAGE LANDMARKS AUTOWORLD PVT LTD)KAMRE ASHRAM, PO- KAMRERATU ROAD, RANCHI-835222",200085,BASKARAN K,A02,4W Toyota
298,600,90040,613,603003341,20,17004281,CU1J00730,FRT,1,1.00E-06,900,5000,900,5000,5000,1,5000,611,ADD060392,GSTAG18,15-09-2017 14:30,"GURUKRIPA CAR DECORE, OLD AB ROADNEAR PRABHAT BREAD FACTORYBIAORA,DIST.:- RAJGARH (M.P.) - 465674",200085,BASKARAN K,C08,TYRE General
299,600,90040,613,603003341,20,17004281,CU1J00730,FRT,1,1.00E-06,900,5000,900,5000,5000,1,5000,611,ADD060392,GSTAG18,15-09-2017 14:30,"GURUKRIPA CAR DECORE, OLD AB ROADNEAR PRABHAT BREAD FACTORYBIAORA,DIST.:- RAJGARH (M.P.) - 465674",200085,BASKARAN K,C08,TYRE General
300,600,90040,613,603003522,20,17004414,CU1A00002,Z15038,1,1.00E-06,3827.16,21262,3827.16,21262,21262,1,21262,611,DA1000861,GSTAG18,21-09-2017 06:11,"7-B,GOPALA TOWER25 RAJENDRA PLACENEW DELHI - 110 008",200085,BASKARAN K,L01,Other Industry
301,600,90040,613,603003522,20,17004414,CU1A00002,Z15038,1,1.00E-06,3827.16,21262,3827.16,21262,21262,1,21262,611,DA1000861,GSTAG18,21-09-2017 06:11,"7-B,GOPALA TOWER25 RAJENDRA PLACENEW DELHI - 110 008",200085,BASKARAN K,L01,Other Industry
302,600,90040,613,603003174,20,17004261,CU1S08424,FRT,1,1.00E-06,630,3500,630,3500,3500,1,3500,611,ADD060317,GSTAG14,11-09-2017 10:30,"NO-4,200FT,INNER RING ROADKOLATHURCHENNAI-600099",200085,BASKARAN K,E06,OIL - Others
303,600,90040,613,603003174,20,17004261,CU1S08424,FRT,1,1.00E-06,630,3500,630,3500,3500,1,3500,611,ADD060317,GSTAG14,11-09-2017 10:30,"NO-4,200FT,INNER RING ROADKOLATHURCHENNAI-600099",200085,BASKARAN K,E06,OIL - Others
304,600,90040,613,603002829,10,17004267,CU1S02416,S12102,1,1.00E-06,13680,76000,13680,76000,76000,1,76000,611,DLC073068,GSTAG18,23-08-2017 14:16,KODIGEHALLI MAIN ROADTATA NAGARBANGALORE - 560 092,200085,BASKARAN K,A13,4W Unorganised/General
305,600,90040,613,603002829,10,17004267,CU1S02416,S12102,1,1.00E-06,13680,76000,13680,76000,76000,1,76000,611,DLC073068,GSTAG18,23-08-2017 14:16,KODIGEHALLI MAIN ROADTATA NAGARBANGALORE - 560 092,200085,BASKARAN K,A13,4W Unorganised/General
306,600,90040,613,603003229,10,17004344,CU1J00001,S25004,1,1.00E-06,18540,103000,18540,103000,103000,1,103000,611,DLC061138,GSTAG18,13-09-2017 04:49,"P 41 PRINCEEP STREETIST FLOOR,ROOM NO:123 & 115CALCUTTA-700072",200085,BASKARAN K,A24,4W - MFC
307,600,90040,613,603003229,10,17004344,CU1J00001,S25004,1,1.00E-06,18540,103000,18540,103000,103000,1,103000,611,DLC061138,GSTAG18,13-09-2017 04:49,"P 41 PRINCEEP STREETIST FLOOR,ROOM NO:123 & 115CALCUTTA-700072",200085,BASKARAN K,A24,4W - MFC
308,600,90042,613,603003225,70,17004345,CU1J00001,900300010,1,1.00E-06,1260,7000,1260,7000,7000,1,7000,611,DLC061138,GSTAG18,13-09-2017 04:49,"P 41 PRINCEEP STREETIST FLOOR,ROOM NO:123 & 115CALCUTTA-700072",200085,BASKARAN K,A24,4W - MFC
309,600,90042,613,603003225,70,17004345,CU1J00001,900300010,1,1.00E-06,1260,7000,1260,7000,7000,1,7000,611,DLC061138,GSTAG18,13-09-2017 04:49,"P 41 PRINCEEP STREETIST FLOOR,ROOM NO:123 & 115CALCUTTA-700072",200085,BASKARAN K,A24,4W - MFC
310,600,90040,613,603003240,20,17004463,CU1A00704,S12073,1,1.00E-06,42750,237500,42750,237500,237500,1,237500,611,ADD060338,GSTAG18,13-09-2017 04:56,"WARD-32, NEAR NEW PANNA NAKACHHATARPUR (M.P.) - 471 405 ",200085,BASKARAN K,A23,4W - RENAULT
311,600,90040,613,603003240,20,17004463,CU1A00704,S12073,1,1.00E-06,42750,237500,42750,237500,237500,1,237500,611,ADD060338,GSTAG18,13-09-2017 04:56,"WARD-32, NEAR NEW PANNA NAKACHHATARPUR (M.P.) - 471 405 ",200085,BASKARAN K,A23,4W - RENAULT
312,600,90040,613,603002287,10,17004300,CU1S00003,S12102,1,1.00E-06,12843.9,71355,12843.9,71355,71355,1,71355,611,DLC066071,GSTAG18,02-08-2017 09:27,"79, SEVOKE ROADBELOW U.B.I SEVOKE ROAD BRANCHSILIGURI - 734001",200085,BASKARAN K,502,DEALERS
313,600,90040,613,603002287,10,17004300,CU1S00003,S12102,1,1.00E-06,12843.9,71355,12843.9,71355,71355,1,71355,611,DLC066071,GSTAG18,02-08-2017 09:27,"79, SEVOKE ROADBELOW U.B.I SEVOKE ROAD BRANCHSILIGURI - 734001",200085,BASKARAN K,502,DEALERS
314,600,90040,613,603003156,10,17004303,CU1S00003,S46024,1,1.00E-06,31500,175000,31500,175000,175000,1,175000,611,DLC066071,GSTAG18,08-09-2017 12:31,"79, SEVOKE ROADBELOW U.B.I SEVOKE ROAD BRANCHSILIGURI - 734001",200085,BASKARAN K,A08,4W Hyundai
315,600,90040,613,603003156,10,17004303,CU1S00003,S46024,1,1.00E-06,31500,175000,31500,175000,175000,1,175000,611,DLC066071,GSTAG18,08-09-2017 12:31,"79, SEVOKE ROADBELOW U.B.I SEVOKE ROAD BRANCHSILIGURI - 734001",200085,BASKARAN K,A08,4W Hyundai
316,600,90042,613,603003106,10,17004305,CU1S09772,460346880,1,1.00E-06,27000,150000,27000,150000,150000,1,150000,611,ADD060253,GSTAG14,06-09-2017 08:15,"68/7 PLOT NO.10, V.M.V COPLEXTPM COLONY,THENI MAIN ROAD,MADURAI",200085,BASKARAN K,A06,4W Skoda
317,600,90042,613,603003106,10,17004305,CU1S09772,460346880,1,1.00E-06,27000,150000,27000,150000,150000,1,150000,611,ADD060253,GSTAG14,06-09-2017 08:15,"68/7 PLOT NO.10, V.M.V COPLEXTPM COLONY,THENI MAIN ROAD,MADURAI",200085,BASKARAN K,A06,4W Skoda
318,600,90040,613,603003098,10,17004307,CU1S09772,S12102,1,1.00E-06,112320,624000,112320,624000,78000,8,624000,611,ADD060253,GSTAG14,06-09-2017 08:15,"68/7 PLOT NO.10, V.M.V COPLEXTPM COLONY,THENI MAIN ROAD,MADURAI",200085,BASKARAN K,A06,4W Skoda
319,600,90040,613,603003098,10,17004307,CU1S09772,S12102,1,1.00E-06,112320,624000,112320,624000,78000,8,624000,611,ADD060253,GSTAG14,06-09-2017 08:15,"68/7 PLOT NO.10, V.M.V COPLEXTPM COLONY,THENI MAIN ROAD,MADURAI",200085,BASKARAN K,A06,4W Skoda
320,600,90040,613,603003098,60,17004308,CU1S09772,S46024,1,1.00E-06,32400,180000,32400,180000,180000,1,180000,611,ADD060253,GSTAG14,06-09-2017 08:15,"68/7 PLOT NO.10, V.M.V COPLEXTPM COLONY,THENI MAIN ROAD,MADURAI",200085,BASKARAN K,A06,4W Skoda
321,600,90040,613,603003098,60,17004308,CU1S09772,S46024,1,1.00E-06,32400,180000,32400,180000,180000,1,180000,611,ADD060253,GSTAG14,06-09-2017 08:15,"68/7 PLOT NO.10, V.M.V COPLEXTPM COLONY,THENI MAIN ROAD,MADURAI",200085,BASKARAN K,A06,4W Skoda
322,600,90042,613,603003416,30,17004340,CU1D00924,3603ODV00,1,1.00E-06,2300.4,12780,2300.4,12780,6390,2,12780,611,ADD060400,GSTAG18,18-09-2017 14:31,"SY1/159, OPP:SAKSHI PUBLICATIONS.ANANTAPURAM -515801 ",200085,BASKARAN K,A04,4W Telco
323,600,90042,613,603003416,30,17004340,CU1D00924,3603ODV00,1,1.00E-06,2300.4,12780,2300.4,12780,6390,2,12780,611,ADD060400,GSTAG18,18-09-2017 14:31,"SY1/159, OPP:SAKSHI PUBLICATIONS.ANANTAPURAM -515801 ",200085,BASKARAN K,A04,4W Telco
324,600,90042,613,603002906,20,17004356,CU1H00919,3899YS009,1,1.00E-06,5805,32250,5805,32250,32250,1,32250,611,PLC006667,GSTAG18,28-08-2017 12:15,"No:12,AJANTA ELORA COMPLEXOPP.GALAXY CINEMA,N.H-8NARODA, AHMEDABAD - 382 330",200085,BASKARAN K,C08,TYRE General
325,600,90042,613,603002906,20,17004356,CU1H00919,3899YS009,1,1.00E-06,5805,32250,5805,32250,32250,1,32250,611,PLC006667,GSTAG18,28-08-2017 12:15,"No:12,AJANTA ELORA COMPLEXOPP.GALAXY CINEMA,N.H-8NARODA, AHMEDABAD - 382 330",200085,BASKARAN K,C08,TYRE General
326,600,90042,613,603003533,30,17004398,CU1A02900,3899YS009,1,1.00E-06,8100,45000,8100,45000,45000,1,45000,611,ADD060444,GSTAG14,21-09-2017 12:30,"P.NO.54,55,ASHOK NAGAR,C COLONYTRIVANDRAM ROAD,KOKKATIKULAMTAKKAMMAL PURAM,PALAYAMKOTTAI,TIRUNELVELI",200085,BASKARAN K,A01,4W Maruti
327,600,90042,613,603003533,30,17004398,CU1A02900,3899YS009,1,1.00E-06,8100,45000,8100,45000,45000,1,45000,611,ADD060444,GSTAG14,21-09-2017 12:30,"P.NO.54,55,ASHOK NAGAR,C COLONYTRIVANDRAM ROAD,KOKKATIKULAMTAKKAMMAL PURAM,PALAYAMKOTTAI,TIRUNELVELI",200085,BASKARAN K,A01,4W Maruti
328,600,90042,613,603003403,110,17004405,CU1V01749,110463070,1,1.00E-06,9000,50000,9000,50000,50000,1,50000,611,ADD060402,GSTAG18,18-09-2017 14:31,"R.S.NO.33/3A, DOOR NO.1-4-2081-4-208/1,RTC WORK SHOP ROADBHAVANIPURAM,VIJAYAWADA-520012",200085,BASKARAN K,A01,4W Maruti
329,600,90042,613,603003403,110,17004405,CU1V01749,110463070,1,1.00E-06,9000,50000,9000,50000,50000,1,50000,611,ADD060402,GSTAG18,18-09-2017 14:31,"R.S.NO.33/3A, DOOR NO.1-4-2081-4-208/1,RTC WORK SHOP ROADBHAVANIPURAM,VIJAYAWADA-520012",200085,BASKARAN K,A01,4W Maruti
330,600,90042,613,603002683,60,17004481,CU1L00981,1699EL007,1,1.00E-06,10582.6,37795,10582.6,37795,37795,1,37795,611,ADD060042,GSTAG19,21-08-2017 08:15,"GATHILA KHERA CHITTORGARH ROAD            ""BHILWARA - 311001, RAJASTHAN ",200085,BASKARAN K,A24,4W - MFC
331,600,90042,613,603002683,60,17004481,CU1L00981,1699EL007,1,1.00E-06,10582.6,37795,10582.6,37795,37795,1,37795,611,ADD060042,GSTAG19,21-08-2017 08:15,"GATHILA KHERA CHITTORGARH ROAD            ""BHILWARA - 311001, RAJASTHAN ",200085,BASKARAN K,A24,4W - MFC
332,600,90040,613,603003588,20,17004557,CU1J00730,FRT,1,1.00E-06,3600,20000,3600,20000,20000,1,20000,611,ADD060033,GSTAG18,25-09-2017 08:31,"INDRANI KRISHI FARM HOUSENEAR RTO OFFICE, MAHOBA ROADCHATTARPUR - 471001",200085,BASKARAN K,A01,4W Maruti
333,600,90040,613,603003588,20,17004557,CU1J00730,FRT,1,1.00E-06,3600,20000,3600,20000,20000,1,20000,611,ADD060033,GSTAG18,25-09-2017 08:31,"INDRANI KRISHI FARM HOUSENEAR RTO OFFICE, MAHOBA ROADCHATTARPUR - 471001",200085,BASKARAN K,A01,4W Maruti
334,600,90050,613,603002938,20,17004716,CU1K02726,3664MM121,1,1.00E-06,1800,10000,1800,10000,2500,4,10000,611,ADD060161,GSTAG18,30-08-2017 06:16,"GANGAPUR,RAJASTHAN - 311 801  ",200085,BASKARAN K,C08,TYRE General
335,600,90050,613,603002938,20,17004716,CU1K02726,3664MM121,1,1.00E-06,1800,10000,1800,10000,2500,4,10000,611,ADD060161,GSTAG18,30-08-2017 06:16,"GANGAPUR,RAJASTHAN - 311 801  ",200085,BASKARAN K,C08,TYRE General
336,600,90050,613,603003408,90,17004718,CU1U01111,3664PC085,1,1.00E-06,81,450,81,450,150,3,450,611,ADD058993,GSTAG18,18-09-2017 14:31,"KANGRA,HP - 176 001MOB: 90410 64014 ",200085,BASKARAN K,A24,4W - MFC
337,600,90050,613,603003408,90,17004718,CU1U01111,3664PC085,1,1.00E-06,81,450,81,450,150,3,450,611,ADD058993,GSTAG18,18-09-2017 14:31,"KANGRA,HP - 176 001MOB: 90410 64014 ",200085,BASKARAN K,A24,4W - MFC
338,600,90050,613,603003408,100,17004718,CU1U01111,FRT,1,1.00E-06,1260,7000,1260,7000,7000,1,7000,611,ADD058993,GSTAG18,18-09-2017 14:31,"KANGRA,HP - 176 001MOB: 90410 64014 ",200085,BASKARAN K,A24,4W - MFC
339,600,90050,613,603003408,100,17004718,CU1U01111,FRT,1,1.00E-06,1260,7000,1260,7000,7000,1,7000,611,ADD058993,GSTAG18,18-09-2017 14:31,"KANGRA,HP - 176 001MOB: 90410 64014 ",200085,BASKARAN K,A24,4W - MFC
340,600,90050,613,603003647,20,17004719,CU1E00959,3603IRP00,1,1.00E-06,4368.24,24268,4368.24,24268,24268,1,24268,611,ADD039075,GSTAG18,27-09-2017 06:31,"3522/49A,SECOND FLOORBALAJI MARKET,GALI HAQIM BAQAHAUZ KAZI, DELHI - 110 006",200085,BASKARAN K,L01,Other Industry
341,600,90050,613,603003647,20,17004719,CU1E00959,3603IRP00,1,1.00E-06,4368.24,24268,4368.24,24268,24268,1,24268,611,ADD039075,GSTAG18,27-09-2017 06:31,"3522/49A,SECOND FLOORBALAJI MARKET,GALI HAQIM BAQAHAUZ KAZI, DELHI - 110 006",200085,BASKARAN K,L01,Other Industry
342,600,90040,613,603003657,10,17004668,CU1C02501,S11004,1,1.00E-06,7903.26,43907,7903.26,43907,43907,1,43907,611,ADD044111,GSTAG18,27-09-2017 11:41,"PONGUMOODU, MEDICAL COLLEGETHIRUVANANTHAPURAM - 695011MOB:96455 76221",200085,BASKARAN K,A13,4W Unorganised/General
343,600,90040,613,603003657,10,17004668,CU1C02501,S11004,1,1.00E-06,7903.26,43907,7903.26,43907,43907,1,43907,611,ADD044111,GSTAG18,27-09-2017 11:41,"PONGUMOODU, MEDICAL COLLEGETHIRUVANANTHAPURAM - 695011MOB:96455 76221",200085,BASKARAN K,A13,4W Unorganised/General
344,600,90040,613,603003462,10,17004586,CU1S00015,Z11013,1,1.00E-06,13500,75000,13500,75000,37500,2,75000,611,DA1014127,GSTAG18,20-09-2017 06:31,"(NEAR RAJU GODOWN DEALER)KHASRA NO:30/6,LIBASPUR,DELHI-110 042",200085,BASKARAN K,B02,2W Hero Motocorp
345,600,90040,613,603003462,10,17004586,CU1S00015,Z11013,1,1.00E-06,13500,75000,13500,75000,37500,2,75000,611,DA1014127,GSTAG18,20-09-2017 06:31,"(NEAR RAJU GODOWN DEALER)KHASRA NO:30/6,LIBASPUR,DELHI-110 042",200085,BASKARAN K,B02,2W Hero Motocorp
346,600,90040,613,603003255,10,17004684,CU1E00794,S12102,1,1.00E-06,28080,156000,28080,156000,78000,2,156000,611,ADD060345,GSTAG18,13-09-2017 08:31,"OPP. SIDDHIVINAYAK HERO SHOWROOMPARSHWANTH NAGARMIRAJ,  DIST- SANGLI -416 415",200085,BASKARAN K,A13,4W Unorganised/General
347,600,90040,613,603003255,10,17004684,CU1E00794,S12102,1,1.00E-06,28080,156000,28080,156000,78000,2,156000,611,ADD060345,GSTAG18,13-09-2017 08:31,"OPP. SIDDHIVINAYAK HERO SHOWROOMPARSHWANTH NAGARMIRAJ,  DIST- SANGLI -416 415",200085,BASKARAN K,A13,4W Unorganised/General
348,600,90040,613,603003085,20,17004609,CU1S06947,S12102,1,1.00E-06,175759.74,976443,175759.74,976443,75111,13,976443,611,ADD060215,GSTAG18,05-09-2017 14:16,"110, SILVER HOUSE, MIDC ROAD NO 13NEAR TCS, MAROL, ANDHERI-EASTMUMBAI 400093",200085,BASKARAN K,A01,4W Maruti
349,600,90040,613,603003085,20,17004609,CU1S06947,S12102,1,1.00E-06,175759.74,976443,175759.74,976443,75111,13,976443,611,ADD060215,GSTAG18,05-09-2017 14:16,"110, SILVER HOUSE, MIDC ROAD NO 13NEAR TCS, MAROL, ANDHERI-EASTMUMBAI 400093",200085,BASKARAN K,A01,4W Maruti
350,600,90042,613,603003565,10,17004612,CU1V01750,1199PP002,1,1.00E-06,8100,45000,8100,45000,45000,1,45000,611,ADD060450,GSTAG18,22-09-2017 10:30,"SURVEY NO:874/1,PLOT NO: 5&6MUSUNUR VILLAGEKAVALI,NELLORE (DT)",200085,BASKARAN K,M01,LCV - TATA
351,600,90042,613,603003565,10,17004612,CU1V01750,1199PP002,1,1.00E-06,8100,45000,8100,45000,45000,1,45000,611,ADD060450,GSTAG18,22-09-2017 10:30,"SURVEY NO:874/1,PLOT NO: 5&6MUSUNUR VILLAGEKAVALI,NELLORE (DT)",200085,BASKARAN K,M01,LCV - TATA
352,600,90042,613,603003137,10,17004615,CU1Y00122,9099EL023,1,1.00E-06,17640,98000,17640,98000,98000,1,98000,611,PLC005967,GSTAG18,08-09-2017 10:30,"SUREVEY No.122/123AT POST MEDAD, MORGAON ROADTAL. BARAMATI, DIST. PUNE",200085,BASKARAN K,A02,4W Toyota
353,600,90042,613,603003137,10,17004615,CU1Y00122,9099EL023,1,1.00E-06,17640,98000,17640,98000,98000,1,98000,611,PLC005967,GSTAG18,08-09-2017 10:30,"SUREVEY No.122/123AT POST MEDAD, MORGAON ROADTAL. BARAMATI, DIST. PUNE",200085,BASKARAN K,A02,4W Toyota
354,600,90040,613,603003217,20,17004618,CU1Y00122,S25005,1,1.00E-06,29700,165000,29700,165000,165000,1,165000,611,ADD060302,GSTAG18,12-09-2017 12:31,"SHARAYU TOYOTASURVEY NO. 140/2., TATHAWADEPUNE – 411 033",200085,BASKARAN K,A02,4W Toyota
355,600,90040,613,603003217,20,17004618,CU1Y00122,S25005,1,1.00E-06,29700,165000,29700,165000,165000,1,165000,611,ADD060302,GSTAG18,12-09-2017 12:31,"SHARAYU TOYOTASURVEY NO. 140/2., TATHAWADEPUNE – 411 033",200085,BASKARAN K,A02,4W Toyota
356,600,90040,613,603003518,10,17004620,CU1S05827,S25004,1,1.00E-06,15300,85000,15300,85000,85000,1,85000,611,PLC006874,GSTAG18,21-09-2017 04:31,"No.503,GANGOTRI APARTMENTBLOCK-A,LCT GHATMANIPURA,PATNA - 800 001",200085,BASKARAN K,A04,4W Telco
357,600,90040,613,603003518,10,17004620,CU1S05827,S25004,1,1.00E-06,15300,85000,15300,85000,85000,1,85000,611,PLC006874,GSTAG18,21-09-2017 04:31,"No.503,GANGOTRI APARTMENTBLOCK-A,LCT GHATMANIPURA,PATNA - 800 001",200085,BASKARAN K,A04,4W Telco
358,600,90040,613,603003655,20,17004623,CU1P01287,S47002,1,1.00E-06,5400,30000,5400,30000,30000,1,30000,611,ADD060354,GSTAG18,27-09-2017 10:31,"PLOT NO.14(P),KOKAR INDUSTRIAL AREARANCHI-834001",200085,BASKARAN K,A01,4W Maruti
359,600,90040,613,603003655,20,17004623,CU1P01287,S47002,1,1.00E-06,5400,30000,5400,30000,30000,1,30000,611,ADD060354,GSTAG18,27-09-2017 10:31,"PLOT NO.14(P),KOKAR INDUSTRIAL AREARANCHI-834001",200085,BASKARAN K,A01,4W Maruti
360,600,90042,613,603003295,40,17004636,CU1H00919,FRT,1,1.00E-06,900,5000,900,5000,5000,1,5000,611,ADD060369,GSTAG18,14-09-2017 12:31,"NANDASAN – MEHSANA HIGHWAYNANDASAN,TA.KADIDIST. MEHSANA-382705",200085,BASKARAN K,A13,4W Unorganised/General
361,600,90042,613,603003295,40,17004636,CU1H00919,FRT,1,1.00E-06,900,5000,900,5000,5000,1,5000,611,ADD060369,GSTAG18,14-09-2017 12:31,"NANDASAN – MEHSANA HIGHWAYNANDASAN,TA.KADIDIST. MEHSANA-382705",200085,BASKARAN K,A13,4W Unorganised/General
362,600,90042,613,603002997,20,17004642,CU1C02501,900300010,1,1.00E-06,1260,7000,1260,7000,7000,1,7000,611,ADD044111,GSTAG18,31-08-2017 13:17,"PONGUMOODU, MEDICAL COLLEGETHIRUVANANTHAPURAM - 695011MOB:96455 76221",200085,BASKARAN K,A13,4W Unorganised/General
363,600,90042,613,603002997,20,17004642,CU1C02501,900300010,1,1.00E-06,1260,7000,1260,7000,7000,1,7000,611,ADD044111,GSTAG18,31-08-2017 13:17,"PONGUMOODU, MEDICAL COLLEGETHIRUVANANTHAPURAM - 695011MOB:96455 76221",200085,BASKARAN K,A13,4W Unorganised/General
364,600,90042,613,603002595,10,17004711,CU1T03517,13032834A,1,1.00E-06,990,5500,990,5500,1100,5,5500,611,ADD060016,GSTAG18,17-08-2017 08:15,CRPF ROADSECTOR 62GURGAON,200085,BASKARAN K,A01,4W Maruti
365,600,90042,613,603002595,10,17004711,CU1T03517,13032834A,1,1.00E-06,990,5500,990,5500,1100,5,5500,611,ADD060016,GSTAG18,17-08-2017 08:15,CRPF ROADSECTOR 62GURGAON,200085,BASKARAN K,A01,4W Maruti
366,600,90042,613,603002595,120,17004711,CU1T03517,TMTA00515,1,1.00E-06,9912.6,55070,9912.6,55070,55070,1,55070,611,ADD060016,GSTAG18,17-08-2017 08:15,CRPF ROADSECTOR 62GURGAON,200085,BASKARAN K,A01,4W Maruti
367,600,90042,613,603002595,120,17004711,CU1T03517,TMTA00515,1,1.00E-06,9912.6,55070,9912.6,55070,55070,1,55070,611,ADD060016,GSTAG18,17-08-2017 08:15,CRPF ROADSECTOR 62GURGAON,200085,BASKARAN K,A01,4W Maruti
368,600,90042,613,603002931,50,17004660,CU1S08340,K13990001,1,1.00E-06,883.4,3155,883.4,3155,3155,1,3155,611,ADD059986,GSTAG19,29-08-2017 10:18,"SY.NO 2/6, BERATANA AGRAHARAHOSUR ROADBENGALURU 560100",200085,BASKARAN K,A01,4W Maruti
369,600,90042,613,603002931,50,17004660,CU1S08340,K13990001,1,1.00E-06,883.4,3155,883.4,3155,3155,1,3155,611,ADD059986,GSTAG19,29-08-2017 10:18,"SY.NO 2/6, BERATANA AGRAHARAHOSUR ROADBENGALURU 560100",200085,BASKARAN K,A01,4W Maruti
370,600,90042,613,603003007,30,17004819,CU1S09771,2399BR001,1,1.00E-06,13500,75000,13500,75000,75000,1,75000,611,ADD060190,GSTAG14,01-09-2017 02:15,"#20,.L.F.ROAD,AKKARAPALAYAM,VILLUPURAM (DIST) -TAMIL NADU - 606207",200085,BASKARAN K,C09,Tyre Shop - HOT
371,600,90042,613,603003007,30,17004819,CU1S09771,2399BR001,1,1.00E-06,13500,75000,13500,75000,75000,1,75000,611,ADD060190,GSTAG14,01-09-2017 02:15,"#20,.L.F.ROAD,AKKARAPALAYAM,VILLUPURAM (DIST) -TAMIL NADU - 606207",200085,BASKARAN K,C09,Tyre Shop - HOT
372,600,90042,613,603002744,30,17004720,CU1S09762,200320440,1,1.00E-06,10620,59000,10620,59000,59000,1,59000,611,ADD060054,GSTAG18,21-08-2017 14:16,"5KM MILESTONE,NH-58,DELHI ROADNEAR HOTEL GODAWARIROORKEE - 247667 ( UK)",200085,BASKARAN K,A01,4W Maruti
373,600,90042,613,603002744,30,17004720,CU1S09762,200320440,1,1.00E-06,10620,59000,10620,59000,59000,1,59000,611,ADD060054,GSTAG18,21-08-2017 14:16,"5KM MILESTONE,NH-58,DELHI ROADNEAR HOTEL GODAWARIROORKEE - 247667 ( UK)",200085,BASKARAN K,A01,4W Maruti
374,600,90040,613,603003770,20,17004835,CU1A00704,FRT,1,1.00E-06,1440,8000,1440,8000,8000,1,8000,611,ADD060338,GSTAG18,06-10-2017 10:31,"WARD-32, NEAR NEW PANNA NAKACHHATARPUR (M.P.) - 471 405 ",200085,BASKARAN K,A23,4W - RENAULT
375,600,90040,613,603003770,20,17004835,CU1A00704,FRT,1,1.00E-06,1440,8000,1440,8000,8000,1,8000,611,ADD060338,GSTAG18,06-10-2017 10:31,"WARD-32, NEAR NEW PANNA NAKACHHATARPUR (M.P.) - 471 405 ",200085,BASKARAN K,A23,4W - RENAULT
376,600,90042,613,603003342,30,17004850,CU1J00730,FRT,1,1.00E-06,540,3000,540,3000,3000,1,3000,611,ADD060392,GSTAG18,15-09-2017 14:30,"GURUKRIPA CAR DECORE, OLD AB ROADNEAR PRABHAT BREAD FACTORYBIAORA,DIST.:- RAJGARH (M.P.) - 465674",200085,BASKARAN K,C08,TYRE General
377,600,90042,613,603003342,30,17004850,CU1J00730,FRT,1,1.00E-06,540,3000,540,3000,3000,1,3000,611,ADD060392,GSTAG18,15-09-2017 14:30,"GURUKRIPA CAR DECORE, OLD AB ROADNEAR PRABHAT BREAD FACTORYBIAORA,DIST.:- RAJGARH (M.P.) - 465674",200085,BASKARAN K,C08,TYRE General
378,600,90042,613,603003403,50,17004765,CU1V01749,1199PP006,1,1.00E-06,7740,43000,7740,43000,43000,1,43000,611,ADD060402,GSTAG18,18-09-2017 14:31,"R.S.NO.33/3A, DOOR NO.1-4-2081-4-208/1,RTC WORK SHOP ROADBHAVANIPURAM,VIJAYAWADA-520012",200085,BASKARAN K,A01,4W Maruti
379,600,90042,613,603003403,50,17004765,CU1V01749,1199PP006,1,1.00E-06,7740,43000,7740,43000,43000,1,43000,611,ADD060402,GSTAG18,18-09-2017 14:31,"R.S.NO.33/3A, DOOR NO.1-4-2081-4-208/1,RTC WORK SHOP ROADBHAVANIPURAM,VIJAYAWADA-520012",200085,BASKARAN K,A01,4W Maruti
380,600,90042,613,603003687,10,17004787,CU1C02507,200320590,1,1.00E-06,2070,11500,2070,11500,11500,1,11500,611,DLC071905,GSTAG14,28-09-2017 12:31, CHENNAITAMILNADU,200085,BASKARAN K,C09,Tyre Shop - HOT
381,600,90042,613,603003687,10,17004787,CU1C02507,200320590,1,1.00E-06,2070,11500,2070,11500,11500,1,11500,611,DLC071905,GSTAG14,28-09-2017 12:31, CHENNAITAMILNADU,200085,BASKARAN K,C09,Tyre Shop - HOT
382,600,90040,613,603003064,10,17004862,CU1A00939,S15037,1,1.00E-06,2880,16000,2880,16000,16000,1,16000,611,ADD059863,GSTAG14,05-09-2017 06:16,"2-86,TIRUNELVELI MAIN ROADOZHUGINASERYNAGERCOIL - 639 001",200085,BASKARAN K,A02,4W Toyota
383,600,90040,613,603003064,10,17004862,CU1A00939,S15037,1,1.00E-06,2880,16000,2880,16000,16000,1,16000,611,ADD059863,GSTAG14,05-09-2017 06:16,"2-86,TIRUNELVELI MAIN ROADOZHUGINASERYNAGERCOIL - 639 001",200085,BASKARAN K,A02,4W Toyota
384,600,90040,613,603003452,50,17004883,CU1P01032,Z23003,1,1.00E-06,15300,85000,15300,85000,85000,1,85000,611,ADD060418,GSTAG18,20-09-2017 04:31,"FLAT #50, KIADB INDUSTRIAL AREA 3RD PHASEOBEDANAHALLIDODDABALLAPUR - 561203",200085,BASKARAN K,A01,4W Maruti
385,600,90040,613,603003452,50,17004883,CU1P01032,Z23003,1,1.00E-06,15300,85000,15300,85000,85000,1,85000,611,ADD060418,GSTAG18,20-09-2017 04:31,"FLAT #50, KIADB INDUSTRIAL AREA 3RD PHASEOBEDANAHALLIDODDABALLAPUR - 561203",200085,BASKARAN K,A01,4W Maruti
386,600,90040,613,603003333,20,17005156,CU1P02029,Z11015,1,1.00E-06,7470,41500,7470,41500,41500,1,41500,611,DA1055771,GSTAG18,15-09-2017 12:31,   ,200085,BASKARAN K,B02,2W Hero Motocorp
387,600,90040,613,603003333,20,17005156,CU1P02029,Z11015,1,1.00E-06,7470,41500,7470,41500,41500,1,41500,611,DA1055771,GSTAG18,15-09-2017 12:31,   ,200085,BASKARAN K,B02,2W Hero Motocorp
388,600,90040,613,603003072,10,17005161,CU1S00003,S15022,1,1.00E-06,7290,40500,7290,40500,10125,4,40500,611,DLC066071,GSTAG18,05-09-2017 08:16,"79, SEVOKE ROADBELOW U.B.I SEVOKE ROAD BRANCHSILIGURI - 734001",200085,BASKARAN K,A13,4W Unorganised/General
389,600,90040,613,603003072,10,17005161,CU1S00003,S15022,1,1.00E-06,7290,40500,7290,40500,10125,4,40500,611,DLC066071,GSTAG18,05-09-2017 08:16,"79, SEVOKE ROADBELOW U.B.I SEVOKE ROAD BRANCHSILIGURI - 734001",200085,BASKARAN K,A13,4W Unorganised/General
390,600,90042,613,603003659,70,17005003,CU1M04067,K13990004,1,1.00E-06,1722.56,6152,1722.56,6152,3076,2,6152,611,ADD060319,GSTAG19,27-09-2017 12:30,"A DIV.OF KALIMATI MOTORS P LTDNS-6,2ND PHASE, ADITYAPUR INDLAREA, JAMSHEDPUR - 831 013,JHARKHAND",200085,BASKARAN K,A26,4W - NEXA
391,600,90042,613,603003659,70,17005003,CU1M04067,K13990004,1,1.00E-06,1722.56,6152,1722.56,6152,3076,2,6152,611,ADD060319,GSTAG19,27-09-2017 12:30,"A DIV.OF KALIMATI MOTORS P LTDNS-6,2ND PHASE, ADITYAPUR INDLAREA, JAMSHEDPUR - 831 013,JHARKHAND",200085,BASKARAN K,A26,4W - NEXA
392,600,90040,613,603003858,10,17004980,CU1I00303,S12102,1,1.00E-06,27360,152000,27360,152000,76000,2,152000,611,ADD006475,GSTAG18,11-10-2017 04:30,"SB117,3RD CROSS,PEENYA IST STAGE,PEENYA INDUSTRIAL AREABANGALORE-560 058-KA",200085,BASKARAN K,A13,4W Unorganised/General
393,600,90040,613,603003858,10,17004980,CU1I00303,S12102,1,1.00E-06,27360,152000,27360,152000,76000,2,152000,611,ADD006475,GSTAG18,11-10-2017 04:30,"SB117,3RD CROSS,PEENYA IST STAGE,PEENYA INDUSTRIAL AREABANGALORE-560 058-KA",200085,BASKARAN K,A13,4W Unorganised/General
394,600,90040,613,603003428,10,17005128,CU1M04070,S12108,1,1.00E-06,14400,80000,14400,80000,80000,1,80000,611,ADD060405,GSTAG18,19-09-2017 06:34,"9,17/539, NH-47,EDAPALLY NORTHMILMA, COCHIN - 682 024 ",200085,BASKARAN K,M02,LCV - ASHOK LEYLAND
395,600,90040,613,603003428,10,17005128,CU1M04070,S12108,1,1.00E-06,14400,80000,14400,80000,80000,1,80000,611,ADD060405,GSTAG18,19-09-2017 06:34,"9,17/539, NH-47,EDAPALLY NORTHMILMA, COCHIN - 682 024 ",200085,BASKARAN K,M02,LCV - ASHOK LEYLAND
396,600,90040,613,603003925,10,17005176,CU1A02232,Z11005,1,1.00E-06,30960,172000,30960,172000,172000,1,172000,611,ADD060620,GSTAG18,13-10-2017 12:30,"PLOT NO -05, SHIRPUR FATAAMODE, TAL -SHIRPURDIST -DHULE-425405",200085,BASKARAN K,A01,4W Maruti
397,600,90040,613,603003925,10,17005176,CU1A02232,Z11005,1,1.00E-06,30960,172000,30960,172000,172000,1,172000,611,ADD060620,GSTAG18,13-10-2017 12:30,"PLOT NO -05, SHIRPUR FATAAMODE, TAL -SHIRPURDIST -DHULE-425405",200085,BASKARAN K,A01,4W Maruti
398,600,90040,613,603003286,10,17004936,CU1S05827,K12990017,1,1.00E-06,2340,13000,2340,13000,13000,1,13000,611,ADD060371,GSTAG18,14-09-2017 12:31,"NH-31, MARANGA CHOWKPURNEA-854303 ",200085,BASKARAN K,C03,TYRE Ceat
399,600,90040,613,603003286,10,17004936,CU1S05827,K12990017,1,1.00E-06,2340,13000,2340,13000,13000,1,13000,611,ADD060371,GSTAG18,14-09-2017 12:31,"NH-31, MARANGA CHOWKPURNEA-854303 ",200085,BASKARAN K,C03,TYRE Ceat
400,600,90042,613,603003613,10,17004948,CU1T03353,1199PP002,1,1.00E-06,15300,85000,15300,85000,42500,2,85000,611,PLC007593,GSTAG18,26-09-2017 04:31,"90, NAUCHANDI GROUNDGARH ROADMEERUT - 250 001",200085,BASKARAN K,A01,4W Maruti
401,600,90042,613,603003613,10,17004948,CU1T03353,1199PP002,1,1.00E-06,15300,85000,15300,85000,42500,2,85000,611,PLC007593,GSTAG18,26-09-2017 04:31,"90, NAUCHANDI GROUNDGARH ROADMEERUT - 250 001",200085,BASKARAN K,A01,4W Maruti
402,600,90040,613,603003915,10,17005109,CU1P02029,S12001,1,1.00E-06,28800,160000,28800,160000,80000,2,160000,611,DLC043400,GSTAG18,13-10-2017 06:31,"COLONY,BEHIND ARGORA MAIDANNEAR SHIVE MANDIRRANCHI - 834 002",200085,BASKARAN K,A13,4W Unorganised/General
403,600,90040,613,603003915,10,17005109,CU1P02029,S12001,1,1.00E-06,28800,160000,28800,160000,80000,2,160000,611,DLC043400,GSTAG18,13-10-2017 06:31,"COLONY,BEHIND ARGORA MAIDANNEAR SHIVE MANDIRRANCHI - 834 002",200085,BASKARAN K,A13,4W Unorganised/General
404,600,90040,613,603003889,10,17004995,CU1S00002,S12001,1,1.00E-06,13055.22,72529,13055.22,72529,72529,1,72529,611,ADD013430,GSTAG18,12-10-2017 07:19,"Link road,Cuttack,Odisha – 753012",200085,BASKARAN K,A03,4W Honda
405,600,90040,613,603003889,10,17004995,CU1S00002,S12001,1,1.00E-06,13055.22,72529,13055.22,72529,72529,1,72529,611,ADD013430,GSTAG18,12-10-2017 07:19,"Link road,Cuttack,Odisha – 753012",200085,BASKARAN K,A03,4W Honda
406,600,90040,613,603003896,10,17005037,CU1G01405,Z12101,1,1.00E-06,13680,76000,13680,76000,76000,1,76000,611,ADD060625,GSTAG14,12-10-2017 14:30,"SF NO.152/11C, SIVAGIRIPATTIOPP . AMMAN PETROL BUNKPALANI",200085,BASKARAN K,A08,4W Hyundai
407,600,90040,613,603003896,10,17005037,CU1G01405,Z12101,1,1.00E-06,13680,76000,13680,76000,76000,1,76000,611,ADD060625,GSTAG14,12-10-2017 14:30,"SF NO.152/11C, SIVAGIRIPATTIOPP . AMMAN PETROL BUNKPALANI",200085,BASKARAN K,A08,4W Hyundai
408,600,90040,613,603003905,10,17005039,CU1S00014,S15035,1,1.00E-06,10440,58000,10440,58000,58000,1,58000,611,ADD013002,GSTAG14,13-10-2017 04:30,"437,AVANASHI ROADPEELAMEDUCOIMABTORE - 641 004",200085,BASKARAN K,B02,2W Hero Motocorp
409,600,90040,613,603003905,10,17005039,CU1S00014,S15035,1,1.00E-06,10440,58000,10440,58000,58000,1,58000,611,ADD013002,GSTAG14,13-10-2017 04:30,"437,AVANASHI ROADPEELAMEDUCOIMABTORE - 641 004",200085,BASKARAN K,B02,2W Hero Motocorp
410,600,90040,613,603003790,20,17005141,CU1W00395,S25005,1,1.00E-06,28800,160000,28800,160000,160000,1,160000,611,ADD060567,GSTAG18,09-10-2017 08:32,"SHED.3,BALTUKA ESTATE,SURVEY,25/A/ 26/6,PLOTNO.1-13MOJE,BHAVDAN,BUDRUKTALUK. MULSI,PUNE - 411 021",200085,BASKARAN K,A20,4W - Nissan
411,600,90040,613,603003790,20,17005141,CU1W00395,S25005,1,1.00E-06,28800,160000,28800,160000,160000,1,160000,611,ADD060567,GSTAG18,09-10-2017 08:32,"SHED.3,BALTUKA ESTATE,SURVEY,25/A/ 26/6,PLOTNO.1-13MOJE,BHAVDAN,BUDRUKTALUK. MULSI,PUNE - 411 021",200085,BASKARAN K,A20,4W - Nissan
412,600,90042,613,603003902,20,17005065,CU1F00585,5499VT007,1,1.00E-06,7200,40000,7200,40000,40000,1,40000,611,ADD060623,GSTAG18,12-10-2017 14:30,"A-107,SECTOR-5NOIDA ",200085,BASKARAN K,A01,4W Maruti
413,600,90042,613,603003902,20,17005065,CU1F00585,5499VT007,1,1.00E-06,7200,40000,7200,40000,40000,1,40000,611,ADD060623,GSTAG18,12-10-2017 14:30,"A-107,SECTOR-5NOIDA ",200085,BASKARAN K,A01,4W Maruti
414,600,90042,613,603003902,50,17005066,CU1F00585,K13990003,1,1.00E-06,883.4,3155,883.4,3155,3155,1,3155,611,ADD060623,GSTAG19,12-10-2017 14:30,"A-107,SECTOR-5NOIDA ",200085,BASKARAN K,A01,4W Maruti
415,600,90042,613,603003902,50,17005066,CU1F00585,K13990003,1,1.00E-06,883.4,3155,883.4,3155,3155,1,3155,611,ADD060623,GSTAG19,12-10-2017 14:30,"A-107,SECTOR-5NOIDA ",200085,BASKARAN K,A01,4W Maruti
416,600,90042,613,603003902,100,17005065,CU1F00585,TMTA00527,1,1.00E-06,2470.5,13725,2470.5,13725,13725,1,13725,611,ADD060623,GSTAG18,12-10-2017 14:30,"A-107,SECTOR-5NOIDA ",200085,BASKARAN K,A01,4W Maruti
417,600,90042,613,603003902,100,17005065,CU1F00585,TMTA00527,1,1.00E-06,2470.5,13725,2470.5,13725,13725,1,13725,611,ADD060623,GSTAG18,12-10-2017 14:30,"A-107,SECTOR-5NOIDA ",200085,BASKARAN K,A01,4W Maruti
418,600,90042,613,603003902,140,17005065,CU1F00585,TMTA00515,1,1.00E-06,9000,50000,9000,50000,50000,1,50000,611,ADD060623,GSTAG18,12-10-2017 14:30,"A-107,SECTOR-5NOIDA ",200085,BASKARAN K,A01,4W Maruti
419,600,90042,613,603003902,140,17005065,CU1F00585,TMTA00515,1,1.00E-06,9000,50000,9000,50000,50000,1,50000,611,ADD060623,GSTAG18,12-10-2017 14:30,"A-107,SECTOR-5NOIDA ",200085,BASKARAN K,A01,4W Maruti
420,600,90042,613,603003768,10,17005242,CU1A03314,1199PP002,1,1.00E-06,29215.44,162308,29215.44,162308,40577,4,162308,611,ADD037184,GSTAG18,06-10-2017 10:31,"4 L GOPALA TOWER25,RAJENDRA PLACENEW DELHI-110008",200085,BASKARAN K,L01,Other Industry
421,600,90042,613,603003768,10,17005242,CU1A03314,1199PP002,1,1.00E-06,29215.44,162308,29215.44,162308,40577,4,162308,611,ADD037184,GSTAG18,06-10-2017 10:31,"4 L GOPALA TOWER25,RAJENDRA PLACENEW DELHI-110008",200085,BASKARAN K,L01,Other Industry
422,600,90040,613,603003999,10,17005254,CU1K01579,Z11005,1,1.00E-06,33300,185000,33300,185000,185000,1,185000,611,ADD023693,GSTAG18,17-10-2017 06:30,"KALAWAD ROAD,NEW 150 FEET RING ROAD,OPP. COSMOPLEX CINEMARAJKOT - 360005",200085,BASKARAN K,A01,4W Maruti
423,600,90040,613,603003999,10,17005254,CU1K01579,Z11005,1,1.00E-06,33300,185000,33300,185000,185000,1,185000,611,ADD023693,GSTAG18,17-10-2017 06:30,"KALAWAD ROAD,NEW 150 FEET RING ROAD,OPP. COSMOPLEX CINEMARAJKOT - 360005",200085,BASKARAN K,A01,4W Maruti
424,600,90042,613,603003497,20,17005272,CU1S09762,TMTA00528,1,1.00E-06,28000,100000,28000,100000,10000,10,100000,611,ADD060054,GSTAG19,20-09-2017 14:30,"5KM MILESTONE,NH-58,DELHI ROADNEAR HOTEL GODAWARIROORKEE - 247667 ( UK)",200085,BASKARAN K,A01,4W Maruti
425,600,90042,613,603003497,20,17005272,CU1S09762,TMTA00528,1,1.00E-06,28000,100000,28000,100000,10000,10,100000,611,ADD060054,GSTAG19,20-09-2017 14:30,"5KM MILESTONE,NH-58,DELHI ROADNEAR HOTEL GODAWARIROORKEE - 247667 ( UK)",200085,BASKARAN K,A01,4W Maruti
426,600,90042,613,603003497,30,17005272,CU1S09762,K13990001,1,1.00E-06,1680,6000,1680,6000,3000,2,6000,611,ADD060054,GSTAG19,20-09-2017 14:30,"5KM MILESTONE,NH-58,DELHI ROADNEAR HOTEL GODAWARIROORKEE - 247667 ( UK)",200085,BASKARAN K,A01,4W Maruti
427,600,90042,613,603003497,30,17005272,CU1S09762,K13990001,1,1.00E-06,1680,6000,1680,6000,3000,2,6000,611,ADD060054,GSTAG19,20-09-2017 14:30,"5KM MILESTONE,NH-58,DELHI ROADNEAR HOTEL GODAWARIROORKEE - 247667 ( UK)",200085,BASKARAN K,A01,4W Maruti
428,600,90042,613,603003497,40,17005272,CU1S09762,K13990002,1,1.00E-06,1680,6000,1680,6000,3000,2,6000,611,ADD060054,GSTAG19,20-09-2017 14:30,"5KM MILESTONE,NH-58,DELHI ROADNEAR HOTEL GODAWARIROORKEE - 247667 ( UK)",200085,BASKARAN K,A01,4W Maruti
429,600,90042,613,603003497,40,17005272,CU1S09762,K13990002,1,1.00E-06,1680,6000,1680,6000,3000,2,6000,611,ADD060054,GSTAG19,20-09-2017 14:30,"5KM MILESTONE,NH-58,DELHI ROADNEAR HOTEL GODAWARIROORKEE - 247667 ( UK)",200085,BASKARAN K,A01,4W Maruti
430,600,90042,613,603003610,120,17005191,CU1N01848,K13990007,1,1.00E-06,12600,45000,12600,45000,9000,5,45000,611,ADD027651,GSTAG19,26-09-2017 04:31,"5th K M STONE, RAMPUR ROADJEETPUR NEGIHALDWANI-263139",200085,BASKARAN K,A01,4W Maruti
431,600,90042,613,603003610,120,17005191,CU1N01848,K13990007,1,1.00E-06,12600,45000,12600,45000,9000,5,45000,611,ADD027651,GSTAG19,26-09-2017 04:31,"5th K M STONE, RAMPUR ROADJEETPUR NEGIHALDWANI-263139",200085,BASKARAN K,A01,4W Maruti
432,600,90040,613,603003457,30,17005236,CU1K02729,S15034,1,1.00E-06,12600,70000,12600,70000,70000,1,70000,611,ADD060411,GSTAG14,20-09-2017 04:31,"27/5, DINDUGAL MAIN ROADDHEERAN NAGAR , PIRATIYURTIRUCHIRAPALLY - 620 009",200085,BASKARAN K,A04,4W Telco
433,600,90040,613,603003457,30,17005236,CU1K02729,S15034,1,1.00E-06,12600,70000,12600,70000,70000,1,70000,611,ADD060411,GSTAG14,20-09-2017 04:31,"27/5, DINDUGAL MAIN ROADDHEERAN NAGAR , PIRATIYURTIRUCHIRAPALLY - 620 009",200085,BASKARAN K,A04,4W Telco
434,600,90050,613,603003917,10,17005198,CU1S02416,3603GDA00,1,1.00E-06,9197.28,51096,9197.28,51096,8516,6,51096,611,PLC002906,GSTAG18,13-10-2017 08:31,"\#156, MPM LANEIst FLOOR, SP ROADBANGALORE-560002",200085,BASKARAN K,L01,Other Industry
435,600,90050,613,603003917,10,17005198,CU1S02416,3603GDA00,1,1.00E-06,9197.28,51096,9197.28,51096,8516,6,51096,611,PLC002906,GSTAG18,13-10-2017 08:31,"\#156, MPM LANEIst FLOOR, SP ROADBANGALORE-560002",200085,BASKARAN K,L01,Other Industry
436,600,90040,613,603003932,10,17005343,CU1V01740,Z13035,1,1.00E-06,8467.2,30240,8467.2,30240,15120,2,30240,611,ADD059738,GSTAG19,14-10-2017 16:30,"SHOP NO 1 TO 4SAI SHRADDHA COMPLEX,OPP HOTELCIDCO, NASIK-422 009, M.98221 96741",200085,BASKARAN K,L01,Other Industry
437,600,90040,613,603003932,10,17005343,CU1V01740,Z13035,1,1.00E-06,8467.2,30240,8467.2,30240,15120,2,30240,611,ADD059738,GSTAG19,14-10-2017 16:30,"SHOP NO 1 TO 4SAI SHRADDHA COMPLEX,OPP HOTELCIDCO, NASIK-422 009, M.98221 96741",200085,BASKARAN K,L01,Other Industry
438,600,90042,613,603004012,10,17005350,CU1A02024,3899YS008,1,1.00E-06,52200,290000,52200,290000,290000,1,290000,611,ADD060683,GSTAG18,17-10-2017 12:31,GAZIPUR233001 ,200085,BASKARAN K,A05,4W M & M
439,600,90042,613,603004012,10,17005350,CU1A02024,3899YS008,1,1.00E-06,52200,290000,52200,290000,290000,1,290000,611,ADD060683,GSTAG18,17-10-2017 12:31,GAZIPUR233001 ,200085,BASKARAN K,A05,4W M & M
440,600,90040,613,603003732,10,17005208,CU1R01721,S12102,1,1.00E-06,14400,80000,14400,80000,80000,1,80000,611,DA1060655,GSTAG18,05-10-2017 06:31,"HALOL GODHRA BYE PASSOPP. NAVJEEVAN HOTELHALOL, DIST.- PANCHMAHAL",200085,BASKARAN K,A01,4W Maruti
441,600,90040,613,603003732,10,17005208,CU1R01721,S12102,1,1.00E-06,14400,80000,14400,80000,80000,1,80000,611,DA1060655,GSTAG18,05-10-2017 06:31,"HALOL GODHRA BYE PASSOPP. NAVJEEVAN HOTELHALOL, DIST.- PANCHMAHAL",200085,BASKARAN K,A01,4W Maruti
442,600,90042,613,603003864,20,17005287,CU1D01727,460348300,1,1.00E-06,27000,150000,27000,150000,150000,1,150000,611,ADD060611,GSTAG18,11-10-2017 04:31,"OPP. GMM, ANAND SOJITRA ROADKARAMSAD, ANAND-388325,GUJARAT ",200085,BASKARAN K,A23,4W - RENAULT
443,600,90042,613,603003864,20,17005287,CU1D01727,460348300,1,1.00E-06,27000,150000,27000,150000,150000,1,150000,611,ADD060611,GSTAG18,11-10-2017 04:31,"OPP. GMM, ANAND SOJITRA ROADKARAMSAD, ANAND-388325,GUJARAT ",200085,BASKARAN K,A23,4W - RENAULT
444,600,90040,613,603003756,10,17005295,CU1M04072,S12102,1,1.00E-06,50400,280000,50400,280000,70000,4,280000,611,ADD060561,GSTAG18,06-10-2017 04:30,"B/H SAPTAK PARTY PLOT,132 FEET RING ROADNEAR AEC FLYOVER BRIDGENARANPURA,AHMEDABAD-380013",200085,BASKARAN K,A04,4W Telco
445,600,90040,613,603003756,10,17005295,CU1M04072,S12102,1,1.00E-06,50400,280000,50400,280000,70000,4,280000,611,ADD060561,GSTAG18,06-10-2017 04:30,"B/H SAPTAK PARTY PLOT,132 FEET RING ROADNEAR AEC FLYOVER BRIDGENARANPURA,AHMEDABAD-380013",200085,BASKARAN K,A04,4W Telco
446,600,90042,613,603003989,60,17005215,CU1S09787,4899FT003,1,1.00E-06,9000,50000,9000,50000,50000,1,50000,611,ADD060650,GSTAG18,17-10-2017 03:15,"OPP. YMCA ,NEAR SHAISHYA TENNIS ACADEMY,OFF SG HIGH WAY,MUMATPURA ROADMAKARBA,AHMEDABAD – 380058",200085,BASKARAN K,A13,4W Unorganised/General
447,600,90042,613,603003989,60,17005215,CU1S09787,4899FT003,1,1.00E-06,9000,50000,9000,50000,50000,1,50000,611,ADD060650,GSTAG18,17-10-2017 03:15,"OPP. YMCA ,NEAR SHAISHYA TENNIS ACADEMY,OFF SG HIGH WAY,MUMATPURA ROADMAKARBA,AHMEDABAD – 380058",200085,BASKARAN K,A13,4W Unorganised/General
448,600,90040,613,603004077,20,17005304,CU1O00001,Z15005,1,1.00E-06,8640,48000,8640,48000,24000,2,48000,611,DA1053722,GSTAG18,23-10-2017 04:40,"25,GANESH MAHAL COMPLEXKS RAO ROAD,MANGALOREPH:0824 - 2440690 , 2440693",200085,BASKARAN K,L01,Other Industry
449,600,90040,613,603004077,20,17005304,CU1O00001,Z15005,1,1.00E-06,8640,48000,8640,48000,24000,2,48000,611,DA1053722,GSTAG18,23-10-2017 04:40,"25,GANESH MAHAL COMPLEXKS RAO ROAD,MANGALOREPH:0824 - 2440690 , 2440693",200085,BASKARAN K,L01,Other Industry
450,600,90040,613,603004177,10,17005539,CU1P01361,Z12101,1,1.00E-06,27360,152000,27360,152000,76000,2,152000,611,ADD060739,GSTAG18,26-10-2017 06:31,"PLOT NO.39 & 40, NR.SOLA FLYOVERS.G.HIGHWAYAHMEDABAD-380060",200085,BASKARAN K,A08,4W Hyundai
451,600,90040,613,603004177,10,17005539,CU1P01361,Z12101,1,1.00E-06,27360,152000,27360,152000,76000,2,152000,611,ADD060739,GSTAG18,26-10-2017 06:31,"PLOT NO.39 & 40, NR.SOLA FLYOVERS.G.HIGHWAYAHMEDABAD-380060",200085,BASKARAN K,A08,4W Hyundai
452,600,90040,613,603004050,100,17005540,CU1P02542,FRT,1,1.00E-06,10800,60000,10800,60000,60000,1,60000,611,ADD060695,GSTAG18,20-10-2017 06:31,"403-407, TIWARI GANJ, UTTARDHAUNANEAR BBD UNIVERSITYFAIZABAD ROAD,LUCKNOW - 226028",200085,BASKARAN K,A04,4W Telco
453,600,90040,613,603004050,100,17005540,CU1P02542,FRT,1,1.00E-06,10800,60000,10800,60000,60000,1,60000,611,ADD060695,GSTAG18,20-10-2017 06:31,"403-407, TIWARI GANJ, UTTARDHAUNANEAR BBD UNIVERSITYFAIZABAD ROAD,LUCKNOW - 226028",200085,BASKARAN K,A04,4W Telco
454,600,90040,613,603003199,30,17005415,CU1K02728,FRT,1,1.00E-06,720,4000,720,4000,4000,1,4000,611,DA1033480,GSTAG18,12-09-2017 10:31,GAVANAHALLIKM ROADCHIKMAGALUR-577101,200085,BASKARAN K,A05,4W M & M
455,600,90040,613,603003199,30,17005415,CU1K02728,FRT,1,1.00E-06,720,4000,720,4000,4000,1,4000,611,DA1033480,GSTAG18,12-09-2017 10:31,GAVANAHALLIKM ROADCHIKMAGALUR-577101,200085,BASKARAN K,A05,4W M & M
456,600,90042,613,603003983,20,17005564,CU1V00377,3899YS009,1,1.00E-06,6480,36000,6480,36000,36000,1,36000,611,ADD019347,GSTAG18,17-10-2017 03:15,"H NO 6-2-981,201,2ND FLOORMARUTI PLAZA ,ADJ TO SHADANKHAIRATABAD, HYDERABAD-500 004",200085,BASKARAN K,C09,Tyre Shop - HOT
457,600,90042,613,603003983,20,17005564,CU1V00377,3899YS009,1,1.00E-06,6480,36000,6480,36000,36000,1,36000,611,ADD019347,GSTAG18,17-10-2017 03:15,"H NO 6-2-981,201,2ND FLOORMARUTI PLAZA ,ADJ TO SHADANKHAIRATABAD, HYDERABAD-500 004",200085,BASKARAN K,C09,Tyre Shop - HOT
458,600,90040,613,603003985,10,17005362,CU1C00002,S15034,1,1.00E-06,11520,64000,11520,64000,64000,1,64000,611,PLC004177,GSTAG14,17-10-2017 03:15,"9/52, MARIAPPA KONAR STREETKATOORCOIMBATORE",200085,BASKARAN K,C09,Tyre Shop - HOT
459,600,90040,613,603003985,10,17005362,CU1C00002,S15034,1,1.00E-06,11520,64000,11520,64000,64000,1,64000,611,PLC004177,GSTAG14,17-10-2017 03:15,"9/52, MARIAPPA KONAR STREETKATOORCOIMBATORE",200085,BASKARAN K,C09,Tyre Shop - HOT
460,600,90040,613,603004106,30,17005395,CU1C02501,S11004,1,1.00E-06,7903.26,43907,7903.26,43907,43907,1,43907,611,DLC072228,GSTAG18,23-10-2017 14:31,"2/ 755A,NEAR ASHIRWAD LAWNSOTHAYA MANGALAM ROADERANJIPALAM, CALICUT, KERALA",200085,BASKARAN K,A05,4W M & M
461,600,90040,613,603004106,30,17005395,CU1C02501,S11004,1,1.00E-06,7903.26,43907,7903.26,43907,43907,1,43907,611,DLC072228,GSTAG18,23-10-2017 14:31,"2/ 755A,NEAR ASHIRWAD LAWNSOTHAYA MANGALAM ROADERANJIPALAM, CALICUT, KERALA",200085,BASKARAN K,A05,4W M & M
462,600,90042,613,603003633,70,17005569,CU1A02247,K13990004,1,1.00E-06,2650.2,9465,2650.2,9465,3155,3,9465,611,ADD060483,GSTAG19,26-09-2017 12:31,"NEXA WORKSHOPOPP COMTRUST EYE HOSPITALPUTHIYARA P.O., CALICUT-673004",200085,BASKARAN K,A01,4W Maruti
463,600,90042,613,603003633,70,17005569,CU1A02247,K13990004,1,1.00E-06,2650.2,9465,2650.2,9465,3155,3,9465,611,ADD060483,GSTAG19,26-09-2017 12:31,"NEXA WORKSHOPOPP COMTRUST EYE HOSPITALPUTHIYARA P.O., CALICUT-673004",200085,BASKARAN K,A01,4W Maruti
464,600,90040,613,603003811,10,17005387,CU1S09251,Z12110,1,1.00E-06,28080,156000,28080,156000,78000,2,156000,611,ADD060582,GSTAG18,09-10-2017 10:31,NEAT TO OCEAN PERALTAHOTELHARIHARA ROADDAVANGERE,200085,BASKARAN K,A23,4W - RENAULT
465,600,90040,613,603003811,10,17005387,CU1S09251,Z12110,1,1.00E-06,28080,156000,28080,156000,78000,2,156000,611,ADD060582,GSTAG18,09-10-2017 10:31,NEAT TO OCEAN PERALTAHOTELHARIHARA ROADDAVANGERE,200085,BASKARAN K,A23,4W - RENAULT
466,600,90040,613,603003811,20,17005387,CU1S09251,S12073,1,1.00E-06,47160,262000,47160,262000,262000,1,262000,611,ADD060582,GSTAG18,09-10-2017 10:31,NEAT TO OCEAN PERALTAHOTELHARIHARA ROADDAVANGERE,200085,BASKARAN K,A23,4W - RENAULT
467,600,90040,613,603003811,20,17005387,CU1S09251,S12073,1,1.00E-06,47160,262000,47160,262000,262000,1,262000,611,ADD060582,GSTAG18,09-10-2017 10:31,NEAT TO OCEAN PERALTAHOTELHARIHARA ROADDAVANGERE,200085,BASKARAN K,A23,4W - RENAULT
468,600,90040,613,603003811,30,17005387,CU1S09251,Z15005,1,1.00E-06,5940,33000,5940,33000,33000,1,33000,611,ADD060582,GSTAG18,09-10-2017 10:31,NEAT TO OCEAN PERALTAHOTELHARIHARA ROADDAVANGERE,200085,BASKARAN K,A23,4W - RENAULT
469,600,90040,613,603003811,30,17005387,CU1S09251,Z15005,1,1.00E-06,5940,33000,5940,33000,33000,1,33000,611,ADD060582,GSTAG18,09-10-2017 10:31,NEAT TO OCEAN PERALTAHOTELHARIHARA ROADDAVANGERE,200085,BASKARAN K,A23,4W - RENAULT
470,600,90040,613,603003811,40,17005387,CU1S09251,S25004,1,1.00E-06,21600,120000,21600,120000,120000,1,120000,611,ADD060582,GSTAG18,09-10-2017 10:31,NEAT TO OCEAN PERALTAHOTELHARIHARA ROADDAVANGERE,200085,BASKARAN K,A23,4W - RENAULT
471,600,90040,613,603003811,40,17005387,CU1S09251,S25004,1,1.00E-06,21600,120000,21600,120000,120000,1,120000,611,ADD060582,GSTAG18,09-10-2017 10:31,NEAT TO OCEAN PERALTAHOTELHARIHARA ROADDAVANGERE,200085,BASKARAN K,A23,4W - RENAULT
472,600,90040,613,603003850,30,17005368,CU1C00001,S11015,1,1.00E-06,33056.1,183645,33056.1,183645,36729,5,183645,611,PLC000290,GSTAG18,10-10-2017 12:30,OPP.ALL INDIA RADIO STATIONBANDAR ROADVIJAYAWADA,200085,BASKARAN K,L01,Other Industry
473,600,90040,613,603003850,30,17005368,CU1C00001,S11015,1,1.00E-06,33056.1,183645,33056.1,183645,36729,5,183645,611,PLC000290,GSTAG18,10-10-2017 12:30,OPP.ALL INDIA RADIO STATIONBANDAR ROADVIJAYAWADA,200085,BASKARAN K,L01,Other Industry
474,600,90040,613,603003406,10,17005375,CU1M00773,S12102,1,1.00E-06,13500,75000,13500,75000,75000,1,75000,611,ADD060406,GSTAG18,18-09-2017 14:31,"MYSORE CHENNERAYAPATNA ROAD(OPPOSITE K.B.C.FUEL STATION)KRISHNA RAJAPET TOWN TK.,MANDYA-571426",200085,BASKARAN K,A01,4W Maruti
475,600,90040,613,603003406,10,17005375,CU1M00773,S12102,1,1.00E-06,13500,75000,13500,75000,75000,1,75000,611,ADD060406,GSTAG18,18-09-2017 14:31,"MYSORE CHENNERAYAPATNA ROAD(OPPOSITE K.B.C.FUEL STATION)KRISHNA RAJAPET TOWN TK.,MANDYA-571426",200085,BASKARAN K,A01,4W Maruti
476,600,90040,613,603003432,10,17005551,CU1A03225,Z13037,1,1.00E-06,1990,39800,1990,39800,1990,20,39800,611,ADD034914,GSTAG16,19-09-2017 08:31,"No.3,16&17 KIADB INDL AREADODDABALLAPURBANGALORE-561203",200085,BASKARAN K,L01,Other Industry
477,600,90040,613,603003432,10,17005551,CU1A03225,Z13037,1,1.00E-06,1990,39800,1990,39800,1990,20,39800,611,ADD034914,GSTAG16,19-09-2017 08:31,"No.3,16&17 KIADB INDL AREADODDABALLAPURBANGALORE-561203",200085,BASKARAN K,L01,Other Industry
478,600,90040,613,603003993,10,17005552,CU1R01952,S46024,1,1.00E-06,31500,175000,31500,175000,175000,1,175000,611,ADD060667,GSTAG18,17-10-2017 03:15,"BLOCK NO 1064, OPP SAI MANDIRN.H.NO - 8, SISODRA GANESHNAVSARI – 396463",200085,BASKARAN K,A02,4W Toyota
479,600,90040,613,603003993,10,17005552,CU1R01952,S46024,1,1.00E-06,31500,175000,31500,175000,175000,1,175000,611,ADD060667,GSTAG18,17-10-2017 03:15,"BLOCK NO 1064, OPP SAI MANDIRN.H.NO - 8, SISODRA GANESHNAVSARI – 396463",200085,BASKARAN K,A02,4W Toyota
480,600,90042,613,603003248,40,17005473,CU1B02629,13032834A,1,1.00E-06,990,5500,990,5500,1100,5,5500,611,ADD060184,GSTAG18,13-09-2017 08:31,"5D/8E , RAILWAY ROADN.I.T  FARIDABADHARYANA - 121 003",200085,BASKARAN K,A01,4W Maruti
481,600,90042,613,603003248,40,17005473,CU1B02629,13032834A,1,1.00E-06,990,5500,990,5500,1100,5,5500,611,ADD060184,GSTAG18,13-09-2017 08:31,"5D/8E , RAILWAY ROADN.I.T  FARIDABADHARYANA - 121 003",200085,BASKARAN K,A01,4W Maruti
482,600,90042,613,603003248,50,17005473,CU1B02629,TMTA00516,1,1.00E-06,6045.3,33585,6045.3,33585,33585,1,33585,611,ADD060184,GSTAG18,13-09-2017 08:31,"5D/8E , RAILWAY ROADN.I.T  FARIDABADHARYANA - 121 003",200085,BASKARAN K,A01,4W Maruti
483,600,90042,613,603003248,50,17005473,CU1B02629,TMTA00516,1,1.00E-06,6045.3,33585,6045.3,33585,33585,1,33585,611,ADD060184,GSTAG18,13-09-2017 08:31,"5D/8E , RAILWAY ROADN.I.T  FARIDABADHARYANA - 121 003",200085,BASKARAN K,A01,4W Maruti
484,600,90040,613,603003614,10,17005491,CU1N01848,S47002,1,1.00E-06,4479.84,24888,4479.84,24888,24888,1,24888,611,ADD027651,GSTAG18,26-09-2017 04:31,"5th K M STONE, RAMPUR ROADJEETPUR NEGIHALDWANI-263139",200085,BASKARAN K,A01,4W Maruti
485,600,90040,613,603003614,10,17005491,CU1N01848,S47002,1,1.00E-06,4479.84,24888,4479.84,24888,24888,1,24888,611,ADD027651,GSTAG18,26-09-2017 04:31,"5th K M STONE, RAMPUR ROADJEETPUR NEGIHALDWANI-263139",200085,BASKARAN K,A01,4W Maruti
486,600,90042,613,603003841,20,17005492,CU1M04061,FRT,1,1.00E-06,450,2500,450,2500,2500,1,2500,611,ADD060038,GSTAG18,10-10-2017 10:31,"TARA DEVI, SHIMLAHIMACHAL PRADESH - 171 010 ",200085,BASKARAN K,A01,4W Maruti
487,600,90042,613,603003841,20,17005492,CU1M04061,FRT,1,1.00E-06,450,2500,450,2500,2500,1,2500,611,ADD060038,GSTAG18,10-10-2017 10:31,"TARA DEVI, SHIMLAHIMACHAL PRADESH - 171 010 ",200085,BASKARAN K,A01,4W Maruti
488,600,90042,613,603003106,30,17005494,CU1S09772,9099EL023,1,1.00E-06,14040,78000,14040,78000,78000,1,78000,611,ADD060253,GSTAG14,06-09-2017 08:15,"68/7 PLOT NO.10, V.M.V COPLEXTPM COLONY,THENI MAIN ROAD,MADURAI",200085,BASKARAN K,A06,4W Skoda
489,600,90042,613,603003106,30,17005494,CU1S09772,9099EL023,1,1.00E-06,14040,78000,14040,78000,78000,1,78000,611,ADD060253,GSTAG14,06-09-2017 08:15,"68/7 PLOT NO.10, V.M.V COPLEXTPM COLONY,THENI MAIN ROAD,MADURAI",200085,BASKARAN K,A06,4W Skoda
490,600,90042,613,603004016,30,17005498,CU1A02087,3899YS008,1,1.00E-06,56700,315000,56700,315000,315000,1,315000,611,ADD025141,GSTAG18,17-10-2017 12:31,"JANTA CROSSING ROAD,VITTHAL UDYOG NAGARANAND – SOJITRA ROADANAND – 388121",200085,BASKARAN K,A01,4W Maruti
491,600,90042,613,603004016,30,17005498,CU1A02087,3899YS008,1,1.00E-06,56700,315000,56700,315000,315000,1,315000,611,ADD025141,GSTAG18,17-10-2017 12:31,"JANTA CROSSING ROAD,VITTHAL UDYOG NAGARANAND – SOJITRA ROADANAND – 388121",200085,BASKARAN K,A01,4W Maruti
492,600,90040,613,603004095,30,17005499,CU1S09792,Z15038,1,1.00E-06,3510.9,19505,3510.9,19505,19505,1,19505,611,ADD060698,GSTAG18,23-10-2017 11:40,"TSIECHIE, PHEK ROADKOHIMANAGALAND -797 001",200085,BASKARAN K,A01,4W Maruti
493,600,90040,613,603004095,30,17005499,CU1S09792,Z15038,1,1.00E-06,3510.9,19505,3510.9,19505,19505,1,19505,611,ADD060698,GSTAG18,23-10-2017 11:40,"TSIECHIE, PHEK ROADKOHIMANAGALAND -797 001",200085,BASKARAN K,A01,4W Maruti
494,600,90040,613,603004177,10,17005500,CU1P01361,Z12101,1,1.00E-06,82080,456000,82080,456000,76000,6,456000,611,ADD060739,GSTAG18,26-10-2017 06:31,"PLOT NO.39 & 40, NR.SOLA FLYOVERS.G.HIGHWAYAHMEDABAD-380060",200085,BASKARAN K,A08,4W Hyundai
495,600,90040,613,603004177,10,17005500,CU1P01361,Z12101,1,1.00E-06,82080,456000,82080,456000,76000,6,456000,611,ADD060739,GSTAG18,26-10-2017 06:31,"PLOT NO.39 & 40, NR.SOLA FLYOVERS.G.HIGHWAYAHMEDABAD-380060",200085,BASKARAN K,A08,4W Hyundai
496,600,90042,613,603004207,10,17005514,CU1A04147,5499VT007,1,1.00E-06,5400,30000,5400,30000,30000,1,30000,611,ADD060756,GSTAG18,27-10-2017 12:30,"NEAR IGL FACTORYJAITPUR MOREKASHIPUR, (US NAGAR) - 244713",200085,BASKARAN K,A01,4W Maruti
497,600,90042,613,603004207,10,17005514,CU1A04147,5499VT007,1,1.00E-06,5400,30000,5400,30000,30000,1,30000,611,ADD060756,GSTAG18,27-10-2017 12:30,"NEAR IGL FACTORYJAITPUR MOREKASHIPUR, (US NAGAR) - 244713",200085,BASKARAN K,A01,4W Maruti
498,600,90040,613,603003976,10,17005428,CU1V01335,S25005,1,1.00E-06,30813.66,171187,30813.66,171187,171187,1,171187,611,ADD060663,GSTAG18,17-10-2017 03:15,"SY NO.54/1, B M ROADDODDAMANDIGANAHALLIKANDALI POST. HASSAN - 573217",200085,BASKARAN K,A23,4W - RENAULT
499,600,90040,613,603003976,10,17005428,CU1V01335,S25005,1,1.00E-06,30813.66,171187,30813.66,171187,171187,1,171187,611,ADD060663,GSTAG18,17-10-2017 03:15,"SY NO.54/1, B M ROADDODDAMANDIGANAHALLIKANDALI POST. HASSAN - 573217",200085,BASKARAN K,A23,4W - RENAULT
500,600,90042,613,603003953,10,17005429,CU1V01335,3899YS009,1,1.00E-06,7200,40000,7200,40000,40000,1,40000,611,ADD060663,GSTAG18,17-10-2017 03:15,"SY NO.54/1, B M ROADDODDAMANDIGANAHALLIKANDALI POST. HASSAN - 573217",200085,BASKARAN K,A23,4W - RENAULT
501,600,90042,613,603003953,10,17005429,CU1V01335,3899YS009,1,1.00E-06,7200,40000,7200,40000,40000,1,40000,611,ADD060663,GSTAG18,17-10-2017 03:15,"SY NO.54/1, B M ROADDODDAMANDIGANAHALLIKANDALI POST. HASSAN - 573217",200085,BASKARAN K,A23,4W - RENAULT
502,600,90042,613,603003953,20,17005429,CU1V01335,3899YS008,1,1.00E-06,61740,343000,61740,343000,343000,1,343000,611,ADD060663,GSTAG18,17-10-2017 03:15,"SY NO.54/1, B M ROADDODDAMANDIGANAHALLIKANDALI POST. HASSAN - 573217",200085,BASKARAN K,A23,4W - RENAULT
503,600,90042,613,603003953,20,17005429,CU1V01335,3899YS008,1,1.00E-06,61740,343000,61740,343000,343000,1,343000,611,ADD060663,GSTAG18,17-10-2017 03:15,"SY NO.54/1, B M ROADDODDAMANDIGANAHALLIKANDALI POST. HASSAN - 573217",200085,BASKARAN K,A23,4W - RENAULT
504,600,90040,613,603003837,10,17005692,CU1K02089,Z12110,1,1.00E-06,32400,180000,32400,180000,90000,2,180000,611,DLC071485,GSTAG14,10-10-2017 10:31,"(DIVISION OF KHIVRAJ MOTORS)NO.135,DEVELOPED PLOTSELECTRONIC INDL ESTATE,PERUNGUDI,CHENNAI -96",200085,BASKARAN K,A23,4W - RENAULT
505,600,90040,613,603003837,10,17005692,CU1K02089,Z12110,1,1.00E-06,32400,180000,32400,180000,90000,2,180000,611,DLC071485,GSTAG14,10-10-2017 10:31,"(DIVISION OF KHIVRAJ MOTORS)NO.135,DEVELOPED PLOTSELECTRONIC INDL ESTATE,PERUNGUDI,CHENNAI -96",200085,BASKARAN K,A23,4W - RENAULT
506,600,90040,613,603004247,20,17005611,CU1L00507,Z11016,1,1.00E-06,34200,190000,34200,190000,190000,1,190000,611,ADD060780,GSTAG18,30-10-2017 16:30,"EVERGREEN TEXTILE PARK4TH PHASE RIICO INDL.  AREAPUR ROAD, BHILWARA-311001",200085,BASKARAN K,A01,4W Maruti
507,600,90040,613,603004247,20,17005611,CU1L00507,Z11016,1,1.00E-06,34200,190000,34200,190000,190000,1,190000,611,ADD060780,GSTAG18,30-10-2017 16:30,"EVERGREEN TEXTILE PARK4TH PHASE RIICO INDL.  AREAPUR ROAD, BHILWARA-311001",200085,BASKARAN K,A01,4W Maruti
508,600,90040,613,603004247,30,17005611,CU1L00507,FRT,1,1.00E-06,6300,35000,6300,35000,35000,1,35000,611,ADD060780,GSTAG18,30-10-2017 16:30,"EVERGREEN TEXTILE PARK4TH PHASE RIICO INDL.  AREAPUR ROAD, BHILWARA-311001",200085,BASKARAN K,A01,4W Maruti
509,600,90040,613,603004247,30,17005611,CU1L00507,FRT,1,1.00E-06,6300,35000,6300,35000,35000,1,35000,611,ADD060780,GSTAG18,30-10-2017 16:30,"EVERGREEN TEXTILE PARK4TH PHASE RIICO INDL.  AREAPUR ROAD, BHILWARA-311001",200085,BASKARAN K,A01,4W Maruti
510,600,90040,613,603004130,10,17005619,CU1G03050,S12102,1,1.00E-06,27720,154000,27720,154000,77000,2,154000,611,ADD060718,GSTAG18,24-10-2017 10:31,"PLOT NO. 1, BLOCK – CMANGOLPURI INDUSTRIAL AREAPHASE - 1,DELHI - 110083",200085,BASKARAN K,A03,4W Honda
511,600,90040,613,603004130,10,17005619,CU1G03050,S12102,1,1.00E-06,27720,154000,27720,154000,77000,2,154000,611,ADD060718,GSTAG18,24-10-2017 10:31,"PLOT NO. 1, BLOCK – CMANGOLPURI INDUSTRIAL AREAPHASE - 1,DELHI - 110083",200085,BASKARAN K,A03,4W Honda
512,600,90040,613,603004268,10,17005660,CU1S09796,Z11005,1,1.00E-06,37260,207000,37260,207000,207000,1,207000,611,ADD060784,GSTAG18,31-10-2017 08:30,"OPP. WALL MART,ANAND-SOJITRA ROAD,VITHAL UDYOGNAGAR-388121",200085,BASKARAN K,A04,4W Telco
513,600,90040,613,603004268,10,17005660,CU1S09796,Z11005,1,1.00E-06,37260,207000,37260,207000,207000,1,207000,611,ADD060784,GSTAG18,31-10-2017 08:30,"OPP. WALL MART,ANAND-SOJITRA ROAD,VITHAL UDYOGNAGAR-388121",200085,BASKARAN K,A04,4W Telco
514,600,90040,613,603003714,40,17005679,CU1S05835,FRT,1,1.00E-06,10800,60000,10800,60000,60000,1,60000,611,ADD026558,GSTAG18,04-10-2017 10:30,"B-35, LAJPATH NAGAR IINEW DELHI ",200085,BASKARAN K,A03,4W Honda
515,600,90040,613,603003714,40,17005679,CU1S05835,FRT,1,1.00E-06,10800,60000,10800,60000,60000,1,60000,611,ADD026558,GSTAG18,04-10-2017 10:30,"B-35, LAJPATH NAGAR IINEW DELHI ",200085,BASKARAN K,A03,4W Honda
516,600,90040,613,603004184,50,17005688,CU1B02637,Z46016,1,1.00E-06,108000,600000,108000,600000,600000,1,600000,611,ADD060734,GSTAG18,26-10-2017 12:31,"ETHIX HONDA SERVICE CENTRESURVEY NO.12/A/1,OPP. KIRLOSKABOPODI, PUNE-411 003",200085,BASKARAN K,A03,4W Honda
517,600,90040,613,603004184,50,17005688,CU1B02637,Z46016,1,1.00E-06,108000,600000,108000,600000,600000,1,600000,611,ADD060734,GSTAG18,26-10-2017 12:31,"ETHIX HONDA SERVICE CENTRESURVEY NO.12/A/1,OPP. KIRLOSKABOPODI, PUNE-411 003",200085,BASKARAN K,A03,4W Honda
518,600,90042,613,603004191,30,17005689,CU1B02637,460346290,1,1.00E-06,3600,20000,3600,20000,20000,1,20000,611,ADD060734,GSTAG18,26-10-2017 14:31,"ETHIX HONDA SERVICE CENTRESURVEY NO.12/A/1,OPP. KIRLOSKABOPODI, PUNE-411 003",200085,BASKARAN K,A03,4W Honda
519,600,90042,613,603004191,30,17005689,CU1B02637,460346290,1,1.00E-06,3600,20000,3600,20000,20000,1,20000,611,ADD060734,GSTAG18,26-10-2017 14:31,"ETHIX HONDA SERVICE CENTRESURVEY NO.12/A/1,OPP. KIRLOSKABOPODI, PUNE-411 003",200085,BASKARAN K,A03,4W Honda
520,600,90040,613,603004113,10,17005654,CU1P00004,S12102,1,1.00E-06,27612,153400,27612,153400,76700,2,153400,611,DA1011453,GSTAG18,24-10-2017 04:30,"III/497-B,N.H-47,NEAR MUNICIPAL TOWN HALL,SOUTH KALAMASSERY,KOCHI - 682033,PH - 0484-2540573, 2556701",200085,BASKARAN K,A01,4W Maruti
521,600,90040,613,603004113,10,17005654,CU1P00004,S12102,1,1.00E-06,27612,153400,27612,153400,76700,2,153400,611,DA1011453,GSTAG18,24-10-2017 04:30,"III/497-B,N.H-47,NEAR MUNICIPAL TOWN HALL,SOUTH KALAMASSERY,KOCHI - 682033,PH - 0484-2540573, 2556701",200085,BASKARAN K,A01,4W Maruti
522,600,90040,613,603004038,10,17005671,CU1A02024,Z15038,1,1.00E-06,10260,57000,10260,57000,19000,3,57000,611,DLC073309,GSTAG18,20-10-2017 06:31,"7,NEWAL KISHORE ROADHAZRATGANJLUCKNOW-226001",200085,BASKARAN K,L01,Other Industry
523,600,90040,613,603004038,10,17005671,CU1A02024,Z15038,1,1.00E-06,10260,57000,10260,57000,19000,3,57000,611,DLC073309,GSTAG18,20-10-2017 06:31,"7,NEWAL KISHORE ROADHAZRATGANJLUCKNOW-226001",200085,BASKARAN K,L01,Other Industry
524,600,90040,613,603002703,20,17005575,CU1S03461,Z11015,1,1.00E-06,4980,41500,4980,41500,41500,1,41500,611,DLC049490,GSTAG17,21-08-2017 10:16,"G-1,MAYURA APPARTMENT218-A,SARDARPURAUDAIPUR",200085,BASKARAN K,B02,2W Hero Motocorp
525,600,90040,613,603002703,20,17005575,CU1S03461,Z11015,1,1.00E-06,4980,41500,4980,41500,41500,1,41500,611,DLC049490,GSTAG17,21-08-2017 10:16,"G-1,MAYURA APPARTMENT218-A,SARDARPURAUDAIPUR",200085,BASKARAN K,B02,2W Hero Motocorp
526,600,90042,613,603004285,30,17005694,CU1V01656,FRT,1,1.00E-06,1260,7000,1260,7000,7000,1,7000,611,DLC072000,GSTAG18,31-10-2017 14:56, AJMER305001,200085,BASKARAN K,A01,4W Maruti
527,600,90042,613,603004285,30,17005694,CU1V01656,FRT,1,1.00E-06,1260,7000,1260,7000,7000,1,7000,611,DLC072000,GSTAG18,31-10-2017 14:56, AJMER305001,200085,BASKARAN K,A01,4W Maruti
528,600,90050,613,603003871,10,17005696,CU1P01874,3603AKP00,1,1.00E-06,5130,28500,5130,28500,9500,3,28500,611,DLC034448,GSTAG18,11-10-2017 12:47,"NH-1A, LASJAI BY PASSSRINAGAR (J&K)191 101",200085,BASKARAN K,A01,4W Maruti
529,600,90050,613,603003871,10,17005696,CU1P01874,3603AKP00,1,1.00E-06,5130,28500,5130,28500,9500,3,28500,611,DLC034448,GSTAG18,11-10-2017 12:47,"NH-1A, LASJAI BY PASSSRINAGAR (J&K)191 101",200085,BASKARAN K,A01,4W Maruti
530,600,90042,613,603003853,190,17005721,CU1S07617,5499VT006,1,1.00E-06,146880,816000,146880,816000,816000,1,816000,611,DLC065895,GSTAG18,10-10-2017 14:30,"NATIONAL HIGHWAY NO 80CNEAR NARODA RAILWAY CROSSINGNARODA, AHMEDABAD",200085,BASKARAN K,A01,4W Maruti
531,600,90042,613,603003853,190,17005721,CU1S07617,5499VT006,1,1.00E-06,146880,816000,146880,816000,816000,1,816000,611,DLC065895,GSTAG18,10-10-2017 14:30,"NATIONAL HIGHWAY NO 80CNEAR NARODA RAILWAY CROSSINGNARODA, AHMEDABAD",200085,BASKARAN K,A01,4W Maruti
532,600,90040,613,603004345,10,17005818,CU1S08424,S12105,1,1.00E-06,37620,209000,37620,209000,209000,1,209000,611,ADD060833,GSTAG14,04-11-2017 12:31,"SURVEY NO:1148/1150/1151,S.P.RING ROADVASTRALAHEMDABAD -382418",200085,BASKARAN K,E06,OIL - Others
533,600,90040,613,603004345,10,17005818,CU1S08424,S12105,1,1.00E-06,37620,209000,37620,209000,209000,1,209000,611,ADD060833,GSTAG14,04-11-2017 12:31,"SURVEY NO:1148/1150/1151,S.P.RING ROADVASTRALAHEMDABAD -382418",200085,BASKARAN K,E06,OIL - Others
534,600,90040,613,603004078,20,17005844,CU1E00016,S13007,1,1.00E-06,15240.96,84672,15240.96,84672,12096,7,84672,611,PLC006434,GSTAG18,23-10-2017 04:40,"SMRITI, IST FLOOR, 8TH AVENUE,BISTUPURJAMSHEDPUR  -831 001",200085,BASKARAN K,F03,Heavy Eqpt. Mfr. Telco
535,600,90040,613,603004078,20,17005844,CU1E00016,S13007,1,1.00E-06,15240.96,84672,15240.96,84672,12096,7,84672,611,PLC006434,GSTAG18,23-10-2017 04:40,"SMRITI, IST FLOOR, 8TH AVENUE,BISTUPURJAMSHEDPUR  -831 001",200085,BASKARAN K,F03,Heavy Eqpt. Mfr. Telco
536,600,90040,613,603004450,10,17005848,CU1D00924,S12102,1,1.00E-06,90972,505400,90972,505400,72200,7,505400,611,ADD060898,GSTAG18,09-11-2017 10:31,"H.NO:8-2/3 OPP: FCI GODOWN,WARANGAL CROSS ROADPEDDA TANDA VILLAGE,KHAMMAM-507003",200085,BASKARAN K,A01,4W Maruti
537,600,90040,613,603004450,10,17005848,CU1D00924,S12102,1,1.00E-06,90972,505400,90972,505400,72200,7,505400,611,ADD060898,GSTAG18,09-11-2017 10:31,"H.NO:8-2/3 OPP: FCI GODOWN,WARANGAL CROSS ROADPEDDA TANDA VILLAGE,KHAMMAM-507003",200085,BASKARAN K,A01,4W Maruti
538,600,90042,613,603003821,20,17005866,CU1H00919,2399BR001,1,1.00E-06,11115,61750,11115,61750,61750,1,61750,611,DA1057057,GSTAG18,10-10-2017 00:15,"12, AJANTA ELORA COMPLEXOPP. GALAXY CINEMA, NH No. 8NARODA, AHMEDABAD - 382 330",200085,BASKARAN K,C08,TYRE General
539,600,90042,613,603003821,20,17005866,CU1H00919,2399BR001,1,1.00E-06,11115,61750,11115,61750,61750,1,61750,611,DA1057057,GSTAG18,10-10-2017 00:15,"12, AJANTA ELORA COMPLEXOPP. GALAXY CINEMA, NH No. 8NARODA, AHMEDABAD - 382 330",200085,BASKARAN K,C08,TYRE General
540,600,90042,613,603004321,10,17005868,CU1T00002,1199PP002,1,1.00E-06,7529.76,41832,7529.76,41832,41832,1,41832,611,DLC033102,GSTAG18,04-11-2017 01:26,"19,KHARVEL NAGAR, UNIT - 3,BHUBANESHWAR-751 001, ORISSA ",200085,BASKARAN K,A13,4W Unorganised/General
541,600,90042,613,603004321,10,17005868,CU1T00002,1199PP002,1,1.00E-06,7529.76,41832,7529.76,41832,41832,1,41832,611,DLC033102,GSTAG18,04-11-2017 01:26,"19,KHARVEL NAGAR, UNIT - 3,BHUBANESHWAR-751 001, ORISSA ",200085,BASKARAN K,A13,4W Unorganised/General
542,600,90050,613,603004394,30,17005884,CU1S02416,3603CDG00,1,1.00E-06,964.44,5358,964.44,5358,5358,1,5358,611,DLC065564,GSTAG18,08-11-2017 06:50," NO:156 1ST FLOOR, MPM LANEBANGALORE",200085,BASKARAN K,L01,Other Industry
543,600,90050,613,603004394,30,17005884,CU1S02416,3603CDG00,1,1.00E-06,964.44,5358,964.44,5358,5358,1,5358,611,DLC065564,GSTAG18,08-11-2017 06:50," NO:156 1ST FLOOR, MPM LANEBANGALORE",200085,BASKARAN K,L01,Other Industry
544,600,90040,613,603004042,20,17005745,CU1A02024,S12001,1,1.00E-06,14400,80000,14400,80000,80000,1,80000,611,DLC073309,GSTAG18,20-10-2017 06:31,"7,NEWAL KISHORE ROADHAZRATGANJLUCKNOW-226001",200085,BASKARAN K,L01,Other Industry
545,600,90040,613,603004042,20,17005745,CU1A02024,S12001,1,1.00E-06,14400,80000,14400,80000,80000,1,80000,611,DLC073309,GSTAG18,20-10-2017 06:31,"7,NEWAL KISHORE ROADHAZRATGANJLUCKNOW-226001",200085,BASKARAN K,L01,Other Industry
546,600,90040,613,603004488,10,17005891,CU1A04116,S12102,1,1.00E-06,13765.5,76475,13765.5,76475,76475,1,76475,611,ADD059306,GSTAG18,10-11-2017 14:31,"LOWER GROUND FLR,PSA PLAZA,NHHIGHWAY,RUDRAPUR,U.S.NAGARUK-263153 MOB.NO.7055207883",200085,BASKARAN K,A13,4W Unorganised/General
547,600,90040,613,603004488,10,17005891,CU1A04116,S12102,1,1.00E-06,13765.5,76475,13765.5,76475,76475,1,76475,611,ADD059306,GSTAG18,10-11-2017 14:31,"LOWER GROUND FLR,PSA PLAZA,NHHIGHWAY,RUDRAPUR,U.S.NAGARUK-263153 MOB.NO.7055207883",200085,BASKARAN K,A13,4W Unorganised/General
548,600,90040,613,603004334,10,17005731,CU1S01914,S12001,1,1.00E-06,15071.58,83731,15071.58,83731,83731,1,83731,611,ADD060831,GSTAG14,04-11-2017 10:31,"KARUR MAIN ROADARAVAKURICHY,KARUR",200085,BASKARAN K,M01,LCV - TATA
549,600,90040,613,603004334,10,17005731,CU1S01914,S12001,1,1.00E-06,15071.58,83731,15071.58,83731,83731,1,83731,611,ADD060831,GSTAG14,04-11-2017 10:31,"KARUR MAIN ROADARAVAKURICHY,KARUR",200085,BASKARAN K,M01,LCV - TATA
550,600,90042,613,603004278,30,17005741,CU1S02416,200320440,1,1.00E-06,10620,59000,10620,59000,59000,1,59000,611,ADD060449,GSTAG18,31-10-2017 14:53,"HIGHWAY,OPP.RTO CHECKPOST,ATTIBELEANEKAL TALUK,BENGALURU-562 107 ",200085,BASKARAN K,A13,4W Unorganised/General
551,600,90042,613,603004278,30,17005741,CU1S02416,200320440,1,1.00E-06,10620,59000,10620,59000,59000,1,59000,611,ADD060449,GSTAG18,31-10-2017 14:53,"HIGHWAY,OPP.RTO CHECKPOST,ATTIBELEANEKAL TALUK,BENGALURU-562 107 ",200085,BASKARAN K,A13,4W Unorganised/General
552,600,90050,613,603004364,30,17005742,CU1S02416,3603ICP00,1,1.00E-06,11143.44,61908,11143.44,61908,6190.8,10,61908,611,DLC065564,GSTAG18,06-11-2017 10:31," NO:156 1ST FLOOR, MPM LANEBANGALORE",200085,BASKARAN K,L01,Other Industry
553,600,90050,613,603004364,30,17005742,CU1S02416,3603ICP00,1,1.00E-06,11143.44,61908,11143.44,61908,6190.8,10,61908,611,DLC065564,GSTAG18,06-11-2017 10:31," NO:156 1ST FLOOR, MPM LANEBANGALORE",200085,BASKARAN K,L01,Other Industry
554,600,90050,613,603004364,50,17005742,CU1S02416,3603GDA00,1,1.00E-06,3065.63,17031.3,3065.63,17031.3,8515.65,2,17031.3,611,DLC065564,GSTAG18,06-11-2017 10:31," NO:156 1ST FLOOR, MPM LANEBANGALORE",200085,BASKARAN K,L01,Other Industry
555,600,90050,613,603004364,50,17005742,CU1S02416,3603GDA00,1,1.00E-06,3065.63,17031.3,3065.63,17031.3,8515.65,2,17031.3,611,DLC065564,GSTAG18,06-11-2017 10:31," NO:156 1ST FLOOR, MPM LANEBANGALORE",200085,BASKARAN K,L01,Other Industry
556,600,90040,613,603004377,10,17005776,CU1V01656,S12102,1,1.00E-06,12960,72000,12960,72000,72000,1,72000,611,ADD060026,GSTAG18,07-11-2017 10:30,BEECHWAL INDUSTRIAL AREA BIKANER-RAJASTHAN-334001,200085,BASKARAN K,A01,4W Maruti
557,600,90040,613,603004377,10,17005776,CU1V01656,S12102,1,1.00E-06,12960,72000,12960,72000,72000,1,72000,611,ADD060026,GSTAG18,07-11-2017 10:30,BEECHWAL INDUSTRIAL AREA BIKANER-RAJASTHAN-334001,200085,BASKARAN K,A01,4W Maruti
558,600,90040,613,603004308,10,17005779,CU1R01399,S12102,1,1.00E-06,13519.98,75111,13519.98,75111,75111,1,75111,611,ADD024327,GSTAG18,02-11-2017 10:31,"P.O- HAIBRGAON,NEAR BASANAGHAT  I.B.,MORIGOAN,ASSAM - 782 105MR. SANGA ,MOB: 70022 39592",200085,BASKARAN K,A01,4W Maruti
559,600,90040,613,603004308,10,17005779,CU1R01399,S12102,1,1.00E-06,13519.98,75111,13519.98,75111,75111,1,75111,611,ADD024327,GSTAG18,02-11-2017 10:31,"P.O- HAIBRGAON,NEAR BASANAGHAT  I.B.,MORIGOAN,ASSAM - 782 105MR. SANGA ,MOB: 70022 39592",200085,BASKARAN K,A01,4W Maruti
560,600,90040,613,603004199,20,17005783,CU1A04048,Z15038,1,1.00E-06,6840,38000,6840,38000,19000,2,38000,611,ADD044186,GSTAG18,27-10-2017 08:30,"143-D, LIGHT INDUSTRIAL AREABHILAICHATTISGARH - 490 026",200085,BASKARAN K,A13,4W Unorganised/General
561,600,90040,613,603004199,20,17005783,CU1A04048,Z15038,1,1.00E-06,6840,38000,6840,38000,19000,2,38000,611,ADD044186,GSTAG18,27-10-2017 08:30,"143-D, LIGHT INDUSTRIAL AREABHILAICHATTISGARH - 490 026",200085,BASKARAN K,A13,4W Unorganised/General
562,600,90040,613,603004446,20,17006015,CU1S00002,FRT,1,1.00E-06,991.44,5508,991.44,5508,5508,1,5508,611,ADD060900,GSTAG18,09-11-2017 10:31,"C/O-MINERVA AUTOMOBILES PVT LTDINFRONT OF GOVT NADAL UP SCHOOBUS STAND CHOWK,MOTER,KALAHANDI-766017",200085,BASKARAN K,A05,4W M & M
563,600,90040,613,603004446,20,17006015,CU1S00002,FRT,1,1.00E-06,991.44,5508,991.44,5508,5508,1,5508,611,ADD060900,GSTAG18,09-11-2017 10:31,"C/O-MINERVA AUTOMOBILES PVT LTDINFRONT OF GOVT NADAL UP SCHOOBUS STAND CHOWK,MOTER,KALAHANDI-766017",200085,BASKARAN K,A05,4W M & M
564,600,90040,613,603004431,20,17005968,CU1A02900,FRT,1,1.00E-06,135,750,135,750,750,1,750,611,ADD059483,GSTAG14,09-11-2017 06:43,OLD KALIYAPPA MANDAPAM PREMISESGOUNDAMPALAYAMCOIMBATORE - 641 030,200085,BASKARAN K,A26,4W - NEXA
565,600,90040,613,603004431,20,17005968,CU1A02900,FRT,1,1.00E-06,135,750,135,750,750,1,750,611,ADD059483,GSTAG14,09-11-2017 06:43,OLD KALIYAPPA MANDAPAM PREMISESGOUNDAMPALAYAMCOIMBATORE - 641 030,200085,BASKARAN K,A26,4W - NEXA
566,600,90040,613,603003967,70,17005984,CU1S09787,S46018,1,1.00E-06,73170,406500,73170,406500,406500,1,406500,611,ADD060650,GSTAG18,17-10-2017 03:15,"OPP. YMCA ,NEAR SHAISHYA TENNIS ACADEMY,OFF SG HIGH WAY,MUMATPURA ROADMAKARBA,AHMEDABAD – 380058",200085,BASKARAN K,A13,4W Unorganised/General
567,600,90040,613,603003967,70,17005984,CU1S09787,S46018,1,1.00E-06,73170,406500,73170,406500,406500,1,406500,611,ADD060650,GSTAG18,17-10-2017 03:15,"OPP. YMCA ,NEAR SHAISHYA TENNIS ACADEMY,OFF SG HIGH WAY,MUMATPURA ROADMAKARBA,AHMEDABAD – 380058",200085,BASKARAN K,A13,4W Unorganised/General
568,600,90042,613,603004426,40,17005986,CU1R02536,900300010,1,1.00E-06,1260,7000,1260,7000,7000,1,7000,611,ADD042209,GSTAG18,08-11-2017 14:30,"71/1, BASEMENT & GROUND FLOORSHIVAJI MARG,NAJAFGARH ROAD --INDUSTRIAL AREA,NEW DELHI",200085,BASKARAN K,A05,4W M & M
569,600,90042,613,603004426,40,17005986,CU1R02536,900300010,1,1.00E-06,1260,7000,1260,7000,7000,1,7000,611,ADD042209,GSTAG18,08-11-2017 14:30,"71/1, BASEMENT & GROUND FLOORSHIVAJI MARG,NAJAFGARH ROAD --INDUSTRIAL AREA,NEW DELHI",200085,BASKARAN K,A05,4W M & M
570,600,90040,613,603004223,40,17006048,CU1A01888,S13003,1,1.00E-06,2444.04,13578,2444.04,13578,13578,1,13578,611,DLC024081,GSTAG18,30-10-2017 04:33,"33/1,NETAJI SUBAS ROAD,MARSHAL HOUSE,ROOM NO 85,GROUND FLOOR,KOLKATA -700001",200085,BASKARAN K,F06,Heavy Eqpt. Mfr. Others
571,600,90040,613,603004223,40,17006048,CU1A01888,S13003,1,1.00E-06,2444.04,13578,2444.04,13578,13578,1,13578,611,DLC024081,GSTAG18,30-10-2017 04:33,"33/1,NETAJI SUBAS ROAD,MARSHAL HOUSE,ROOM NO 85,GROUND FLOOR,KOLKATA -700001",200085,BASKARAN K,F06,Heavy Eqpt. Mfr. Others
572,600,90042,613,603004579,10,17006049,CU1A01888,1199PP001,1,1.00E-06,39171.6,217620,39171.6,217620,21762,10,217620,611,DLC024081,GSTAG18,16-11-2017 08:31,"33/1,NETAJI SUBAS ROAD,MARSHAL HOUSE,ROOM NO 85,GROUND FLOOR,KOLKATA -700001",200085,BASKARAN K,B03,2W Bajaj
573,600,90042,613,603004579,10,17006049,CU1A01888,1199PP001,1,1.00E-06,39171.6,217620,39171.6,217620,21762,10,217620,611,DLC024081,GSTAG18,16-11-2017 08:31,"33/1,NETAJI SUBAS ROAD,MARSHAL HOUSE,ROOM NO 85,GROUND FLOOR,KOLKATA -700001",200085,BASKARAN K,B03,2W Bajaj
574,600,90040,613,603004128,10,17005989,CU1S02416,S15034,1,1.00E-06,21600,120000,21600,120000,60000,2,120000,611,DLC054296,GSTAG18,24-10-2017 10:31,"#1/1, GANGA NILAYA,NEW TIMBER YARD LAYOUT58 BUS STOP BYTARAYANAPURAMYSORE ROAD, BANGALORE-560 026",200085,BASKARAN K,L01,Other Industry
575,600,90040,613,603004128,10,17005989,CU1S02416,S15034,1,1.00E-06,21600,120000,21600,120000,60000,2,120000,611,DLC054296,GSTAG18,24-10-2017 10:31,"#1/1, GANGA NILAYA,NEW TIMBER YARD LAYOUT58 BUS STOP BYTARAYANAPURAMYSORE ROAD, BANGALORE-560 026",200085,BASKARAN K,L01,Other Industry
576,600,90042,613,603004117,10,17005990,CU1S09748,200320440,1,1.00E-06,11700,65000,11700,65000,65000,1,65000,611,ADD059976,GSTAG18,24-10-2017 04:30,MANRAJ MOTOR PVT. LTDAJANTA ROADJALGAON - 425003,200085,BASKARAN K,A01,4W Maruti
577,600,90042,613,603004117,10,17005990,CU1S09748,200320440,1,1.00E-06,11700,65000,11700,65000,65000,1,65000,611,ADD059976,GSTAG18,24-10-2017 04:30,MANRAJ MOTOR PVT. LTDAJANTA ROADJALGAON - 425003,200085,BASKARAN K,A01,4W Maruti
578,600,90040,613,603004114,10,17005991,CU1S09748,Z23003,1,1.00E-06,18000,100000,18000,100000,100000,1,100000,611,ADD059976,GSTAG18,24-10-2017 04:30,MANRAJ MOTOR PVT. LTDAJANTA ROADJALGAON - 425003,200085,BASKARAN K,A01,4W Maruti
579,600,90040,613,603004114,10,17005991,CU1S09748,Z23003,1,1.00E-06,18000,100000,18000,100000,100000,1,100000,611,ADD059976,GSTAG18,24-10-2017 04:30,MANRAJ MOTOR PVT. LTDAJANTA ROADJALGAON - 425003,200085,BASKARAN K,A01,4W Maruti
580,600,90042,613,603003947,10,17005908,CU1V01283,200320450,1,1.00E-06,43200,240000,43200,240000,80000,3,240000,611,DA1053856,GSTAG18,16-10-2017 06:31,"ROUND BUILDING,ATHAGAON,A.T.ROADBHARALUMUKH,NR.RAILWAY GAT NO.7,GUWAHATI (ASSAM) - 781 009",200085,BASKARAN K,C08,TYRE General
581,600,90042,613,603003947,10,17005908,CU1V01283,200320450,1,1.00E-06,43200,240000,43200,240000,80000,3,240000,611,DA1053856,GSTAG18,16-10-2017 06:31,"ROUND BUILDING,ATHAGAON,A.T.ROADBHARALUMUKH,NR.RAILWAY GAT NO.7,GUWAHATI (ASSAM) - 781 009",200085,BASKARAN K,C08,TYRE General
582,600,90040,613,603003654,10,17006003,CU1M04062,Z13037,1,1.00E-06,1520,30400,1520,30400,3040,10,30400,611,ADD055121,GSTAG12,27-09-2017 08:31,"SEETHARAMPALAYAM POTIRUCHENGODE, NAMAKKAL -637209MOB:98427 56611",200085,BASKARAN K,L01,Other Industry
583,600,90040,613,603003654,10,17006003,CU1M04062,Z13037,1,1.00E-06,1520,30400,1520,30400,3040,10,30400,611,ADD055121,GSTAG12,27-09-2017 08:31,"SEETHARAMPALAYAM POTIRUCHENGODE, NAMAKKAL -637209MOB:98427 56611",200085,BASKARAN K,L01,Other Industry
584,600,90040,613,603004354,40,17006006,CU1S00006,Z13035,1,1.00E-06,11566.8,64260,11566.8,64260,12852,5,64260,611,DLC012148,GSTAG18,06-11-2017 06:31,"5-4-100 & 101/ANEAR RLY.BRIDGE,RANIGUNJSECUNDERABAD",200085,BASKARAN K,L01,Other Industry
585,600,90040,613,603004354,40,17006006,CU1S00006,Z13035,1,1.00E-06,11566.8,64260,11566.8,64260,12852,5,64260,611,DLC012148,GSTAG18,06-11-2017 06:31,"5-4-100 & 101/ANEAR RLY.BRIDGE,RANIGUNJSECUNDERABAD",200085,BASKARAN K,L01,Other Industry
586,600,90042,613,603004433,10,17005913,CU1P01032,200320440,1,1.00E-06,11160,62000,11160,62000,62000,1,62000,611,ADD060418,GSTAG18,09-11-2017 06:43,"FLAT #50, KIADB INDUSTRIAL AREA 3RD PHASEOBEDANAHALLIDODDABALLAPUR - 561203",200085,BASKARAN K,A01,4W Maruti
587,600,90042,613,603004433,10,17005913,CU1P01032,200320440,1,1.00E-06,11160,62000,11160,62000,62000,1,62000,611,ADD060418,GSTAG18,09-11-2017 06:43,"FLAT #50, KIADB INDUSTRIAL AREA 3RD PHASEOBEDANAHALLIDODDABALLAPUR - 561203",200085,BASKARAN K,A01,4W Maruti
588,600,90040,613,603003625,20,17006146,CU1I00282,FRT,1,1.00E-06,540,3000,540,3000,3000,1,3000,611,ADD006221,GSTAG18,26-09-2017 12:31,PURBASHAOPP:USHAGRAM GIRL'S H S SCHOOLASANSOL-713 303 WB,200085,BASKARAN K,A09,4W Ford
589,600,90040,613,603003625,20,17006146,CU1I00282,FRT,1,1.00E-06,540,3000,540,3000,3000,1,3000,611,ADD006221,GSTAG18,26-09-2017 12:31,PURBASHAOPP:USHAGRAM GIRL'S H S SCHOOLASANSOL-713 303 WB,200085,BASKARAN K,A09,4W Ford
590,600,90042,613,603004370,80,17006141,CU1P03191,4890RINV03SP,1,1.00E-06,1350,7500,1350,7500,7500,1,7500,611,ADD060850,GSTAG14,06-11-2017 14:31,"NO-394/666, TH ROADTONDIARPET,CHENNAI-600081MOB:78239 49150",200085,BASKARAN K,A08,4W Hyundai
591,600,90042,613,603004370,80,17006141,CU1P03191,4890RINV03SP,1,1.00E-06,1350,7500,1350,7500,7500,1,7500,611,ADD060850,GSTAG14,06-11-2017 14:31,"NO-394/666, TH ROADTONDIARPET,CHENNAI-600081MOB:78239 49150",200085,BASKARAN K,A08,4W Hyundai
592,600,90040,613,603004651,10,17006121,CU1A04048,Z12101,1,1.00E-06,25992,144400,25992,144400,72200,2,144400,611,ADD061035,GSTAG18,20-11-2017 08:32,MOVARAIPUR ,200085,BASKARAN K,A08,4W Hyundai
593,600,90040,613,603004651,10,17006121,CU1A04048,Z12101,1,1.00E-06,25992,144400,25992,144400,72200,2,144400,611,ADD061035,GSTAG18,20-11-2017 08:32,MOVARAIPUR ,200085,BASKARAN K,A08,4W Hyundai
594,600,90040,613,603004467,10,17006027,CU1E01097,S25004,1,1.00E-06,15300,85000,15300,85000,85000,1,85000,611,ADD060911,GSTAG18,10-11-2017 06:31,"VI/637, PALAKKAD ROADMELEPATTAMBI PO, PATTAMBIPALAKKAD - 679306",200085,BASKARAN K,A05,4W M & M
595,600,90040,613,603004467,10,17006027,CU1E01097,S25004,1,1.00E-06,15300,85000,15300,85000,85000,1,85000,611,ADD060911,GSTAG18,10-11-2017 06:31,"VI/637, PALAKKAD ROADMELEPATTAMBI PO, PATTAMBIPALAKKAD - 679306",200085,BASKARAN K,A05,4W M & M
596,600,90050,613,603004524,20,17006206,CU1R00005,3603IHP00,1,1.00E-06,16531.2,91840,16531.2,91840,9184,10,91840,611,1000299,GSTAG18,14-11-2017 04:16,"376 OPP. POLICE STATION4TH C ROAD,SARDARPURA JODHPUR,RAJASTHAN PIN: 342 003",200085,BASKARAN K,L01,Other Industry
597,600,90050,613,603004524,20,17006206,CU1R00005,3603IHP00,1,1.00E-06,16531.2,91840,16531.2,91840,9184,10,91840,611,1000299,GSTAG18,14-11-2017 04:16,"376 OPP. POLICE STATION4TH C ROAD,SARDARPURA JODHPUR,RAJASTHAN PIN: 342 003",200085,BASKARAN K,L01,Other Industry
598,600,90040,613,603004673,10,17006214,CU1P03301,X130025,1,1.00E-06,5594.4,31080,5594.4,31080,10360,3,31080,611,1000826,GSTAG18,20-11-2017 14:32,"PLOT NO.165/1/17,PRIYADARSHINI MAHILAINDUSTRIAL ESTATE,T BLOCK,MIDCBHOSARI, PUNE 411 026  -MH",200085,BASKARAN K,L01,Other Industry
599,600,90040,613,603004673,10,17006214,CU1P03301,X130025,1,1.00E-06,5594.4,31080,5594.4,31080,10360,3,31080,611,1000826,GSTAG18,20-11-2017 14:32,"PLOT NO.165/1/17,PRIYADARSHINI MAHILAINDUSTRIAL ESTATE,T BLOCK,MIDCBHOSARI, PUNE 411 026  -MH",200085,BASKARAN K,L01,Other Industry
600,600,90040,613,603004292,10,17006239,CU1A02200,Z38008,1,1.00E-06,99000,550000,99000,550000,550000,1,550000,611,ADD026151,GSTAG18,01-11-2017 02:32,"JAMMU - 180015MOB: 9419124417,9419181209 ",200085,BASKARAN K,D03,HCV TATA
601,600,90040,613,603004292,10,17006239,CU1A02200,Z38008,1,1.00E-06,99000,550000,99000,550000,550000,1,550000,611,ADD026151,GSTAG18,01-11-2017 02:32,"JAMMU - 180015MOB: 9419124417,9419181209 ",200085,BASKARAN K,D03,HCV TATA
602,600,90040,613,603004680,10,17006248,CU1C02501,Z12101,1,1.00E-06,51984,288800,51984,288800,72200,4,288800,611,DLC072228,GSTAG18,20-11-2017 14:32,"2/ 755A,NEAR ASHIRWAD LAWNSOTHAYA MANGALAM ROADERANJIPALAM, CALICUT, KERALA",200085,BASKARAN K,A08,4W Hyundai
603,600,90040,613,603004680,10,17006248,CU1C02501,Z12101,1,1.00E-06,51984,288800,51984,288800,72200,4,288800,611,DLC072228,GSTAG18,20-11-2017 14:32,"2/ 755A,NEAR ASHIRWAD LAWNSOTHAYA MANGALAM ROADERANJIPALAM, CALICUT, KERALA",200085,BASKARAN K,A08,4W Hyundai
604,600,90042,613,603004393,30,17006258,CU1M00656,TMTA00515,1,1.00E-06,14400,80000,14400,80000,80000,1,80000,611,ADD060410,GSTAG18,08-11-2017 06:49,"C/O NBS INTERNATIONALPLOT NO 4, LUCKY INDL. ESTATEVINOD SANGHI MARG,GOREGAON - WEST",200085,BASKARAN K,A05,4W M & M
605,600,90042,613,603004393,30,17006258,CU1M00656,TMTA00515,1,1.00E-06,14400,80000,14400,80000,80000,1,80000,611,ADD060410,GSTAG18,08-11-2017 06:49,"C/O NBS INTERNATIONALPLOT NO 4, LUCKY INDL. ESTATEVINOD SANGHI MARG,GOREGAON - WEST",200085,BASKARAN K,A05,4W M & M
606,600,90042,613,603004393,50,17006258,CU1M00656,TMTA00528,1,1.00E-06,4320,24000,4320,24000,12000,2,24000,611,ADD060410,GSTAG18,08-11-2017 06:49,"C/O NBS INTERNATIONALPLOT NO 4, LUCKY INDL. ESTATEVINOD SANGHI MARG,GOREGAON - WEST",200085,BASKARAN K,A05,4W M & M
607,600,90042,613,603004393,50,17006258,CU1M00656,TMTA00528,1,1.00E-06,4320,24000,4320,24000,12000,2,24000,611,ADD060410,GSTAG18,08-11-2017 06:49,"C/O NBS INTERNATIONALPLOT NO 4, LUCKY INDL. ESTATEVINOD SANGHI MARG,GOREGAON - WEST",200085,BASKARAN K,A05,4W M & M
608,600,90040,613,603004430,10,17006157,CU1D01413,Z12115,1,1.00E-06,12600,70000,12600,70000,70000,1,70000,611,DLC051033,GSTAG18,09-11-2017 06:43,"BIRLA JUNTION, NH-5VISAKHAPATNAM ",200085,BASKARAN K,M02,LCV - ASHOK LEYLAND
609,600,90040,613,603004430,10,17006157,CU1D01413,Z12115,1,1.00E-06,12600,70000,12600,70000,70000,1,70000,611,DLC051033,GSTAG18,09-11-2017 06:43,"BIRLA JUNTION, NH-5VISAKHAPATNAM ",200085,BASKARAN K,M02,LCV - ASHOK LEYLAND
610,600,90042,613,603004695,10,17006191,CU1K01936,3899YS008,1,1.00E-06,58500,325000,58500,325000,325000,1,325000,611,DA1040556,GSTAG18,21-11-2017 10:32,P.O. SUNHETTEH. DEHRAKANGRA -177104,200085,BASKARAN K,A01,4W Maruti
611,600,90042,613,603004695,10,17006191,CU1K01936,3899YS008,1,1.00E-06,58500,325000,58500,325000,325000,1,325000,611,DA1040556,GSTAG18,21-11-2017 10:32,P.O. SUNHETTEH. DEHRAKANGRA -177104,200085,BASKARAN K,A01,4W Maruti
612,600,90040,613,603004591,30,17006192,CU1M04080,FRT,1,1.00E-06,1800,10000,1800,10000,10000,1,10000,611,ADD060978,GSTAG18,16-11-2017 08:31,"GOVT. ITIKHALAI VILLAGE,GOVANDI, MUMBAI - 400086",200085,BASKARAN K,A01,4W Maruti
613,600,90040,613,603004591,30,17006192,CU1M04080,FRT,1,1.00E-06,1800,10000,1800,10000,10000,1,10000,611,ADD060978,GSTAG18,16-11-2017 08:31,"GOVT. ITIKHALAI VILLAGE,GOVANDI, MUMBAI - 400086",200085,BASKARAN K,A01,4W Maruti
614,600,90040,613,603004580,10,17006268,CU1P00004,S12102,1,1.00E-06,14040,78000,14040,78000,78000,1,78000,611,ADD010709,GSTAG18,16-11-2017 08:31,"14/122 NEAR MUNICIPAL TOWNHALLN H 47, SOUTH KALAMASSERRYKOCHI-682 033-KL",200085,BASKARAN K,A13,4W Unorganised/General
615,600,90040,613,603004580,10,17006268,CU1P00004,S12102,1,1.00E-06,14040,78000,14040,78000,78000,1,78000,611,ADD010709,GSTAG18,16-11-2017 08:31,"14/122 NEAR MUNICIPAL TOWNHALLN H 47, SOUTH KALAMASSERRYKOCHI-682 033-KL",200085,BASKARAN K,A13,4W Unorganised/General
616,600,90040,613,603004652,10,17006279,CU1S02416,S12102,1,1.00E-06,13680,76000,13680,76000,76000,1,76000,611,ADD061032,GSTAG18,20-11-2017 08:32,"NO: 5, 100 FT ROAD,B/H VAJRESHWARI THEATORVISHWESHWARIAH LAYOUT 6TH BLOCULLAAL UPANAGAR, BANGALORE -560060",200085,BASKARAN K,A13,4W Unorganised/General
617,600,90040,613,603004652,10,17006279,CU1S02416,S12102,1,1.00E-06,13680,76000,13680,76000,76000,1,76000,611,ADD061032,GSTAG18,20-11-2017 08:32,"NO: 5, 100 FT ROAD,B/H VAJRESHWARI THEATORVISHWESHWARIAH LAYOUT 6TH BLOCULLAAL UPANAGAR, BANGALORE -560060",200085,BASKARAN K,A13,4W Unorganised/General
618,600,90042,613,603004707,50,17006287,CU1K02698,460338140,1,1.00E-06,27000,150000,27000,150000,150000,1,150000,611,ADD061062,GSTAG18,21-11-2017 12:31,KADIKODIKUMTA - 581343 ,200085,BASKARAN K,A08,4W Hyundai
619,600,90042,613,603004707,50,17006287,CU1K02698,460338140,1,1.00E-06,27000,150000,27000,150000,150000,1,150000,611,ADD061062,GSTAG18,21-11-2017 12:31,KADIKODIKUMTA - 581343 ,200085,BASKARAN K,A08,4W Hyundai
620,600,90040,613,603004212,30,17006305,CU1H00919,Z13035,1,1.00E-06,12417.3,68985,12417.3,68985,13797,5,68985,611,DLC057057,GSTAG18,16-11-2017 02:29,"12, AJANTA ELORA COMPLEXOPP. GALAXY CINEMA, NH No. 8NARODA, AHMEDABAD - 382 330",200085,BASKARAN K,L01,Other Industry
621,600,90040,613,603004212,30,17006305,CU1H00919,Z13035,1,1.00E-06,12417.3,68985,12417.3,68985,13797,5,68985,611,DLC057057,GSTAG18,16-11-2017 02:29,"12, AJANTA ELORA COMPLEXOPP. GALAXY CINEMA, NH No. 8NARODA, AHMEDABAD - 382 330",200085,BASKARAN K,L01,Other Industry
622,600,90042,613,603004770,10,17006289,CU1I00303,200320440,1,1.00E-06,20880,116000,20880,116000,58000,2,116000,611,DLC059693,GSTAG18,24-11-2017 08:31,"SB117, 1st STAGE, 3rd CROSSPEENYA INDUSTRIAL ESTATE,BANGALORE-560 058",200085,BASKARAN K,A13,4W Unorganised/General
623,600,90042,613,603004770,10,17006289,CU1I00303,200320440,1,1.00E-06,20880,116000,20880,116000,58000,2,116000,611,DLC059693,GSTAG18,24-11-2017 08:31,"SB117, 1st STAGE, 3rd CROSSPEENYA INDUSTRIAL ESTATE,BANGALORE-560 058",200085,BASKARAN K,A13,4W Unorganised/General
624,600,90042,613,603004759,10,17006314,CU1R01855,1199PP002,1,1.00E-06,6857.1,38095,6857.1,38095,38095,1,38095,611,ADD033012,GSTAG18,23-11-2017 12:54,"SUPER BAZAR,GURUGOVIND WARD.34SINDHI MOHALLA, PANDRI,RAIPUR - 492 004",200085,BASKARAN K,A03,4W Honda
625,600,90042,613,603004759,10,17006314,CU1R01855,1199PP002,1,1.00E-06,6857.1,38095,6857.1,38095,38095,1,38095,611,ADD033012,GSTAG18,23-11-2017 12:54,"SUPER BAZAR,GURUGOVIND WARD.34SINDHI MOHALLA, PANDRI,RAIPUR - 492 004",200085,BASKARAN K,A03,4W Honda
626,600,90042,613,603004392,30,17006404,CU1S00015,1199PP001,1,1.00E-06,19170,106500,19170,106500,21300,5,106500,611,DA1014127,GSTAG18,08-11-2017 06:49,"(NEAR RAJU GODOWN DEALER)KHASRA NO:30/6,LIBASPUR,DELHI-110 042",200085,BASKARAN K,L01,Other Industry
627,600,90042,613,603004392,30,17006404,CU1S00015,1199PP001,1,1.00E-06,19170,106500,19170,106500,21300,5,106500,611,DA1014127,GSTAG18,08-11-2017 06:49,"(NEAR RAJU GODOWN DEALER)KHASRA NO:30/6,LIBASPUR,DELHI-110 042",200085,BASKARAN K,L01,Other Industry
628,600,90040,613,603004863,10,17006416,CU1A00004,Z12116,1,1.00E-06,25920,144000,25920,144000,72000,2,144000,611,ADD000044,GSTAG18,28-11-2017 10:32,"G-1-265-RIICO INDUSTRIAL AREA4TH PHASE, BHILWARARJ -311001,MOB:9414144111",200085,BASKARAN K,502,DEALERS
629,600,90040,613,603004863,10,17006416,CU1A00004,Z12116,1,1.00E-06,25920,144000,25920,144000,72000,2,144000,611,ADD000044,GSTAG18,28-11-2017 10:32,"G-1-265-RIICO INDUSTRIAL AREA4TH PHASE, BHILWARARJ -311001,MOB:9414144111",200085,BASKARAN K,502,DEALERS
630,600,90042,613,603004852,20,17006418,CU1R00005,1199PP001,1,1.00E-06,8086.32,44924,8086.32,44924,22462,2,44924,611,1000299,GSTAG18,28-11-2017 08:31,"376 OPP. POLICE STATION4TH C ROAD,SARDARPURA JODHPUR,RAJASTHAN PIN: 342 003",200085,BASKARAN K,L01,Other Industry
631,600,90042,613,603004852,20,17006418,CU1R00005,1199PP001,1,1.00E-06,8086.32,44924,8086.32,44924,22462,2,44924,611,1000299,GSTAG18,28-11-2017 08:31,"376 OPP. POLICE STATION4TH C ROAD,SARDARPURA JODHPUR,RAJASTHAN PIN: 342 003",200085,BASKARAN K,L01,Other Industry
632,600,90042,613,603003989,40,17006427,CU1S09787,1399PI001,1,1.00E-06,4230,23500,4230,23500,23500,1,23500,611,ADD060650,GSTAG18,17-10-2017 03:15,"OPP. YMCA ,NEAR SHAISHYA TENNIS ACADEMY,OFF SG HIGH WAY,MUMATPURA ROADMAKARBA,AHMEDABAD – 380058",200085,BASKARAN K,A13,4W Unorganised/General
633,600,90042,613,603003989,40,17006427,CU1S09787,1399PI001,1,1.00E-06,4230,23500,4230,23500,23500,1,23500,611,ADD060650,GSTAG18,17-10-2017 03:15,"OPP. YMCA ,NEAR SHAISHYA TENNIS ACADEMY,OFF SG HIGH WAY,MUMATPURA ROADMAKARBA,AHMEDABAD – 380058",200085,BASKARAN K,A13,4W Unorganised/General
634,600,90050,613,603004350,10,17006342,CU1A02409,3603IHP00,1,1.00E-06,4531.86,25176.96,4531.86,25176.96,8392.32,3,25176.96,611,ADD029495,GSTAG14,06-11-2017 06:31,"No.576A, NVN LAYOUT, CROSS CUTNEAR NORTH COIMBATORE FLYOVERGANDHIPURAM,COIMBATORE -641012",200085,BASKARAN K,L01,Other Industry
635,600,90050,613,603004350,10,17006342,CU1A02409,3603IHP00,1,1.00E-06,4531.86,25176.96,4531.86,25176.96,8392.32,3,25176.96,611,ADD029495,GSTAG14,06-11-2017 06:31,"No.576A, NVN LAYOUT, CROSS CUTNEAR NORTH COIMBATORE FLYOVERGANDHIPURAM,COIMBATORE -641012",200085,BASKARAN K,L01,Other Industry
636,600,90040,613,603004071,10,17006429,CU1T00002,S15034,1,1.00E-06,21600,120000,21600,120000,60000,2,120000,611,DLC033102,GSTAG18,23-10-2017 04:39,"19,KHARVEL NAGAR, UNIT - 3,BHUBANESHWAR-751 001, ORISSA ",200085,BASKARAN K,A13,4W Unorganised/General
637,600,90040,613,603004071,10,17006429,CU1T00002,S15034,1,1.00E-06,21600,120000,21600,120000,60000,2,120000,611,DLC033102,GSTAG18,23-10-2017 04:39,"19,KHARVEL NAGAR, UNIT - 3,BHUBANESHWAR-751 001, ORISSA ",200085,BASKARAN K,A13,4W Unorganised/General
638,600,90042,613,603004254,90,17006431,CU1P01287,K13990003,1,1.00E-06,1044.36,5802,1044.36,5802,2901,2,5802,611,ADD060354,GSTAG18,30-10-2017 16:30,"PLOT NO.14(P),KOKAR INDUSTRIAL AREARANCHI-834001",200085,BASKARAN K,A01,4W Maruti
639,600,90042,613,603004254,90,17006431,CU1P01287,K13990003,1,1.00E-06,1044.36,5802,1044.36,5802,2901,2,5802,611,ADD060354,GSTAG18,30-10-2017 16:30,"PLOT NO.14(P),KOKAR INDUSTRIAL AREARANCHI-834001",200085,BASKARAN K,A01,4W Maruti
640,600,90042,613,603004198,70,17006453,CU1A04145,K13990004,1,1.00E-06,1135.8,6310,1135.8,6310,3155,2,6310,611,ADD060748,GSTAG14,27-10-2017 06:31,OPPOSITE TO MATTUTHAVANI FLOWER MARKETMELUR MAIN ROADMADURAI,200085,BASKARAN K,A01,4W Maruti
641,600,90042,613,603004198,70,17006453,CU1A04145,K13990004,1,1.00E-06,1135.8,6310,1135.8,6310,3155,2,6310,611,ADD060748,GSTAG14,27-10-2017 06:31,OPPOSITE TO MATTUTHAVANI FLOWER MARKETMELUR MAIN ROADMADURAI,200085,BASKARAN K,A01,4W Maruti
642,600,90042,613,603003914,80,17006455,CU1H00946,K13990005,1,1.00E-06,567.9,3155,567.9,3155,3155,1,3155,611,ADD060636,GSTAG18,13-10-2017 06:31,G T ROADMANDIGOBINDGARH ,200085,BASKARAN K,A01,4W Maruti
643,600,90042,613,603003914,80,17006455,CU1H00946,K13990005,1,1.00E-06,567.9,3155,567.9,3155,3155,1,3155,611,ADD060636,GSTAG18,13-10-2017 06:31,G T ROADMANDIGOBINDGARH ,200085,BASKARAN K,A01,4W Maruti
644,600,90040,613,603004766,20,17006421,CU1M02945,FRT,1,1.00E-06,11700,65000,11700,65000,65000,1,65000,611,ADD061099,GSTAG18,24-11-2017 04:31,"OPPOSITE R.K TIMBERS , VILL LUNAPANI,P.O BHANGROTU, TEH. BALHDISTT. MANDI H.P-175021",200085,BASKARAN K,A03,4W Honda
645,600,90040,613,603004766,20,17006421,CU1M02945,FRT,1,1.00E-06,11700,65000,11700,65000,65000,1,65000,611,ADD061099,GSTAG18,24-11-2017 04:31,"OPPOSITE R.K TIMBERS , VILL LUNAPANI,P.O BHANGROTU, TEH. BALHDISTT. MANDI H.P-175021",200085,BASKARAN K,A03,4W Honda
646,600,90042,613,603004454,50,17006458,CU1D00924,K13990002,1,1.00E-06,567.9,3155,567.9,3155,3155,1,3155,611,ADD060898,GSTAG18,09-11-2017 13:25,"H.NO:8-2/3 OPP: FCI GODOWN,WARANGAL CROSS ROADPEDDA TANDA VILLAGE,KHAMMAM-507003",200085,BASKARAN K,A01,4W Maruti
647,600,90042,613,603004454,50,17006458,CU1D00924,K13990002,1,1.00E-06,567.9,3155,567.9,3155,3155,1,3155,611,ADD060898,GSTAG18,09-11-2017 13:25,"H.NO:8-2/3 OPP: FCI GODOWN,WARANGAL CROSS ROADPEDDA TANDA VILLAGE,KHAMMAM-507003",200085,BASKARAN K,A01,4W Maruti
648,600,90042,613,603004763,50,17006327,CU1B00577,FRT,1,1.00E-06,2880,16000,2880,16000,16000,1,16000,611,1000668,GSTAG18,24-11-2017 04:31,"GRAND SHREE-II,2ND FLOOR(OPP.JEEVAN DEEP BUILDING)EXHIBITION RD,PATNA-800 001",200085,BASKARAN K,C08,TYRE General
649,600,90042,613,603004763,50,17006327,CU1B00577,FRT,1,1.00E-06,2880,16000,2880,16000,16000,1,16000,611,1000668,GSTAG18,24-11-2017 04:31,"GRAND SHREE-II,2ND FLOOR(OPP.JEEVAN DEEP BUILDING)EXHIBITION RD,PATNA-800 001",200085,BASKARAN K,C08,TYRE General
650,600,90040,613,603004747,10,17006338,CU1J00389,S25004,1,1.00E-06,15300,85000,15300,85000,85000,1,85000,611,DLC025045,GSTAG18,23-11-2017 06:31,"P-20, INDUSTRIAL ESTATEOPP. AMAR UJALA PRESSGWALIOR ROAD, JHANSI-284 003",200085,BASKARAN K,A04,4W Telco
651,600,90040,613,603004747,10,17006338,CU1J00389,S25004,1,1.00E-06,15300,85000,15300,85000,85000,1,85000,611,DLC025045,GSTAG18,23-11-2017 06:31,"P-20, INDUSTRIAL ESTATEOPP. AMAR UJALA PRESSGWALIOR ROAD, JHANSI-284 003",200085,BASKARAN K,A04,4W Telco
652,600,90040,613,603004342,10,17006365,CU1R01855,S15034,1,1.00E-06,32400,180000,32400,180000,60000,3,180000,611,ADD033012,GSTAG18,04-11-2017 12:31,"SUPER BAZAR,GURUGOVIND WARD.34SINDHI MOHALLA, PANDRI,RAIPUR - 492 004",200085,BASKARAN K,A13,4W Unorganised/General
653,600,90040,613,603004342,10,17006365,CU1R01855,S15034,1,1.00E-06,32400,180000,32400,180000,60000,3,180000,611,ADD033012,GSTAG18,04-11-2017 12:31,"SUPER BAZAR,GURUGOVIND WARD.34SINDHI MOHALLA, PANDRI,RAIPUR - 492 004",200085,BASKARAN K,A13,4W Unorganised/General
654,600,90040,613,603004831,10,17006367,CU1J00730,Z11013,1,1.00E-06,13500,75000,13500,75000,37500,2,75000,611,1001048,GSTAG18,27-11-2017 12:34,M 184 GAUTAM NAGARBHOPAL -462 023 MP(  Madhya Pradesh),200085,BASKARAN K,B02,2W Hero Motocorp
655,600,90040,613,603004831,10,17006367,CU1J00730,Z11013,1,1.00E-06,13500,75000,13500,75000,37500,2,75000,611,1001048,GSTAG18,27-11-2017 12:34,M 184 GAUTAM NAGARBHOPAL -462 023 MP(  Madhya Pradesh),200085,BASKARAN K,B02,2W Hero Motocorp
656,600,90042,613,603004714,30,17006369,CU1A03314,FRT,1,1.00E-06,990,5500,990,5500,5500,1,5500,611,ADD037184,GSTAG18,21-11-2017 12:32,"4 L GOPALA TOWER25,RAJENDRA PLACENEW DELHI-110008",200085,BASKARAN K,A04,4W Telco
657,600,90042,613,603004714,30,17006369,CU1A03314,FRT,1,1.00E-06,990,5500,990,5500,5500,1,5500,611,ADD037184,GSTAG18,21-11-2017 12:32,"4 L GOPALA TOWER25,RAJENDRA PLACENEW DELHI-110008",200085,BASKARAN K,A04,4W Telco
658,600,90042,613,603004890,80,17006521,CU1R02720,900300010,1,1.00E-06,1260,7000,1260,7000,7000,1,7000,611,ADD061176,GSTAG18,29-11-2017 11:41,NEAR BY GAYATRI TEMPLEABU HIGHWAY ROADPALANPUR- 385001,200085,BASKARAN K,A08,4W Hyundai
659,600,90042,613,603004890,80,17006521,CU1R02720,900300010,1,1.00E-06,1260,7000,1260,7000,7000,1,7000,611,ADD061176,GSTAG18,29-11-2017 11:41,NEAR BY GAYATRI TEMPLEABU HIGHWAY ROADPALANPUR- 385001,200085,BASKARAN K,A08,4W Hyundai
660,600,90042,613,603004890,200,17006521,CU1R02720,K13990001,1,1.00E-06,1019.16,5662,1019.16,5662,5662,1,5662,611,ADD061176,GSTAG18,29-11-2017 11:41,NEAR BY GAYATRI TEMPLEABU HIGHWAY ROADPALANPUR- 385001,200085,BASKARAN K,A08,4W Hyundai
661,600,90042,613,603004890,200,17006521,CU1R02720,K13990001,1,1.00E-06,1019.16,5662,1019.16,5662,5662,1,5662,611,ADD061176,GSTAG18,29-11-2017 11:41,NEAR BY GAYATRI TEMPLEABU HIGHWAY ROADPALANPUR- 385001,200085,BASKARAN K,A08,4W Hyundai
662,600,90042,613,603004757,20,17006529,CU1S00195,5499VT006,1,1.00E-06,140400,780000,140400,780000,780000,1,780000,611,ADD061094,GSTAG18,23-11-2017 09:14,"B-17 ,MIDC AMBADNASHIK-422010 ",200085,BASKARAN K,A26,4W - NEXA
663,600,90042,613,603004757,20,17006529,CU1S00195,5499VT006,1,1.00E-06,140400,780000,140400,780000,780000,1,780000,611,ADD061094,GSTAG18,23-11-2017 09:14,"B-17 ,MIDC AMBADNASHIK-422010 ",200085,BASKARAN K,A26,4W - NEXA
664,600,90040,613,603004862,40,17006463,CU1S00014,Z15038,1,1.00E-06,3519.9,19555,3519.9,19555,19555,1,19555,611,DA1048165,GSTAG14,28-11-2017 10:32,"SITE No.15, ELGI INDL. COMPLEXSINGANALLURCOIMBATORE-641005",200085,BASKARAN K,A01,4W Maruti
665,600,90040,613,603004862,40,17006463,CU1S00014,Z15038,1,1.00E-06,3519.9,19555,3519.9,19555,19555,1,19555,611,DA1048165,GSTAG14,28-11-2017 10:32,"SITE No.15, ELGI INDL. COMPLEXSINGANALLURCOIMBATORE-641005",200085,BASKARAN K,A01,4W Maruti
666,600,90042,613,603004812,10,17006466,CU1A00704,3899YS008,1,1.00E-06,58500,325000,58500,325000,325000,1,325000,611,ADD061137,GSTAG18,27-11-2017 12:33,INDORE ROADHATOD (M.P.) - 453111 ,200085,BASKARAN K,A01,4W Maruti
667,600,90042,613,603004812,10,17006466,CU1A00704,3899YS008,1,1.00E-06,58500,325000,58500,325000,325000,1,325000,611,ADD061137,GSTAG18,27-11-2017 12:33,INDORE ROADHATOD (M.P.) - 453111 ,200085,BASKARAN K,A01,4W Maruti
668,600,90042,613,603004581,10,17006468,CU1A00704,4899SP002,1,1.00E-06,128773.8,715410,128773.8,715410,715410,1,715410,611,ADD060973,GSTAG18,16-11-2017 08:31,"TATA CAR DEALERBEFORE EMERALD HEIGHTS SCHOOLA.B. ROAD, RAU, INDORE (M.P.) – 453331",200085,BASKARAN K,A04,4W Telco
669,600,90042,613,603004581,10,17006468,CU1A00704,4899SP002,1,1.00E-06,128773.8,715410,128773.8,715410,715410,1,715410,611,ADD060973,GSTAG18,16-11-2017 08:31,"TATA CAR DEALERBEFORE EMERALD HEIGHTS SCHOOLA.B. ROAD, RAU, INDORE (M.P.) – 453331",200085,BASKARAN K,A04,4W Telco
670,600,90042,613,603004771,20,17006476,CU1V00377,3899YS009,1,1.00E-06,6840,38000,6840,38000,38000,1,38000,611,ADD061107,GSTAG18,24-11-2017 08:31,"OPP: OLD MLA QUARTERSHYDERGUDA ROAD, NARAYANAGUDA,HYDERABAD - 500029",200085,BASKARAN K,C09,Tyre Shop - HOT
671,600,90042,613,603004771,20,17006476,CU1V00377,3899YS009,1,1.00E-06,6840,38000,6840,38000,38000,1,38000,611,ADD061107,GSTAG18,24-11-2017 08:31,"OPP: OLD MLA QUARTERSHYDERGUDA ROAD, NARAYANAGUDA,HYDERABAD - 500029",200085,BASKARAN K,C09,Tyre Shop - HOT
672,600,90040,613,603004896,10,17006572,CU1S08340,Z11005,1,1.00E-06,35100,195000,35100,195000,195000,1,195000,611,ADD059986,GSTAG18,30-11-2017 05:31,"SY.NO 2/6, BERATANA AGRAHARAHOSUR ROADBENGALURU 560100",200085,BASKARAN K,A01,4W Maruti
673,600,90040,613,603004896,10,17006572,CU1S08340,Z11005,1,1.00E-06,35100,195000,35100,195000,195000,1,195000,611,ADD059986,GSTAG18,30-11-2017 05:31,"SY.NO 2/6, BERATANA AGRAHARAHOSUR ROADBENGALURU 560100",200085,BASKARAN K,A01,4W Maruti
674,600,90040,613,603004830,10,17006550,CU1T00002,S11014,1,1.00E-06,279720,1554000,279720,1554000,1554000,1,1554000,611,ADD061141,GSTAG18,27-11-2017 12:34,"A/C-BINOD AUTOMOBILESNH-55,KANDASARANGUL - 759145",200085,BASKARAN K,A08,4W Hyundai
675,600,90040,613,603004830,10,17006550,CU1T00002,S11014,1,1.00E-06,279720,1554000,279720,1554000,1554000,1,1554000,611,ADD061141,GSTAG18,27-11-2017 12:34,"A/C-BINOD AUTOMOBILESNH-55,KANDASARANGUL - 759145",200085,BASKARAN K,A08,4W Hyundai
676,600,90040,613,603004830,20,17006550,CU1T00002,S11016,1,1.00E-06,33480,186000,33480,186000,186000,1,186000,611,ADD061141,GSTAG18,27-11-2017 12:34,"A/C-BINOD AUTOMOBILESNH-55,KANDASARANGUL - 759145",200085,BASKARAN K,A08,4W Hyundai
677,600,90040,613,603004830,20,17006550,CU1T00002,S11016,1,1.00E-06,33480,186000,33480,186000,186000,1,186000,611,ADD061141,GSTAG18,27-11-2017 12:34,"A/C-BINOD AUTOMOBILESNH-55,KANDASARANGUL - 759145",200085,BASKARAN K,A08,4W Hyundai
678,600,90042,613,603004407,10,17006552,CU1S08424,1399PI001,1,1.00E-06,4500,25000,4500,25000,25000,1,25000,611,ADD060882,GSTAG14,08-11-2017 12:31,"BLOCK NO: 33/1/B, NR. KANCHAN PHARMA, NR. RING ROADNH 8, BARODA ROAD, ASLALIAHMEDABAD – 382427",200085,BASKARAN K,E06,OIL - Others
679,600,90042,613,603004407,10,17006552,CU1S08424,1399PI001,1,1.00E-06,4500,25000,4500,25000,25000,1,25000,611,ADD060882,GSTAG14,08-11-2017 12:31,"BLOCK NO: 33/1/B, NR. KANCHAN PHARMA, NR. RING ROADNH 8, BARODA ROAD, ASLALIAHMEDABAD – 382427",200085,BASKARAN K,E06,OIL - Others
680,600,90042,613,603004536,70,17006578,CU1C02180,TMTA00527,1,1.00E-06,4140,23000,4140,23000,23000,1,23000,611,ADD060948,GSTAG18,14-11-2017 12:50,"BESIDE CITY PARKPANNA ROAD, AMOUDHASATNA (M.P.) - 485001",200085,BASKARAN K,A26,4W - NEXA
681,600,90042,613,603004536,70,17006578,CU1C02180,TMTA00527,1,1.00E-06,4140,23000,4140,23000,23000,1,23000,611,ADD060948,GSTAG18,14-11-2017 12:50,"BESIDE CITY PARKPANNA ROAD, AMOUDHASATNA (M.P.) - 485001",200085,BASKARAN K,A26,4W - NEXA
682,600,90042,613,603004536,130,17006578,CU1C02180,TMTA00515,1,1.00E-06,12960,72000,12960,72000,72000,1,72000,611,ADD060948,GSTAG18,14-11-2017 12:50,"BESIDE CITY PARKPANNA ROAD, AMOUDHASATNA (M.P.) - 485001",200085,BASKARAN K,A26,4W - NEXA
683,600,90042,613,603004536,130,17006578,CU1C02180,TMTA00515,1,1.00E-06,12960,72000,12960,72000,72000,1,72000,611,ADD060948,GSTAG18,14-11-2017 12:50,"BESIDE CITY PARKPANNA ROAD, AMOUDHASATNA (M.P.) - 485001",200085,BASKARAN K,A26,4W - NEXA
684,600,90050,613,603004913,30,17006606,CU1A02409,3603IJB00,1,1.00E-06,3118.76,17326.4,3118.76,17326.4,8663.2,2,17326.4,611,DLC040129,GSTAG14,30-11-2017 07:31,"No.576A, NVN LAYOUT, CROSS CUTNEAR NORTH COIMBATORE FLYOVERGANDHIPURAM, COIMBATORE",200085,BASKARAN K,L01,Other Industry
685,600,90050,613,603004913,30,17006606,CU1A02409,3603IJB00,1,1.00E-06,3118.76,17326.4,3118.76,17326.4,8663.2,2,17326.4,611,DLC040129,GSTAG14,30-11-2017 07:31,"No.576A, NVN LAYOUT, CROSS CUTNEAR NORTH COIMBATORE FLYOVERGANDHIPURAM, COIMBATORE",200085,BASKARAN K,L01,Other Industry
686,600,90040,613,603004682,10,17006492,CU1M01991,S12102,1,1.00E-06,12600,70000,12600,70000,70000,1,70000,611,ADD026854,GSTAG18,20-11-2017 16:33,OPPOSITE RAILWAY STATIONCHAR BAGHLUCKNOW,200085,BASKARAN K,A04,4W Telco
687,600,90040,613,603004682,10,17006492,CU1M01991,S12102,1,1.00E-06,12600,70000,12600,70000,70000,1,70000,611,ADD026854,GSTAG18,20-11-2017 16:33,OPPOSITE RAILWAY STATIONCHAR BAGHLUCKNOW,200085,BASKARAN K,A04,4W Telco
688,600,90042,613,603004410,20,17006502,CU1S08424,FRT,1,1.00E-06,360,2000,360,2000,2000,1,2000,611,ADD060884,GSTAG18,08-11-2017 12:31,"S.NO.39/1A, MUNDHWA BYPASS ROADKHARADI,PUNE - 411014",200085,BASKARAN K,A13,4W Unorganised/General
689,600,90042,613,603004410,20,17006502,CU1S08424,FRT,1,1.00E-06,360,2000,360,2000,2000,1,2000,611,ADD060884,GSTAG18,08-11-2017 12:31,"S.NO.39/1A, MUNDHWA BYPASS ROADKHARADI,PUNE - 411014",200085,BASKARAN K,A13,4W Unorganised/General
690,600,90042,613,603004662,10,17006621,CU1A03950,2399BR001,1,1.00E-06,14796.7,82203.9,14796.7,82203.9,82203.9,1,82203.9,611,DA1070328,GSTAG18,20-11-2017 14:32,"VILLAGE-BITAULI,SITAPUR ROAD,LUCKNOW,UP-226 010 ",200085,BASKARAN K,A23,4W - RENAULT
691,600,90042,613,603004662,10,17006621,CU1A03950,2399BR001,1,1.00E-06,14796.7,82203.9,14796.7,82203.9,82203.9,1,82203.9,611,DA1070328,GSTAG18,20-11-2017 14:32,"VILLAGE-BITAULI,SITAPUR ROAD,LUCKNOW,UP-226 010 ",200085,BASKARAN K,A23,4W - RENAULT
692,600,90042,613,603004662,20,17006621,CU1A03950,FRT,1,1.00E-06,540,3000,540,3000,3000,1,3000,611,DA1070328,GSTAG18,20-11-2017 14:32,"VILLAGE-BITAULI,SITAPUR ROAD,LUCKNOW,UP-226 010 ",200085,BASKARAN K,A23,4W - RENAULT
693,600,90042,613,603004662,20,17006621,CU1A03950,FRT,1,1.00E-06,540,3000,540,3000,3000,1,3000,611,DA1070328,GSTAG18,20-11-2017 14:32,"VILLAGE-BITAULI,SITAPUR ROAD,LUCKNOW,UP-226 010 ",200085,BASKARAN K,A23,4W - RENAULT
694,600,90040,613,603005030,10,17006692,CU1V01656,S13002,1,1.00E-06,11817,65650,11817,65650,13130,5,65650,611,DLC068081,GSTAG18,08-12-2017 03:31,"S-19-20, NITYANAND NAGAR - 3STREET No. 9,GANDHI PATH,VAISHALI NAGAR,JAIPUR -302 021",200085,BASKARAN K,L01,Other Industry
695,600,90040,613,603005030,10,17006692,CU1V01656,S13002,1,1.00E-06,11817,65650,11817,65650,13130,5,65650,611,DLC068081,GSTAG18,08-12-2017 03:31,"S-19-20, NITYANAND NAGAR - 3STREET No. 9,GANDHI PATH,VAISHALI NAGAR,JAIPUR -302 021",200085,BASKARAN K,L01,Other Industry
696,600,90040,613,603004607,10,17006707,CU1K00185,S12102,1,1.00E-06,13845.6,76920,13845.6,76920,76920,1,76920,611,ADD007460,GSTAG14,17-11-2017 08:42,"NO.5 ANNA STADIUM BUILDINGBALAMORE ROAD,NAGERCOIL629001-TN,MOB:98943 88747",200085,BASKARAN K,C09,Tyre Shop - HOT
697,600,90040,613,603004607,10,17006707,CU1K00185,S12102,1,1.00E-06,13845.6,76920,13845.6,76920,76920,1,76920,611,ADD007460,GSTAG14,17-11-2017 08:42,"NO.5 ANNA STADIUM BUILDINGBALAMORE ROAD,NAGERCOIL629001-TN,MOB:98943 88747",200085,BASKARAN K,C09,Tyre Shop - HOT
698,600,90040,613,603004829,20,17006710,CU1B02642,FRT,1,1.00E-06,1620,9000,1620,9000,9000,1,9000,611,ADD061110,GSTAG18,27-11-2017 12:34,"64,DADA ESTATE,OPP HOTEL SAVANSARKHEJ-SANAND CIRCLE,SARKHEJ, AHMEDABAD-382210",200085,BASKARAN K,A04,4W Telco
699,600,90040,613,603004829,20,17006710,CU1B02642,FRT,1,1.00E-06,1620,9000,1620,9000,9000,1,9000,611,ADD061110,GSTAG18,27-11-2017 12:34,"64,DADA ESTATE,OPP HOTEL SAVANSARKHEJ-SANAND CIRCLE,SARKHEJ, AHMEDABAD-382210",200085,BASKARAN K,A04,4W Telco
700,600,90040,613,603004979,40,17006711,CU1K00678,Z46016,1,1.00E-06,133200,740000,133200,740000,740000,1,740000,611,ADD061217,GSTAG14,05-12-2017 06:31,"A-2,1ST MAIN ROADINDUSTRIAL ESTATEAMBATTUR,CHENNAI-600058",200085,BASKARAN K,A23,4W - RENAULT
701,600,90040,613,603004979,40,17006711,CU1K00678,Z46016,1,1.00E-06,133200,740000,133200,740000,740000,1,740000,611,ADD061217,GSTAG14,05-12-2017 06:31,"A-2,1ST MAIN ROADINDUSTRIAL ESTATEAMBATTUR,CHENNAI-600058",200085,BASKARAN K,A23,4W - RENAULT
702,600,90040,613,603005004,20,17006717,CU1S00002,Z11016,1,1.00E-06,32400,180000,32400,180000,180000,1,180000,611,ADD061245,GSTAG18,06-12-2017 12:31,"C/O-KUMAR AUTOMOBILESDHURPADA,NH-215KEONJHAR-758013",200085,BASKARAN K,A01,4W Maruti
703,600,90040,613,603005004,20,17006717,CU1S00002,Z11016,1,1.00E-06,32400,180000,32400,180000,180000,1,180000,611,ADD061245,GSTAG18,06-12-2017 12:31,"C/O-KUMAR AUTOMOBILESDHURPADA,NH-215KEONJHAR-758013",200085,BASKARAN K,A01,4W Maruti
704,600,90040,613,603004515,20,17006662,CU1M02036,Z11005,1,1.00E-06,37800,210000,37800,210000,210000,1,210000,611,ADD060932,GSTAG18,13-11-2017 13:12,"SURVEY NO./GAT NO.- 94,SANDBHORWADITAL. KHEDDIST. PUNE - 410505",200085,BASKARAN K,A01,4W Maruti
705,600,90040,613,603004515,20,17006662,CU1M02036,Z11005,1,1.00E-06,37800,210000,37800,210000,210000,1,210000,611,ADD060932,GSTAG18,13-11-2017 13:12,"SURVEY NO./GAT NO.- 94,SANDBHORWADITAL. KHEDDIST. PUNE - 410505",200085,BASKARAN K,A01,4W Maruti
706,600,90040,613,603004949,10,17006647,CU1R02617,S46024,1,1.00E-06,34200,190000,34200,190000,190000,1,190000,611,DLC072825,GSTAG18,02-12-2017 17:31,"BESIDES VICENZA HIGH DECKVADSAR KALALI ROADCHANAKYA NAGARI,KALALI,VADODARA-390 012",200085,BASKARAN K,A08,4W Hyundai
707,600,90040,613,603004949,10,17006647,CU1R02617,S46024,1,1.00E-06,34200,190000,34200,190000,190000,1,190000,611,DLC072825,GSTAG18,02-12-2017 17:31,"BESIDES VICENZA HIGH DECKVADSAR KALALI ROADCHANAKYA NAGARI,KALALI,VADODARA-390 012",200085,BASKARAN K,A08,4W Hyundai
708,600,90042,613,603004876,10,17006652,CU1A00881,3603VDE00,1,1.00E-06,20160,72000,20160,72000,72000,1,72000,611,ADD000915,GSTAG19,29-11-2017 02:31,"No.80/7,DODAMMA TEMPLE ROADBEHIND HDFC BANK,HULIMAVUBANGALORE - 560 075",200085,BASKARAN K,A08,4W Hyundai
709,600,90042,613,603004876,10,17006652,CU1A00881,3603VDE00,1,1.00E-06,20160,72000,20160,72000,72000,1,72000,611,ADD000915,GSTAG19,29-11-2017 02:31,"No.80/7,DODAMMA TEMPLE ROADBEHIND HDFC BANK,HULIMAVUBANGALORE - 560 075",200085,BASKARAN K,A08,4W Hyundai
710,600,90042,613,603004795,10,17006670,CU1P02029,110467140,1,1.00E-06,3600,20000,3600,20000,20000,1,20000,611,ADD061108,GSTAG18,25-11-2017 04:31,"KAMRE, RATU ROADRANCHI835222",200085,BASKARAN K,A24,4W - MFC
711,600,90042,613,603004795,10,17006670,CU1P02029,110467140,1,1.00E-06,3600,20000,3600,20000,20000,1,20000,611,ADD061108,GSTAG18,25-11-2017 04:31,"KAMRE, RATU ROADRANCHI835222",200085,BASKARAN K,A24,4W - MFC
712,600,90042,613,603005062,10,17006754,CU1E00959,3603VDE00,1,1.00E-06,28000,100000,28000,100000,50000,2,100000,611,DLC061974,GSTAG19,09-12-2017 09:31,"3523/49A,SECOND FLOORBALAJI MARKET,GALI HAQIM BAQAHAUZ KAZI, DELHI - 110 006",200085,BASKARAN K,L01,Other Industry
713,600,90042,613,603005062,10,17006754,CU1E00959,3603VDE00,1,1.00E-06,28000,100000,28000,100000,50000,2,100000,611,DLC061974,GSTAG19,09-12-2017 09:31,"3523/49A,SECOND FLOORBALAJI MARKET,GALI HAQIM BAQAHAUZ KAZI, DELHI - 110 006",200085,BASKARAN K,L01,Other Industry
714,600,90042,613,603005062,40,17006754,CU1E00959,FRT,1,1.00E-06,840,3000,840,3000,3000,1,3000,611,DLC061974,GSTAG19,09-12-2017 09:31,"3523/49A,SECOND FLOORBALAJI MARKET,GALI HAQIM BAQAHAUZ KAZI, DELHI - 110 006",200085,BASKARAN K,L01,Other Industry
715,600,90042,613,603005062,40,17006754,CU1E00959,FRT,1,1.00E-06,840,3000,840,3000,3000,1,3000,611,DLC061974,GSTAG19,09-12-2017 09:31,"3523/49A,SECOND FLOORBALAJI MARKET,GALI HAQIM BAQAHAUZ KAZI, DELHI - 110 006",200085,BASKARAN K,L01,Other Industry
716,600,90042,613,603005020,90,17006757,CU1S09812,200320440,1,1.00E-06,9900,55000,9900,55000,55000,1,55000,611,ADD061248,GSTAG18,07-12-2017 11:31,"B-65/2, WAZIRPUR INDUSTRIAL AREADELHI -110 052MOBILE : 9650517788",200085,BASKARAN K,A09,4W Ford
717,600,90042,613,603005020,90,17006757,CU1S09812,200320440,1,1.00E-06,9900,55000,9900,55000,55000,1,55000,611,ADD061248,GSTAG18,07-12-2017 11:31,"B-65/2, WAZIRPUR INDUSTRIAL AREADELHI -110 052MOBILE : 9650517788",200085,BASKARAN K,A09,4W Ford
718,600,90042,613,603004993,10,17006684,CU1C00001,1199PP002,1,1.00E-06,27941.76,155232,27941.76,155232,38808,4,155232,611,PLC000290,GSTAG18,06-12-2017 03:31,OPP.ALL INDIA RADIO STATIONBANDAR ROADVIJAYAWADA,200085,BASKARAN K,L01,Other Industry
719,600,90042,613,603004993,10,17006684,CU1C00001,1199PP002,1,1.00E-06,27941.76,155232,27941.76,155232,38808,4,155232,611,PLC000290,GSTAG18,06-12-2017 03:31,OPP.ALL INDIA RADIO STATIONBANDAR ROADVIJAYAWADA,200085,BASKARAN K,L01,Other Industry
720,600,90040,613,603005019,30,17006775,CU1S09812,S12119,1,1.00E-06,24840,138000,24840,138000,138000,1,138000,611,ADD061248,GSTAG18,07-12-2017 11:31,"B-65/2, WAZIRPUR INDUSTRIAL AREADELHI -110 052MOBILE : 9650517788",200085,BASKARAN K,A09,4W Ford
721,600,90040,613,603005019,30,17006775,CU1S09812,S12119,1,1.00E-06,24840,138000,24840,138000,138000,1,138000,611,ADD061248,GSTAG18,07-12-2017 11:31,"B-65/2, WAZIRPUR INDUSTRIAL AREADELHI -110 052MOBILE : 9650517788",200085,BASKARAN K,A09,4W Ford
722,600,90040,613,603005082,10,17006790,CU1R01855,S25004,1,1.00E-06,19800,110000,19800,110000,110000,1,110000,611,DLC048275,GSTAG18,11-12-2017 12:31,DHAMTRI ROADPACHPEDI NAKARAIPUR,200085,BASKARAN K,A01,4W Maruti
723,600,90040,613,603005082,10,17006790,CU1R01855,S25004,1,1.00E-06,19800,110000,19800,110000,110000,1,110000,611,DLC048275,GSTAG18,11-12-2017 12:31,DHAMTRI ROADPACHPEDI NAKARAIPUR,200085,BASKARAN K,A01,4W Maruti
724,600,90042,613,603005084,20,17006792,CU1E00794,2399BR001,1,1.00E-06,10800,60000,10800,60000,60000,1,60000,611,ADD061294,GSTAG18,11-12-2017 12:31,VIJAY NAGARSANGLI - 416 416 ,200085,BASKARAN K,A13,4W Unorganised/General
725,600,90042,613,603005084,20,17006792,CU1E00794,2399BR001,1,1.00E-06,10800,60000,10800,60000,60000,1,60000,611,ADD061294,GSTAG18,11-12-2017 12:31,VIJAY NAGARSANGLI - 416 416 ,200085,BASKARAN K,A13,4W Unorganised/General
726,600,90042,613,603005085,10,17006794,CU1A04048,9099EL007,1,1.00E-06,34200,190000,34200,190000,190000,1,190000,611,ADD061293,GSTAG18,11-12-2017 12:31,"PLOT NO.618/2,NEAR CHIDAMBARA INTERNATIONALSAMBHALPUR ROADTELIBANDHA RAIPUR",200085,BASKARAN K,A08,4W Hyundai
727,600,90042,613,603005085,10,17006794,CU1A04048,9099EL007,1,1.00E-06,34200,190000,34200,190000,190000,1,190000,611,ADD061293,GSTAG18,11-12-2017 12:31,"PLOT NO.618/2,NEAR CHIDAMBARA INTERNATIONALSAMBHALPUR ROADTELIBANDHA RAIPUR",200085,BASKARAN K,A08,4W Hyundai
728,600,90040,613,603004642,10,17006851,CU1S05933,Z12115,1,1.00E-06,14400,80000,14400,80000,80000,1,80000,611,ADD027248,GSTAG18,20-11-2017 04:31,"\#8, Ist FLOORSWIMMING POOL COMPLEXHUBLI-580029",200085,BASKARAN K,502,DEALERS
729,600,90040,613,603004642,10,17006851,CU1S05933,Z12115,1,1.00E-06,14400,80000,14400,80000,80000,1,80000,611,ADD027248,GSTAG18,20-11-2017 04:31,"\#8, Ist FLOORSWIMMING POOL COMPLEXHUBLI-580029",200085,BASKARAN K,502,DEALERS
730,600,90040,613,603004981,10,17006981,CU1C02488,S12102,1,1.00E-06,14293.26,79407,14293.26,79407,79407,1,79407,611,DLC073231,GSTAG14,05-12-2017 07:31,"5/486, SWAMINATHAN NAGAR,3rd CROSS ST.,VENKATESHAPURAM MAIN ROADKOTTIVAKKAM, CHENNAI - 600041",200085,BASKARAN K,A13,4W Unorganised/General
731,600,90040,613,603004981,10,17006981,CU1C02488,S12102,1,1.00E-06,14293.26,79407,14293.26,79407,79407,1,79407,611,DLC073231,GSTAG14,05-12-2017 07:31,"5/486, SWAMINATHAN NAGAR,3rd CROSS ST.,VENKATESHAPURAM MAIN ROADKOTTIVAKKAM, CHENNAI - 600041",200085,BASKARAN K,A13,4W Unorganised/General
732,600,90040,613,603004358,70,17006861,CU1A03225,Z13037,1,1.00E-06,4975,99500,4975,99500,1990,50,99500,611,ADD034914,GSTAG16,06-11-2017 06:31,"No.3,16&17 KIADB INDL AREADODDABALLAPURBANGALORE-561203",200085,BASKARAN K,L01,Other Industry
733,600,90040,613,603004358,70,17006861,CU1A03225,Z13037,1,1.00E-06,4975,99500,4975,99500,1990,50,99500,611,ADD034914,GSTAG16,06-11-2017 06:31,"No.3,16&17 KIADB INDL AREADODDABALLAPURBANGALORE-561203",200085,BASKARAN K,L01,Other Industry
734,600,90040,613,603004931,10,17006883,CU1N03105,S15034,1,1.00E-06,24480,136000,24480,136000,68000,2,136000,611,ADD061199,GSTAG18,01-12-2017 11:31,INFANTRY MHOWINDORE (M.P.)453441,200085,BASKARAN K,C08,TYRE General
735,600,90040,613,603004931,10,17006883,CU1N03105,S15034,1,1.00E-06,24480,136000,24480,136000,68000,2,136000,611,ADD061199,GSTAG18,01-12-2017 11:31,INFANTRY MHOWINDORE (M.P.)453441,200085,BASKARAN K,C08,TYRE General
736,600,90042,613,603005022,10,17006818,CU1I00366,1199PP002,1,1.00E-06,7830,43500,7830,43500,43500,1,43500,611,PLC006934,GSTAG18,07-12-2017 11:31,"B & B HOUSE,SWASTIK CROSS ROADC. G. ROAD,NAVARANGPURAAHMEDABAD - 380 009",200085,BASKARAN K,B01,2W HMSI
737,600,90042,613,603005022,10,17006818,CU1I00366,1199PP002,1,1.00E-06,7830,43500,7830,43500,43500,1,43500,611,PLC006934,GSTAG18,07-12-2017 11:31,"B & B HOUSE,SWASTIK CROSS ROADC. G. ROAD,NAVARANGPURAAHMEDABAD - 380 009",200085,BASKARAN K,B01,2W HMSI
738,600,90040,613,603005105,20,17006828,CU1T00002,Z12116,1,1.00E-06,12600,70000,12600,70000,70000,1,70000,611,ADD061307,GSTAG18,12-12-2017 10:31,"C/o. M/s. SKY AUTOMOBILESPRATAP NAGARI,NH-55CUTTACK-753011",200085,BASKARAN K,A01,4W Maruti
739,600,90040,613,603005105,20,17006828,CU1T00002,Z12116,1,1.00E-06,12600,70000,12600,70000,70000,1,70000,611,ADD061307,GSTAG18,12-12-2017 10:31,"C/o. M/s. SKY AUTOMOBILESPRATAP NAGARI,NH-55CUTTACK-753011",200085,BASKARAN K,A01,4W Maruti
740,600,90050,613,603005261,90,17006984,CU1S02416,3603POV00,1,1.00E-06,6444.9,35805,6444.9,35805,11935,3,35805,611,PLC002906,GSTAG18,19-12-2017 06:31,"\#156, MPM LANEIst FLOOR, SP ROADBANGALORE-560002",200085,BASKARAN K,E04,OIL RELIANCE
741,600,90050,613,603005261,90,17006984,CU1S02416,3603POV00,1,1.00E-06,6444.9,35805,6444.9,35805,11935,3,35805,611,PLC002906,GSTAG18,19-12-2017 06:31,"\#156, MPM LANEIst FLOOR, SP ROADBANGALORE-560002",200085,BASKARAN K,E04,OIL RELIANCE
742,600,90040,613,603005162,50,17006987,CU1J00614,Z15038,1,1.00E-06,4230,23500,4230,23500,23500,1,23500,611,ADD061336,GSTAG18,15-12-2017 06:31,SAKTA CHAKTEH & DISTT. KATH184101,200085,BASKARAN K,A01,4W Maruti
743,600,90040,613,603005162,50,17006987,CU1J00614,Z15038,1,1.00E-06,4230,23500,4230,23500,23500,1,23500,611,ADD061336,GSTAG18,15-12-2017 06:31,SAKTA CHAKTEH & DISTT. KATH184101,200085,BASKARAN K,A01,4W Maruti
744,600,90040,613,603004717,20,17006990,CU1A03833,80302750,1,1.00E-06,5764.92,20589,5764.92,20589,20589,1,20589,611,ADD061066,GSTAG15,21-11-2017 12:32,"(A UNIT OF AI ENTERPRISES PVT LTD)NO-23/2,VENKATANARAYANA ROADT.NAGAR,CHENNAI-600017",200085,BASKARAN K,A01,4W Maruti
745,600,90040,613,603004717,20,17006990,CU1A03833,80302750,1,1.00E-06,5764.92,20589,5764.92,20589,20589,1,20589,611,ADD061066,GSTAG15,21-11-2017 12:32,"(A UNIT OF AI ENTERPRISES PVT LTD)NO-23/2,VENKATANARAYANA ROADT.NAGAR,CHENNAI-600017",200085,BASKARAN K,A01,4W Maruti
746,600,90040,613,603004875,10,17006957,CU1T03525,S13008,1,1.00E-06,335,6700,335,6700,6700,1,6700,611,ADD061129,GSTAG12,29-11-2017 02:31,"NO.37/1, COLLECTOR OFFICE ROADVELLORE - 632 001TAMILNADU",200085,BASKARAN K,L01,Other Industry
747,600,90040,613,603004875,10,17006957,CU1T03525,S13008,1,1.00E-06,335,6700,335,6700,6700,1,6700,611,ADD061129,GSTAG12,29-11-2017 02:31,"NO.37/1, COLLECTOR OFFICE ROADVELLORE - 632 001TAMILNADU",200085,BASKARAN K,L01,Other Industry
748,600,90040,613,603005157,20,17006927,CU1V01437,Z20001,1,1.00E-06,33480,186000,33480,186000,62000,3,186000,611,ADD061338,GSTAG18,15-12-2017 06:31,HATHRAS204101 ,200085,BASKARAN K,A05,4W M & M
749,600,90040,613,603005157,20,17006927,CU1V01437,Z20001,1,1.00E-06,33480,186000,33480,186000,62000,3,186000,611,ADD061338,GSTAG18,15-12-2017 06:31,HATHRAS204101 ,200085,BASKARAN K,A05,4W M & M
750,600,90042,613,603005205,30,17006965,CU1A00704,FRT,1,1.00E-06,1440,8000,1440,8000,8000,1,8000,611,ADD061348,GSTAG18,18-12-2017 04:31,BACHHRON CHOURAHAPICHHORDIST. SHIVPURI - 437995,200085,BASKARAN K,C08,TYRE General
751,600,90042,613,603005205,30,17006965,CU1A00704,FRT,1,1.00E-06,1440,8000,1440,8000,8000,1,8000,611,ADD061348,GSTAG18,18-12-2017 04:31,BACHHRON CHOURAHAPICHHORDIST. SHIVPURI - 437995,200085,BASKARAN K,C08,TYRE General
752,600,90042,613,603005215,10,17006968,CU1A02024,200320440,1,1.00E-06,9900,55000,9900,55000,55000,1,55000,611,DLC066236,GSTAG18,18-12-2017 05:30," HARDOI, 241001- UP",200085,BASKARAN K,C08,TYRE General
753,600,90042,613,603005215,10,17006968,CU1A02024,200320440,1,1.00E-06,9900,55000,9900,55000,55000,1,55000,611,DLC066236,GSTAG18,18-12-2017 05:30," HARDOI, 241001- UP",200085,BASKARAN K,C08,TYRE General
754,600,90042,613,603005007,40,17007075,CU1S05827,2399BR006,1,1.00E-06,11700,65000,11700,65000,65000,1,65000,611,ADD061246,GSTAG18,06-12-2017 12:31," A/C SHARDA SERVICESSARISTABAD NEW BYE PASSNEAR- 70 FEET ROAD,PATNA-800002",200085,BASKARAN K,A26,4W - NEXA
755,600,90042,613,603005007,40,17007075,CU1S05827,2399BR006,1,1.00E-06,11700,65000,11700,65000,65000,1,65000,611,ADD061246,GSTAG18,06-12-2017 12:31," A/C SHARDA SERVICESSARISTABAD NEW BYE PASSNEAR- 70 FEET ROAD,PATNA-800002",200085,BASKARAN K,A26,4W - NEXA
756,600,90040,613,603005251,10,17007079,CU1V01283,Z11013,1,1.00E-06,20250,112500,20250,112500,37500,3,112500,611,DA1053856,GSTAG18,19-12-2017 04:31,"ROUND BUILDING,ATHAGAON,A.T.ROADBHARALUMUKH,NR.RAILWAY GAT NO.7,GUWAHATI (ASSAM) - 781 009",200085,BASKARAN K,B02,2W Hero Motocorp
757,600,90040,613,603005251,10,17007079,CU1V01283,Z11013,1,1.00E-06,20250,112500,20250,112500,37500,3,112500,611,DA1053856,GSTAG18,19-12-2017 04:31,"ROUND BUILDING,ATHAGAON,A.T.ROADBHARALUMUKH,NR.RAILWAY GAT NO.7,GUWAHATI (ASSAM) - 781 009",200085,BASKARAN K,B02,2W Hero Motocorp
758,600,90050,613,603004498,30,17007044,CU1A02409,3603BAP00,1,1.00E-06,7969.5,44275,7969.5,44275,8855,5,44275,611,ADD029495,GSTAG14,13-11-2017 08:34,"No.576A, NVN LAYOUT, CROSS CUTNEAR NORTH COIMBATORE FLYOVERGANDHIPURAM,COIMBATORE -641012",200085,BASKARAN K,L01,Other Industry
759,600,90050,613,603004498,30,17007044,CU1A02409,3603BAP00,1,1.00E-06,7969.5,44275,7969.5,44275,8855,5,44275,611,ADD029495,GSTAG14,13-11-2017 08:34,"No.576A, NVN LAYOUT, CROSS CUTNEAR NORTH COIMBATORE FLYOVERGANDHIPURAM,COIMBATORE -641012",200085,BASKARAN K,L01,Other Industry
760,600,90042,613,603005236,30,17007057,CU1S02416,200320450,1,1.00E-06,14652,81400,14652,81400,81400,1,81400,611,ADD061363,GSTAG18,18-12-2017 12:31,"BASAVA NILAYA,1ST MAIN ROAD K K COLONYNEAR B D A OFFICEVIJAYAPURA - 586109",200085,BASKARAN K,C09,Tyre Shop - HOT
761,600,90042,613,603005236,30,17007057,CU1S02416,200320450,1,1.00E-06,14652,81400,14652,81400,81400,1,81400,611,ADD061363,GSTAG18,18-12-2017 12:31,"BASAVA NILAYA,1ST MAIN ROAD K K COLONYNEAR B D A OFFICEVIJAYAPURA - 586109",200085,BASKARAN K,C09,Tyre Shop - HOT
762,600,90042,613,603005386,40,17007130,CU1P02029,200320440,1,1.00E-06,10440,58000,10440,58000,58000,1,58000,611,DLC073110,GSTAG18,22-12-2017 06:31,"HOUSE NO L-18,AGRORA HOUSING COLONY,BEHIND ARGORA MAIDAN,NEAR SHIVE MANDIR,AGRORA CHOWKRANCHI,JHARKHAND - 834 002",200085,BASKARAN K,A13,4W Unorganised/General
763,600,90042,613,603005386,40,17007130,CU1P02029,200320440,1,1.00E-06,10440,58000,10440,58000,58000,1,58000,611,DLC073110,GSTAG18,22-12-2017 06:31,"HOUSE NO L-18,AGRORA HOUSING COLONY,BEHIND ARGORA MAIDAN,NEAR SHIVE MANDIR,AGRORA CHOWKRANCHI,JHARKHAND - 834 002",200085,BASKARAN K,A13,4W Unorganised/General
764,600,90042,613,603005304,10,17007011,CU1S02416,3899YS008,1,1.00E-06,54000,300000,54000,300000,300000,1,300000,611,ADD061398,GSTAG18,20-12-2017 04:31,"# 08, 17 TH CROSSK R ROAD BSK 2 ND STAGEBENGALURU -560070",200085,BASKARAN K,A13,4W Unorganised/General
765,600,90042,613,603005304,10,17007011,CU1S02416,3899YS008,1,1.00E-06,54000,300000,54000,300000,300000,1,300000,611,ADD061398,GSTAG18,20-12-2017 04:31,"# 08, 17 TH CROSSK R ROAD BSK 2 ND STAGEBENGALURU -560070",200085,BASKARAN K,A13,4W Unorganised/General
766,600,90042,613,603005308,10,17007027,CU1A04164,1399PI001,1,1.00E-06,10530,58500,10530,58500,19500,3,58500,611,ADD061383,GSTAG18,20-12-2017 04:31,AZAD MALL COMPLEXNEAR DEGREE COLLEGE BRARIPORAHANDWARA SRINAGAR J&K-193221,200085,BASKARAN K,A08,4W Hyundai
767,600,90042,613,603005308,10,17007027,CU1A04164,1399PI001,1,1.00E-06,10530,58500,10530,58500,19500,3,58500,611,ADD061383,GSTAG18,20-12-2017 04:31,AZAD MALL COMPLEXNEAR DEGREE COLLEGE BRARIPORAHANDWARA SRINAGAR J&K-193221,200085,BASKARAN K,A08,4W Hyundai
768,600,90040,613,603005272,10,17007029,CU1M04080,S25004,1,1.00E-06,17437.86,96877,17437.86,96877,96877,1,96877,611,ADD061368,GSTAG18,19-12-2017 07:31,"GOVT ITINASIRABAD ROADMAKHUPURA, AJMER - 305001",200085,BASKARAN K,A01,4W Maruti
769,600,90040,613,603005272,10,17007029,CU1M04080,S25004,1,1.00E-06,17437.86,96877,17437.86,96877,96877,1,96877,611,ADD061368,GSTAG18,19-12-2017 07:31,"GOVT ITINASIRABAD ROADMAKHUPURA, AJMER - 305001",200085,BASKARAN K,A01,4W Maruti
770,600,90042,613,603005500,120,17007317,CU1E01102,K13990007,1,1.00E-06,6660,37000,6660,37000,7400,5,37000,611,ADD061500,GSTAG18,28-12-2017 09:31,PILIBHIT BY-PASS ROADOPPOSITE FUN CITYBAREILLY(U.P.)-243 006,200085,BASKARAN K,A01,4W Maruti
771,600,90042,613,603005500,120,17007317,CU1E01102,K13990007,1,1.00E-06,6660,37000,6660,37000,7400,5,37000,611,ADD061500,GSTAG18,28-12-2017 09:31,PILIBHIT BY-PASS ROADOPPOSITE FUN CITYBAREILLY(U.P.)-243 006,200085,BASKARAN K,A01,4W Maruti
772,600,90042,613,603005293,20,17007328,CU1V01749,K13990001,1,1.00E-06,567.9,3155,567.9,3155,3155,1,3155,611,ADD060402,GSTAG18,19-12-2017 13:31,"R.S.NO.33/3A, DOOR NO.1-4-2081-4-208/1,RTC WORK SHOP ROADBHAVANIPURAM,VIJAYAWADA-520012",200085,BASKARAN K,A01,4W Maruti
773,600,90042,613,603005293,20,17007328,CU1V01749,K13990001,1,1.00E-06,567.9,3155,567.9,3155,3155,1,3155,611,ADD060402,GSTAG18,19-12-2017 13:31,"R.S.NO.33/3A, DOOR NO.1-4-2081-4-208/1,RTC WORK SHOP ROADBHAVANIPURAM,VIJAYAWADA-520012",200085,BASKARAN K,A01,4W Maruti
774,600,90042,613,603005229,30,17007329,CU1V00377,1399SA014,1,1.00E-06,13141.8,73010,13141.8,73010,14602,5,73010,611,DLC034470,GSTAG18,18-12-2017 09:30,"PLOT No.2-11, B/S MISSAMMA TEMPLEHYDER NAGAR, KUKATPALLYHYDERABAD - 500 085",200085,BASKARAN K,A01,4W Maruti
775,600,90042,613,603005229,30,17007329,CU1V00377,1399SA014,1,1.00E-06,13141.8,73010,13141.8,73010,14602,5,73010,611,DLC034470,GSTAG18,18-12-2017 09:30,"PLOT No.2-11, B/S MISSAMMA TEMPLEHYDER NAGAR, KUKATPALLYHYDERABAD - 500 085",200085,BASKARAN K,A01,4W Maruti
776,600,90042,613,603005229,100,17007329,CU1V00377,TMTA00516,1,1.00E-06,4372.2,24290,4372.2,24290,24290,1,24290,611,DLC034470,GSTAG18,18-12-2017 09:30,"PLOT No.2-11, B/S MISSAMMA TEMPLEHYDER NAGAR, KUKATPALLYHYDERABAD - 500 085",200085,BASKARAN K,A01,4W Maruti
777,600,90042,613,603005229,100,17007329,CU1V00377,TMTA00516,1,1.00E-06,4372.2,24290,4372.2,24290,24290,1,24290,611,DLC034470,GSTAG18,18-12-2017 09:30,"PLOT No.2-11, B/S MISSAMMA TEMPLEHYDER NAGAR, KUKATPALLYHYDERABAD - 500 085",200085,BASKARAN K,A01,4W Maruti
778,600,90042,613,603005488,30,17007246,CU1S00002,TMTA00485,1,1.00E-06,36720,204000,36720,204000,25500,8,204000,611,DLC060512,GSTAG18,27-12-2017 14:31,LINK ROADCUTTACK753 012,200085,BASKARAN K,J02,Mines SECL
779,600,90042,613,603005488,30,17007246,CU1S00002,TMTA00485,1,1.00E-06,36720,204000,36720,204000,25500,8,204000,611,DLC060512,GSTAG18,27-12-2017 14:31,LINK ROADCUTTACK753 012,200085,BASKARAN K,J02,Mines SECL
780,600,90040,613,603005474,10,17007254,CU1B00577,S11024,1,1.00E-06,4332.6,24070,4332.6,24070,24070,1,24070,611,DLC004359,GSTAG18,27-12-2017 11:31,"GRAND SHREE-II,2ND FLOOR(OPP.JEEVAN DEEP BUILDING)EXHIBITION ROAD,PATNA-800 001",200085,BASKARAN K,A13,4W Unorganised/General
781,600,90040,613,603005474,10,17007254,CU1B00577,S11024,1,1.00E-06,4332.6,24070,4332.6,24070,24070,1,24070,611,DLC004359,GSTAG18,27-12-2017 11:31,"GRAND SHREE-II,2ND FLOOR(OPP.JEEVAN DEEP BUILDING)EXHIBITION ROAD,PATNA-800 001",200085,BASKARAN K,A13,4W Unorganised/General
782,600,90040,613,603004693,30,17007335,CU1A03833,Z11005,1,1.00E-06,34200,190000,34200,190000,190000,1,190000,611,DLC070011,GSTAG14,21-11-2017 10:32,"(A UNIT OF AI ENTERPRISES PVT LTD)No:183,A-1,PULLPAKKAM VILLAGECHENGALPET - 603 002",200085,BASKARAN K,A01,4W Maruti
783,600,90040,613,603004693,30,17007335,CU1A03833,Z11005,1,1.00E-06,34200,190000,34200,190000,190000,1,190000,611,DLC070011,GSTAG14,21-11-2017 10:32,"(A UNIT OF AI ENTERPRISES PVT LTD)No:183,A-1,PULLPAKKAM VILLAGECHENGALPET - 603 002",200085,BASKARAN K,A01,4W Maruti
784,600,90040,613,603005413,30,17007336,CU1A03225,Z13037,1,1.00E-06,4975,99500,4975,99500,1990,50,99500,611,DA1053847,GSTAG16,26-12-2017 04:06,"No.3,16&17 KIADB INDL AREADODDABALLAPURBANGALORE-561203",200085,BASKARAN K,L01,Other Industry
785,600,90040,613,603005413,30,17007336,CU1A03225,Z13037,1,1.00E-06,4975,99500,4975,99500,1990,50,99500,611,DA1053847,GSTAG16,26-12-2017 04:06,"No.3,16&17 KIADB INDL AREADODDABALLAPURBANGALORE-561203",200085,BASKARAN K,L01,Other Industry
786,600,90042,613,603004704,30,17007337,CU1A03833,9099EL020,1,1.00E-06,13320,74000,13320,74000,74000,1,74000,611,DLC070011,GSTAG14,21-11-2017 10:33,"(A UNIT OF AI ENTERPRISES PVT LTD)No:183,A-1,PULLPAKKAM VILLAGECHENGALPET - 603 002",200085,BASKARAN K,A01,4W Maruti
787,600,90042,613,603004704,30,17007337,CU1A03833,9099EL020,1,1.00E-06,13320,74000,13320,74000,74000,1,74000,611,DLC070011,GSTAG14,21-11-2017 10:33,"(A UNIT OF AI ENTERPRISES PVT LTD)No:183,A-1,PULLPAKKAM VILLAGECHENGALPET - 603 002",200085,BASKARAN K,A01,4W Maruti
788,600,90040,613,603005070,30,17007209,CU1J01506,S11019,1,1.00E-06,79200,440000,79200,440000,440000,1,440000,611,ADD061159,GSTAG18,11-12-2017 03:30,"ALIPUR, SOHNA - GURGAON ROAD,SOHNA - 122 001 ",200085,BASKARAN K,A08,4W Hyundai
789,600,90040,613,603005070,30,17007209,CU1J01506,S11019,1,1.00E-06,79200,440000,79200,440000,440000,1,440000,611,ADD061159,GSTAG18,11-12-2017 03:30,"ALIPUR, SOHNA - GURGAON ROAD,SOHNA - 122 001 ",200085,BASKARAN K,A08,4W Hyundai
790,600,90040,613,603004617,50,17007304,CU1R02714,FRT,1,1.00E-06,2520,14000,2520,14000,14000,1,14000,611,ADD060961,GSTAG18,17-11-2017 08:42,"DOOR NO.2-60/C4, OUTDOOR SOLUTIONSKALLAPU, MANGALORE - 575002KARNATAKA",200085,BASKARAN K,A24,4W - MFC
791,600,90040,613,603004617,50,17007304,CU1R02714,FRT,1,1.00E-06,2520,14000,2520,14000,14000,1,14000,611,ADD060961,GSTAG18,17-11-2017 08:42,"DOOR NO.2-60/C4, OUTDOOR SOLUTIONSKALLAPU, MANGALORE - 575002KARNATAKA",200085,BASKARAN K,A24,4W - MFC
792,600,90042,613,603005456,10,17007224,CU1S02585,200320440,1,1.00E-06,20160,112000,20160,112000,56000,2,112000,611,DA1057112,GSTAG18,27-12-2017 03:31,"VILLAGE DARUA,HALLO MAJRA ROADNEAR POULTRY FARMCHANDIGARH-160002",200085,BASKARAN K,502,DEALERS
793,600,90042,613,603005456,10,17007224,CU1S02585,200320440,1,1.00E-06,20160,112000,20160,112000,56000,2,112000,611,DA1057112,GSTAG18,27-12-2017 03:31,"VILLAGE DARUA,HALLO MAJRA ROADNEAR POULTRY FARMCHANDIGARH-160002",200085,BASKARAN K,502,DEALERS
794,600,90042,613,603005500,50,17007317,CU1E01102,K13990004,1,1.00E-06,864,4800,864,4800,2400,2,4800,611,ADD061500,GSTAG18,28-12-2017 09:31,PILIBHIT BY-PASS ROADOPPOSITE FUN CITYBAREILLY(U.P.)-243 006,200085,BASKARAN K,A01,4W Maruti
795,600,90042,613,603005500,50,17007317,CU1E01102,K13990004,1,1.00E-06,864,4800,864,4800,2400,2,4800,611,ADD061500,GSTAG18,28-12-2017 09:31,PILIBHIT BY-PASS ROADOPPOSITE FUN CITYBAREILLY(U.P.)-243 006,200085,BASKARAN K,A01,4W Maruti
796,600,90042,613,603005500,100,17007317,CU1E01102,TMTA00515,1,1.00E-06,18720,104000,18720,104000,52000,2,104000,611,ADD061500,GSTAG18,28-12-2017 09:31,PILIBHIT BY-PASS ROADOPPOSITE FUN CITYBAREILLY(U.P.)-243 006,200085,BASKARAN K,A01,4W Maruti
797,600,90042,613,603005500,100,17007317,CU1E01102,TMTA00515,1,1.00E-06,18720,104000,18720,104000,52000,2,104000,611,ADD061500,GSTAG18,28-12-2017 09:31,PILIBHIT BY-PASS ROADOPPOSITE FUN CITYBAREILLY(U.P.)-243 006,200085,BASKARAN K,A01,4W Maruti
798,600,90042,613,603005400,20,17007234,CU1M04087,FRT,1,1.00E-06,720,4000,720,4000,4000,1,4000,611,ADD061430,GSTAG18,22-12-2017 11:30,SUBHASH NAGAR YAMUNA NAGARHARIYANA-135 001 ,200085,BASKARAN K,C08,TYRE General
799,600,90042,613,603005400,20,17007234,CU1M04087,FRT,1,1.00E-06,720,4000,720,4000,4000,1,4000,611,ADD061430,GSTAG18,22-12-2017 11:30,SUBHASH NAGAR YAMUNA NAGARHARIYANA-135 001 ,200085,BASKARAN K,C08,TYRE General
800,600,90050,613,603005517,20,17007434,CU1D01127,3603IHV00,1,1.00E-06,25812,143400,25812,143400,5736,25,143400,611,DLC056448,GSTAG18,28-12-2017 12:31,"393/11, ROAD No.5, SUBHASH NAGARAJMER - 305 001MOB:0-98281 12629",200085,BASKARAN K,A13,4W Unorganised/General
801,600,90050,613,603005517,20,17007434,CU1D01127,3603IHV00,1,1.00E-06,25812,143400,25812,143400,5736,25,143400,611,DLC056448,GSTAG18,28-12-2017 12:31,"393/11, ROAD No.5, SUBHASH NAGARAJMER - 305 001MOB:0-98281 12629",200085,BASKARAN K,A13,4W Unorganised/General
802,600,90040,613,603005494,10,17007376,CU1C02501,Z12101,1,1.00E-06,129960,722000,129960,722000,72200,10,722000,611,ADD044111,GSTAG18,28-12-2017 05:31,"PONGUMOODU, MEDICAL COLLEGETHIRUVANANTHAPURAM - 695011MOB:96455 76221",200085,BASKARAN K,A08,4W Hyundai
803,600,90040,613,603005494,10,17007376,CU1C02501,Z12101,1,1.00E-06,129960,722000,129960,722000,72200,10,722000,611,ADD044111,GSTAG18,28-12-2017 05:31,"PONGUMOODU, MEDICAL COLLEGETHIRUVANANTHAPURAM - 695011MOB:96455 76221",200085,BASKARAN K,A08,4W Hyundai
804,600,90040,613,603005541,10,17007390,CU1S02585,S15034,1,1.00E-06,43200,240000,43200,240000,60000,4,240000,611,ADD016067,GSTAG18,29-12-2017 05:31,"SCO- 116, FIRST FLOOR, SECTOR-47CCHANDIGARH-160 047 ",200085,BASKARAN K,A13,4W Unorganised/General
805,600,90040,613,603005541,10,17007390,CU1S02585,S15034,1,1.00E-06,43200,240000,43200,240000,60000,4,240000,611,ADD016067,GSTAG18,29-12-2017 05:31,"SCO- 116, FIRST FLOOR, SECTOR-47CCHANDIGARH-160 047 ",200085,BASKARAN K,A13,4W Unorganised/General
806,600,90042,613,603004527,50,17007391,CU1C02180,TMTA00528,1,1.00E-06,4320,24000,4320,24000,12000,2,24000,611,ADD060949,GSTAG18,14-11-2017 12:50,NEAR CHORAHAT BY PASSREWA (M.P.) - 486001 ,200085,BASKARAN K,A01,4W Maruti
807,600,90042,613,603004527,50,17007391,CU1C02180,TMTA00528,1,1.00E-06,4320,24000,4320,24000,12000,2,24000,611,ADD060949,GSTAG18,14-11-2017 12:50,NEAR CHORAHAT BY PASSREWA (M.P.) - 486001 ,200085,BASKARAN K,A01,4W Maruti
808,600,90042,613,603005290,90,17007401,CU1R01721,TMTA00516,1,1.00E-06,8384.4,46580,8384.4,46580,23290,2,46580,611,DLC067910,GSTAG18,19-12-2017 13:31,"PLOT No.112/11, AT VAVDIGODHRA DAHOD HIGHWAYGODHRA - 389 001",200085,BASKARAN K,A01,4W Maruti
809,600,90042,613,603005290,90,17007401,CU1R01721,TMTA00516,1,1.00E-06,8384.4,46580,8384.4,46580,23290,2,46580,611,DLC067910,GSTAG18,19-12-2017 13:31,"PLOT No.112/11, AT VAVDIGODHRA DAHOD HIGHWAYGODHRA - 389 001",200085,BASKARAN K,A01,4W Maruti
810,600,90050,613,603005457,10,17007419,CU1A02200,3603IHV00,1,1.00E-06,14247.36,79152,14247.36,79152,6596,12,79152,611,DLC032297,GSTAG18,27-12-2017 03:31,"112/7, TRIKUTA NAGARJAMMU - 180 012MOB:94191 81209",200085,BASKARAN K,A13,4W Unorganised/General
811,600,90050,613,603005457,10,17007419,CU1A02200,3603IHV00,1,1.00E-06,14247.36,79152,14247.36,79152,6596,12,79152,611,DLC032297,GSTAG18,27-12-2017 03:31,"112/7, TRIKUTA NAGARJAMMU - 180 012MOB:94191 81209",200085,BASKARAN K,A13,4W Unorganised/General
812,600,90042,613,603004564,100,17007406,CU1K02736,TMTA00527,1,1.00E-06,3240,18000,3240,18000,18000,1,18000,611,ADD060915,GSTAG18,16-11-2017 03:15,"SARRA,CHHINDWARA (M.P.)-480 001 ",200085,BASKARAN K,A01,4W Maruti
813,600,90042,613,603004564,100,17007406,CU1K02736,TMTA00527,1,1.00E-06,3240,18000,3240,18000,18000,1,18000,611,ADD060915,GSTAG18,16-11-2017 03:15,"SARRA,CHHINDWARA (M.P.)-480 001 ",200085,BASKARAN K,A01,4W Maruti
814,600,90040,613,603005359,10,17007407,CU1M04086,Z38008,1,1.00E-06,103500,575000,103500,575000,575000,1,575000,611,ADD061393,GSTAG18,21-12-2017 07:33,TATA COMMERCIAL VEHICLE DEALERCHITTOOR - A.P ,200085,BASKARAN K,M01,LCV - TATA
815,600,90040,613,603005359,10,17007407,CU1M04086,Z38008,1,1.00E-06,103500,575000,103500,575000,575000,1,575000,611,ADD061393,GSTAG18,21-12-2017 07:33,TATA COMMERCIAL VEHICLE DEALERCHITTOOR - A.P ,200085,BASKARAN K,M01,LCV - TATA
816,600,90050,613,603005533,50,17007408,CU1S02416,3603IMP00,1,1.00E-06,2639.52,14664,2639.52,14664,7332,2,14664,611,PLC002906,GSTAG18,28-12-2017 16:32,"\#156, MPM LANEIst FLOOR, SP ROADBANGALORE-560002",200085,BASKARAN K,L01,Other Industry
817,600,90050,613,603005533,50,17007408,CU1S02416,3603IMP00,1,1.00E-06,2639.52,14664,2639.52,14664,7332,2,14664,611,PLC002906,GSTAG18,28-12-2017 16:32,"\#156, MPM LANEIst FLOOR, SP ROADBANGALORE-560002",200085,BASKARAN K,L01,Other Industry
818,600,90042,613,603005430,50,17007442,CU1K02665,2399BR005,1,1.00E-06,18000,100000,18000,100000,100000,1,100000,611,ADD061465,GSTAG18,26-12-2017 06:30,"NAVNAGAR, SECTOR #4,  KALIDAS CIRCLENEAR CHALUKYA HOTELBAGALKOT - 587102",200085,BASKARAN K,A23,4W - RENAULT
819,600,90042,613,603005430,50,17007442,CU1K02665,2399BR005,1,1.00E-06,18000,100000,18000,100000,100000,1,100000,611,ADD061465,GSTAG18,26-12-2017 06:30,"NAVNAGAR, SECTOR #4,  KALIDAS CIRCLENEAR CHALUKYA HOTELBAGALKOT - 587102",200085,BASKARAN K,A23,4W - RENAULT
820,600,90040,613,603005383,10,17007374,CU1B00575,S12102,1,1.00E-06,27039.96,150222,27039.96,150222,75111,2,150222,611,ADD002150,GSTAG18,22-12-2017 06:31,"NH-2, CHANDA MOREP.O: KALIPAHARIASANSOL-713339,PASCHIM BARDDHAMAN",200085,BASKARAN K,A01,4W Maruti
821,600,90040,613,603005383,10,17007374,CU1B00575,S12102,1,1.00E-06,27039.96,150222,27039.96,150222,75111,2,150222,611,ADD002150,GSTAG18,22-12-2017 06:31,"NH-2, CHANDA MOREP.O: KALIPAHARIASANSOL-713339,PASCHIM BARDDHAMAN",200085,BASKARAN K,A01,4W Maruti
822,600,90042,613,603005470,30,17007476,CU1E00794,K13990003,1,1.00E-06,540,3000,540,3000,3000,1,3000,611,ADD061494,GSTAG18,27-12-2017 07:30,"C/O COUNTO AUTOMOBILES PVT LTDMAPUSA INDUSTRIAL AREA,MAPUSA, GOA - 403507",200085,BASKARAN K,A08,4W Hyundai
823,600,90042,613,603005470,30,17007476,CU1E00794,K13990003,1,1.00E-06,540,3000,540,3000,3000,1,3000,611,ADD061494,GSTAG18,27-12-2017 07:30,"C/O COUNTO AUTOMOBILES PVT LTDMAPUSA INDUSTRIAL AREA,MAPUSA, GOA - 403507",200085,BASKARAN K,A08,4W Hyundai
824,600,90040,613,603005045,30,17007482,CU1S09813,S25005,1,1.00E-06,27900,155000,27900,155000,155000,1,155000,611,ADD061252,GSTAG18,08-12-2017 10:31,"OPP BANAS DAIRY, AT- JAGANAPALANPUR,DIST- BANASKANTHAGUJARAT-385 001",200085,BASKARAN K,A24,4W - MFC
825,600,90040,613,603005045,30,17007482,CU1S09813,S25005,1,1.00E-06,27900,155000,27900,155000,155000,1,155000,611,ADD061252,GSTAG18,08-12-2017 10:31,"OPP BANAS DAIRY, AT- JAGANAPALANPUR,DIST- BANASKANTHAGUJARAT-385 001",200085,BASKARAN K,A24,4W - MFC
826,600,90042,613,603005500,170,17007527,CU1E01102,FRT,1,1.00E-06,4500,25000,4500,25000,25000,1,25000,611,ADD061500,GSTAG18,28-12-2017 09:31,PILIBHIT BY-PASS ROADOPPOSITE FUN CITYBAREILLY(U.P.)-243 006,200085,BASKARAN K,A01,4W Maruti
827,600,90042,613,603005500,170,17007527,CU1E01102,FRT,1,1.00E-06,4500,25000,4500,25000,25000,1,25000,611,ADD061500,GSTAG18,28-12-2017 09:31,PILIBHIT BY-PASS ROADOPPOSITE FUN CITYBAREILLY(U.P.)-243 006,200085,BASKARAN K,A01,4W Maruti
828,600,90050,613,603005621,10,17007536,CU1S02416,3603DAP00,1,1.00E-06,8344.08,46356,8344.08,46356,4635.6,10,46356,611,PLC002906,GSTAG18,03-01-2018 08:31,"\#156, MPM LANEIst FLOOR, SP ROADBANGALORE-560002",200085,BASKARAN K,L01,Other Industry
829,600,90050,613,603005621,10,17007536,CU1S02416,3603DAP00,1,1.00E-06,8344.08,46356,8344.08,46356,4635.6,10,46356,611,PLC002906,GSTAG18,03-01-2018 08:31,"\#156, MPM LANEIst FLOOR, SP ROADBANGALORE-560002",200085,BASKARAN K,L01,Other Industry
830,600,90040,613,603005644,10,17007561,CU1S00006,S12102,1,1.00E-06,14040,78000,14040,78000,78000,1,78000,611,ADD012562,GSTAG18,04-01-2018 06:31,"5-4-100 & 101/A,NEAR RLY. BRIDGERANIGUNJSECUNDERABAD-500 003-TELANGANA",200085,BASKARAN K,A13,4W Unorganised/General
831,600,90040,613,603005644,10,17007561,CU1S00006,S12102,1,1.00E-06,14040,78000,14040,78000,78000,1,78000,611,ADD012562,GSTAG18,04-01-2018 06:31,"5-4-100 & 101/A,NEAR RLY. BRIDGERANIGUNJSECUNDERABAD-500 003-TELANGANA",200085,BASKARAN K,A13,4W Unorganised/General
832,600,90042,613,603005223,20,17007587,CU1S07617,3899YS009,1,1.00E-06,6300,35000,6300,35000,35000,1,35000,611,ADD061027,GSTAG18,18-12-2017 06:32,"OPP. AMUL MILK SHEET KENDRANR. HANSAPUR VILLAGE PATIAPATAN UNJHA ROAD, PATAN - 384265",200085,BASKARAN K,A01,4W Maruti
833,600,90042,613,603005223,20,17007587,CU1S07617,3899YS009,1,1.00E-06,6300,35000,6300,35000,35000,1,35000,611,ADD061027,GSTAG18,18-12-2017 06:32,"OPP. AMUL MILK SHEET KENDRANR. HANSAPUR VILLAGE PATIAPATAN UNJHA ROAD, PATAN - 384265",200085,BASKARAN K,A01,4W Maruti
834,600,90040,613,603005622,10,17007589,CU1S01738,Z20001,1,1.00E-06,11160,62000,11160,62000,62000,1,62000,611,ADD059489,GSTAG18,03-01-2018 08:31,"PLOT NO.-217 / 218BESIDE GULZAR HOTELNAGPUR ROAD, GORAKHPUR,JABALPUR (M.P.) - 482001",200085,BASKARAN K,A01,4W Maruti
835,600,90040,613,603005622,10,17007589,CU1S01738,Z20001,1,1.00E-06,11160,62000,11160,62000,62000,1,62000,611,ADD059489,GSTAG18,03-01-2018 08:31,"PLOT NO.-217 / 218BESIDE GULZAR HOTELNAGPUR ROAD, GORAKHPUR,JABALPUR (M.P.) - 482001",200085,BASKARAN K,A01,4W Maruti
836,600,90040,613,603005337,20,17007615,CU1V01740,Z13035,1,1.00E-06,5443.2,30240,5443.2,30240,15120,2,30240,611,ADD059738,GSTAG18,20-12-2017 16:33,"SHOP NO 1 TO 4SAI SHRADDHA COMPLEX,OPP HOTELCIDCO, NASIK-422 009, M.98221 96741",200085,BASKARAN K,L01,Other Industry
837,600,90040,613,603005337,20,17007615,CU1V01740,Z13035,1,1.00E-06,5443.2,30240,5443.2,30240,15120,2,30240,611,ADD059738,GSTAG18,20-12-2017 16:33,"SHOP NO 1 TO 4SAI SHRADDHA COMPLEX,OPP HOTELCIDCO, NASIK-422 009, M.98221 96741",200085,BASKARAN K,L01,Other Industry
838,600,90040,613,603005682,10,17007619,CU1G0761,S15034,1,1.00E-06,14714.1,81745,14714.1,81745,81745,1,81745,611,ADD059891,GSTAG18,08-01-2018 04:31,KOTWALI ROAD NAJIBABADUTTAR PRADESH - 246 763 ,200085,BASKARAN K,C08,TYRE General
839,600,90040,613,603005682,10,17007619,CU1G0761,S15034,1,1.00E-06,14714.1,81745,14714.1,81745,81745,1,81745,611,ADD059891,GSTAG18,08-01-2018 04:31,KOTWALI ROAD NAJIBABADUTTAR PRADESH - 246 763 ,200085,BASKARAN K,C08,TYRE General
840,600,90040,613,603005627,10,17007626,CU1S09821,S11015,1,1.00E-06,15480,86000,15480,86000,43000,2,86000,611,ADD061545,GSTAG18,03-01-2018 08:31,"OPP.HPCL  LPG BOTTLING PLANT,NR.ICHCHHAPORE CIRCLEHAZIRA MAGDALLA RD,ICHCHHAPORESURAT,GUJARAT",200085,BASKARAN K,A04,4W Telco
841,600,90040,613,603005627,10,17007626,CU1S09821,S11015,1,1.00E-06,15480,86000,15480,86000,43000,2,86000,611,ADD061545,GSTAG18,03-01-2018 08:31,"OPP.HPCL  LPG BOTTLING PLANT,NR.ICHCHHAPORE CIRCLEHAZIRA MAGDALLA RD,ICHCHHAPORESURAT,GUJARAT",200085,BASKARAN K,A04,4W Telco
842,600,90040,613,603005736,10,17007642,CU1S01914,S15034,1,1.00E-06,10800,60000,10800,60000,60000,1,60000,611,PLC007052,GSTAG14,09-01-2018 06:31,"No:239,240 PATEL ROADOPP.PENTACOSTAL CHURCHRAM NAGAR,COIMBATORE",200085,BASKARAN K,C09,Tyre Shop - HOT
843,600,90040,613,603005736,10,17007642,CU1S01914,S15034,1,1.00E-06,10800,60000,10800,60000,60000,1,60000,611,PLC007052,GSTAG14,09-01-2018 06:31,"No:239,240 PATEL ROADOPP.PENTACOSTAL CHURCHRAM NAGAR,COIMBATORE",200085,BASKARAN K,C09,Tyre Shop - HOT
844,600,90042,613,603005711,30,17007638,CU1T00002,2399BR005,1,1.00E-06,17100,95000,17100,95000,95000,1,95000,611,PLC003216,GSTAG18,08-01-2018 09:30,"PLOT NO.19,KHARAVEL NAGAR, UNIT-3BHUBANESHWAR - 751 001 ",200085,BASKARAN K,502,DEALERS
845,600,90042,613,603005711,30,17007638,CU1T00002,2399BR005,1,1.00E-06,17100,95000,17100,95000,95000,1,95000,611,PLC003216,GSTAG18,08-01-2018 09:30,"PLOT NO.19,KHARAVEL NAGAR, UNIT-3BHUBANESHWAR - 751 001 ",200085,BASKARAN K,502,DEALERS
846,600,90040,613,603005363,10,17007680,CU1S08986,S25004,1,1.00E-06,15300,85000,15300,85000,85000,1,85000,611,ADD042316,GSTAG18,21-12-2017 12:31,"NH 2, L&T MORE,NEAR MUCHIPARADURGAPURBURDWAN (W.B)",200085,BASKARAN K,A23,4W - RENAULT
847,600,90040,613,603005363,10,17007680,CU1S08986,S25004,1,1.00E-06,15300,85000,15300,85000,85000,1,85000,611,ADD042316,GSTAG18,21-12-2017 12:31,"NH 2, L&T MORE,NEAR MUCHIPARADURGAPURBURDWAN (W.B)",200085,BASKARAN K,A23,4W - RENAULT
848,600,90040,613,603005662,50,17007700,CU1S06999,S46024,1,1.00E-06,31500,175000,31500,175000,175000,1,175000,611,ADD061655,GSTAG18,05-01-2018 10:31,NR. UDGAM HIGHER SCONDARY SCHOOLJODHPUR CROSS ROADAHEMDABAD - 380015,200085,BASKARAN K,A08,4W Hyundai
849,600,90040,613,603005662,50,17007700,CU1S06999,S46024,1,1.00E-06,31500,175000,31500,175000,175000,1,175000,611,ADD061655,GSTAG18,05-01-2018 10:31,NR. UDGAM HIGHER SCONDARY SCHOOLJODHPUR CROSS ROADAHEMDABAD - 380015,200085,BASKARAN K,A08,4W Hyundai
850,600,90042,613,603005665,50,17007701,CU1S06999,3899YS009,1,1.00E-06,4500,25000,4500,25000,25000,1,25000,611,ADD061655,GSTAG18,05-01-2018 10:31,NR. UDGAM HIGHER SCONDARY SCHOOLJODHPUR CROSS ROADAHEMDABAD - 380015,200085,BASKARAN K,A08,4W Hyundai
851,600,90042,613,603005665,50,17007701,CU1S06999,3899YS009,1,1.00E-06,4500,25000,4500,25000,25000,1,25000,611,ADD061655,GSTAG18,05-01-2018 10:31,NR. UDGAM HIGHER SCONDARY SCHOOLJODHPUR CROSS ROADAHEMDABAD - 380015,200085,BASKARAN K,A08,4W Hyundai
852,600,90040,613,603005903,10,17007819,CU1I00303,S12102,1,1.00E-06,13140,73000,13140,73000,73000,1,73000,611,DLC071428,GSTAG18,17-01-2018 07:31,"SB117, 3RD CROSS,, PEENYA IST STAGE,PEENYA INDUSTRIAL AREABANGALORE",200085,BASKARAN K,A13,4W Unorganised/General
853,600,90040,613,603005903,10,17007819,CU1I00303,S12102,1,1.00E-06,13140,73000,13140,73000,73000,1,73000,611,DLC071428,GSTAG18,17-01-2018 07:31,"SB117, 3RD CROSS,, PEENYA IST STAGE,PEENYA INDUSTRIAL AREABANGALORE",200085,BASKARAN K,A13,4W Unorganised/General
854,600,90040,613,603005855,10,17007766,CU1S00006,X130025,1,1.00E-06,5140.8,28560,5140.8,28560,9520,3,28560,611,PLC001078,GSTAG18,15-01-2018 05:31,"5-4-100&101/A M.G ROADNEAR RLY.BRIDGE,RANIGUNJSECUNDERABAD",200085,BASKARAN K,L01,Other Industry
855,600,90040,613,603005855,10,17007766,CU1S00006,X130025,1,1.00E-06,5140.8,28560,5140.8,28560,9520,3,28560,611,PLC001078,GSTAG18,15-01-2018 05:31,"5-4-100&101/A M.G ROADNEAR RLY.BRIDGE,RANIGUNJSECUNDERABAD",200085,BASKARAN K,L01,Other Industry
856,600,90040,613,603005855,30,17007766,CU1S00006,S13002,1,1.00E-06,24724.8,137360,24724.8,137360,13736,10,137360,611,PLC001078,GSTAG18,15-01-2018 05:31,"5-4-100&101/A M.G ROADNEAR RLY.BRIDGE,RANIGUNJSECUNDERABAD",200085,BASKARAN K,L01,Other Industry
857,600,90040,613,603005855,30,17007766,CU1S00006,S13002,1,1.00E-06,24724.8,137360,24724.8,137360,13736,10,137360,611,PLC001078,GSTAG18,15-01-2018 05:31,"5-4-100&101/A M.G ROADNEAR RLY.BRIDGE,RANIGUNJSECUNDERABAD",200085,BASKARAN K,L01,Other Industry
858,600,90040,613,603005256,10,17007774,CU1J00001,S12072,1,1.00E-06,21330,118500,21330,118500,23700,5,118500,611,PLC000469,GSTAG18,19-12-2017 05:31,"P 41 PRINCEEP STREETIST FLOOR,ROOM NO:123 & 115KOLKATA,700 072-WB",200085,BASKARAN K,B04,2W TVS
859,600,90040,613,603005256,10,17007774,CU1J00001,S12072,1,1.00E-06,21330,118500,21330,118500,23700,5,118500,611,PLC000469,GSTAG18,19-12-2017 05:31,"P 41 PRINCEEP STREETIST FLOOR,ROOM NO:123 & 115KOLKATA,700 072-WB",200085,BASKARAN K,B04,2W TVS
860,600,90042,613,603005716,10,17007777,CU1J00001,200320450,1,1.00E-06,14760,82000,14760,82000,82000,1,82000,611,PLC000469,GSTAG18,08-01-2018 09:30,"P 41 PRINCEEP STREETIST FLOOR,ROOM NO:123 & 115KOLKATA,700 072-WB",200085,BASKARAN K,C07,TYRE General
861,600,90042,613,603005716,10,17007777,CU1J00001,200320450,1,1.00E-06,14760,82000,14760,82000,82000,1,82000,611,PLC000469,GSTAG18,08-01-2018 09:30,"P 41 PRINCEEP STREETIST FLOOR,ROOM NO:123 & 115KOLKATA,700 072-WB",200085,BASKARAN K,C07,TYRE General
862,600,90040,613,603005642,10,17007714,CU1A03314,S12102,1,1.00E-06,12960,72000,12960,72000,72000,1,72000,611,DLC056206,GSTAG18,04-01-2018 06:31,4 L GOPALA TOWER25 RAJENDRA PALACENEW DELHI - 110 008,200085,BASKARAN K,502,DEALERS
863,600,90040,613,603005642,10,17007714,CU1A03314,S12102,1,1.00E-06,12960,72000,12960,72000,72000,1,72000,611,DLC056206,GSTAG18,04-01-2018 06:31,4 L GOPALA TOWER25 RAJENDRA PALACENEW DELHI - 110 008,200085,BASKARAN K,502,DEALERS
864,600,90042,613,603003170,90,17007717,CU1S00015,1199PP002,1,1.00E-06,68040,378000,68040,378000,37800,10,378000,611,DA1014127,GSTAG18,11-09-2017 10:30,"(NEAR RAJU GODOWN DEALER)KHASRA NO:30/6,LIBASPUR,DELHI-110 042",200085,BASKARAN K,L01,Other Industry
865,600,90042,613,603003170,90,17007717,CU1S00015,1199PP002,1,1.00E-06,68040,378000,68040,378000,37800,10,378000,611,DA1014127,GSTAG18,11-09-2017 10:30,"(NEAR RAJU GODOWN DEALER)KHASRA NO:30/6,LIBASPUR,DELHI-110 042",200085,BASKARAN K,L01,Other Industry
866,600,90040,613,603005413,50,17007754,CU1A03225,Z13037,1,1.00E-06,995,19900,995,19900,1990,10,19900,611,DA1053847,GSTAG16,26-12-2017 04:06,"No.3,16&17 KIADB INDL AREADODDABALLAPURBANGALORE-561203",200085,BASKARAN K,L01,Other Industry
867,600,90040,613,603005413,50,17007754,CU1A03225,Z13037,1,1.00E-06,995,19900,995,19900,1990,10,19900,611,DA1053847,GSTAG16,26-12-2017 04:06,"No.3,16&17 KIADB INDL AREADODDABALLAPURBANGALORE-561203",200085,BASKARAN K,L01,Other Industry
868,600,90040,613,603005811,10,17007728,CU1C00001,S11004,1,1.00E-06,7331.94,40733,7331.94,40733,40733,1,40733,611,PLC000290,GSTAG18,12-01-2018 05:31,OPP.ALL INDIA RADIO STATIONBANDAR ROADVIJAYAWADA,200085,BASKARAN K,L01,Other Industry
869,600,90040,613,603005811,10,17007728,CU1C00001,S11004,1,1.00E-06,7331.94,40733,7331.94,40733,40733,1,40733,611,PLC000290,GSTAG18,12-01-2018 05:31,OPP.ALL INDIA RADIO STATIONBANDAR ROADVIJAYAWADA,200085,BASKARAN K,L01,Other Industry
870,600,90040,613,603005782,10,17007733,CU1R00005,Z23003,1,1.00E-06,16200,90000,16200,90000,90000,1,90000,611,ADD061721,GSTAG18,11-01-2018 06:31,SANCHOREDISTT-JALORE343041,200085,BASKARAN K,A01,4W Maruti
871,600,90040,613,603005782,10,17007733,CU1R00005,Z23003,1,1.00E-06,16200,90000,16200,90000,90000,1,90000,611,ADD061721,GSTAG18,11-01-2018 06:31,SANCHOREDISTT-JALORE343041,200085,BASKARAN K,A01,4W Maruti
872,600,90040,613,603005598,10,17007737,CU1S02018,Z13037,1,1.00E-06,6840,136800,6840,136800,2400,57,136800,611,1000944,GSTAG12,01-01-2018 11:31,"D6 & D15,SIPCOT INDUSTRIAL PARK,IRUNGATTUKOTTAI, SRIPERUMPUDURKANCHEEPURAM-602117",200085,BASKARAN K,L01,Other Industry
873,600,90040,613,603005598,10,17007737,CU1S02018,Z13037,1,1.00E-06,6840,136800,6840,136800,2400,57,136800,611,1000944,GSTAG12,01-01-2018 11:31,"D6 & D15,SIPCOT INDUSTRIAL PARK,IRUNGATTUKOTTAI, SRIPERUMPUDURKANCHEEPURAM-602117",200085,BASKARAN K,L01,Other Industry
874,600,90040,613,603005829,30,17007830,CU1P01994,FRT,1,1.00E-06,2880,16000,2880,16000,16000,1,16000,611,ADD029215,GSTAG18,12-01-2018 10:31,"11TH KM MILESTONEMATHURA-AGRA ROAD,NH-2,ARTONIAGRA - 282007",200085,BASKARAN K,A01,4W Maruti
875,600,90040,613,603005829,30,17007830,CU1P01994,FRT,1,1.00E-06,2880,16000,2880,16000,16000,1,16000,611,ADD029215,GSTAG18,12-01-2018 10:31,"11TH KM MILESTONEMATHURA-AGRA ROAD,NH-2,ARTONIAGRA - 282007",200085,BASKARAN K,A01,4W Maruti
876,600,90040,613,603005860,50,17008036,CU1M00993,Z23006,1,1.00E-06,16560,92000,16560,92000,92000,1,92000,611,ADD061755,GSTAG18,15-01-2018 06:31,"ADJOINING HEMA PETROL PUMPEIT MANDI , BODLAAGRA - 282 001",200085,BASKARAN K,A26,4W - NEXA
877,600,90040,613,603005860,50,17008036,CU1M00993,Z23006,1,1.00E-06,16560,92000,16560,92000,92000,1,92000,611,ADD061755,GSTAG18,15-01-2018 06:31,"ADJOINING HEMA PETROL PUMPEIT MANDI , BODLAAGRA - 282 001",200085,BASKARAN K,A26,4W - NEXA
878,600,90042,613,603005862,20,17008037,CU1M00993,TMTA00528,1,1.00E-06,9000,50000,9000,50000,10000,5,50000,611,ADD061755,GSTAG18,15-01-2018 06:31,"ADJOINING HEMA PETROL PUMPEIT MANDI , BODLAAGRA - 282 001",200085,BASKARAN K,A26,4W - NEXA
879,600,90042,613,603005862,20,17008037,CU1M00993,TMTA00528,1,1.00E-06,9000,50000,9000,50000,10000,5,50000,611,ADD061755,GSTAG18,15-01-2018 06:31,"ADJOINING HEMA PETROL PUMPEIT MANDI , BODLAAGRA - 282 001",200085,BASKARAN K,A26,4W - NEXA
880,600,90042,613,603006016,50,17008041,CU1A04168,3899YS008,1,1.00E-06,52200,290000,52200,290000,290000,1,290000,611,ADD061815,GSTAG18,22-01-2018 04:31,"2-3, PRAKASH ENCLAVEBYE PASS ROAD, AGRAUTTAR PRADESH-282 005",200085,BASKARAN K,A04,4W Telco
881,600,90042,613,603006016,50,17008041,CU1A04168,3899YS008,1,1.00E-06,52200,290000,52200,290000,290000,1,290000,611,ADD061815,GSTAG18,22-01-2018 04:31,"2-3, PRAKASH ENCLAVEBYE PASS ROAD, AGRAUTTAR PRADESH-282 005",200085,BASKARAN K,A04,4W Telco
882,600,90050,613,603005969,10,17007891,CU1A02409,3603MAS00,1,1.00E-06,1719.9,9555,1719.9,9555,4777.5,2,9555,611,DLC040129,GSTAG14,19-01-2018 12:31,"No.576A, NVN LAYOUT, CROSS CUTNEAR NORTH COIMBATORE FLYOVERGANDHIPURAM, COIMBATORE",200085,BASKARAN K,L01,Other Industry
883,600,90050,613,603005969,10,17007891,CU1A02409,3603MAS00,1,1.00E-06,1719.9,9555,1719.9,9555,4777.5,2,9555,611,DLC040129,GSTAG14,19-01-2018 12:31,"No.576A, NVN LAYOUT, CROSS CUTNEAR NORTH COIMBATORE FLYOVERGANDHIPURAM, COIMBATORE",200085,BASKARAN K,L01,Other Industry
884,600,90050,613,603005969,50,17007891,CU1A02409,3603GGS00,1,1.00E-06,5016.96,27872,5016.96,27872,2787.2,10,27872,611,DLC040129,GSTAG14,19-01-2018 12:31,"No.576A, NVN LAYOUT, CROSS CUTNEAR NORTH COIMBATORE FLYOVERGANDHIPURAM, COIMBATORE",200085,BASKARAN K,L01,Other Industry
885,600,90050,613,603005969,50,17007891,CU1A02409,3603GGS00,1,1.00E-06,5016.96,27872,5016.96,27872,2787.2,10,27872,611,DLC040129,GSTAG14,19-01-2018 12:31,"No.576A, NVN LAYOUT, CROSS CUTNEAR NORTH COIMBATORE FLYOVERGANDHIPURAM, COIMBATORE",200085,BASKARAN K,L01,Other Industry
886,600,90040,613,603006025,10,17007943,CU1T00002,S12102,1,1.00E-06,25200,140000,25200,140000,70000,2,140000,611,ADD061840,GSTAG18,22-01-2018 09:31,"A/C-ORBIT MOTORSVEDVYAS,ROURKELASUNDARGARH,ODISHA-769004",200085,BASKARAN K,A01,4W Maruti
887,600,90040,613,603006025,10,17007943,CU1T00002,S12102,1,1.00E-06,25200,140000,25200,140000,70000,2,140000,611,ADD061840,GSTAG18,22-01-2018 09:31,"A/C-ORBIT MOTORSVEDVYAS,ROURKELASUNDARGARH,ODISHA-769004",200085,BASKARAN K,A01,4W Maruti
888,600,90042,613,603006026,10,17007947,CU1S09824,200320440,1,1.00E-06,10372.86,57627,10372.86,57627,57627,1,57627,611,ADD061583,GSTAG18,22-01-2018 09:31,JOHN DEERE  TRACTORE AGENCY KE SAMNEDABRA (M.P.)-475 110 ,200085,BASKARAN K,C08,TYRE General
889,600,90042,613,603006026,10,17007947,CU1S09824,200320440,1,1.00E-06,10372.86,57627,10372.86,57627,57627,1,57627,611,ADD061583,GSTAG18,22-01-2018 09:31,JOHN DEERE  TRACTORE AGENCY KE SAMNEDABRA (M.P.)-475 110 ,200085,BASKARAN K,C08,TYRE General
890,600,90042,613,603005867,80,17007878,CU1M00993,5499VT007,1,1.00E-06,6300,35000,6300,35000,35000,1,35000,611,ADD061755,GSTAG18,15-01-2018 06:32,"ADJOINING HEMA PETROL PUMPEIT MANDI , BODLAAGRA - 282 001",200085,BASKARAN K,A26,4W - NEXA
891,600,90042,613,603005867,80,17007878,CU1M00993,5499VT007,1,1.00E-06,6300,35000,6300,35000,35000,1,35000,611,ADD061755,GSTAG18,15-01-2018 06:32,"ADJOINING HEMA PETROL PUMPEIT MANDI , BODLAAGRA - 282 001",200085,BASKARAN K,A26,4W - NEXA
892,600,90042,613,603005728,120,17007880,CU1P02220,1399SA014,1,1.00E-06,15916.5,88425,15916.5,88425,17685,5,88425,611,DA1050205,GSTAG18,09-01-2018 03:31,GURGAON - SOHNA ROADALIPURGURGAON - 122102,200085,BASKARAN K,A01,4W Maruti
893,600,90042,613,603005728,120,17007880,CU1P02220,1399SA014,1,1.00E-06,15916.5,88425,15916.5,88425,17685,5,88425,611,DA1050205,GSTAG18,09-01-2018 03:31,GURGAON - SOHNA ROADALIPURGURGAON - 122102,200085,BASKARAN K,A01,4W Maruti
894,600,90042,613,603005950,30,17007960,CU1V01749,2399BR001,1,1.00E-06,15300,85000,15300,85000,85000,1,85000,611,ADD061810,GSTAG18,18-01-2018 13:31,"D.NO 8-109, SRINIVASA NAGARNEAR PRIYA PICKLESPORANKI, VIJAYAWADA-521137",200085,BASKARAN K,A26,4W - NEXA
895,600,90042,613,603005950,30,17007960,CU1V01749,2399BR001,1,1.00E-06,15300,85000,15300,85000,85000,1,85000,611,ADD061810,GSTAG18,18-01-2018 13:31,"D.NO 8-109, SRINIVASA NAGARNEAR PRIYA PICKLESPORANKI, VIJAYAWADA-521137",200085,BASKARAN K,A26,4W - NEXA
896,600,90042,613,603005949,100,17007962,CU1V01749,K13990002,1,1.00E-06,567.9,3155,567.9,3155,3155,1,3155,611,ADD061810,GSTAG18,18-01-2018 13:31,"D.NO 8-109, SRINIVASA NAGARNEAR PRIYA PICKLESPORANKI, VIJAYAWADA-521137",200085,BASKARAN K,A26,4W - NEXA
897,600,90042,613,603005949,100,17007962,CU1V01749,K13990002,1,1.00E-06,567.9,3155,567.9,3155,3155,1,3155,611,ADD061810,GSTAG18,18-01-2018 13:31,"D.NO 8-109, SRINIVASA NAGARNEAR PRIYA PICKLESPORANKI, VIJAYAWADA-521137",200085,BASKARAN K,A26,4W - NEXA
898,600,90040,613,603005877,30,17007964,CU1S09812,K12990018,1,1.00E-06,1260,7000,1260,7000,7000,1,7000,611,ADD061248,GSTAG18,16-01-2018 06:31,"B-65/2, WAZIRPUR INDUSTRIAL AREADELHI -110 052MOBILE : 9650517788",200085,BASKARAN K,A09,4W Ford
899,600,90040,613,603005877,30,17007964,CU1S09812,K12990018,1,1.00E-06,1260,7000,1260,7000,7000,1,7000,611,ADD061248,GSTAG18,16-01-2018 06:31,"B-65/2, WAZIRPUR INDUSTRIAL AREADELHI -110 052MOBILE : 9650517788",200085,BASKARAN K,A09,4W Ford
900,600,90042,613,603005537,10,17007971,CU1A03865,1699EL007,1,1.00E-06,28836.36,102987,28836.36,102987,34329,3,102987,611,DLC070250,GSTAG19,29-12-2017 05:31,"5/2,DELHI ROAD EAST,OPP. NEW MANDI SAMITI, MEERUT,UTTAR PRADESH - 250 002",200085,BASKARAN K,A13,4W Unorganised/General
901,600,90042,613,603005537,10,17007971,CU1A03865,1699EL007,1,1.00E-06,28836.36,102987,28836.36,102987,34329,3,102987,611,DLC070250,GSTAG19,29-12-2017 05:31,"5/2,DELHI ROAD EAST,OPP. NEW MANDI SAMITI, MEERUT,UTTAR PRADESH - 250 002",200085,BASKARAN K,A13,4W Unorganised/General
902,600,90042,613,603005554,10,17007978,CU1S09821,1399PI001,1,1.00E-06,3600,20000,3600,20000,20000,1,20000,611,ADD061549,GSTAG18,29-12-2017 09:31,"OPP, ETER 9 HOTELNEAR HERO SHOWROOMBARDOLI SURAT ROAD,BARDOLI,",200085,BASKARAN K,A04,4W Telco
903,600,90042,613,603005554,10,17007978,CU1S09821,1399PI001,1,1.00E-06,3600,20000,3600,20000,20000,1,20000,611,ADD061549,GSTAG18,29-12-2017 09:31,"OPP, ETER 9 HOTELNEAR HERO SHOWROOMBARDOLI SURAT ROAD,BARDOLI,",200085,BASKARAN K,A04,4W Telco
904,600,90040,613,603005693,10,17007884,CU1S06387,Z11022,1,1.00E-06,73800,410000,73800,410000,410000,1,410000,611,ADD061669,GSTAG18,08-01-2018 04:32,"OPP. DELHI PUBLIC SCHOOL,HISAR ROADNEAR MAHINDRA DEALERVPO.MORIWALA,SIRSA- 125055",200085,BASKARAN K,A26,4W - NEXA
905,600,90040,613,603005693,10,17007884,CU1S06387,Z11022,1,1.00E-06,73800,410000,73800,410000,410000,1,410000,611,ADD061669,GSTAG18,08-01-2018 04:32,"OPP. DELHI PUBLIC SCHOOL,HISAR ROADNEAR MAHINDRA DEALERVPO.MORIWALA,SIRSA- 125055",200085,BASKARAN K,A26,4W - NEXA
906,600,90042,613,603005686,30,17007885,CU1S06387,5499VT007,1,1.00E-06,6300,35000,6300,35000,35000,1,35000,611,ADD061669,GSTAG18,08-01-2018 04:31,"OPP. DELHI PUBLIC SCHOOL,HISAR ROADNEAR MAHINDRA DEALERVPO.MORIWALA,SIRSA- 125055",200085,BASKARAN K,A26,4W - NEXA
907,600,90042,613,603005686,30,17007885,CU1S06387,5499VT007,1,1.00E-06,6300,35000,6300,35000,35000,1,35000,611,ADD061669,GSTAG18,08-01-2018 04:31,"OPP. DELHI PUBLIC SCHOOL,HISAR ROADNEAR MAHINDRA DEALERVPO.MORIWALA,SIRSA- 125055",200085,BASKARAN K,A26,4W - NEXA
908,600,90042,613,603005994,40,17007991,CU1A00004,3899YS009,1,1.00E-06,5400,30000,5400,30000,30000,1,30000,611,PLC005542,GSTAG18,21-01-2018 07:30,"G-1-265 RIICO INDUSTRIAL AREA4TH PHASE, BHILWARARAJASTHAN - 311 001",200085,BASKARAN K,C08,TYRE General
909,600,90042,613,603005994,40,17007991,CU1A00004,3899YS009,1,1.00E-06,5400,30000,5400,30000,30000,1,30000,611,PLC005542,GSTAG18,21-01-2018 07:30,"G-1-265 RIICO INDUSTRIAL AREA4TH PHASE, BHILWARARAJASTHAN - 311 001",200085,BASKARAN K,C08,TYRE General
910,600,90042,613,603005699,40,17007849,CU1P01369,200320440,1,1.00E-06,10620,59000,10620,59000,59000,1,59000,611,DLC021784,GSTAG18,08-01-2018 04:32,"OPP. AIRPORT, N H-39DIMAPUR-KOHIMA ROADDIMAPUR",200085,BASKARAN K,A26,4W - NEXA
911,600,90042,613,603005699,40,17007849,CU1P01369,200320440,1,1.00E-06,10620,59000,10620,59000,59000,1,59000,611,DLC021784,GSTAG18,08-01-2018 04:32,"OPP. AIRPORT, N H-39DIMAPUR-KOHIMA ROADDIMAPUR",200085,BASKARAN K,A26,4W - NEXA
912,600,90042,613,603005689,70,17007850,CU1P01369,TMTA00527,1,1.00E-06,3075.84,17088,3075.84,17088,17088,1,17088,611,DLC021784,GSTAG18,08-01-2018 04:32,"OPP. AIRPORT, N H-39DIMAPUR-KOHIMA ROADDIMAPUR",200085,BASKARAN K,A26,4W - NEXA
913,600,90042,613,603005689,70,17007850,CU1P01369,TMTA00527,1,1.00E-06,3075.84,17088,3075.84,17088,17088,1,17088,611,DLC021784,GSTAG18,08-01-2018 04:32,"OPP. AIRPORT, N H-39DIMAPUR-KOHIMA ROADDIMAPUR",200085,BASKARAN K,A26,4W - NEXA
914,600,90040,613,603005946,20,17007855,CU1H01228,Z12101,1,1.00E-06,13680,76000,13680,76000,76000,1,76000,611,ADD061812,GSTAG18,18-01-2018 12:31,"B38,JHILMIL INDUSTRIAL AREANEAR DILSHAD GARDEN METROLNEW DELHI",200085,BASKARAN K,A08,4W Hyundai
915,600,90040,613,603005946,20,17007855,CU1H01228,Z12101,1,1.00E-06,13680,76000,13680,76000,76000,1,76000,611,ADD061812,GSTAG18,18-01-2018 12:31,"B38,JHILMIL INDUSTRIAL AREANEAR DILSHAD GARDEN METROLNEW DELHI",200085,BASKARAN K,A08,4W Hyundai
916,600,90040,613,603005946,30,17007855,CU1H01228,FRT,1,1.00E-06,1980,11000,1980,11000,11000,1,11000,611,ADD061812,GSTAG18,18-01-2018 12:31,"B38,JHILMIL INDUSTRIAL AREANEAR DILSHAD GARDEN METROLNEW DELHI",200085,BASKARAN K,A08,4W Hyundai
917,600,90040,613,603005946,30,17007855,CU1H01228,FRT,1,1.00E-06,1980,11000,1980,11000,11000,1,11000,611,ADD061812,GSTAG18,18-01-2018 12:31,"B38,JHILMIL INDUSTRIAL AREANEAR DILSHAD GARDEN METROLNEW DELHI",200085,BASKARAN K,A08,4W Hyundai
918,600,90040,613,603005601,10,17008004,CU1R02724,S11004,1,1.00E-06,8550,47500,8550,47500,47500,1,47500,611,ADD061534,GSTAG14,02-01-2018 12:31,"KELAMBAKKAM ROAD, SIRUSERI.CHENNAI-600130 ",200085,BASKARAN K,L01,Other Industry
919,600,90040,613,603005601,10,17008004,CU1R02724,S11004,1,1.00E-06,8550,47500,8550,47500,47500,1,47500,611,ADD061534,GSTAG14,02-01-2018 12:31,"KELAMBAKKAM ROAD, SIRUSERI.CHENNAI-600130 ",200085,BASKARAN K,L01,Other Industry
920,600,90040,613,603006009,10,17007897,CU1A03865,S12102,1,1.00E-06,12960,72000,12960,72000,72000,1,72000,611,ADD029255,GSTAG18,22-01-2018 04:31,4TH KM MEERUT HIGHWAYBAIRAJ ROADBIJNOR (UP)-246701,200085,BASKARAN K,A01,4W Maruti
921,600,90040,613,603006009,10,17007897,CU1A03865,S12102,1,1.00E-06,12960,72000,12960,72000,72000,1,72000,611,ADD029255,GSTAG18,22-01-2018 04:31,4TH KM MEERUT HIGHWAYBAIRAJ ROADBIJNOR (UP)-246701,200085,BASKARAN K,A01,4W Maruti
922,600,90040,613,603005553,10,17007920,CU1A03314,X110074,1,1.00E-06,5115.6,28420,5115.6,28420,28420,1,28420,611,DLC056206,GSTAG18,29-12-2017 09:31,4 L GOPALA TOWER25 RAJENDRA PALACENEW DELHI - 110 008,200085,BASKARAN K,A13,4W Unorganised/General
923,600,90040,613,603005553,10,17007920,CU1A03314,X110074,1,1.00E-06,5115.6,28420,5115.6,28420,28420,1,28420,611,DLC056206,GSTAG18,29-12-2017 09:31,4 L GOPALA TOWER25 RAJENDRA PALACENEW DELHI - 110 008,200085,BASKARAN K,A13,4W Unorganised/General
924,600,90040,613,603006131,10,17008208,CU1A03710,S46024,1,1.00E-06,35100,195000,35100,195000,195000,1,195000,611,PLC006863,GSTAG18,24-01-2018 14:31,"(A UNIT OF ADITYA CAR CARE PVT LTD)NH-5, DASBATIATAMANDO, BHUBANESHWAR-752 054",200085,BASKARAN K,A08,4W Hyundai
925,600,90040,613,603006131,10,17008208,CU1A03710,S46024,1,1.00E-06,35100,195000,35100,195000,195000,1,195000,611,PLC006863,GSTAG18,24-01-2018 14:31,"(A UNIT OF ADITYA CAR CARE PVT LTD)NH-5, DASBATIATAMANDO, BHUBANESHWAR-752 054",200085,BASKARAN K,A08,4W Hyundai
926,600,90042,613,603006177,20,17008210,CU1V01656,3899YS009,1,1.00E-06,5400,30000,5400,30000,30000,1,30000,611,ADD043395,GSTAG18,29-01-2018 07:31,"S-19-20, NITYANAND NAGAR - BSTREET No. 9,GANDHI PATH,VAISHALI NAGAR, JAIPUR - 302 021",200085,BASKARAN K,A01,4W Maruti
927,600,90042,613,603006177,20,17008210,CU1V01656,3899YS009,1,1.00E-06,5400,30000,5400,30000,30000,1,30000,611,ADD043395,GSTAG18,29-01-2018 07:31,"S-19-20, NITYANAND NAGAR - BSTREET No. 9,GANDHI PATH,VAISHALI NAGAR, JAIPUR - 302 021",200085,BASKARAN K,A01,4W Maruti
928,600,90040,613,603006150,40,17008145,CU1A04048,S45001,1,1.00E-06,13500,75000,13500,75000,75000,1,75000,611,ADD061889,GSTAG18,25-01-2018 04:31,"NH-6,TATIBANDH,BESIDE BHART BENZ SHOWROOMRAIPUR - 492001",200085,BASKARAN K,A01,4W Maruti
929,600,90040,613,603006150,40,17008145,CU1A04048,S45001,1,1.00E-06,13500,75000,13500,75000,75000,1,75000,611,ADD061889,GSTAG18,25-01-2018 04:31,"NH-6,TATIBANDH,BESIDE BHART BENZ SHOWROOMRAIPUR - 492001",200085,BASKARAN K,A01,4W Maruti
930,600,90040,613,603006147,10,17008149,CU1A04048,S12102,1,1.00E-06,13500,75000,13500,75000,75000,1,75000,611,ADD061889,GSTAG18,25-01-2018 04:31,"NH-6,TATIBANDH,BESIDE BHART BENZ SHOWROOMRAIPUR - 492001",200085,BASKARAN K,A01,4W Maruti
931,600,90040,613,603006147,10,17008149,CU1A04048,S12102,1,1.00E-06,13500,75000,13500,75000,75000,1,75000,611,ADD061889,GSTAG18,25-01-2018 04:31,"NH-6,TATIBANDH,BESIDE BHART BENZ SHOWROOMRAIPUR - 492001",200085,BASKARAN K,A01,4W Maruti
932,600,90042,613,603006153,90,17008150,CU1A04048,FRT,1,1.00E-06,6300,35000,6300,35000,35000,1,35000,611,ADD061889,GSTAG18,25-01-2018 07:30,"NH-6,TATIBANDH,BESIDE BHART BENZ SHOWROOMRAIPUR - 492001",200085,BASKARAN K,A01,4W Maruti
933,600,90042,613,603006153,90,17008150,CU1A04048,FRT,1,1.00E-06,6300,35000,6300,35000,35000,1,35000,611,ADD061889,GSTAG18,25-01-2018 07:30,"NH-6,TATIBANDH,BESIDE BHART BENZ SHOWROOMRAIPUR - 492001",200085,BASKARAN K,A01,4W Maruti
934,600,90040,613,603005827,10,17008151,CU1S08424,S12105,1,1.00E-06,37620,209000,37620,209000,209000,1,209000,611,ADD061749,GSTAG14,12-01-2018 10:31,"LAND ADMEASURING 1600.56 SQ MT,PALDI,AHMEDABAD380006",200085,BASKARAN K,E06,OIL - Others
935,600,90040,613,603005827,10,17008151,CU1S08424,S12105,1,1.00E-06,37620,209000,37620,209000,209000,1,209000,611,ADD061749,GSTAG14,12-01-2018 10:31,"LAND ADMEASURING 1600.56 SQ MT,PALDI,AHMEDABAD380006",200085,BASKARAN K,E06,OIL - Others
936,600,90040,613,603006124,10,17008060,CU1T00002,S12102,1,1.00E-06,12843.9,71355,12843.9,71355,71355,1,71355,611,ADD061530,GSTAG18,24-01-2018 12:31,"C/O-JYOTE MOTORS PVT LTDA/62,NAYAPALLIBHUBANESWAR - 751010",200085,BASKARAN K,A01,4W Maruti
937,600,90040,613,603006124,10,17008060,CU1T00002,S12102,1,1.00E-06,12843.9,71355,12843.9,71355,71355,1,71355,611,ADD061530,GSTAG18,24-01-2018 12:31,"C/O-JYOTE MOTORS PVT LTDA/62,NAYAPALLIBHUBANESWAR - 751010",200085,BASKARAN K,A01,4W Maruti
938,600,90040,613,603006125,10,17008069,CU1P02029,K12990017,1,1.00E-06,2160,12000,2160,12000,12000,1,12000,611,ADD061877,GSTAG18,24-01-2018 12:31,"GURUDWARA ROAD,JODHADIH MORE, CHAS BOKARO-827013",200085,BASKARAN K,C03,TYRE Ceat
939,600,90040,613,603006125,10,17008069,CU1P02029,K12990017,1,1.00E-06,2160,12000,2160,12000,12000,1,12000,611,ADD061877,GSTAG18,24-01-2018 12:31,"GURUDWARA ROAD,JODHADIH MORE, CHAS BOKARO-827013",200085,BASKARAN K,C03,TYRE Ceat
940,600,90040,613,603006033,10,17008094,CU1V01156,S25004,1,1.00E-06,15300,85000,15300,85000,85000,1,85000,611,PLC007744,GSTAG14,23-01-2018 04:31,"No.203, 206 MOUNT POONAMALLEEHIGH ROAD, KATTUPAKAMCHENNAI - 600 056",200085,BASKARAN K,A01,4W Maruti
941,600,90040,613,603006033,10,17008094,CU1V01156,S25004,1,1.00E-06,15300,85000,15300,85000,85000,1,85000,611,PLC007744,GSTAG14,23-01-2018 04:31,"No.203, 206 MOUNT POONAMALLEEHIGH ROAD, KATTUPAKAMCHENNAI - 600 056",200085,BASKARAN K,A01,4W Maruti
942,600,90042,613,603005491,10,17008078,CU1A02247,110463070,1,1.00E-06,4200,35000,4200,35000,35000,1,35000,611,DLC034625,GSTAG17,27-12-2017 14:31,VARANGODEDOWN HILLMALAPURAM,200085,BASKARAN K,A01,4W Maruti
943,600,90042,613,603005491,10,17008078,CU1A02247,110463070,1,1.00E-06,4200,35000,4200,35000,35000,1,35000,611,DLC034625,GSTAG17,27-12-2017 14:31,VARANGODEDOWN HILLMALAPURAM,200085,BASKARAN K,A01,4W Maruti
944,600,90042,613,603006134,50,17008181,CU1A03710,1699EL007,1,1.00E-06,12740.56,45502,12740.56,45502,45502,1,45502,611,PLC006863,GSTAG19,24-01-2018 14:31,"(A UNIT OF ADITYA CAR CARE PVT LTD)NH-5, DASBATIATAMANDO, BHUBANESHWAR-752 054",200085,BASKARAN K,A08,4W Hyundai
945,600,90042,613,603006134,50,17008181,CU1A03710,1699EL007,1,1.00E-06,12740.56,45502,12740.56,45502,45502,1,45502,611,PLC006863,GSTAG19,24-01-2018 14:31,"(A UNIT OF ADITYA CAR CARE PVT LTD)NH-5, DASBATIATAMANDO, BHUBANESHWAR-752 054",200085,BASKARAN K,A08,4W Hyundai
946,600,90040,613,603006357,10,17008412,CU1J01308,Z12101,1,1.00E-06,13680,76000,13680,76000,76000,1,76000,611,ADD039122,GSTAG18,05-02-2018 13:31,"ALIPUR, SOHNA,DISTT. GURGAON,HARYANA122102",200085,BASKARAN K,A08,4W Hyundai
947,600,90040,613,603006357,10,17008412,CU1J01308,Z12101,1,1.00E-06,13680,76000,13680,76000,76000,1,76000,611,ADD039122,GSTAG18,05-02-2018 13:31,"ALIPUR, SOHNA,DISTT. GURGAON,HARYANA122102",200085,BASKARAN K,A08,4W Hyundai
948,600,90040,613,603005579,10,17008413,CU1V01740,S12001,1,1.00E-06,14400,80000,14400,80000,80000,1,80000,611,ADD061997,GSTAG18,30-12-2017 11:30,"C/o. Mr. DEVA BODAKENASHIK PUNE HIGHWAYBODAKE MALA, SINNAR, NASHIK-422103",200085,BASKARAN K,L01,Other Industry
949,600,90040,613,603005579,10,17008413,CU1V01740,S12001,1,1.00E-06,14400,80000,14400,80000,80000,1,80000,611,ADD061997,GSTAG18,30-12-2017 11:30,"C/o. Mr. DEVA BODAKENASHIK PUNE HIGHWAYBODAKE MALA, SINNAR, NASHIK-422103",200085,BASKARAN K,L01,Other Industry
950,600,90040,613,603004229,10,17008304,CU1B02627,Z08084,1,1.00E-06,574000,2050000,574000,2050000,2050000,1,2050000,611,ADD060766,GSTAG19,30-10-2017 10:30,BELPAHAR OCMLAKHANPUR ,200085,BASKARAN K,J07,Mines Others
951,600,90040,613,603004229,10,17008304,CU1B02627,Z08084,1,1.00E-06,574000,2050000,574000,2050000,2050000,1,2050000,611,ADD060766,GSTAG19,30-10-2017 10:30,BELPAHAR OCMLAKHANPUR ,200085,BASKARAN K,J07,Mines Others
952,600,90042,613,603004724,20,17008310,CU1A03833,80303040,1,1.00E-06,3696,13200,3696,13200,13200,1,13200,611,ADD042440,GSTAG15,22-11-2017 04:32,"(A UNIT OF AI ENTERPRISES PVT LTD)1,2,3&4 KATHIRAVAN SALAI,NEELANGARAI,ECR,CHENNAI-600115",200085,BASKARAN K,A01,4W Maruti
953,600,90042,613,603004724,20,17008310,CU1A03833,80303040,1,1.00E-06,3696,13200,3696,13200,13200,1,13200,611,ADD042440,GSTAG15,22-11-2017 04:32,"(A UNIT OF AI ENTERPRISES PVT LTD)1,2,3&4 KATHIRAVAN SALAI,NEELANGARAI,ECR,CHENNAI-600115",200085,BASKARAN K,A01,4W Maruti
954,600,90042,613,603004724,60,17008310,CU1A03833,80303100,1,1.00E-06,9651.04,34468,9651.04,34468,34468,1,34468,611,ADD042440,GSTAG15,22-11-2017 04:32,"(A UNIT OF AI ENTERPRISES PVT LTD)1,2,3&4 KATHIRAVAN SALAI,NEELANGARAI,ECR,CHENNAI-600115",200085,BASKARAN K,A01,4W Maruti
955,600,90042,613,603004724,60,17008310,CU1A03833,80303100,1,1.00E-06,9651.04,34468,9651.04,34468,34468,1,34468,611,ADD042440,GSTAG15,22-11-2017 04:32,"(A UNIT OF AI ENTERPRISES PVT LTD)1,2,3&4 KATHIRAVAN SALAI,NEELANGARAI,ECR,CHENNAI-600115",200085,BASKARAN K,A01,4W Maruti
956,600,90042,613,603004724,80,17008310,CU1A03833,80304240,1,1.00E-06,3360,12000,3360,12000,12000,1,12000,611,ADD042440,GSTAG15,22-11-2017 04:32,"(A UNIT OF AI ENTERPRISES PVT LTD)1,2,3&4 KATHIRAVAN SALAI,NEELANGARAI,ECR,CHENNAI-600115",200085,BASKARAN K,A01,4W Maruti
957,600,90042,613,603004724,80,17008310,CU1A03833,80304240,1,1.00E-06,3360,12000,3360,12000,12000,1,12000,611,ADD042440,GSTAG15,22-11-2017 04:32,"(A UNIT OF AI ENTERPRISES PVT LTD)1,2,3&4 KATHIRAVAN SALAI,NEELANGARAI,ECR,CHENNAI-600115",200085,BASKARAN K,A01,4W Maruti
958,600,90050,613,603006139,10,17008264,CU1A03314,3603BAP00,1,1.00E-06,13963.68,77576,13963.68,77576,9697,8,77576,611,DLC056206,GSTAG18,24-01-2018 15:31,4 L GOPALA TOWER25 RAJENDRA PALACENEW DELHI - 110 008,200085,BASKARAN K,A13,4W Unorganised/General
959,600,90050,613,603006139,10,17008264,CU1A03314,3603BAP00,1,1.00E-06,13963.68,77576,13963.68,77576,9697,8,77576,611,DLC056206,GSTAG18,24-01-2018 15:31,4 L GOPALA TOWER25 RAJENDRA PALACENEW DELHI - 110 008,200085,BASKARAN K,A13,4W Unorganised/General
960,600,90042,613,603005702,90,17008284,CU1F00281,TMTA00491,1,1.00E-06,10080,56000,10080,56000,14000,4,56000,611,ADD061670,GSTAG18,08-01-2018 05:32,"NEAR PIMPLESHWER POINT HOTELOPPS- MAHANAGAR GAS PUMPSONARPADA MANPADA ,DOMBIVALI(E)-421204",200085,BASKARAN K,A01,4W Maruti
961,600,90042,613,603005702,90,17008284,CU1F00281,TMTA00491,1,1.00E-06,10080,56000,10080,56000,14000,4,56000,611,ADD061670,GSTAG18,08-01-2018 05:32,"NEAR PIMPLESHWER POINT HOTELOPPS- MAHANAGAR GAS PUMPSONARPADA MANPADA ,DOMBIVALI(E)-421204",200085,BASKARAN K,A01,4W Maruti
962,600,90040,613,603006241,20,17008300,CU1D00914,S25004,1,1.00E-06,15570,86500,15570,86500,86500,1,86500,611,ADD023918,GSTAG18,31-01-2018 04:34,SARFUDDINPURAZAMGARH276201,200085,BASKARAN K,A01,4W Maruti
963,600,90040,613,603006241,20,17008300,CU1D00914,S25004,1,1.00E-06,15570,86500,15570,86500,86500,1,86500,611,ADD023918,GSTAG18,31-01-2018 04:34,SARFUDDINPURAZAMGARH276201,200085,BASKARAN K,A01,4W Maruti
964,600,90042,613,603006243,30,17008301,CU1D00914,FRT,1,1.00E-06,1800,10000,1800,10000,10000,1,10000,611,ADD023918,GSTAG18,31-01-2018 04:35,SARFUDDINPURAZAMGARH276201,200085,BASKARAN K,A01,4W Maruti
965,600,90042,613,603006243,30,17008301,CU1D00914,FRT,1,1.00E-06,1800,10000,1800,10000,10000,1,10000,611,ADD023918,GSTAG18,31-01-2018 04:35,SARFUDDINPURAZAMGARH276201,200085,BASKARAN K,A01,4W Maruti
966,600,90042,613,603006154,20,17008339,CU1J00001,110463070,1,1.00E-06,6000,50000,6000,50000,50000,1,50000,611,ADD006497,GSTAG17,25-01-2018 07:30,"P 41 PRINCEEP STREETIST FLOOR,ROOM NO:123 & 115KOLKATA - 700072 WB",200085,BASKARAN K,A24,4W - MFC
967,600,90042,613,603006154,20,17008339,CU1J00001,110463070,1,1.00E-06,6000,50000,6000,50000,50000,1,50000,611,ADD006497,GSTAG17,25-01-2018 07:30,"P 41 PRINCEEP STREETIST FLOOR,ROOM NO:123 & 115KOLKATA - 700072 WB",200085,BASKARAN K,A24,4W - MFC
968,600,90040,613,603005979,10,17008317,CU1M04093,S11019,1,1.00E-06,72000,400000,72000,400000,400000,1,400000,611,ADD061809,GSTAG14,19-01-2018 13:34,"03/691, MADURAI-PALANI BYPASSNEAR VATHALAGUNDU ROAD CIRCLE,DINDIGUL-624 002",200085,BASKARAN K,C09,Tyre Shop - HOT
969,600,90040,613,603005979,10,17008317,CU1M04093,S11019,1,1.00E-06,72000,400000,72000,400000,400000,1,400000,611,ADD061809,GSTAG14,19-01-2018 13:34,"03/691, MADURAI-PALANI BYPASSNEAR VATHALAGUNDU ROAD CIRCLE,DINDIGUL-624 002",200085,BASKARAN K,C09,Tyre Shop - HOT
970,600,90042,613,603006282,40,17008346,CU1D00924,200320440,1,1.00E-06,9900,55000,9900,55000,55000,1,55000,611,ADD024319,GSTAG18,31-01-2018 14:31,"29-2-48,SUMEET BUILDING1ST FLOOR,RAMAMANDIR STREETVIJAYAWADA, A.P - 520 002",200085,BASKARAN K,A13,4W Unorganised/General
971,600,90042,613,603006282,40,17008346,CU1D00924,200320440,1,1.00E-06,9900,55000,9900,55000,55000,1,55000,611,ADD024319,GSTAG18,31-01-2018 14:31,"29-2-48,SUMEET BUILDING1ST FLOOR,RAMAMANDIR STREETVIJAYAWADA, A.P - 520 002",200085,BASKARAN K,A13,4W Unorganised/General
972,600,90042,613,603006258,130,17008356,CU1A04048,FRT,1,1.00E-06,1440,8000,1440,8000,8000,1,8000,611,ADD061889,GSTAG18,31-01-2018 07:30,"NH-6,TATIBANDH,BESIDE BHART BENZ SHOWROOMRAIPUR - 492001",200085,BASKARAN K,A01,4W Maruti
973,600,90042,613,603006258,130,17008356,CU1A04048,FRT,1,1.00E-06,1440,8000,1440,8000,8000,1,8000,611,ADD061889,GSTAG18,31-01-2018 07:30,"NH-6,TATIBANDH,BESIDE BHART BENZ SHOWROOMRAIPUR - 492001",200085,BASKARAN K,A01,4W Maruti
974,600,90040,613,603005750,10,17008406,CU1P03301,S15038,1,1.00E-06,8820,49000,8820,49000,49000,1,49000,611,1000854,GSTAG18,09-01-2018 11:31,"P-159, MIDC AREA, SAYHADRI CHOWK,NEAR GATI TRANSPORT, NAGARMANMAD RD,AHMEDNAGAR - 414 111.",200085,BASKARAN K,L01,Other Industry
975,600,90040,613,603005750,10,17008406,CU1P03301,S15038,1,1.00E-06,8820,49000,8820,49000,49000,1,49000,611,1000854,GSTAG18,09-01-2018 11:31,"P-159, MIDC AREA, SAYHADRI CHOWK,NEAR GATI TRANSPORT, NAGARMANMAD RD,AHMEDNAGAR - 414 111.",200085,BASKARAN K,L01,Other Industry
976,600,90040,613,603006083,10,17008291,CU1S09831,S12102,1,1.00E-06,14040,78000,14040,78000,78000,1,78000,611,ADD061864,GSTAG18,24-01-2018 05:31,"NEAR NANA NANI PARK,VASAI ROAD,VASAI WEST,DIST-PALGHAR,MUMBAIPINCODE-401 202",200085,BASKARAN K,L01,Other Industry
977,600,90040,613,603006083,10,17008291,CU1S09831,S12102,1,1.00E-06,14040,78000,14040,78000,78000,1,78000,611,ADD061864,GSTAG18,24-01-2018 05:31,"NEAR NANA NANI PARK,VASAI ROAD,VASAI WEST,DIST-PALGHAR,MUMBAIPINCODE-401 202",200085,BASKARAN K,L01,Other Industry
978,600,90040,613,603005876,10,17008294,CU1P03301,S12108,1,1.00E-06,14040,78000,14040,78000,78000,1,78000,611,ADD061153,GSTAG18,16-01-2018 06:31,"30/1, N.H.65, SOLAPUR-PUNE ROADA/P- BALESOLAPUR",200085,BASKARAN K,502,DEALERS
979,600,90040,613,603005876,10,17008294,CU1P03301,S12108,1,1.00E-06,14040,78000,14040,78000,78000,1,78000,611,ADD061153,GSTAG18,16-01-2018 06:31,"30/1, N.H.65, SOLAPUR-PUNE ROADA/P- BALESOLAPUR",200085,BASKARAN K,502,DEALERS
980,600,90042,613,603005818,80,17008299,CU1I00303,TMTA00491,1,1.00E-06,21241.8,118010,21241.8,118010,23602,5,118010,611,DLC071428,GSTAG18,12-01-2018 07:31,"SB117, 3RD CROSS,, PEENYA IST STAGE,PEENYA INDUSTRIAL AREABANGALORE",200085,BASKARAN K,D05,HCV Others - General
981,600,90042,613,603005818,80,17008299,CU1I00303,TMTA00491,1,1.00E-06,21241.8,118010,21241.8,118010,23602,5,118010,611,DLC071428,GSTAG18,12-01-2018 07:31,"SB117, 3RD CROSS,, PEENYA IST STAGE,PEENYA INDUSTRIAL AREABANGALORE",200085,BASKARAN K,D05,HCV Others - General
982,600,90040,613,603005917,30,17008362,CU1J00001,Z11022,1,1.00E-06,75600,420000,75600,420000,420000,1,420000,611,PLC000469,GSTAG18,17-01-2018 14:31,"P 41 PRINCEEP STREETIST FLOOR,ROOM NO:123 & 115KOLKATA,700 072-WB",200085,BASKARAN K,A26,4W - NEXA
983,600,90040,613,603005917,30,17008362,CU1J00001,Z11022,1,1.00E-06,75600,420000,75600,420000,420000,1,420000,611,PLC000469,GSTAG18,17-01-2018 14:31,"P 41 PRINCEEP STREETIST FLOOR,ROOM NO:123 & 115KOLKATA,700 072-WB",200085,BASKARAN K,A26,4W - NEXA
984,600,90040,613,603006098,10,17008366,CU1S02691,S12102,1,1.00E-06,13680,76000,13680,76000,76000,1,76000,611,DLC016012,GSTAG18,24-01-2018 09:31,E-5-1 & E-6 INDUSTRIAL AREANEAR HANUMAN MANDIRHARIDWAR,200085,BASKARAN K,A01,4W Maruti
985,600,90040,613,603006098,10,17008366,CU1S02691,S12102,1,1.00E-06,13680,76000,13680,76000,76000,1,76000,611,DLC016012,GSTAG18,24-01-2018 09:31,E-5-1 & E-6 INDUSTRIAL AREANEAR HANUMAN MANDIRHARIDWAR,200085,BASKARAN K,A01,4W Maruti
986,600,90040,613,603006018,10,17008344,CU1S05933,S25004,1,1.00E-06,15300,85000,15300,85000,85000,1,85000,611,ADD061962,GSTAG18,22-01-2018 05:31,NEAR BELLARI STEEL ROLLING MILLANANTHPUR ROADBELLARY-583101,200085,BASKARAN K,A13,4W Unorganised/General
987,600,90040,613,603006018,10,17008344,CU1S05933,S25004,1,1.00E-06,15300,85000,15300,85000,85000,1,85000,611,ADD061962,GSTAG18,22-01-2018 05:31,NEAR BELLARI STEEL ROLLING MILLANANTHPUR ROADBELLARY-583101,200085,BASKARAN K,A13,4W Unorganised/General
988,600,90040,613,603005563,10,17008482,CU1M04062,Z13037,1,1.00E-06,1520,30400,1520,30400,3040,10,30400,611,ADD055121,GSTAG12,29-12-2017 12:31,"SEETHARAMPALAYAM POTIRUCHENGODE, NAMAKKAL -637209MOB:98427 56611",200085,BASKARAN K,L01,Other Industry
989,600,90040,613,603005563,10,17008482,CU1M04062,Z13037,1,1.00E-06,1520,30400,1520,30400,3040,10,30400,611,ADD055121,GSTAG12,29-12-2017 12:31,"SEETHARAMPALAYAM POTIRUCHENGODE, NAMAKKAL -637209MOB:98427 56611",200085,BASKARAN K,L01,Other Industry
990,600,90042,613,603006281,30,17008500,CU1K01919,11486001PP,1,1.00E-06,144,800,144,800,400,2,800,611,ADD028810,GSTAG18,31-01-2018 14:31,"PLOT No.209, PHASE IIAUTO NAGAR PETROL BUNK BACK SINELLORE - 524 004",200085,BASKARAN K,A08,4W Hyundai
991,600,90042,613,603006281,30,17008500,CU1K01919,11486001PP,1,1.00E-06,144,800,144,800,400,2,800,611,ADD028810,GSTAG18,31-01-2018 14:31,"PLOT No.209, PHASE IIAUTO NAGAR PETROL BUNK BACK SINELLORE - 524 004",200085,BASKARAN K,A08,4W Hyundai
992,600,90040,613,603006473,10,17008567,CU1I00935,S12102,1,1.00E-06,56160,312000,56160,312000,78000,4,312000,611,ADD062059,GSTAG18,10-02-2018 09:30,"NEAR- CURIS HOSPITAL,DANAPURPATNA,BIHAR-801 503 ",200085,BASKARAN K,A09,4W Ford
993,600,90040,613,603006473,10,17008567,CU1I00935,S12102,1,1.00E-06,56160,312000,56160,312000,78000,4,312000,611,ADD062059,GSTAG18,10-02-2018 09:30,"NEAR- CURIS HOSPITAL,DANAPURPATNA,BIHAR-801 503 ",200085,BASKARAN K,A09,4W Ford
994,600,90042,613,603006481,10,17008569,CU1O00001,200320440,1,1.00E-06,21600,120000,21600,120000,60000,2,120000,611,DLC056113,GSTAG18,10-02-2018 09:31,"25,GANESH MAHAL COMPLEX,KS RAO ROADMANGALORE - 575 001 ",200085,BASKARAN K,A13,4W Unorganised/General
995,600,90042,613,603006481,10,17008569,CU1O00001,200320440,1,1.00E-06,21600,120000,21600,120000,60000,2,120000,611,DLC056113,GSTAG18,10-02-2018 09:31,"25,GANESH MAHAL COMPLEX,KS RAO ROADMANGALORE - 575 001 ",200085,BASKARAN K,A13,4W Unorganised/General
996,600,90042,613,603006162,10,17008503,CU1A04048,110463070,1,1.00E-06,5400,45000,5400,45000,45000,1,45000,611,ADD061889,GSTAG17,25-01-2018 14:30,"NH-6,TATIBANDH,BESIDE BHART BENZ SHOWROOMRAIPUR - 492001",200085,BASKARAN K,A01,4W Maruti
997,600,90042,613,603006162,10,17008503,CU1A04048,110463070,1,1.00E-06,5400,45000,5400,45000,45000,1,45000,611,ADD061889,GSTAG17,25-01-2018 14:30,"NH-6,TATIBANDH,BESIDE BHART BENZ SHOWROOMRAIPUR - 492001",200085,BASKARAN K,A01,4W Maruti
998,600,90050,613,603006452,70,17008504,CU1A02409,3603IHU00,1,1.00E-06,5312.16,29512,5312.16,29512,29512,1,29512,611,DLC040129,GSTAG14,09-02-2018 05:31,"No.576A, NVN LAYOUT, CROSS CUTNEAR NORTH COIMBATORE FLYOVERGANDHIPURAM, COIMBATORE",200085,BASKARAN K,L01,Other Industry
999,600,90050,613,603006452,70,17008504,CU1A02409,3603IHU00,1,1.00E-06,5312.16,29512,5312.16,29512,29512,1,29512,611,DLC040129,GSTAG14,09-02-2018 05:31,"No.576A, NVN LAYOUT, CROSS CUTNEAR NORTH COIMBATORE FLYOVERGANDHIPURAM, COIMBATORE",200085,BASKARAN K,L01,Other Industry
1000,600,90042,613,603005918,10,17008507,CU1J00001,110463070,1,1.00E-06,6000,50000,6000,50000,50000,1,50000,611,DLC061138,GSTAG17,17-01-2018 14:31,"P 41 PRINCEEP STREETIST FLOOR,ROOM NO:123 & 115CALCUTTA-700072",200085,BASKARAN K,A26,4W - NEXA
1001,600,90042,613,603005918,10,17008507,CU1J00001,110463070,1,1.00E-06,6000,50000,6000,50000,50000,1,50000,611,DLC061138,GSTAG17,17-01-2018 14:31,"P 41 PRINCEEP STREETIST FLOOR,ROOM NO:123 & 115CALCUTTA-700072",200085,BASKARAN K,A26,4W - NEXA
1002,600,90040,613,603005973,10,17008525,CU1H01287,Z12115,1,1.00E-06,13680,76000,13680,76000,76000,1,76000,611,ADD061830,GSTAG14,19-01-2018 13:34,"NH-27, NEAR 66KV JETCO SUB-STATIONGONDALDIST. - RAJKOT - 360311",200085,BASKARAN K,A08,4W Hyundai
1003,600,90040,613,603005973,10,17008525,CU1H01287,Z12115,1,1.00E-06,13680,76000,13680,76000,76000,1,76000,611,ADD061830,GSTAG14,19-01-2018 13:34,"NH-27, NEAR 66KV JETCO SUB-STATIONGONDALDIST. - RAJKOT - 360311",200085,BASKARAN K,A08,4W Hyundai
1004,600,90042,613,603006413,90,17008539,CU1S09337,TMTA00527,1,1.00E-06,3045.06,16917,3045.06,16917,16917,1,16917,611,ADD061979,GSTAG14,08-02-2018 07:31,"D NO.50/28, SF NO.1/10 B,ALAGAPURAM PUDHUR VILLAGEHASTHAMPATTY,SALEM - 636 007",200085,BASKARAN K,A01,4W Maruti
1005,600,90042,613,603006413,90,17008539,CU1S09337,TMTA00527,1,1.00E-06,3045.06,16917,3045.06,16917,16917,1,16917,611,ADD061979,GSTAG14,08-02-2018 07:31,"D NO.50/28, SF NO.1/10 B,ALAGAPURAM PUDHUR VILLAGEHASTHAMPATTY,SALEM - 636 007",200085,BASKARAN K,A01,4W Maruti
1006,600,90042,613,603006413,140,17008539,CU1S09337,3899YS009,1,1.00E-06,5673.6,31520,5673.6,31520,31520,1,31520,611,ADD061979,GSTAG14,08-02-2018 07:31,"D NO.50/28, SF NO.1/10 B,ALAGAPURAM PUDHUR VILLAGEHASTHAMPATTY,SALEM - 636 007",200085,BASKARAN K,A01,4W Maruti
