Region,Item_Code,Item,first_sale_date,last_sale_date,mean_demand,std_demand,cv,demand_count,total_periods,adi,Category,seasonality_score,final_category,ABC_classification
IND,200040,CYL DIA70 M/C LG02 BP02,04-01-2023,03-01-2025,27.2173913,17.56276154,0.416382641,23,24,1.043478261,Smooth,1.161555016,Seasonal,B
IND,210020,"CYL NO1 DIA70 M/C TS03,10,15LB",04-01-2023,03-01-2025,150.625,31.48334618,0.043688552,24,24,1,Smooth,0.919777382,Smooth,A
IND,00021002B,CYL NO1 DIA70 M/C SP,04-01-2023,02-01-2025,3.5625,3.326033674,0.871652816,16,23,1.4375,Lumpy,1.077319099,Lumpy,C
IND,00021003A,CYL HEAD DIA70 W/LAPPING SP,04-01-2023,03-01-2025,1.615384615,0.767947648,0.226001512,13,24,1.846153846,Intermittent,0.998995557,Intermittent,C
IND,00021003B,HEAD DIA70 CYL-FV M/C SS02EXP,04-01-2023,03-01-2025,14.52173913,8.810477055,0.368096415,23,24,1.043478261,Smooth,1.203195247,Seasonal,C
IND,210040,CYL DIA50 M/C TS02/03,04-01-2023,03-01-2025,68.95833333,20.65130624,0.089685357,24,24,1,Smooth,0.991581898,Smooth,A
IND,00021004C,CYL DIA50 M/C HP03/05,04-01-2023,12-01-2024,5.857142857,3.61316275,0.380542717,14,21,1.5,Intermittent,0.992621494,Intermittent,C
IND,00021010A,CYL DIA100 D/V M/C SS15 TS12,04-01-2023,03-01-2025,187.9166667,90.70013502,0.232962097,24,24,1,Smooth,0.845628711,Smooth,A
IND,00021010D,CYL DIA100 M/C SS07 EXPORT,04-01-2023,03-01-2025,188.9166667,41.91597876,0.049228735,24,24,1,Smooth,1.066258114,Seasonal,A
IND,00021011C,CYL DIA60 M/C HP07/10/20,04-01-2023,03-01-2025,10.63157895,7.064862398,0.441582525,19,24,1.263157895,Smooth,0.923430343,Smooth,B
IND,210260,CENTRAL COOLER M/C SS07/10,04-01-2023,03-01-2025,4.826086957,2.774103851,0.330411493,23,24,1.043478261,Smooth,1.007320065,Seasonal,C
IND,210270,CENTRAL COOLER M/C SS03/05,04-01-2023,03-01-2025,3.388888889,2.992911014,0.779961111,18,24,1.333333333,Lumpy,0.874397664,Lumpy,C
IND,210400,HEAD DIA60 CYL M/C LG CRC ICRC,04-01-2023,03-01-2025,22.33333333,30.00555504,1.805079082,21,24,1.142857143,Erratic,0.817234762,Erratic,B
IND,00021238C,HEAD DIA100 CYL M/C SS07EXPORT,04-01-2023,03-01-2025,164.625,52.45935279,0.101544003,24,24,1,Smooth,1.197222366,Seasonal,A
IND,00021239A,HEAD DIA100 CYL M/C D/V SS15,04-01-2023,03-01-2025,16.31818182,22.11740612,1.837066382,22,24,1.090909091,Erratic,0.950150786,Erratic,B
IND,213020,HEAD DIA60 CYL M/C TRC1000MN/B,04-01-2023,03-01-2025,12.1875,14.69339421,1.45349989,16,24,1.5,Lumpy,1.064727042,Lumpy,C
IND,213930,HEAD DIA70 CYL-FV M/C TS10/12,04-01-2023,03-01-2025,16.08333333,9.468100524,0.346556137,24,24,1,Smooth,1.086805454,Seasonal,C
IND,215130,CYL DIA127 HONING HV40,04-01-2023,03-01-2025,2.833333333,2.208797836,0.607738282,12,24,2,Lumpy,0.695968504,Lumpy,C
IND,215150,HEAD DIA127 M/C HV,04-01-2023,01-01-2025,4.153846154,4.758258677,1.312185642,13,22,1.692307692,Lumpy,1.249535096,Lumpy,B
IND,215210,CYL DIA220 HONING HV40,04-01-2023,03-01-2025,2.363636364,1.911686547,0.654142012,11,24,2.181818182,Lumpy,0.479388201,Lumpy,B
IND,215230,HEAD DIA220 CYL M/C HV30/40,04-01-2023,03-01-2025,1.7,0.823272602,0.234525183,10,24,2.4,Intermittent,1.00955183,Intermittent,C
IND,215930,CYL HEAD DIA50 W/LAPPING SP10/,04-01-2023,03-01-2025,1.333333333,0.651338947,0.238636364,12,24,2,Intermittent,1.231566988,Intermittent,C
IND,216100,HEAD DIA197 CYL M/C HV/3UC/4UC,04-01-2023,01-01-2025,4.75,6.956030739,2.144547973,12,22,1.833333333,Lumpy,1.317201996,Lumpy,B
IND,216180,I/C ASSY RADIATOR HV40,04-01-2023,02-01-2024,1,0,0,4,11,2.75,Intermittent,1.063112569,Intermittent,C
IND,218840,CYL DIA84 HP M/C TRC1000DCM,04-01-2023,02-01-2025,28.4,33.86312317,1.421730697,10,23,2.3,Lumpy,1.101030867,Lumpy,B
IND,219930,HEAD DIA 50 CYL M/C TS02/03,04-01-2023,03-01-2025,8.208333333,7.818479596,0.90726602,24,24,1,Erratic,1.197428684,Seasonal,C
IND,310040,FLAT VALVE DIA70 CYL SS02/03,04-01-2023,03-01-2025,33.875,22.40014072,0.437263157,24,24,1,Smooth,0.903415395,Smooth,B
IND,310070,FLAT VALVE DIA100 CYL SS07/10,04-01-2023,03-01-2025,56.75,19.11805429,0.113489491,24,24,1,Smooth,1.002176762,Seasonal,B
IND,00031009A,I/C M/C TS07 LB,04-01-2023,03-01-2025,5.761904762,6.425766584,1.243706031,21,24,1.142857143,Erratic,1.318564639,Seasonal,C
IND,317770,COVER FLY END M/C SS15 TS10/12,04-01-2023,03-01-2025,11.45833333,12.81975095,1.251746173,24,24,1,Erratic,0.705601441,Erratic,B
IND,317820,ELEMENT FILTER B TYPE,04-01-2023,03-01-2025,418.7916667,140.9529614,0.113279767,24,24,1,Smooth,0.974950149,Smooth,B
IND,318090,COVER FREE END M/C SS15 TS10,04-01-2023,03-01-2025,12.19047619,9.405418904,0.595271301,21,24,1.142857143,Erratic,1.031759255,Seasonal,C
IND,319290,VALVE PLUG SUC  M/C LG3CDB/HV,04-01-2023,02-01-2025,29.09090909,21.05527666,0.523850446,22,23,1.045454545,Erratic,0.837526343,Erratic,B
IND,319300,VALVE PLUG DISCH M/C LG3CD/HV,04-01-2023,03-01-2025,31.54166667,24.1030021,0.583946422,24,24,1,Erratic,1.132274291,Seasonal,B
IND,320290,FLAT VALVE DIA50 CYL HP03/05,04-01-2023,03-01-2025,11.11764706,17.21511818,2.397696733,17,24,1.411764706,Lumpy,0.355052114,Lumpy,C
IND,320340,FLAT VALVE DIA60 CYL HP07/10,04-01-2023,03-01-2025,8.791666667,8.34046796,0.899991504,24,24,1,Erratic,0.651753801,Erratic,C
IND,320790,SUCTION BEND & FLG TRC2507,04-01-2023,11-01-2024,7.4,7.797435476,1.110299489,5,20,4,Lumpy,0.181148677,Lumpy,C
IND,320920,CYL DIA197 HONING HV20/25,04-01-2023,03-01-2025,5.894736842,3.942570183,0.447332058,19,24,1.263157895,Smooth,0.625110924,Smooth,B
IND,325520,STAINER ELEMENT 6CD 3UC,04-01-2023,02-01-2025,26,37.15249241,2.041875284,14,23,1.642857143,Lumpy,0.538411683,Lumpy,B
IND,329670,C/SHAFT BALANCING TRC 1000 DCM,04-01-2023,03-01-2025,11.8125,10.11414027,0.733118707,16,24,1.5,Lumpy,0.981733898,Lumpy,A
IND,330660,M/FOLD DEL TRC2507,04-01-2023,12-01-2024,6.833333333,7.167054253,1.100059488,6,21,3.5,Lumpy,0.298368231,Lumpy,C
IND,330940,VALVE FINGER TYPE DIA50 CYL,04-01-2023,03-01-2025,119.9166667,72.00598808,0.360560488,24,24,1,Smooth,1.008442953,Seasonal,C
IND,330950,VALVE FINGER TYPE DIA60 CYL,04-01-2023,03-01-2025,418.5833333,285.7514756,0.466029168,24,24,1,Smooth,1.173693233,Seasonal,B
IND,330960,VALVE FINGER TYPE DIA70 CYL,04-01-2023,03-01-2025,248.7083333,90.73922462,0.133109623,24,24,1,Smooth,0.933685631,Smooth,B
IND,330970,VALVE FINGER TYPE DIA100 CYL,04-01-2023,03-01-2025,816.875,277.6344661,0.115514246,24,24,1,Smooth,1.102530751,Seasonal,B
IND,334010,PIPE ASSY CONTG NO.2 SS15 TS10,04-01-2023,01-01-2025,5.444444444,4.503085362,0.684089963,9,22,2.444444444,Lumpy,1.204755008,Lumpy,C
IND,334020,PIPE ASSY CONTG NO.3 TS10/12,04-01-2023,06-01-2024,4.333333333,3.881580434,0.802366864,6,15,2.5,Lumpy,1.280753651,Lumpy,C
IND,340370,C/SHAFT LG02100,04-01-2023,03-01-2025,8.875,6.117064513,0.475061021,24,24,1,Smooth,0.999278062,Smooth,C
IND,400120,PULY MOTOR M/C BP02100,04-01-2023,04-01-2024,1,0,0,3,13,4.333333333,Intermittent,1.098891136,NC,C
IND,400540,DIPSTICK WITH PLUG-CRC150,04-01-2023,03-01-2025,68.88888889,62.58882577,0.825458507,9,24,2.666666667,Lumpy,1.354221066,Lumpy,C
IND,00041002A,GASKET 0.75C/CASE TO CYL TS02,04-01-2023,03-01-2025,140.0833333,130.0564816,0.861967849,24,24,1,Erratic,0.985771326,Erratic,C
IND,00041002B,GASKET 0.4 C/CASE TO CYL TS02,04-01-2023,03-01-2025,53.27777778,49.94209065,0.878701227,18,24,1.333333333,Lumpy,0.660936338,Lumpy,C
IND,00041004B,GASKET 0.4 C/CASE TO CYL TS05,04-01-2023,03-01-2025,87.31818182,60.58082862,0.481350082,22,24,1.090909091,Smooth,0.932295005,Smooth,C
IND,00041004C,GASKET 0.75 C/CASE TO CYL TS05,04-01-2023,03-01-2025,381.1666667,236.3607535,0.384521744,24,24,1,Smooth,0.973223189,Smooth,B
IND,00041017A,"ERMETO  1""X3/4""BSP TRC1000MN",04-01-2023,03-01-2025,37.05882353,38.64982307,1.087706601,17,24,1.411764706,Lumpy,0.797202757,Lumpy,C
IND,410750,PULY MOTOR M/C SS10 TS07 HP10,04-01-2023,10-01-2024,2.25,1.892969449,0.70781893,4,19,4.75,Lumpy,1.330356626,Lumpy,C
IND,411040,PKG HAND HOLE COVER,04-01-2023,03-01-2025,99.19047619,104.6286859,1.112657733,21,24,1.142857143,Erratic,1.117310333,Seasonal,C
IND,411500,GASKET 50 CYL TO VALVE FLAT 0.,04-01-2023,03-01-2025,18.33333333,16.484336,0.80846281,21,24,1.142857143,Erratic,1.200604777,Seasonal,C
IND,411510,GASKET-0.75T-VF TO DIA 50 HEAD,04-01-2023,03-01-2025,16.66666667,16.51161208,0.98148,21,24,1.142857143,Erratic,1.20233411,Seasonal,C
IND,411520,GASKET 60 CYL TO VAL FLAT 0.75,04-01-2023,03-01-2025,28.16666667,25.64077369,0.828688558,24,24,1,Erratic,1.068113662,Seasonal,C
IND,00041152A,GASKET 60 CYL TO VAL FLAT 0.25,04-01-2023,03-01-2025,83.26315789,117.4548812,1.989923513,19,24,1.263157895,Erratic,1.175863855,Seasonal,C
IND,411530,GASKET VAL FLAT TO 60HEAD 0.75,04-01-2023,03-01-2025,32.5,25.86549457,0.633395323,22,24,1.090909091,Erratic,0.804324673,Erratic,C
IND,00041153A,GASKET 0.5 V/F TO 60 HEAD,04-01-2023,03-01-2025,53.95454545,83.91122138,2.418711162,22,24,1.090909091,Erratic,1.103103673,Seasonal,C
IND,411540,GASKET 70 CYL TO VALVE FLAT,04-01-2023,03-01-2025,35.59090909,30.47662506,0.733255927,22,24,1.090909091,Erratic,0.606813467,Erratic,C
IND,00041154A,GASKET 0.25T 70 CYL TO VALVE,04-01-2023,03-01-2025,40.45833333,28.45282773,0.494578112,24,24,1,Erratic,0.949002767,Erratic,C
IND,411550,GASKET VALVE FLAT TO 70 HEAD,04-01-2023,03-01-2025,33.63636364,28.07056661,0.69644092,22,24,1.090909091,Erratic,0.561058645,Erratic,C
IND,411560,GASKET 100CYL TO V/FLAT HP07,04-01-2023,03-01-2025,64.25,36.02565511,0.314396361,24,24,1,Smooth,1.01188586,Seasonal,C
IND,00041164A,GASKET C/CASE TO CYL LG01 0.25,04-01-2023,03-01-2025,77.05555556,90.06890971,1.366286884,18,24,1.333333333,Lumpy,1.157294225,Seasonal,C
IND,00041164C,GASKET 0.8 C/CASE TO CYL LG01,04-01-2023,03-01-2025,105.7727273,136.2745589,1.659900918,22,24,1.090909091,Erratic,1.213507643,Seasonal,C
IND,412040,"PIECE CONTG 1""BSP SS07/10 TS05",04-01-2023,03-01-2025,20.83333333,15.16766202,0.530053565,24,24,1,Erratic,0.877604088,Erratic,C
IND,413110,PISTON ASSY 100 SS/TS07 10 15,04-01-2023,02-01-2025,16.13636364,11.56058762,0.513273066,22,23,1.045454545,Erratic,1.074880935,Seasonal,B
IND,415040,PISTON ASSY 70 SS/TS02;03 HP03,04-01-2023,02-01-2025,2.733333333,2.374467359,0.754652843,15,23,1.533333333,Lumpy,1.198496901,Lumpy,C
IND,415190,PL DV SS15 TS12/15 HP20,04-01-2023,03-01-2025,231.25,285.8408648,1.527865595,16,24,1.5,Lumpy,0.914223419,Lumpy,B
IND,420340,SEAL OIL B32X45X7 SS02/03/05,04-01-2023,03-01-2025,187.875,284.4129442,2.291715642,24,24,1,Erratic,1.299968775,Seasonal,C
IND,420350,SEAL OIL B45X60X12.5 SS07/10,04-01-2023,03-01-2025,381.8333333,196.7964445,0.26563593,24,24,1,Smooth,1.091410773,Seasonal,B
IND,420360,SEAL OIL B50x72x12 TRC1000B,04-01-2023,03-01-2025,12.47368421,13.29314118,1.135705539,19,24,1.263157895,Erratic,1.137963653,Seasonal,C
IND,421830,SOL/V ASSY 220V G1/4,04-01-2023,03-01-2025,26.125,11.60701624,0.197391563,24,24,1,Smooth,1.117347852,Seasonal,B
IND,424060,PKG HV20/25/30 SP10/12/15/20,04-01-2023,03-01-2025,59.72727273,103.0229664,2.975244988,22,24,1.090909091,Erratic,0.176726056,Erratic,C
IND,424340,VALVE PL SUC TRC1000MN/1000B,04-01-2023,03-01-2025,130,110.7680975,0.726010144,15,24,1.6,Lumpy,0.881301487,Lumpy,C
IND,424350,VALVE SPRING SUC TRC1000MN,04-01-2023,03-01-2025,618.9375,805.5732922,1.694012169,16,24,1.5,Lumpy,0.687638474,Lumpy,B
IND,424360,VALVE SPRING DEL TRC1000MN,04-01-2023,03-01-2025,327.0769231,390.477584,1.425254458,13,24,1.846153846,Lumpy,0.57212049,Lumpy,B
IND,425460,GASKET FREE END COVER SS07/10,04-01-2023,03-01-2025,45.29166667,28.7076405,0.40175232,24,24,1,Smooth,1.109021646,Seasonal,C
IND,425470,GASKET FLY END COVER SS07/10,04-01-2023,03-01-2025,55.29166667,34.63534155,0.392391496,24,24,1,Smooth,1.030675129,Seasonal,C
IND,425500,GASKET FREE END COVER SS02/03,04-01-2023,03-01-2025,39.66666667,27.18801953,0.469789962,24,24,1,Smooth,0.898525137,Smooth,C
IND,425510,GASKET FLY END COVER SS02/03,04-01-2023,03-01-2025,36.66666667,18.11717097,0.244139418,24,24,1,Smooth,1.164089286,Seasonal,C
IND,00042598A,"REDU NIPPLE 1 1/2""X3/4""BSP",04-01-2023,03-01-2025,7.5,6.256425269,0.695873016,8,24,3,Lumpy,1.321916557,Lumpy,C
IND,426050,CRANK ASSY G/D LF01100/LG01080,04-01-2023,10-01-2024,24.42857143,20.28018033,0.689203516,7,19,2.714285714,Lumpy,1.264355891,Lumpy,C
IND,426070,NEEDLE ROLLER DIA3X13.8 LG01,04-01-2023,03-01-2025,2002.785714,4368.136659,4.756893893,14,24,1.714285714,Lumpy,1.309119078,Lumpy,C
IND,426320,"SEAT VALVE NRV 1 1/2""BSP",04-01-2023,03-01-2025,37.04347826,22.15334627,0.357647468,23,24,1.043478261,Smooth,1.084746783,Seasonal,C
IND,00042658A,"ERMETO 1/4""X1/4""BSP ZYP",04-01-2023,03-01-2025,25.38461538,31.17835377,1.508569024,13,24,1.846153846,Lumpy,0.708383193,Lumpy,C
IND,00042659A,"ERMETO 1/4""X1/8""BSP SS15 BG",04-01-2023,03-01-2025,23.85,30.73533026,1.660729887,20,24,1.2,Erratic,0.539915657,Erratic,C
IND,426600,BUSH CENTERING SS TS HP SP,04-01-2023,03-01-2025,77.41666667,50.70024155,0.428895136,24,24,1,Smooth,0.974628459,Smooth,C
IND,00042661A,DISC END SS TS LB,04-01-2023,03-01-2025,3.555555556,2.920235911,0.674560547,9,24,2.666666667,Lumpy,0.618600947,Lumpy,C
IND,428410,SEAL OIL B55X85X10 HV20/25/30,04-01-2023,02-01-2025,2.384615385,1.894661867,0.631286854,13,23,1.769230769,Lumpy,0.980366963,Lumpy,C
IND,00042843A,GASKET 0.75C/CASE TO 127CYL HV,04-01-2023,02-01-2025,17.52941176,23.2382165,1.757401131,17,23,1.352941176,Lumpy,0.58672751,Lumpy,C
IND,428900,PISTON ASSY 127 HV TRC2507,04-01-2023,03-01-2025,7.9,9.667634555,1.497567023,20,24,1.2,Erratic,0.758997206,Erratic,B
IND,429430,C/SHAFT LG01100/11100 OF01070,04-01-2023,02-01-2025,2.066666667,1.437590577,0.483870968,15,23,1.533333333,Intermittent,0.685109919,Intermittent,C
IND,430550,VALVE ASSY UL PSW,04-01-2023,03-01-2025,55.95833333,31.40406948,0.314950511,24,24,1,Smooth,1.258949477,Seasonal,B
IND,430790,PULLER ASSY FOR COUPLING HUBS,04-01-2023,12-01-2024,2,1.247219129,0.388888889,10,21,2.1,Intermittent,0.642005747,Intermittent,C
IND,431980,GASKET FLY END TS10,04-01-2023,03-01-2025,59.16666667,35.60858063,0.362205567,24,24,1,Smooth,1.240514102,Seasonal,C
IND,431990,GASKET FREE END TS10,04-01-2023,03-01-2025,51.66666667,26.89216253,0.270913451,24,24,1,Smooth,1.177245139,Seasonal,C
IND,00043210A,"ERMETO 1""BSP TRC1000MN",04-01-2023,03-01-2025,32.30769231,45.55287151,1.988014928,13,24,1.846153846,Lumpy,0.774001471,Lumpy,C
IND,00043217A,"NIPPLE PIPE 1 1/4""BSP EXPORT",04-01-2023,03-01-2025,11.28571429,11.30107454,1.002723922,21,24,1.142857143,Erratic,0.988494617,Erratic,C
IND,432180,BUSH RUBBER I/L AIR FILTER B,04-01-2023,03-01-2025,144.75,71.48563249,0.243893588,24,24,1,Smooth,1.203429389,Seasonal,C
IND,432280,PULLEY MOTOR TS10 LB,04-01-2023,03-01-2025,2.347826087,1.465006846,0.389356528,23,24,1.043478261,Smooth,1.143091356,Seasonal,C
IND,432330,RUBBER BEEDING DRY FILTER,04-01-2023,03-01-2025,1834,508.9159835,0.077000495,24,24,1,Smooth,1.247839732,Seasonal,B
IND,00043240A,BUSH DIA18 GP TS10/12/15 SPAR,04-01-2023,03-01-2025,4.666666667,5.05125247,1.1716141,12,24,2,Lumpy,1.332761307,Lumpy,C
IND,439170,SEAL OIL B65X90X10 HV40,04-01-2023,03-01-2025,23.76470588,51.87428242,4.764741202,17,24,1.411764706,Lumpy,0.215752921,Lumpy,C
IND,439260,WASHER CU I/L & DV HV20/25/30,04-01-2023,03-01-2025,185.2916667,258.4881595,1.94611963,24,24,1,Erratic,1.270813709,Seasonal,C
IND,439270,WASHER CU CYL HEAD TO CAP HV,04-01-2023,03-01-2025,88.08695652,138.5286032,2.473179856,23,24,1.043478261,Erratic,1.327940054,Seasonal,C
IND,440160,CONN SQ TS07 10 LB HP,04-01-2023,03-01-2025,4.6,6.426507605,1.951795841,5,24,4.8,Lumpy,1.36418755,Lumpy,C
IND,440680,GASKET 127CYL TO HEAD HV 0.8T,04-01-2023,03-01-2025,13.65,24.03566429,3.100608665,20,24,1.2,Erratic,0.635651876,Erratic,C
IND,441470,"NIPPLE 3/8""BSPX30",04-01-2023,04-01-2024,1,0,0,2,13,6.5,Intermittent,1,NC,C
IND,443710,ELEMENT ASSY AIR FILTER SS02,04-01-2023,03-01-2025,529.4583333,138.9075323,0.068831624,24,24,1,Smooth,1.16923711,Seasonal,B
IND,445330,GASKET 127 C/H TO DAMP PIPE 2T,04-01-2023,03-01-2025,23.3125,40.22058967,2.976591029,16,24,1.5,Lumpy,1.237418753,Lumpy,C
IND,445570,GASKET FREE END COVER HV 0.8T,04-01-2023,02-01-2025,4.714285714,6.824326236,2.095500459,7,23,3.285714286,Lumpy,1.279777568,Lumpy,C
IND,445610,GASKET 197CYL TO HEAD HV20 0.8,04-01-2023,02-01-2025,43.42857143,67.53542009,2.418310849,14,23,1.642857143,Lumpy,1.189300856,Lumpy,C
IND,445730,GASKET 197CYL HEAD TO I/C HV 1,04-01-2023,02-01-2025,77.38095238,127.8387563,2.729335555,21,23,1.095238095,Erratic,1.283942582,Seasonal,C
IND,445880,GASKET FLY END COVER HV 0.8T,04-01-2023,02-01-2025,4.285714286,6.969320524,2.644444444,7,23,3.285714286,Lumpy,0.275853904,Lumpy,C
IND,447480,PIN STEADY 6CD4UC/3UC LG3CDB,04-01-2023,03-01-2024,136.6666667,117.1893055,0.735276621,3,12,4,Lumpy,1.284270074,NC,C
IND,447820,O-RING ID18.7 X 3.6,04-01-2023,02-01-2025,64.16666667,50.23710448,0.612957328,6,23,3.833333333,Lumpy,1.147173276,Lumpy,C
IND,448200,GASKET CYL HEAD TO FLG 4UC 1.6,04-01-2023,03-01-2025,108.15,140.7881107,1.694645701,20,24,1.2,Erratic,0.920407001,Erratic,C
IND,462100,PKG VALVE FLAT TO CYL BP07/10,04-01-2023,03-01-2025,70.25,53.04243584,0.570104229,24,24,1,Erratic,0.762320955,Erratic,C
IND,00046210A,GASKET 0.5 100DIA V/F TO HEAD,04-01-2023,03-01-2025,62.20833333,47.99545193,0.595254982,24,24,1,Erratic,0.976716193,Erratic,C
IND,463610,KEY 12.7X12.7X76.7 TRC1000DCM,04-01-2023,10-01-2024,27.6,24.76489451,0.805109221,5,19,3.8,Lumpy,1.181842853,Lumpy,C
IND,463760,GASKET O.8 LP CYL TO HEAD DCM,04-01-2023,02-01-2025,3.5,4.324349662,1.526530612,6,23,3.833333333,Lumpy,1.309045296,Lumpy,C
IND,463780,GASKET 0.8 HP CYL TO HEAD DCM,04-01-2023,02-01-2025,3.5,4.324349662,1.526530612,6,23,3.833333333,Lumpy,1.309045296,Lumpy,C
IND,00046454A,RIVET DIA2.5X4.5 NAME PL,04-01-2023,04-01-2023,16,0,0,1,1,1,Lumpy,0.05763034,NC,C
IND,469550,S0LENOID VALVE ASSY 220V STD C,04-01-2023,03-01-2025,19.04166667,11.14520434,0.342583273,24,24,1,Smooth,1.04801855,Seasonal,B
IND,470010,"SILENCER ASSY 3/4""BSP HP03/05",04-01-2023,03-01-2025,13.91666667,7.955947552,0.326823572,24,24,1,Smooth,0.942937205,Smooth,C
IND,00047001A,"SILENCER ASSY1/2""BSP TS15/SS15",04-01-2023,02-01-2025,6.095238095,4.437395203,0.529998779,21,23,1.095238095,Erratic,0.740558823,Erratic,C
IND,00047004A,STUD M12X86 100CYL SS10 BG,04-01-2023,03-01-2025,7.909090909,6.122982042,0.599339411,11,24,2.181818182,Lumpy,1.180071339,Lumpy,C
IND,470500,SEAL OIL 90X110X12 LG3CDB,04-01-2023,12-01-2024,34.27272727,34.14700839,0.992677075,11,21,1.909090909,Lumpy,1.303867093,Lumpy,B
IND,470920,SHIM 0.2 EX45000/6000,04-01-2023,03-01-2025,74.85,123.3340671,2.715079164,20,24,1.2,Erratic,1.192294604,Seasonal,C
IND,00047092A,SHIM 0.4 EX4500/6000,04-01-2023,03-01-2025,74.75,123.2446753,2.718403597,20,24,1.2,Erratic,1.19321573,Seasonal,C
IND,477720,PISTON & GP DIA50 TS02/03,04-01-2023,03-01-2025,70.70833333,22.89385558,0.104832677,24,24,1,Smooth,0.973897431,Smooth,B
IND,477730,PISTON & GP DIA60 TS05/07,04-01-2023,03-01-2025,123.7083333,77.57491704,0.393228266,24,24,1,Smooth,1.191888814,Seasonal,B
IND,477750,PISTON & GP DIA70 SS02/03/05,04-01-2023,03-01-2025,115.5833333,33.20020517,0.082507059,24,24,1,Smooth,1.097996056,Seasonal,B
IND,477770,PISTON & GP DIA100 SS07/10,04-01-2023,03-01-2025,145.7916667,107.6350433,0.545057071,24,24,1,Erratic,1.074655551,Seasonal,A
IND,477800,PISTON & GP DIA127 SP10/12/15,04-01-2023,01-01-2025,2.5,2.681847813,1.150769231,14,22,1.571428571,Lumpy,1.308190963,Lumpy,C
IND,477830,PISTON & GP DIA197 6CD4UC/3UC,04-01-2023,12-01-2024,20.4,20.96134008,1.055790508,10,21,2.1,Lumpy,0.730482024,Lumpy,B
IND,477890,PISTON & GP DIA70 LG02 BP02,04-01-2023,03-01-2025,26.41666667,17.21454559,0.424653877,24,24,1,Smooth,1.191724908,Seasonal,B
IND,477980,TUBE ASSY NRV TO PSW SS07 NO1,04-01-2023,03-01-2025,15.0952381,12.2552224,0.659116918,21,24,1.142857143,Erratic,0.738744711,Erratic,C
IND,478080,TUBE ASSY NRV TO PSW TS10 NO3,04-01-2023,02-01-2025,11.66666667,10.06644591,0.744489796,21,23,1.095238095,Erratic,1.140685165,Seasonal,C
IND,478400,PIPE ASSY RH LP CYL-I/C 1000MN,04-01-2023,03-01-2025,8.636363636,7.89542034,0.835773645,22,24,1.090909091,Erratic,1.237330607,Seasonal,C
IND,478420,PIPE ASSY I/C-HP CYL TRC1000MN,04-01-2023,03-01-2025,11.63636364,18.03315849,2.401646205,22,24,1.090909091,Erratic,1.314898908,Seasonal,B
IND,478430,PIPE ASSY HP CYL-A/C TRC1000MN,04-01-2023,02-01-2025,11.05555556,17.07930369,2.386597486,18,23,1.277777778,Erratic,1.31296068,Seasonal,B
IND,479240,"BVS ASSY 3/4""BSP HP03/05/07/10",04-01-2023,08-01-2024,4.75,2.986078811,0.395198523,4,17,4.25,Intermittent,1.285905337,Intermittent,C
IND,481220,"PLUG DRAIN 3/8""BSP CRC150",04-01-2023,03-01-2025,52.75,51.12100491,0.939190815,8,24,3,Lumpy,1.16025183,Lumpy,C
IND,510060,VALVE BREATHER,04-01-2023,03-01-2025,1726.25,518.6411384,0.090266487,24,24,1,Smooth,0.976579878,Smooth,B
IND,510370,KEY 10X8X60 SS07/10/15 TS05/07,04-01-2023,02-01-2025,8.666666667,7.749877809,0.799623453,12,23,1.916666667,Lumpy,0.464168873,Lumpy,C
IND,510380,"NUT CONN 1 1/4""BSP I/C SS07/10",04-01-2023,03-01-2025,16.54166667,12.03248923,0.529117875,24,24,1,Erratic,0.720539118,Erratic,C
IND,00051038A,"NUT CONTG 1 1/4""BSP EXP D36",04-01-2023,03-01-2025,11.15789474,6.247338615,0.313491357,19,24,1.263157895,Smooth,0.961705574,Smooth,C
IND,510850,RING O 5.28X1.78 SS15 HV HP,04-01-2023,02-01-2025,142,187.024731,1.734688058,9,23,2.555555556,Lumpy,1.16803783,Lumpy,C
IND,00051123A,"NIPPLE HEX 3/4""X3/4""BSPX40 ZYP",04-01-2023,03-01-2025,22.35714286,35.64484458,2.541913965,14,24,1.714285714,Lumpy,1.352459206,Lumpy,C
IND,512010,DIAPHRAGM DIA86X3.5 PSW,04-01-2023,03-01-2025,28.52173913,18.35476051,0.414138339,23,24,1.043478261,Smooth,0.978497107,Smooth,C
IND,513100,"CONE ERMETO DIA1/4"" PR LINE",04-01-2023,03-01-2025,54.54545455,45.5785322,0.698238095,22,24,1.090909091,Erratic,1.265205435,Seasonal,C
IND,00051311A,"NUT ERMETO 1/4""BSP PR LINE ZYP",04-01-2023,03-01-2025,66.60869565,44.93807773,0.455163181,23,24,1.043478261,Smooth,0.841309302,Smooth,C
IND,513440,"IND OIL LEVEL 1 1/4""BSP-W/SHET",04-01-2023,03-01-2025,1784.083333,453.7404848,0.064682201,24,24,1,Smooth,1.03281681,Seasonal,A
IND,514180,GP DIA18 DIA60 PISTON,04-01-2023,03-01-2025,32.23076923,46.72464347,2.101602862,13,24,1.846153846,Lumpy,0.292789496,Lumpy,C
IND,514500,STUD M12X96 100CYL B/G FIXING,04-01-2023,03-01-2025,19.57142857,37.82793123,3.735769975,7,24,3.428571429,Lumpy,0.204011698,Lumpy,C
IND,00051456A,STUD M12X45 100CYL B/G FIXING,04-01-2023,03-01-2025,91.8,184.5985434,4.043627833,10,24,2.4,Lumpy,1.365939587,Lumpy,C
IND,519210,GASKET BIG CYL TO D/V DIA100,04-01-2023,03-01-2025,843.9166667,561.6896804,0.442989836,24,24,1,Smooth,1.177163086,Seasonal,B
IND,519220,GASKET SMALL D/V TO CYL HEAD,04-01-2023,03-01-2025,452.5833333,294.5907872,0.423683166,24,24,1,Smooth,1.167028036,Seasonal,B
IND,519930,"SEAT VALVE 1/4""DRAIN VALVE",04-01-2023,03-01-2025,212,365.2497433,2.968302221,17,24,1.411764706,Lumpy,1.301327618,Lumpy,C
IND,520000,"SEAT VALVE 1/2""NRV",04-01-2023,03-01-2025,27.3,20.0921561,0.541661282,20,24,1.2,Erratic,0.946921402,Erratic,C
IND,00052120A,BUSH D18 GP TS05/07 HP07/10 SP,04-01-2023,03-01-2025,8.166666667,5.501336736,0.453781513,18,24,1.333333333,Intermittent,0.822184946,Intermittent,C
IND,00052121A,BUSH D18 GP SS02/03/05 TS SPAR,04-01-2023,03-01-2025,5.8,5.253570215,0.820451843,15,24,1.6,Lumpy,0.981463243,Lumpy,C
IND,521860,"RING PKG 17X22X2 3/8""PLUG",04-01-2023,03-01-2025,59.47058824,121.8083113,4.195168185,17,24,1.411764706,Lumpy,0.264615261,Lumpy,C
IND,521910,RING PKG 30X38X2 SS07/10 TS07,04-01-2023,03-01-2025,182.7916667,95.64835014,0.273805508,24,24,1,Smooth,0.845331837,Smooth,C
IND,521920,RING PKG 24.5X30X2 SS02/03/05,04-01-2023,03-01-2025,50.09090909,43.98907775,0.77120864,22,24,1.090909091,Erratic,0.659612124,Erratic,C
IND,521930,RING PKG DIA50 CYL O/L TS10/12,04-01-2023,08-01-2024,11.11111111,5.925462945,0.2844,9,17,1.888888889,Intermittent,1.146295786,Intermittent,C
IND,521960,RING PKG 21X25X2 LG01100/11100,04-01-2023,03-01-2025,193.3888889,311.054022,2.587072539,18,24,1.333333333,Lumpy,1.02456499,Seasonal,C
IND,00052311A,BUSH D20 GP SS15 TS10/12/15 SP,04-01-2023,03-01-2025,13.89473684,12.43603517,0.801056652,19,24,1.263157895,Erratic,1.086092151,Seasonal,C
IND,524060,PKG BIG DIA60 D/V TRC1000MN,04-01-2023,03-01-2025,380.0454545,530.5702662,1.949012976,22,24,1.090909091,Erratic,1.232688243,Seasonal,B
IND,524070,PKG SMALL DIA60 D/V TRC1000MN,04-01-2023,03-01-2025,187.85,235.6141527,1.573186999,20,24,1.2,Erratic,1.187330315,Seasonal,C
IND,526550,O-RING ID40.0 X 3.0,04-01-2023,03-01-2025,1561.291667,515.1725316,0.108877293,24,24,1,Smooth,0.737362904,Smooth,B
IND,903100,BRG TAPER ROLLER 30308,04-01-2023,02-01-2025,13.57142857,14.5127202,1.143527239,7,23,3.285714286,Lumpy,0.584760242,Lumpy,C
IND,903159,BRG T/ROL 32014XST/CAGE,04-01-2023,03-01-2025,3.125,3.313931631,1.124571429,8,24,3,Lumpy,1.183499423,Lumpy,C
IND,903160,BRG T/ROL 33208 ST/CAGE,04-01-2023,01-01-2025,2.166666667,1.834847859,0.717159763,6,22,3.666666667,Lumpy,1.284349368,Lumpy,C
IND,903352,BRG 6307,04-01-2023,03-01-2025,8.681818182,6.113111309,0.495796246,22,24,1.090909091,Erratic,0.946170003,Erratic,C
IND,903361,BRG 6310,04-01-2023,03-01-2025,23.27272727,15.81193587,0.46161034,22,24,1.090909091,Smooth,0.869257272,Smooth,B
IND,903394,BRG RADIAL BALL 6208 2RS1 C3WT,04-01-2023,04-01-2023,2,0,0,1,1,1,Lumpy,0.05763034,NC,C
IND,903592,BRG C/ROLNU212ECMOLD POLYMER,04-01-2023,03-01-2025,1.875,1.125991626,0.360634921,8,24,3,Intermittent,1.232770482,Intermittent,C
IND,903593,BRG C/ROLNU318ECMOLD POLYMER,04-01-2023,03-01-2025,1.444444444,0.527046277,0.133136095,9,24,2.666666667,Intermittent,1.030414349,Intermittent,C
IND,903668,NU 2306 ECP/C3,04-01-2023,03-01-2025,3.75,2.908009928,0.601352657,24,24,1,Erratic,1.21238511,Seasonal,C
IND,903712,BRG NEEDLE ROL TA1825 ZOH IMP,04-01-2023,03-01-2025,11.41666667,8.722368379,0.583700691,24,24,1,Erratic,0.896732677,Erratic,C
IND,903904,NEEDLE ROLLER BRG.IKO-BR283720,04-01-2023,03-01-2025,38.41176471,43.68360508,1.29332724,17,24,1.411764706,Lumpy,1.331172803,Lumpy,B
IND,905172,BELT V A72,04-01-2023,03-01-2025,3.444444444,3.539460097,1.055931322,9,24,2.666666667,Lumpy,1.115836094,Lumpy,C
IND,905271,BELT V B70,04-01-2023,03-01-2025,6.090909091,9.406960672,2.38525284,11,24,2.181818182,Lumpy,1.326515123,Lumpy,C
IND,905275,BELT V B74,04-01-2023,02-01-2025,9.772727273,6.15615695,0.396814752,22,23,1.045454545,Smooth,0.876792206,Smooth,C
IND,905277,BELT V B76,04-01-2023,03-01-2025,5.421052632,4.180853043,0.594788492,19,24,1.263157895,Erratic,1.046688963,Seasonal,C
IND,905283,BELT V B82,04-01-2023,09-01-2023,8.333333333,5.859465277,0.4944,3,6,2,Lumpy,0.195092989,NC,C
IND,905286,BELT V B85,04-01-2023,09-01-2024,13.875,17.75578377,1.637622178,8,18,2.25,Lumpy,1.374211851,Lumpy,C
IND,905433,BELT V C80,04-01-2023,01-01-2025,4.133333333,2.669046557,0.416976364,15,22,1.466666667,Intermittent,1.076011811,Intermittent,C
IND,905435,BELT V C85,04-01-2023,12-01-2024,5.857142857,4.375255095,0.55800119,7,21,3,Lumpy,1.040809098,Lumpy,C
IND,906213,BOLT HEX M16X35 8.8 ZBP 5-8M,04-01-2023,04-01-2023,2,0,0,1,1,1,Lumpy,0.05763034,NC,C
IND,906220,BOLT HEX M16X70 8.8 ZBP 5-8M,04-01-2023,03-01-2025,352,259.9423013,0.545341555,5,24,4.8,Lumpy,1.220144449,Lumpy,C
IND,906221,BOLT; HEX M16X75 8.8 ZBP 5-8M,04-01-2023,03-01-2025,94.625,236.0465677,6.222767786,8,24,3,Lumpy,1.03027805,Lumpy,C
IND,906224,BOLT HEX M16X90 8.8 ZBP 5-8M,04-01-2023,01-01-2025,40,28.28427125,0.5,2,22,11,Lumpy,0.068646206,NC,C
IND,917212,CIRCLIP INTERNAL 12 MM,04-01-2023,03-01-2025,56.16666667,36.49736937,0.422246273,24,24,1,Smooth,0.992960626,Smooth,C
IND,917218,CIRCLIP INTERNAL 18 MM,04-01-2023,03-01-2025,270.7916667,198.4669459,0.537162619,24,24,1,Erratic,1.055336893,Seasonal,C
IND,917220,CIRCLIP INTERNAL 20 MM,04-01-2023,03-01-2025,495.2083333,312.3487431,0.397835594,24,24,1,Smooth,0.845331062,Smooth,C
IND,917237,CIRCLIP INTERNAL B37,04-01-2023,01-01-2025,2.727272727,2.195035721,0.647777778,11,22,2,Lumpy,1.046497806,Lumpy,C
IND,919228,NYLON TUBE 6x4MM BLUE,04-01-2023,03-01-2025,24.7,17.62605395,0.5092327,10,24,2.4,Lumpy,1.059926477,Lumpy,C
IND,919242,PLASTIC TUBING DIA.10x1.5 BLUE,04-01-2023,03-01-2025,38,48.54379466,1.631925208,9,24,2.666666667,Lumpy,1.268172114,Lumpy,C
IND,919244,NYLON TYBE 10x8MM BLUE,04-01-2023,02-01-2025,33.875,35.47392939,1.096629657,16,23,1.4375,Lumpy,1.16503262,Lumpy,C
IND,919253,NYLON TYBE 12x10MM WHITE,04-01-2023,02-01-2025,27.83333333,18.95696882,0.463881817,6,23,3.833333333,Intermittent,0.516922557,Intermittent,C
IND,919503,"HOSE;PVC 3/4""",04-01-2023,03-01-2025,2.521428571,1.771030101,0.493353878,7,24,3.428571429,Lumpy,0.719790716,Lumpy,C
IND,920506,QUICK FITTINGS CONN 1/4BSP-10,04-01-2023,12-01-2024,11.33333333,21.83963592,3.713431897,12,21,1.75,Lumpy,0.30317205,Lumpy,C
IND,920510,QUICK FITTINGS CONN 3/8BSPT-10,04-01-2023,02-01-2025,10.16666667,7.730890419,0.578231658,6,23,3.833333333,Lumpy,0.994446256,Lumpy,C
IND,920620,TUBINGS 6MM,04-01-2023,03-01-2025,97.54166667,55.50240823,0.323774999,24,24,1,Smooth,1.125408545,Seasonal,C
IND,948008,NUT HEX M8 8 ZBP,04-01-2023,03-01-2025,112.0625,267.0983511,5.680960899,16,24,1.5,Lumpy,0.690762676,Lumpy,C
IND,948012,NUT HEX M12 8 ZBP,04-01-2023,03-01-2025,211.1304348,363.682092,2.967168085,23,24,1.043478261,Erratic,1.237858967,Seasonal,C
IND,948016,NUT HEX M16 8 ZBP,04-01-2023,03-01-2025,212.8666667,361.3893561,2.882274871,15,24,1.6,Lumpy,0.746720568,Lumpy,C
IND,958305,SS304 M4 nylock nut,04-01-2023,10-01-2024,618.6666667,494.4545817,0.638762448,3,19,6.333333333,Lumpy,0.860562014,NC,C
IND,959381,1/8 BSP BONDED SEAL WASHER,04-01-2023,02-01-2025,7.222222222,4.518661379,0.391451444,18,23,1.277777778,Smooth,0.991772465,Smooth,C
IND,959391,1 1/2 BSP BONDED SEAL WASHER,04-01-2023,01-01-2025,3.5,3.011090611,0.740136054,16,22,1.375,Lumpy,0.936832912,Lumpy,C
IND,959399,2 BSP BONDED SEAL WASHER,04-01-2023,03-01-2025,7.142857143,3.484660262,0.238,7,24,3.428571429,Intermittent,0.240609367,Intermittent,C
IND,959436,M22 Bonded Seal Washer,04-01-2023,01-01-2025,3.75,4.193248542,1.25037037,4,22,5.5,Lumpy,0.335327057,Lumpy,C
IND,959439,1 BSP BONDED SEAL WASHER VITON,04-01-2023,03-01-2025,5.6,5.490661929,0.961331901,20,24,1.2,Erratic,1.062366506,Seasonal,C
IND,959763,SLEEVE FOR 6x4MM TUBE,04-01-2023,03-01-2025,176.0416667,85.65526414,0.236743015,24,24,1,Smooth,1.071136289,Seasonal,C
IND,959764,SLEEVE FOR 8x6MM TUBE,04-01-2023,02-01-2025,21.54545455,17.63725396,0.670116968,11,23,2.090909091,Lumpy,0.598842997,Lumpy,C
IND,959913,ST FITTING 1/8 TO 6mm OD,04-01-2023,03-01-2025,17.0952381,10.61086595,0.385257718,21,24,1.142857143,Smooth,1.182583108,Seasonal,C
IND,959932,CONE 6MM,04-01-2023,03-01-2025,73.22727273,61.66185192,0.70906722,22,24,1.090909091,Erratic,0.832092443,Erratic,C
IND,959933,CONE 8MM,04-01-2023,02-01-2025,23.54545455,12.92566158,0.301364023,11,23,2.090909091,Intermittent,1.134018759,Intermittent,C
IND,959934,FP 18-L-FERRULE,04-01-2023,03-01-2025,8.411764706,8.085935502,0.924030515,17,24,1.411764706,Lumpy,1.0908363,Lumpy,C
IND,960001,ELBOW 1-1/16UNFxM26(REF:TEXT),04-01-2023,02-01-2025,2.625,2.199837656,0.702299968,8,23,2.875,Lumpy,0.770361644,Lumpy,C
IND,960009,CONNECTR 1-1/4NPTxM36(REF:TEXT,04-01-2023,04-01-2023,1,0,0,1,1,1,Lumpy,0.05763034,NC,C
IND,965568,PIN SPLIT 2X25,04-01-2023,12-01-2024,45.2,63.83729318,1.994674603,5,21,4.2,Lumpy,1.304880082,Lumpy,C
IND,972201,"PIECE T MS 1/4""BSP",04-01-2023,05-01-2024,6.333333333,5.859465277,0.855955679,3,14,4.666666667,Lumpy,0.31692919,NC,C
IND,972212,"PIECE T 3/4"" BSP",04-01-2023,10-01-2023,5.5,2.121320344,0.148760331,2,7,3.5,Intermittent,1.156227077,NC,C
IND,972504,"ELBOW 3/4"" BSP",04-01-2023,03-01-2025,4.666666667,4.716990566,1.021683673,9,24,2.666666667,Lumpy,1.347833774,Lumpy,C
IND,974002,"ELBOW 3/8""FX3/8""M BSP",04-01-2023,07-01-2024,1.6,0.547722558,0.1171875,5,16,3.2,Intermittent,1.109322498,Intermittent,C
IND,996061,WASHER PUNCHED M16,04-01-2023,10-01-2024,383.3333333,202.0725942,0.277882798,3,19,6.333333333,Intermittent,0.946906509,NC,C
IND,996110,WASHER SPRING REC SEC M10 ZBP,04-01-2023,03-01-2025,241.2631579,489.744927,4.120575502,19,24,1.263157895,Erratic,0.34522857,Erratic,C
IND,996116,WASHER SPRING REC SEC M16 ZBP,04-01-2023,03-01-2025,387,412.4202087,1.135685146,15,24,1.6,Lumpy,0.725928155,Lumpy,C
IND,998052,OIL ELGI AIRLUBE 3LTR RAC,04-01-2023,04-01-2023,54,0,0,1,1,1,Lumpy,0.05763034,NC,C
IND,998074,ELGI AIRLUBE CLEANER-20L(5.3g),04-01-2023,12-01-2024,363.1578947,181.3851835,0.249466732,19,21,1.105263158,Smooth,0.745878342,Smooth,A
IND,998075,ELGI AIRLUBE CLEANER-5L(1.3g),04-01-2023,03-01-2025,94.375,46.16399171,0.239272496,24,24,1,Smooth,0.781810999,Smooth,B
IND,998078,ELGI AIRLUBE FG-5.3 Gal,04-01-2023,03-01-2025,274.2857143,160.7660234,0.343543837,21,24,1.142857143,Smooth,0.619880739,Smooth,A
IND,998090,ELGI AIRLUBE UT SYN-IMP 20L,04-01-2023,01-01-2025,831.25,1006.405319,1.46582637,16,22,1.375,Lumpy,0.87577912,Lumpy,A
IND,998092,ELGI AIRLUBE UT SYN 5L(1.3G),04-01-2023,02-01-2025,80.85714286,78.06072118,0.932026662,7,23,3.285714286,Lumpy,0.44371628,Lumpy,B
IND,998101,ELGI AIRLUBE UT SYN PLUS 5L(1,04-01-2023,03-01-2025,373.5416667,203.2631576,0.296100562,24,24,1,Smooth,1.028287394,Seasonal,A
IND,998102,ELGI AIRLUBE UT SYN PLUS 20L(,04-01-2023,03-01-2025,882.6666667,166.5417213,0.035600217,24,24,1,Smooth,0.718934425,Smooth,A
IND,998103,ELGI AIRLUBE UT SYN PLUS 209L,04-01-2023,03-01-2025,27.79166667,9.117489961,0.107627042,24,24,1,Smooth,0.857791093,Smooth,A
IND,998113,AIR LUBE PLUS - (5L),04-01-2023,03-01-2025,231.7916667,85.84666774,0.137167508,24,24,1,Smooth,0.939863137,Smooth,A
IND,998114,ELGI AIRLUBE PLUS - 20 L,04-01-2023,03-01-2025,1091.333333,200.3415923,0.033699806,24,24,1,Smooth,1.100206472,Seasonal,A
IND,998115,ELGI AIRLUBE PLUS - 50 L,04-01-2023,03-01-2025,163.75,63.22372285,0.149072492,24,24,1,Smooth,0.929721735,Smooth,A
IND,998116,ELGI AIRLUBE PLUS - 210 L,04-01-2023,03-01-2025,144.6666667,40.43961324,0.078140653,24,24,1,Smooth,0.892743959,Smooth,A
IND,998117,ELGI AIR LUBE XD-3L,04-01-2023,03-01-2025,269.9583333,101.9669508,0.142667611,24,24,1,Smooth,0.678339004,Smooth,A
IND,998118,ELGI AIR LUBE XD-5L,04-01-2023,03-01-2025,2334.166667,624.8909934,0.071671221,24,24,1,Smooth,1.081885999,Seasonal,A
IND,998119,OIL AIR LUBE XD-20L,04-01-2023,03-01-2025,1385.416667,272.0632786,0.03856373,24,24,1,Smooth,1.185411301,Seasonal,A
IND,998120,OIL AIR LUBE XD-50L,04-01-2023,03-01-2025,36.45833333,16.84708507,0.213528532,24,24,1,Smooth,1.149502561,Seasonal,A
IND,998121,OIL AIR LUBE XD-210L,04-01-2023,03-01-2025,25.04166667,9.853179432,0.154819736,24,24,1,Smooth,1.135902305,Seasonal,A
IND,998122,ELGI AIRLUBE PD-26L,04-01-2023,03-01-2025,72.70833333,49.38709492,0.461379806,24,24,1,Smooth,1.134256231,Seasonal,A
IND,998123,OIL ELGI AIRLUBE RAC 1L,04-01-2023,03-01-2025,4496.708333,1473.128215,0.107322717,24,24,1,Smooth,1.1910539,Seasonal,A
IND,998124,OIL ELGI AIRLUBE 3LTR RAC,04-01-2023,03-01-2025,1541.416667,331.1765478,0.046161408,24,24,1,Smooth,0.776382101,Smooth,A
IND,998126,ELGI RECIP AIR LUBE-1/2 L,04-01-2023,03-01-2025,344,213.2216646,0.38418975,24,24,1,Smooth,1.060215154,Seasonal,B
IND,001-14852-S,Fan Cover VRK160-200,04-01-2023,01-01-2025,67.77777778,31.9287401,0.221916152,9,22,2.444444444,Intermittent,0.856788335,Intermittent,C
IND,001-902-S,Fan cover R100,04-01-2023,12-01-2024,18.125,3.720119046,0.04212672,8,21,2.625,Intermittent,0.928649802,Intermittent,C
IND,3304790,FLAT VALVE DIA90 CYL SS07/10BG,04-01-2023,03-01-2025,9.625,6.425577288,0.445679673,24,24,1,Smooth,0.894342668,Smooth,C
IND,3305250,I/C M/C TS05/TS07 LB,04-01-2023,03-01-2025,3.318181818,2.868322284,0.747232126,22,24,1.090909091,Erratic,0.713679015,Erratic,C
IND,3408200,PISTON & GP DIA90 SS07/10 TS05,04-01-2023,03-01-2025,41.41666667,22.26894243,0.289100538,24,24,1,Smooth,1.160239072,Seasonal,B
IND,004-0692-S,FLANGE CONNECTION FLOW,04-01-2023,09-01-2024,108.75,62.82799649,0.333770455,8,18,2.25,Intermittent,0.696982183,Intermittent,B
IND,004-0693-S,"Flange coupler outlet 1 1/4 """,04-01-2023,11-01-2024,41.66666667,23.64459064,0.3220224,6,20,3.333333333,Intermittent,0.575811702,Intermittent,C
IND,004-0695-S,"MOUNTING FLANGE 1""1/4",04-01-2023,03-01-2025,92.30769231,80.45742623,0.759725116,13,24,1.846153846,Lumpy,0.686726171,Lumpy,B
IND,004-3415-S,FLANGE COUPLING 38AL,04-01-2023,09-01-2024,14.5,6.363961031,0.192627824,2,18,9,Intermittent,0.639508343,NC,C
IND,005-1092-S,CARTER ASPIRAZIONE VRH30 NORVE,04-01-2023,07-01-2023,15,8.485281374,0.32,2,4,2,Intermittent,0.180418235,NC,C
IND,006-149050-S,GIUNTO B005400900022 MDVS V.EL,04-01-2023,02-01-2025,13.41666667,7.391128999,0.303481558,12,23,1.916666667,Intermittent,0.478488405,Intermittent,B
IND,8766219,ANN.PCB ASSY EPSAC,04-01-2023,03-01-2025,5.375,2.886437552,0.288381499,24,24,1,Smooth,0.91545018,Smooth,B
IND,8766234,MIMIC PCB EPSAC WITH0.5M CABLE,04-01-2023,08-01-2024,1.333333333,0.816496581,0.375,6,17,2.833333333,Intermittent,1.233344926,Intermittent,C
IND,8900110,C.RELAY WAGO 24VAC 2C/O RELAY,04-01-2023,04-01-2023,3,0,0,1,1,1,Lumpy,0.05763034,NC,C
IND,8900840,EM-STOP BUTTON 5A 2NC-ASSF002,04-01-2023,08-01-2024,1.333333333,0.516397779,0.15,6,17,2.833333333,Intermittent,1.000743771,Intermittent,C
IND,00890100R,"POWER SUPPLY,3.3A,24V",04-01-2023,02-01-2025,2.6,1.723783215,0.43956044,15,23,1.533333333,Intermittent,0.832999672,Intermittent,C
IND,8901014,ML1400 DC IO/RELAY,04-01-2023,03-01-2025,2.833333333,2.59524452,0.838998575,18,24,1.333333333,Lumpy,1.140184692,Seasonal,A
IND,8901016,ANALOG INPUT MODULE IF4,04-01-2023,02-01-2025,2.764705882,2.462960915,0.793628339,17,23,1.352941176,Lumpy,0.53271703,Lumpy,B
IND,8901019,PANEL VIEW PVP400 2711-PK4 C5D,04-01-2023,03-01-2025,3.952380952,2.692140236,0.463957033,21,24,1.142857143,Smooth,0.989119581,Smooth,A
IND,8930086,"Contactor-115A,230V 3RT10 54-6",04-01-2023,08-01-2023,1.666666667,0.577350269,0.12,3,5,1.666666667,Intermittent,0.262763206,NC,C
IND,8930087,"Contactor-150A,230V 3RT10 55-6",04-01-2023,07-01-2024,1,0,0,2,16,8,Intermittent,0.983769806,NC,C
IND,8930089,"Contactor-225A,230V 3RT10 64-6",04-01-2023,03-01-2025,1,0,0,5,24,4.8,Intermittent,0.658891058,Intermittent,C
IND,8933019,2.5-4A OVERLOAD RELAY,04-01-2023,11-01-2024,1.444444444,1.424000624,0.971893491,9,20,2.222222222,Lumpy,1.312851093,Lumpy,C
IND,8936131,A1D1X RELAY TIMER 24-240VAC/DC,04-01-2023,03-01-2025,3.095238095,2.89663187,0.875786982,21,24,1.142857143,Erratic,1.21043084,Seasonal,C
IND,8937046,MULTI TAP TRANSFORMER 50VA,04-01-2023,03-01-2025,2.444444444,1.580105068,0.417841517,18,24,1.333333333,Intermittent,1.039533071,Seasonal,C
IND,8937055,"120VA,CONTROL TRANSFORMER DUA",04-01-2023,03-01-2025,4.421052632,2.523573073,0.325821995,19,24,1.263157895,Smooth,0.866495125,Smooth,C
IND,8938010,HOUR TOTALIZER H57-55 220V AC,04-01-2023,03-01-2025,4.909090909,2.876987361,0.343458097,22,24,1.090909091,Smooth,0.509211571,Smooth,C
IND,8940017,EMERGENCY PUSH BUTTON SIEMENS,04-01-2023,07-01-2024,1,0,0,2,16,8,Intermittent,0.983769806,NC,C
IND,8941151,SWITCH REVERSE ROTATION,04-01-2023,03-01-2025,17.91666667,10.51258735,0.344274461,24,24,1,Smooth,0.933301514,Smooth,B
IND,8944010,ELECTRO VALVE 330V AC (ENGC),04-01-2023,03-01-2025,12.19047619,8.28624793,0.462034607,21,24,1.142857143,Smooth,1.174117389,Seasonal,B
IND,8946029,BUS BAR SUPP. BRASS CONNECTOR,04-01-2023,02-01-2025,23.23529412,20.23465286,0.758394488,17,23,1.352941176,Lumpy,0.854297087,Lumpy,C
IND,8972040,"FAN MOTOR 160W ,FOR F2 PROJ",04-01-2023,03-01-2025,52.70833333,25.62688664,0.236392192,24,24,1,Smooth,1.086178784,Seasonal,A
IND,00897701N,NEURON II CONTROLLER,04-01-2023,03-01-2025,29.75,10.81564889,0.132169492,24,24,1,Smooth,1.081813788,Seasonal,A
IND,8979018,PRESSURE TRANS 0-6 BAR,04-01-2023,03-01-2025,5.380952381,5.103686809,0.899600595,21,24,1.142857143,Erratic,0.672061116,Erratic,B
IND,8979019,TEMP TRANSMITTER 150C OFSAC,04-01-2023,11-01-2023,1,0,0,2,8,4,Intermittent,0.981521186,NC,C
IND,8979023,PRESSURE TRANS 0-16 BAR,04-01-2023,02-01-2025,4.473684211,4.03276058,0.812595156,19,23,1.210526316,Erratic,1.179657638,Seasonal,B
IND,8979024,PRESSURE TRANS -1 TO 6 BAR,04-01-2023,03-01-2025,3.45,3.284332825,0.906266928,20,24,1.2,Erratic,0.489150393,Erratic,B
IND,8979029,TEMP TRANSMITTER (0-300 DEG C),04-01-2023,03-01-2025,4.727272727,4.792671173,1.027859961,22,24,1.090909091,Erratic,0.620352501,Erratic,A
IND,00897902C,TEMP.SENSOR;0-150DEG;KTY10,04-01-2023,03-01-2025,49.29166667,17.35431075,0.123956051,24,24,1,Smooth,0.882343166,Smooth,A
IND,00897902M,TEMP.SENSOR;0-150DEG;KTY10,04-01-2023,03-01-2025,27.875,18.86176833,0.457862484,24,24,1,Smooth,0.622137667,Smooth,B
IND,00897902N,Pressure Transmitter(0-16bar)M,04-01-2023,03-01-2025,57.29166667,44.86644836,0.613282357,24,24,1,Erratic,0.336257442,Erratic,A
IND,00897903R,NEURON II CONNECTOR SET,04-01-2023,03-01-2025,4.35,3.199917762,0.541126896,20,24,1.2,Erratic,1.121712225,Seasonal,C
IND,009-10546-S,DIST. PIST. ACCELER. H4 L=14,04-01-2023,03-01-2025,255.5555556,150.9230856,0.348771267,9,24,2.666666667,Intermittent,0.685185517,Intermittent,C
IND,009-2396-S,DIST.GR.PR.VEN. D.25X11X35 RVD,04-01-2023,07-01-2024,66.66666667,28.86751346,0.1875,3,16,5.333333333,Intermittent,0.773503259,NC,C
IND,009-31300-S,SPACER FOR BUMPERS,04-01-2023,04-01-2024,66.66666667,25.81988897,0.15,6,13,2.166666667,Intermittent,1.146401374,Intermittent,C
IND,009-318501-S,DIST. AXLE-TEL. FRO. SERB. 130,04-01-2023,04-01-2023,50,0,0,1,1,1,Lumpy,0.05763034,NC,C
IND,009-921-S,Spacer roll Dia 25,04-01-2023,12-01-2024,635.2941176,296.2076478,0.217391654,17,21,1.235294118,Smooth,0.882908037,Smooth,C
IND,010-11305-S,SUPPORTO FANALI USA MDVN 22-26,04-01-2023,01-01-2025,28,20.54263858,0.538265306,5,22,4.4,Lumpy,0.946896051,Lumpy,C
IND,010-14265-S,SUPP. PIST. ACCEL. VMC 120 JCB,04-01-2023,11-01-2023,10,9,0.81,3,8,2.666666667,Lumpy,0.179535262,NC,C
IND,010-254210-S,ENGINE AIR FILTER SUPPORT,04-01-2023,11-01-2023,15,9.345230513,0.388148148,4,8,2,Intermittent,0.222138146,Intermittent,C
IND,010-309420-S,SUPPORT UNIT MDVS 125 T4F,04-01-2023,09-01-2023,30,10,0.111111111,3,6,2,Intermittent,0.195101484,NC,C
IND,010-31590485-S,CONTROL UNIT SUPPORT AND ENGIN,04-01-2023,06-01-2024,50,31.42849026,0.3951,9,15,1.666666667,Intermittent,1.165455865,Intermittent,C
IND,010-939602-S,Lower support spring,04-01-2023,09-01-2024,22.8,15.1422881,0.441075887,10,18,1.8,Intermittent,0.813777302,Intermittent,C
IND,10242190,"FAN 610 (24"") 55PCD HUB",04-01-2023,03-01-2025,2.571428571,1.902379462,0.547325103,7,24,3.428571429,Lumpy,1.222809955,Lumpy,C
IND,10330199,INTAKE VALVE KIT,04-01-2023,04-01-2023,1,0,0,1,1,1,Lumpy,0.05763034,NC,C
IND,10331099,"VALVE KIT A/INTAKE 4"" AIRCON",04-01-2023,03-01-2025,9.260869565,4.361165308,0.22176937,23,24,1.043478261,Smooth,1.248366714,Seasonal,B
IND,10331219,"INTAKE VALVE KIT 3"" ALU.",04-01-2023,03-01-2025,55.08333333,19.00552933,0.11904729,24,24,1,Smooth,1.06629989,Seasonal,A
IND,10340360,"FILTER HEAD 60 LPM 3/4""BSP",04-01-2023,02-01-2025,2.4375,1.209338662,0.246153846,16,23,1.4375,Intermittent,0.641367107,Intermittent,C
IND,10350060,ELEMENT SEPARATOR,04-01-2023,03-01-2025,226.1666667,88.81131277,0.154198229,24,24,1,Smooth,1.368223122,Seasonal,A
IND,10350930,OIL SIGHT GLASS 3/4 NPT,04-01-2023,03-01-2025,15,10.73798621,0.512463768,24,24,1,Erratic,0.905181807,Erratic,C
IND,10352180,HOSE ASSY A/E TO TANK 80 NB,04-01-2023,03-01-2025,1.727272727,1.009049958,0.341274238,11,24,2.181818182,Intermittent,1.106641012,Intermittent,B
IND,10352350,HOSE A/E AIR-OIL MIX. E30-E55,04-01-2023,04-01-2023,2,0,0,1,1,1,Lumpy,0.05763034,NC,C
IND,10430390,GASKET INTAKE VALVE HORIZON,04-01-2023,03-01-2025,11.71428571,6.776008096,0.334592504,21,24,1.142857143,Smooth,0.834485689,Smooth,C
IND,10431120,AIR FILTER ELEMENT,04-01-2023,03-01-2025,15.16666667,8.8547048,0.340853604,24,24,1,Smooth,0.985581968,Smooth,B
IND,10431170,GASKET A/E CU159 INTAKE,04-01-2023,08-01-2024,3.090909091,2.948034785,0.909688581,11,17,1.545454545,Lumpy,0.599705412,Lumpy,C
IND,01043422B,"GASKET,DCV PIPE AIREND SIDE",04-01-2023,01-01-2025,3.888888889,2.522124325,0.420612245,9,22,2.444444444,Intermittent,0.561069067,Intermittent,C
IND,10440220,OIL FILTER 10 MICRON RATING,04-01-2023,03-01-2025,7.272727273,10.6152712,2.130431548,22,24,1.090909091,Erratic,1.243988514,Seasonal,B
IND,10440229,OIL FILTER KIT 10 MICRONS,04-01-2023,03-01-2025,90.625,26.74974604,0.0871251,24,24,1,Smooth,0.864455069,Smooth,B
IND,01044337D,PIPE MOF TO TV,04-01-2023,06-01-2023,1,0,0,2,3,1.5,Intermittent,0.144337567,NC,C
IND,10444540,"GASKET, FLANGE 2"" ASA B16.5",04-01-2023,03-01-2025,10.82352941,10.73100237,0.982975691,17,24,1.411764706,Lumpy,1.049117325,Lumpy,C
IND,10450200,24V DC SOLENOID VALVE,04-01-2023,03-01-2025,2.285714286,1.204387583,0.277644231,14,24,1.714285714,Intermittent,0.957782352,Intermittent,C
IND,10450460,GASKET SEPARATOR ELEMENT,04-01-2023,03-01-2025,12.13636364,9.316117394,0.58924071,22,24,1.090909091,Erratic,0.673605592,Erratic,C
IND,10450520,HOSE WITH METALLIC BELLOW 32NB,04-01-2023,02-01-2025,2.125,0.991031209,0.217498764,8,23,2.875,Intermittent,0.915381047,Intermittent,C
IND,10451050,ELEMENT SEPARATOR 317 CFM1,04-01-2023,03-01-2025,319.25,72.30686419,0.051297623,24,24,1,Smooth,1.205415848,Seasonal,A
IND,10451120,O-RING ID55.5 X 3.5,04-01-2023,03-01-2025,132.7083333,53.39718212,0.161897554,24,24,1,Smooth,1.26925296,Seasonal,B
IND,10451270,ELEMENT-PIPE COUPLING 2 1/2,04-01-2023,03-01-2025,24.08695652,14.81066275,0.37808124,23,24,1.043478261,Smooth,1.034960165,Seasonal,C
IND,10451500,O-RING ID47.2 X 3.5,04-01-2023,03-01-2025,164.0833333,78.15420469,0.226869313,24,24,1,Smooth,1.212568116,Seasonal,B
IND,10452250,ELEMENT SEPERATOR 400 CFM,04-01-2023,03-01-2025,42.41666667,13.68882968,0.10415007,24,24,1,Smooth,0.67588524,Smooth,A
IND,10453920,O-RING ID69.4 X 3.5,04-01-2023,03-01-2025,77.58333333,34.94581727,0.202886679,24,24,1,Smooth,0.598423465,Smooth,C
IND,10454350,"ELEMENT, SEPERATOR,2016TS HOR",04-01-2023,03-01-2025,37,13.21395836,0.127544701,24,24,1,Smooth,1.192917917,Seasonal,A
IND,10454600,ELEMENT; SEPARATOR E25-425HP,04-01-2023,09-01-2024,1.2,0.447213595,0.138888889,5,18,3.6,Intermittent,1.236393178,Intermittent,B
IND,10454870,O-RING ID80.0 X 2.5,04-01-2023,03-01-2025,16.17391304,10.34255188,0.408907625,23,24,1.043478261,Smooth,0.843785788,Smooth,C
IND,10461090,ADAPTER NUT -PR.SWITCH,04-01-2023,06-01-2024,11.14285714,16.45629131,2.181076046,7,15,2.142857143,Lumpy,1.32415705,Lumpy,C
IND,10461170,HOSE NYLON,04-01-2023,11-01-2023,2.5,2.121320344,0.72,2,8,4,Lumpy,1.324183959,NC,C
IND,12400002,ELEMENT PRE FILTER  - 0018,04-01-2023,03-01-2025,13.16666667,4.517277621,0.117706889,24,24,1,Smooth,0.646979753,Smooth,B
IND,12400003,ELEMENT PRE FILTER-0009,04-01-2023,03-01-2025,5.260869565,3.222328228,0.375166873,23,24,1.043478261,Smooth,0.688509988,Smooth,B
IND,12400004,ELEMENT PRE FILTER-0012,04-01-2023,03-01-2025,6.541666667,3.120467728,0.227542523,24,24,1,Smooth,1.06838222,Seasonal,B
IND,12400006,ELEMENT PRE FILTER - 0027,04-01-2023,03-01-2025,42.625,13.86522864,0.105809652,24,24,1,Smooth,0.581449429,Smooth,A
IND,12400007,ELEMENT PRE FILTER - 0036,04-01-2023,03-01-2025,15.125,11.17961071,0.546339493,24,24,1,Erratic,1.227120833,Seasonal,A
IND,12400008,ELEMENT PRE FILTER - 0048,04-01-2023,03-01-2025,12.375,6.034772428,0.237810694,24,24,1,Smooth,1.097303538,Seasonal,A
IND,12400009,ELEMENT PREFILTER-0072,04-01-2023,03-01-2025,11.45833333,4.916513139,0.18410751,24,24,1,Smooth,0.932481185,Smooth,A
IND,12400012,ELEMENT FINE FILTER - 0012,04-01-2023,03-01-2025,5.875,3.327258958,0.320743205,24,24,1,Smooth,0.985819081,Smooth,B
IND,12400013,ELEMENT FINE FILTER - 0018,04-01-2023,03-01-2025,10.66666667,3.595488316,0.113620924,24,24,1,Smooth,0.708418508,Smooth,B
IND,12400014,ELEMENT FINE FILTER - 0027,04-01-2023,03-01-2025,34.25,13.52373115,0.155909258,24,24,1,Smooth,0.682805579,Smooth,A
IND,12400015,ELEMENT FINE FILTER - 0036,04-01-2023,03-01-2025,13.625,9.990484603,0.537650542,24,24,1,Erratic,1.244391629,Seasonal,A
IND,12400016,ELEMENT FINE FILTER - 0048,04-01-2023,03-01-2025,10.91666667,6.261800454,0.329017008,24,24,1,Smooth,1.258832937,Seasonal,A
IND,12400017,ELEMENT FINE FILTER - 0072,04-01-2023,03-01-2025,8.541666667,4.232166335,0.245493624,24,24,1,Smooth,1.061112035,Seasonal,A
IND,12400019,ELEMENT FINE FILTER - 0108,04-01-2023,03-01-2025,5.304347826,3.267397945,0.379437346,23,24,1.043478261,Smooth,0.605662187,Smooth,A
IND,12400023,ELEMENT CARBON FILTER-0018,04-01-2023,03-01-2025,4.166666667,2.31566812,0.308869565,24,24,1,Smooth,0.728031613,Smooth,B
IND,12400024,ELEMENT CARBON FILTER-0027,04-01-2023,03-01-2025,10,5.141476695,0.264347826,24,24,1,Smooth,0.71705161,Smooth,B
IND,12400026,ELEMENT CARBON FILTER -0072,04-01-2023,01-01-2025,3.052631579,1.957143162,0.411051658,19,22,1.157894737,Smooth,0.744063704,Smooth,B
IND,12400028,ELEMENT PF19(AG-0003-FF),04-01-2023,03-01-2025,2.571428571,1.502379066,0.341358025,21,24,1.142857143,Smooth,0.623327392,Smooth,C
IND,12400029,ELEMENT PF36(AG-0006-FF),04-01-2023,03-01-2025,6.541666667,3.753018109,0.329142906,24,24,1,Smooth,1.012315642,Seasonal,B
IND,12400031,ELEMENT FF19(AG-003-SMF),04-01-2023,03-01-2025,2.333333333,1.371988681,0.345738295,18,24,1.333333333,Intermittent,1.072262088,Seasonal,C
IND,12400032,ELEMENT FF36(AG-0006-SMF),04-01-2023,03-01-2025,4.75,3.638561589,0.586775864,24,24,1,Erratic,1.032283501,Seasonal,B
IND,12400052,ELEMENT PREFILTER - 0108,04-01-2023,03-01-2025,5.625,3.727833034,0.439205582,24,24,1,Smooth,0.683553852,Smooth,A
IND,12400053,ELEMENT CARBON FILTER - 0048,04-01-2023,03-01-2025,3.545454545,2.789901393,0.619204158,22,24,1.090909091,Erratic,1.054516366,Seasonal,B
IND,12400054,ELEMENT CARBON FILTER - 0108,04-01-2023,02-01-2025,1.714285714,0.994490316,0.336538462,14,23,1.642857143,Intermittent,1.023772225,Intermittent,B
IND,12400208,ELEMENT PF 0144 - MAKE:UF,04-01-2023,03-01-2025,2.80952381,2.65742446,0.894656708,21,24,1.142857143,Erratic,1.309370985,Seasonal,B
IND,12400216,ELEMENT FF 0432 - MAKE:UF,04-01-2023,06-01-2024,1.666666667,1.154700538,0.48,3,15,5,Intermittent,0.460018141,NC,C
IND,12400219,ELEMENT CF 0048 - MAKE:UF,04-01-2023,03-01-2025,2.857142857,3.338091842,1.365,7,24,3.428571429,Lumpy,1.348116161,Lumpy,C
IND,12400419,EG11-15 4000 HRS KIT AUS/DOM,04-01-2023,03-01-2025,86.58333333,26.7401614,0.095380467,24,24,1,Smooth,1.219127756,Seasonal,A
IND,12400422,EG18-22 4000 HRS KIT AUS/DOM,04-01-2023,03-01-2025,247.7916667,89.59764126,0.130743395,24,24,1,Smooth,1.061918211,Seasonal,A
IND,12400426,EG37-45 4000 HRS KIT AUS/DOM,04-01-2023,03-01-2025,59.79166667,20.0910518,0.112907821,24,24,1,Smooth,1.025729283,Seasonal,A
IND,12400429,EG55 4000 HRS KIT AUS/DOM,04-01-2023,03-01-2025,13.79166667,5.808383496,0.177368732,24,24,1,Smooth,1.077599424,Seasonal,A
IND,12400593,EG11-15 8000HRS VALVE KIT DOM,04-01-2023,03-01-2025,2.65,1.460893742,0.303910363,20,24,1.2,Smooth,1.203616444,Seasonal,B
IND,12400594,EG18-22 8000HRS VALVE KIT DOM,04-01-2023,03-01-2025,3.235294118,2.411675034,0.555661157,17,24,1.411764706,Lumpy,0.641238928,Lumpy,B
IND,12400595,EG11-15 8000HRS R01 VALVEKIT D,04-01-2023,03-01-2025,5.19047619,5.016164348,0.933961788,21,24,1.142857143,Erratic,0.59759677,Erratic,B
IND,12400596,EG18-22 8000HRS R01 VALVE KIT,04-01-2023,03-01-2025,9.208333333,5.437224089,0.348652193,24,24,1,Smooth,1.133294425,Seasonal,A
IND,12400597,EG30 8000HRS VALVE KIT DOM,04-01-2023,03-01-2025,3.736842105,2.023256596,0.293151712,19,24,1.263157895,Smooth,0.913287451,Smooth,B
IND,12400599,EG37 8000HRS VALVE KIT DOM,04-01-2023,03-01-2025,5,3.587417625,0.514782609,24,24,1,Erratic,0.664169262,Erratic,A
IND,12400600,EG 45 8000HRS VALVE KIT DOM,04-01-2023,02-01-2025,2.125,1.586400538,0.557324106,16,23,1.4375,Lumpy,0.696289851,Lumpy,B
IND,12400601,EG 55 8000HRS VALVE KIT DOM,04-01-2023,03-01-2025,5.625,2.428320228,0.186366076,24,24,1,Smooth,1.158849349,Seasonal,A
IND,12400602,EG 75 8000HRS VALVE KIT DOM,04-01-2023,03-01-2025,11.33333333,7.568048779,0.445915451,24,24,1,Smooth,0.941728356,Smooth,A
IND,12400607,EG11-15 8000HRS R01 SER KIT DO,04-01-2023,02-01-2025,3.166666667,3.710345896,1.372853186,6,23,3.833333333,Lumpy,1.278006387,Lumpy,B
IND,12400613,EG75 8000HRS SERVICE KIT DOM,04-01-2023,03-01-2025,1.333333333,0.487950036,0.133928571,15,24,1.6,Intermittent,0.878811145,Intermittent,B
IND,12400646,8000 HRS VALVE KIT - 159 50/60,04-01-2023,03-01-2025,98.33333333,44.33632985,0.203290908,24,24,1,Smooth,1.104184388,Seasonal,A
IND,12400655,GREASE GUN KIT,04-01-2023,03-01-2025,34.33333333,16.47307861,0.23020651,24,24,1,Smooth,0.60801242,Smooth,B
IND,12400659,KIT ASSY.-DUCT EG 160PRE,04-01-2023,10-01-2024,1.6,0.894427191,0.3125,5,19,3.8,Intermittent,0.827059718,Intermittent,C
IND,12400691,KIT EG 110-TPL Z012871,04-01-2023,04-01-2023,1,0,0,1,1,1,Lumpy,0.05763034,NC,C
IND,12400702,E75 RETROFIT KIT AIR INLET HO,04-01-2023,03-01-2025,2.777777778,2.579456294,0.862305882,18,24,1.333333333,Lumpy,1.32003776,Seasonal,C
IND,12436030,DUST COLLECTOR DSK2501/2560,04-01-2023,03-01-2025,17.52173913,9.834399576,0.315022287,23,24,1.043478261,Smooth,1.081172112,Seasonal,C
IND,12436999,4000HrsKit 11-15kWand102 model,04-01-2023,01-01-2025,9.888888889,6.415870844,0.420936156,18,22,1.222222222,Smooth,1.101754185,Seasonal,B
IND,12437520,COUPLING ELEMENT ROTEX 48,04-01-2023,03-01-2025,174.75,36.54925206,0.043744416,24,24,1,Smooth,1.187917955,Seasonal,A
IND,12437590,COUPLING ELEMENT ROTEX 42,04-01-2023,03-01-2025,13.08695652,8.580702681,0.429900934,23,24,1.043478261,Smooth,1.334397263,Seasonal,C
IND,12437610,COUPLING ELEMENT ROTEX 55,04-01-2023,03-01-2025,12.25,6.475707113,0.27944878,24,24,1,Smooth,1.188521367,Seasonal,B
IND,12437999,4000HrsKit18kW-22kW except 13b,04-01-2023,01-01-2025,7.421052632,3.404503382,0.210463368,19,22,1.157894737,Smooth,0.845424138,Smooth,B
IND,12448399,HOSE TANK TO COOLER KIT,04-01-2023,03-01-2025,7.090909091,5.236402718,0.545333584,22,24,1.090909091,Erratic,0.676218324,Erratic,C
IND,12448499,HOSE MANIFOLD TO COOLER KIT,04-01-2023,03-01-2025,7.47826087,4.785105349,0.409432003,23,24,1.043478261,Smooth,1.043578787,Seasonal,C
IND,12448599,HOSE OIL INJECTION KIT,04-01-2023,03-01-2025,13.83333333,7.399569122,0.286127222,24,24,1,Smooth,1.066195238,Seasonal,C
IND,12473029,"Hose TVB to cooler Kit 30,37kW",04-01-2023,03-01-2025,2.1,0.994428926,0.224237843,10,24,2.4,Intermittent,1.145848147,Intermittent,C
IND,12473109,"Oring,Gasket kit -45kW(CD,CDV)",04-01-2023,02-01-2024,2.666666667,2.081665999,0.609375,3,11,3.666666667,Lumpy,0.532839266,NC,C
IND,12473119,"Pulse,Return,DrainLine F3-C,CV",04-01-2023,02-01-2025,1.5,0.755928946,0.253968254,8,23,2.875,Intermittent,1.114437296,Intermittent,C
IND,12473169,Hose TVB to cooler kit-F4-75kW,04-01-2023,03-01-2025,2.526315789,2.195156817,0.755015432,19,24,1.263157895,Erratic,0.953170401,Erratic,B
IND,12473189,Hose TVB to Airend kit-F4-75kW,04-01-2023,03-01-2025,2.5,2.139374459,0.732307692,14,24,1.714285714,Lumpy,0.837993555,Lumpy,C
IND,12473199,"Oring,Gasket Kit F4-75kW(C,CV)",04-01-2023,03-01-2025,3.222222222,1.895988197,0.346226481,18,24,1.333333333,Intermittent,0.976288081,Intermittent,C
IND,12473209,"Oring,Gasket Kit F4-75(CD",04-01-2023,10-01-2024,2,2.645751311,1.75,7,19,2.714285714,Lumpy,0.27438024,Lumpy,C
IND,12473729,Consumable Kit E05enX TO E15en,04-01-2023,03-01-2025,29.5,25.05467705,0.721329322,20,24,1.2,Erratic,0.840071382,Erratic,A
IND,12473839,Hose TVB to cooler kit-F4-55kW,04-01-2023,02-01-2025,1.916666667,1.378954369,0.51761471,12,23,1.916666667,Lumpy,1.226028362,Lumpy,C
IND,12474059,Hose assy TVB to  Cooler kit,04-01-2023,04-01-2023,1,0,0,1,1,1,Lumpy,0.05763034,NC,C
IND,12474069,Hose assy Cooler to TVB kit,04-01-2023,04-01-2023,1,0,0,1,1,1,Lumpy,0.05763034,NC,C
IND,12474352,HOSE ASSY TV-O/C KT-EG110-160P,04-01-2023,02-01-2025,1.5,0.707106781,0.222222222,2,23,11.5,Intermittent,0.112695165,NC,C
IND,12474354,HOSE ASSY O/C-TV KT-EG110-160P,04-01-2023,02-01-2025,1,0,0,2,23,11.5,Intermittent,0.094012679,NC,C
IND,12474366,HOSE ASSY-TANK-TV KIT- EG 160P,04-01-2023,11-01-2024,0.875,0.83452296,0.909620991,8,20,2.5,Lumpy,0.958623987,Lumpy,C
IND,124744229,SERVICE KIT F5 F6 WC,04-01-2023,03-01-2025,1.8,1.082325539,0.361552028,15,24,1.6,Intermittent,0.715349212,Intermittent,B
IND,124744239,VALVE SPARE KIT F5P,04-01-2023,03-01-2025,2.35,1.348488433,0.329274976,20,24,1.2,Smooth,0.656271399,Smooth,B
IND,124744389,THERMAL VALVE KIT CV WC,04-01-2023,01-01-2025,2.666666667,2.309401077,0.75,12,22,1.833333333,Lumpy,1.147148368,Lumpy,C
IND,124744399,O RING KIT WC F5,04-01-2023,03-01-2025,1.777777778,0.833333333,0.219726563,9,24,2.666666667,Intermittent,1.115902368,Intermittent,C
IND,12474729,AIR FILTER ELEMEMT KIT_PG 75E,04-01-2023,03-01-2025,83.8,48.53387314,0.335429971,20,24,1.2,Smooth,1.320488228,Seasonal,A
IND,12475859,AIR FILTER ELEMEMT KIT_580 CFM,04-01-2023,03-01-2025,13.625,6.768292444,0.246765936,24,24,1,Smooth,0.957009239,Smooth,B
IND,12475869,AIR FILTER ELEMENT KIT-410 CFM,04-01-2023,03-01-2025,16.16666667,15.46852812,0.915497188,24,24,1,Erratic,0.427517947,Erratic,B
IND,12476669,O-RING KIT,04-01-2023,11-01-2024,5,4.067610422,0.661818182,12,20,1.666666667,Lumpy,0.806525809,Lumpy,C
IND,12477079,HOSE ASSY OIL COOLER TO TV,04-01-2023,09-01-2024,1,0,0,3,18,6,Intermittent,1.057172946,NC,C
IND,12479039,EG11-22 8000HRS VALVE KIT SOL/,04-01-2023,02-01-2025,2.866666667,2.099886618,0.536583481,15,23,1.533333333,Lumpy,0.814582232,Lumpy,B
IND,12479109,EG75 8000HRS VALVE KIT DOM CD,04-01-2023,12-01-2024,2.571428571,0.975900073,0.144032922,7,21,3,Intermittent,1.034909541,Intermittent,B
IND,12479189,8000 HOURS SERVICE KIT,04-01-2023,02-01-2025,2.466666667,2.030716505,0.677762705,15,23,1.533333333,Lumpy,1.15427945,Lumpy,B
IND,12479649,ORING AND GASKET KIT 159 MODEL,04-01-2023,11-01-2024,3.1,2.806737925,0.819747948,10,20,2,Lumpy,0.730486151,Lumpy,C
IND,12480059,SERVICE KIT F4-75 50HZ,04-01-2023,02-01-2025,2.083333333,1.083624669,0.270545455,12,23,1.916666667,Intermittent,1.02265993,Intermittent,B
IND,12484839,CONSUMABLE KIT EG22P-EG45,04-01-2023,10-01-2023,3,0,0,2,7,3.5,Intermittent,0.926939681,NC,C
IND,12484849,SERVICE KIT EG22P-EG45,04-01-2023,03-01-2025,37.83333333,22.94542991,0.367826644,24,24,1,Smooth,1.189283769,Seasonal,A
IND,12484859,THERMAL VALVE KIT EG22P-EG45 C,04-01-2023,03-01-2025,19.66666667,12.11777949,0.379651025,24,24,1,Smooth,1.00090072,Seasonal,B
IND,12485140,THERMAL VALVE KIT 65 DEG C,04-01-2023,03-01-2025,77.86956522,42.45457931,0.297244333,23,24,1.043478261,Smooth,0.934539639,Smooth,A
IND,12485141,THERMAL VALVE KIT 75 DEG C,04-01-2023,03-01-2025,6.555555556,6.50087978,0.983388817,18,24,1.333333333,Lumpy,0.378297997,Lumpy,C
IND,12485146,VALVE KIT,04-01-2023,03-01-2025,36.13043478,14.2806428,0.156224498,23,24,1.043478261,Smooth,0.88764706,Smooth,A
IND,12485149,VALVE KIT,04-01-2023,03-01-2025,79.60869565,30.58184121,0.147572774,23,24,1.043478261,Smooth,1.139623047,Seasonal,A
IND,12485479,8000 HOURS KIT-EG 22P-30/50HZ,04-01-2023,12-01-2023,2.333333333,2.309401077,0.979591837,3,9,3,Lumpy,1.322240129,NC,C
IND,12485489,8000 HOURS KIT-EG 37-45/50HZ,04-01-2023,07-01-2024,5,5.099019514,1.04,6,16,2.666666667,Lumpy,1.342791127,Lumpy,B
IND,12485619,VALVES KIT EG55,04-01-2023,03-01-2025,11.85714286,6.482944657,0.29894034,21,24,1.142857143,Smooth,1.029533177,Seasonal,A
IND,12485639,THERMAL VALVE KIT EG 55 C,04-01-2023,03-01-2025,3.45,2.163695669,0.393327364,20,24,1.2,Smooth,0.697785936,Smooth,C
IND,12485689,MPV TO COOLER HOSE KIT EG 55,04-01-2023,09-01-2024,1,0,0,2,18,9,Intermittent,0.970850403,NC,C
IND,12485699,TVB TO COOLER IN HOSE KIT EG55,04-01-2023,03-01-2025,1,0,0,4,24,6,Intermittent,0.654843069,Intermittent,C
IND,12485709,COOLER OUT TO TVB HOSEKIT EG55,04-01-2023,09-01-2024,1,0,0,2,18,9,Intermittent,0.970850403,NC,C
IND,12485719,TVB TO AIREND HOSE KIT-EG55 C,04-01-2023,09-01-2024,1,0,0,3,18,6,Intermittent,1.057172946,NC,C
IND,12486189,"4000H SERVICE KIT EN73, 50/60H",04-01-2023,03-01-2025,8.5,9.156054463,1.160322953,10,24,2.4,Lumpy,0.633714448,Lumpy,B
IND,12486539,8000 HRS VALVE KIT - 102 EV-D,04-01-2023,03-01-2025,9.523809524,6.485514996,0.4637325,21,24,1.142857143,Smooth,0.905205646,Smooth,A
IND,12487059,SERVICE KIT EG22P-EG45,04-01-2023,03-01-2025,4.523809524,4.490200971,0.985196676,21,24,1.142857143,Erratic,1.024163685,Seasonal,B
IND,12487429,CONSUMABLES KIT EV 11 15,04-01-2023,03-01-2025,3.823529412,3.46834424,0.822840237,17,24,1.411764706,Lumpy,1.036513305,Lumpy,B
IND,12488219,CONSUMABLES KIT AT 4000 HOURS,04-01-2023,03-01-2025,10.6,9.256657836,0.762599807,15,24,1.6,Lumpy,1.179374983,Lumpy,B
IND,12488809,O-RING KIT EG 132P - 160P,04-01-2023,03-01-2025,1.727272727,0.786245393,0.207202216,11,24,2.181818182,Intermittent,0.991284484,Intermittent,C
IND,12489769,DRYER RETRO KIT - 100CFM,04-01-2023,04-01-2023,1,0,0,1,1,1,Lumpy,0.05763034,NC,C
IND,12491209,DRYER RETRO KIT - 400CFM,04-01-2023,04-01-2023,2,0,0,1,1,1,Lumpy,0.05763034,NC,C
IND,13232050,SHAFT G/D I/P E16 LIP SEAL,04-01-2023,02-01-2025,4.333333333,3.386246693,0.610650888,6,23,3.833333333,Lumpy,0.301844549,Lumpy,C
IND,13336111,COVER;GEARHSG(FLANGE MTG)  M/C,04-01-2023,03-01-2025,2.333333333,1.211060142,0.269387755,6,24,4,Intermittent,0.138553988,Intermittent,C
IND,13336214,HSG GEAR M/C CU 159,04-01-2023,02-01-2025,1.333333333,0.516397779,0.15,6,23,3.833333333,Intermittent,1.194554028,Intermittent,C
IND,13336257,SEAL HOUSING M/C AXIS-159 GD,04-01-2023,09-01-2023,1,0,0,2,6,3,Intermittent,0.162834737,NC,C
IND,13336259,INPUT SHAFT M/C (METRIC)  -159,04-01-2023,03-01-2025,14.75,7.254683645,0.241909496,24,24,1,Smooth,0.578576125,Smooth,A
IND,13336336,COVER;GEARHSG 225 (FLANGE) M/C,04-01-2023,02-01-2025,3.214285714,1.625686668,0.255802469,14,23,1.642857143,Intermittent,0.93342631,Intermittent,B
IND,13336338,INPUT SHAFT M/C AXIS-225,04-01-2023,03-01-2025,13.54166667,8.26716484,0.372708207,24,24,1,Smooth,0.787210059,Smooth,A
IND,13336339,WINDBACK-INPUT SHAFT AXIS-225,04-01-2023,03-01-2025,12.58333333,8.732332059,0.481580709,24,24,1,Smooth,0.812004114,Smooth,B
IND,13336572,INPUT SHAFT M/C AXIS-284,04-01-2023,03-01-2025,2.333333333,1.07308674,0.211502783,12,24,2,Intermittent,0.914198437,Intermittent,C
IND,13430020,SLEEVE; WEAR; 10S,04-01-2023,03-01-2025,19.83333333,13.11045606,0.436962509,24,24,1,Smooth,1.036274549,Seasonal,C
IND,13431010,SEAL; SHAFT; 12S(LIP),04-01-2023,03-01-2025,11.82608696,5.843817043,0.24418056,23,24,1.043478261,Smooth,1.161851234,Seasonal,B
IND,13436020,SLEEVE WEAR 73S,04-01-2023,03-01-2025,3.722222222,3.659083067,0.966362219,18,24,1.333333333,Lumpy,1.085536317,Seasonal,C
IND,13436029,SEAL SHAFT 28X40X10 AXIS-73CCW,04-01-2023,02-01-2025,4.263157895,3.856338293,0.818252638,19,23,1.210526316,Erratic,1.186383321,Seasonal,B
IND,13436088,INNER RING IR 40X45X20 (102),04-01-2023,03-01-2025,7.958333333,5.017180628,0.397443339,24,24,1,Smooth,0.899778459,Smooth,C
IND,13436181,Seal Shaft Axis 159 - CCW,04-01-2023,03-01-2025,11.16666667,9.087337902,0.66225653,24,24,1,Erratic,1.003588269,Seasonal,A
IND,13436196,KEY (METRIC) 10x8 L=40MM,04-01-2023,02-01-2025,1.666666667,1.211060142,0.528,6,23,3.833333333,Lumpy,0.698888674,Lumpy,C
IND,13436221,WINDBACK-INPUT SHAFT CU159,04-01-2023,03-01-2025,16.75,10.62503197,0.402374887,24,24,1,Smooth,0.923060107,Smooth,C
IND,13436254,SEAL SHAFT55X70X12 AXIS-159 CW,04-01-2023,03-01-2025,14.41666667,11.06076759,0.588627869,24,24,1,Erratic,0.95876336,Erratic,A
IND,13436256,SLEEVE WEAR - AXIS 159,04-01-2023,03-01-2025,22.45833333,9.088832932,0.163780123,24,24,1,Smooth,0.897595253,Smooth,B
IND,13436258,KEY (METRIC) 12x8 L=36MM,04-01-2023,03-01-2025,8.136363636,9.22881334,1.286562901,22,24,1.090909091,Erratic,0.829170632,Erratic,C
IND,13436272,SEAL SHAFT70X85X12 AXIS-225 CW,04-01-2023,03-01-2025,19.41666667,12.63162583,0.423222896,24,24,1,Smooth,0.439311892,Smooth,A
IND,13436293,INNER RING IR 60X70X25 (225),04-01-2023,03-01-2025,16.34782609,9.76360913,0.356698064,23,24,1.043478261,Smooth,0.585046133,Smooth,B
IND,13436333,KEY (METRIC) 14x9 L=63MM,04-01-2023,02-01-2025,5.631578947,11.42711457,4.117302821,19,23,1.210526316,Erratic,0.536540053,Erratic,C
IND,13436408,SEAL SHAFT45X60X12 AXIS-102 CW,04-01-2023,03-01-2025,9.208333333,4.432872919,0.231744,24,24,1,Smooth,0.977430839,Smooth,B
IND,13436551,WIND BACK INPUT SHAFT 284,04-01-2023,02-01-2025,1.9,1.523883927,0.643274854,10,23,2.3,Lumpy,0.980201646,Lumpy,C
IND,13436573,KEY (18X11X70) AXIS-284,04-01-2023,02-01-2025,4.5,4.428443419,0.968449931,10,23,2.3,Lumpy,0.872383837,Lumpy,C
IND,13436865,SLEEVE WEAR AXIS-53,04-01-2023,02-01-2025,2.727272727,2.195035721,0.647777778,11,23,2.090909091,Lumpy,0.929065747,Lumpy,C
IND,15301298,Tank to TV hose,04-01-2023,02-01-2025,2.1,0.994428926,0.224237843,10,23,2.3,Intermittent,0.841233114,Intermittent,C
IND,15301790,HOSE-TANK TO OIL COOLER,04-01-2023,03-01-2025,4.833333333,3.171430437,0.430543349,24,24,1,Smooth,0.7625104,Smooth,B
IND,15301791,HOSE-MPV TO A/F COOLER,04-01-2023,03-01-2025,3.45,2.350251946,0.464077648,20,24,1.2,Smooth,1.197597116,Seasonal,B
IND,15302115,Shroud Fan Dia 630,04-01-2023,04-01-2023,1,0,0,1,1,1,Lumpy,0.05763034,NC,C
IND,15302426,AFTER COOLER ASSY WC E250,04-01-2023,04-01-2023,1,0,0,1,1,1,Lumpy,0.05763034,NC,C
IND,15302427,OIL COOLER ASSY WC E250,04-01-2023,04-01-2023,1,0,0,1,1,1,Lumpy,0.05763034,NC,B
IND,15302436,After Cooler Assy,04-01-2023,12-01-2024,1.857142857,1.864454471,1.007889546,7,21,3,Lumpy,1.313504565,Lumpy,B
IND,15302437,Oil Cooler Assy,04-01-2023,10-01-2024,2,1.732050808,0.75,5,19,3.8,Lumpy,1.300797519,Lumpy,B
IND,15302763,Hose-3 inch Discharge,04-01-2023,03-01-2025,2.909090909,1.814086296,0.388867188,11,24,2.181818182,Intermittent,0.909685538,Intermittent,B
IND,15302764,Hose-2 1/2inch MPV to Tank,04-01-2023,12-01-2024,2,1,0.25,3,21,7,Intermittent,0.089235436,NC,C
IND,15302783,Hose Manifold to Oilcooler,04-01-2023,03-01-2025,3.260869565,2.199532829,0.454981818,23,24,1.043478261,Smooth,0.971277548,Smooth,C
IND,15302784,Hose Oil Cooler to Manifold,04-01-2023,03-01-2025,3.2,2.462348045,0.592105263,20,24,1.2,Erratic,1.196035661,Seasonal,C
IND,15303057,Hose 2 1/2 MPV to Cooler,04-01-2023,12-01-2024,1.666666667,1.370688834,0.676363636,12,21,1.75,Lumpy,1.050911358,Lumpy,C
IND,15303156,Hose 1 1/4in Oil cooler out,04-01-2023,10-01-2024,2.833333333,1.834847859,0.419377163,6,19,3.166666667,Intermittent,1.165971,Intermittent,C
IND,15303157,Hose 1 1/4in Oil cooler in,04-01-2023,01-01-2025,4.764705882,4.981583731,1.093106996,17,22,1.294117647,Erratic,1.17751337,Erratic,B
IND,15303467,3/8 HOSE OC TO AIREND,04-01-2023,03-01-2025,4.166666667,2.662373996,0.408282353,18,24,1.333333333,Intermittent,1.020427303,Seasonal,C
IND,15303468,3/8 HOSE AIREND TO OC,04-01-2023,03-01-2025,3.9,2.35975021,0.366102633,20,24,1.2,Smooth,1.069219384,Seasonal,C
IND,15303477,HOSE 2 1/2IN MPV TO COOLER,04-01-2023,06-01-2024,2.6,3.577708764,1.893491124,5,15,3,Lumpy,0.336276645,Lumpy,C
IND,15303479,HOSE 1 1/4IN OIL COOLER OUT,04-01-2023,12-01-2024,2.142857143,2.193062655,1.047407407,7,21,3,Lumpy,0.490624822,Lumpy,C
IND,15304140,HOSE 1 INCH,04-01-2023,02-01-2025,3.0625,1.87860764,0.376287658,16,23,1.4375,Intermittent,0.706078632,Intermittent,C
IND,15304352,1/2 HOSE OIL COOLER TO AE,04-01-2023,03-01-2025,8.5,4.845437119,0.324958628,24,24,1,Smooth,0.783137124,Smooth,C
IND,15304354,"3/4"" HOSE AIREND TO AFTER COOL",04-01-2023,03-01-2025,6.318181818,3.371962317,0.28482702,22,24,1.090909091,Smooth,0.961135671,Smooth,C
IND,15304468,DRIVE PULLEY XPZ2V 150 2012 38,04-01-2023,08-01-2024,1,0,0,4,17,4.25,Intermittent,1.087172684,Intermittent,C
IND,15304586,HOSE 2 INCH - MPV TO COOLER,04-01-2023,02-01-2025,2.714285714,1.978455386,0.531301939,21,23,1.095238095,Erratic,0.730857819,Erratic,B
IND,15304753,Thermal valve block - M/Cd  F4,04-01-2023,03-01-2025,1.666666667,0.516397779,0.096,6,24,4,Intermittent,0.687245146,Intermittent,C
IND,15304950,Hose Assy - TV Block to Cooler,04-01-2023,03-01-2025,2.428571429,1.603567451,0.435986159,14,24,1.714285714,Intermittent,1.145636477,Intermittent,C
IND,15305144,RUBBER REDUCER 180-150MM,04-01-2023,03-01-2025,1.166666667,0.40824829,0.12244898,6,24,4,Intermittent,0.548503984,Intermittent,C
IND,15305601,3/8HOSE-AIREND TO A/C En53-USA,04-01-2023,03-01-2025,2.181818182,1.721521526,0.622569444,11,24,2.181818182,Lumpy,0.877789296,Lumpy,C
IND,15306328,3/8 INCH HOSE AIREND TO A/C,04-01-2023,03-01-2025,3.25,1.669045921,0.263736264,8,24,3,Intermittent,0.845316769,Intermittent,C
IND,15306450,3/8 INCH HOSE AIREND TO O/C,04-01-2023,03-01-2025,1.846153846,1.344504484,0.530381944,13,24,1.846153846,Lumpy,0.487158735,Lumpy,C
IND,15306451,1/2 INCH HOSE AIREND TO OIL CO,04-01-2023,03-01-2025,4.090909091,3.740500233,0.836025867,22,24,1.090909091,Erratic,0.418724588,Erratic,C
IND,15306550,Hose assy - TV block to Airend,04-01-2023,03-01-2025,2.272727273,1.848832555,0.66176,11,24,2.181818182,Lumpy,0.605499909,Lumpy,C
IND,15306554,HOSE ASSY COOLER TO TV BLOCK,04-01-2023,02-01-2025,4.9,3.905461763,0.635261623,20,23,1.15,Erratic,0.916248351,Erratic,B
IND,15306555,HOSE ASSY MPV TO COOLER,04-01-2023,03-01-2025,3.826086957,1.92240791,0.252453512,23,24,1.043478261,Smooth,1.018262724,Seasonal,B
IND,15306807,Hose assy - TV block to Cooler,04-01-2023,03-01-2025,3.227272727,1.631003728,0.255410397,22,24,1.090909091,Smooth,0.904517157,Smooth,B
IND,15306813,Pipe assy - Discharge line,04-01-2023,03-01-2025,1.3,0.948683298,0.532544379,10,24,2.4,Lumpy,1.012768127,Lumpy,C
IND,15307353,RUBBER REDUCER 180-150mm,04-01-2023,03-01-2025,3.722222222,3.232292131,0.754078597,18,24,1.333333333,Lumpy,0.934088858,Lumpy,C
IND,15308601,DIA.200 RUBBER END CUFF,04-01-2023,03-01-2025,3.333333333,2.794552524,0.702857143,15,24,1.6,Lumpy,0.507952174,Lumpy,C
IND,15309210,HOSE ASSY OIL INJECTION,04-01-2023,10-01-2024,1,5.458937626,29.8,11,19,1.727272727,Lumpy,1.240417923,Lumpy,C
IND,15310460,DISCHARGE PIPE WITH HOSE 159F2,04-01-2023,03-01-2025,4.888888889,3.251947632,0.442452601,18,24,1.333333333,Intermittent,1.034361469,Seasonal,B
IND,15310510,HOSE ASSY AIREND TO TANK,04-01-2023,03-01-2025,1.9,1.197219,0.397045245,10,24,2.4,Intermittent,1.259493601,Intermittent,B
IND,15310591,HOSE 1/2 - TANK TO BDV,04-01-2023,03-01-2025,4.714285714,2.704493615,0.329109275,21,24,1.142857143,Smooth,0.930291553,Smooth,C
IND,15310592,HOSE 1/2 - TANK TO BDV,04-01-2023,03-01-2025,6.25,3.767711795,0.363408696,24,24,1,Smooth,0.862978731,Smooth,C
IND,15311289,DISCHARGE HOSE ASSY-EG 55,04-01-2023,11-01-2024,3.090909091,1.921173884,0.38633218,11,20,1.818181818,Intermittent,0.844127837,Intermittent,B
IND,15311693,1/2 HOSE AIREND TO OIL COOLER,04-01-2023,03-01-2025,4.238095238,3.345216912,0.623027396,21,24,1.142857143,Erratic,0.929900649,Erratic,C
IND,15312499,HOSE TANK TO OIL COOLER F2,04-01-2023,03-01-2025,15.08333333,6.226986616,0.17043595,24,24,1,Smooth,1.001663026,Seasonal,B
IND,15312500,HOSE OIL COOLER TO TANK F2,04-01-2023,03-01-2025,14.875,6.333571697,0.181294001,24,24,1,Smooth,0.99665799,Smooth,B
IND,15312501,HOSE OIL INJECTION 1/2 BSP F2,04-01-2023,03-01-2025,31.875,12.35106931,0.150144259,24,24,1,Smooth,1.209492524,Seasonal,B
IND,15312676,STAND PIPE ADAPTOR 1/8,04-01-2023,10-01-2024,6,3.915780041,0.425925926,4,19,4.75,Intermittent,1.24246109,Intermittent,C
IND,15313379,HOSE-COOLER TO AE EN 5,04-01-2023,03-01-2025,4.263157895,3.493519481,0.671527037,19,24,1.263157895,Erratic,0.568234435,Erratic,C
IND,15313380,HOSE-MPV TO COOLER IN EN-5,04-01-2023,03-01-2025,2.166666667,1.466804401,0.45831092,12,24,2,Intermittent,0.82232819,Intermittent,C
IND,15314108,DRIVEN PULLEY XPZ 2V 75 25,04-01-2023,06-01-2024,1.666666667,0.816496581,0.24,6,15,2.5,Intermittent,0.93408491,Intermittent,C
IND,15314497,PIPE SET,04-01-2023,03-01-2024,1.333333333,0.516397779,0.15,6,12,2,Intermittent,1.008827604,Intermittent,C
IND,15315702,AFTER COOLER EG-22,04-01-2023,12-01-2024,1.142857143,0.377964473,0.109375,7,21,3,Intermittent,0.815819753,Intermittent,C
IND,15317015,NC TVB ASSY EG 90- 160,04-01-2023,03-01-2025,1.555555556,1.943650632,1.56122449,9,24,2.666666667,Lumpy,0.598547743,Lumpy,C
IND,15317466,OIL COOLER EG-45,04-01-2023,01-01-2025,1,0,0,4,22,5.5,Intermittent,0.169762907,Intermittent,C
IND,15318017,HOSE TVB TO OC EG-22,04-01-2023,03-01-2025,2.071428571,1.268814451,0.375194366,14,24,1.714285714,Intermittent,0.575181569,Intermittent,C
IND,15318049,DISCHARGE HOSE ASSY 159,04-01-2023,12-01-2024,1.571428571,0.786795792,0.250688705,7,21,3,Intermittent,0.895818786,Intermittent,C
IND,15318344,SUCTION DUCT,04-01-2023,02-01-2024,1,0,0,2,11,5.5,Intermittent,0.997787957,NC,C
IND,15318798,RUBBER ELBOW DIA 100X143,04-01-2023,03-01-2025,23.25,12.5706698,0.292328342,24,24,1,Smooth,0.692144584,Smooth,B
IND,15319586,HOSE 1/2 TANK TO BDV,04-01-2023,03-01-2025,2.533333333,1.684664726,0.442223981,15,24,1.6,Intermittent,1.021061778,Intermittent,C
IND,15319591,SCAVENGING LINE EG-55,04-01-2023,09-01-2024,1.5,0.707106781,0.222222222,2,18,9,Intermittent,1.220523321,NC,C
IND,15320161,SCAVENGING LINE PG75E-12.5,04-01-2023,02-01-2025,1.888888889,1.054092553,0.311418685,9,23,2.555555556,Intermittent,1.127073097,Intermittent,C
IND,15320511,BOTTOM PIPE 159,04-01-2023,04-01-2023,1,0,0,1,1,1,Lumpy,0.05763034,NC,C
IND,15321052,SCAVENGING LINE TUBE_PG 90E,04-01-2023,09-01-2024,1.333333333,0.577350269,0.1875,3,18,6,Intermittent,1.288386291,NC,C
IND,15321096,MOTOR PRE-FILTER SS F4,04-01-2023,02-01-2025,1,0,0,3,23,7.666666667,Intermittent,0.163663418,NC,C
IND,15321715,HOSE-OIL INJECTION EV-18,04-01-2023,02-01-2025,2,0,0,2,23,11.5,Intermittent,0.094012679,NC,C
IND,15322268,RUBBER GASKET,04-01-2023,04-01-2023,3,0,0,1,1,1,Lumpy,0.05763034,NC,C
IND,15324260,GASKET RUBBER SUC DUCT F3,04-01-2023,10-01-2024,16.92307692,21.53857601,1.619851928,13,19,1.461538462,Lumpy,0.313016301,Lumpy,C
IND,15326683,"HOSE, DRYER OUT TO BV",04-01-2023,04-01-2023,1,0,0,1,1,1,Lumpy,0.05763034,NC,C
IND,15400319,HOSE MPV TO COOLER,04-01-2023,03-01-2025,13.47826087,6.979642901,0.268162898,23,24,1.043478261,Smooth,0.901420284,Smooth,B
IND,15400422,KIT FOR E30-E37 ELGI-N-PLC,04-01-2023,04-01-2023,3,0,0,1,1,1,Lumpy,0.05763034,NC,C
IND,15400445,MPV 1 1/4inch SPARE KIT,04-01-2023,03-01-2025,27.41666667,10.03869326,0.13406798,24,24,1,Smooth,1.240523388,Seasonal,A
IND,15400623,PIPE MPV TO COOLER,04-01-2023,02-01-2025,1,0,0,4,23,5.75,Intermittent,0.632455532,Intermittent,C
IND,15400702,STAND PIPE ADAPTER 1/8,04-01-2023,01-01-2025,4.625,3.364025367,0.529047967,16,22,1.375,Lumpy,0.739682959,Lumpy,C
IND,15400729,"SLEEVE,STOPPER E18-E22",04-01-2023,04-01-2023,1,0,0,1,1,1,Lumpy,0.05763034,NC,C
IND,15400730,"SLEEVE,STOPPER E30-E37",04-01-2023,04-01-2023,1,0,0,1,1,1,Lumpy,0.05763034,NC,C
IND,15400789,PIPE COOLER TO MOF,04-01-2023,01-01-2025,1,0,0,3,22,7.333333333,Intermittent,0.130711659,NC,C
IND,15400854,KIT SEVICE 2500 HRS E11-E15,04-01-2023,11-01-2024,1,0,0,3,20,6.666666667,Intermittent,0.870025542,NC,C
IND,15400855,KIT SEVICE 2500 HRS E18-E22,04-01-2023,03-01-2025,13.7826087,6.660306584,0.233520811,23,24,1.043478261,Smooth,1.035943974,Seasonal,A
IND,15400889,PRE FILTER,04-01-2023,03-01-2025,717.9583333,148.1178964,0.042561467,24,24,1,Smooth,0.941121714,Smooth,A
IND,15400890,O-RING ID27.6 X 2.4,04-01-2023,03-01-2025,6.947368421,6.891812245,0.984070503,19,24,1.263157895,Erratic,1.18759073,Seasonal,C
IND,15400891,O-RING ID47.2 X 3.5,04-01-2023,03-01-2025,36.54166667,19.81431008,0.294022934,24,24,1,Smooth,1.175408049,Seasonal,C
IND,15400909,Intake Valve Gasket,04-01-2023,03-01-2025,4.833333333,5.322906474,1.212841855,12,24,2,Lumpy,0.829851017,Lumpy,C
IND,15400921,OIL INJECTION HOSE 1/2 INCH,04-01-2023,03-01-2025,4.318181818,3.314992834,0.589336499,22,24,1.090909091,Erratic,0.943065572,Erratic,C
IND,15400923,HOSE-MOF TO AIREND,04-01-2023,03-01-2025,13.75,7.158151328,0.271016888,24,24,1,Smooth,1.024428022,Seasonal,B
IND,15400998,HOSE ASSY 1/2x1000,04-01-2023,03-01-2025,10.70833333,6.375763666,0.354503606,24,24,1,Smooth,1.03519668,Seasonal,B
IND,15401002,HUB COOLING FAN,04-01-2023,06-01-2024,1,0,0,2,15,7.5,Intermittent,0.989209459,NC,C
IND,15401010,HOSE-MPV TO COOLER,04-01-2023,03-01-2025,3.045454545,2.126416004,0.487519757,22,24,1.090909091,Smooth,0.660910127,Smooth,C
IND,15401048,AIR FILTER BRACKET 102,04-01-2023,04-01-2023,2,0,0,1,1,1,Lumpy,0.05763034,NC,C
IND,15401073,SPRING THERMAL,04-01-2023,02-01-2025,3.777777778,2.881085489,0.581620191,18,23,1.277777778,Erratic,1.065794697,Seasonal,C
IND,15401161,GASKET-DCV,04-01-2023,03-01-2025,6.166666667,3.485902344,0.31954313,12,24,2,Intermittent,1.004794599,Intermittent,C
IND,15401365,STRAINER ASSEMBLY,04-01-2023,03-01-2025,8.875,5.067479435,0.32602227,24,24,1,Smooth,0.876349775,Smooth,C
IND,15401485,Hose MPV to After Cooler,04-01-2023,03-01-2025,3.444444444,3.568196483,1.073146845,18,24,1.333333333,Lumpy,1.169552887,Seasonal,C
IND,15401644,HOSE TANK TO COOLER E30,04-01-2023,03-01-2025,6.565217391,4.765654462,0.526922663,23,24,1.043478261,Erratic,1.209018219,Seasonal,C
IND,15401647,PIPE-OIL FITER TO AIREND,04-01-2023,02-01-2025,2,1.154700538,0.333333333,10,23,2.3,Intermittent,0.687708421,Intermittent,C
IND,15401667,HOSE TANK TO COOLER E37,04-01-2023,03-01-2025,11.08333333,5.257844381,0.225047745,24,24,1,Smooth,1.026190628,Seasonal,B
IND,15401740,HOSE ASSY 1/2in BDV E90-110,04-01-2023,02-01-2025,4.789473684,3.309564378,0.477491983,19,23,1.210526316,Smooth,1.132925609,Seasonal,C
IND,15401823,PIPE WITH HOSE - A/C- AIR REC,04-01-2023,04-01-2023,1,0,0,1,1,1,Lumpy,0.05763034,NC,C
IND,15401829,ST 1-8 TO 6mm OD,04-01-2023,01-01-2025,12.13333333,9.81155781,0.653906533,15,22,1.466666667,Lumpy,0.945006598,Lumpy,C
IND,15401938,OIL RETURN LINE ASSEMBLY,04-01-2023,09-01-2024,2.333333333,1.527525232,0.428571429,3,18,6,Intermittent,0.337587324,NC,C
IND,15401956,HOSE MPV TO COOLER,04-01-2023,03-01-2025,11.26086957,5.879219114,0.27258091,23,24,1.043478261,Smooth,0.994280815,Smooth,C
IND,15402046,O-RING ID19.2 X 2.5,04-01-2023,12-01-2024,4.875,6.812540957,1.952850568,8,21,2.625,Lumpy,1.371378767,Lumpy,C
IND,15402213,SCAVENGER PIPE - E75,04-01-2023,11-01-2024,2.333333333,2.309401077,0.979591837,3,20,6.666666667,Lumpy,0.269203122,NC,C
IND,15402219,HOSE TANK TO COOLER E45,04-01-2023,12-01-2024,2.692307692,2.015961945,0.560680272,13,21,1.615384615,Lumpy,1.229855809,Lumpy,C
IND,15402240,Rubber Connector-F3-80ID-90OD,04-01-2023,05-01-2024,2.333333333,1.414213562,0.367346939,9,14,1.555555556,Intermittent,0.729717812,Intermittent,C
IND,15402283,O-RING ID37.7 X 3.5,04-01-2023,03-01-2025,33.16666667,24.16549223,0.530869335,24,24,1,Erratic,1.199736942,Seasonal,C
IND,15402334,ADAPTER PLATE-INTAKE VALVE,04-01-2023,04-01-2023,1,0,0,1,1,1,Lumpy,0.05763034,NC,C
IND,15402552,HOSE TANK TO COOLER E30,04-01-2023,03-01-2025,3.111111111,2.348688968,0.569927971,18,24,1.333333333,Lumpy,1.038214344,Seasonal,C
IND,15402651,OIL FILL PLUG - 1INCH BSP,04-01-2023,12-01-2024,1.833333333,0.98319208,0.287603306,6,21,3.5,Intermittent,1.291550211,Intermittent,C
IND,15402654,OIL DRAIN PLUG - 3/4 INCH,04-01-2023,11-01-2023,1,0,0,2,8,4,Intermittent,0.981521186,NC,C
IND,15402685,O-RING ID32.9 X 3.5,04-01-2023,03-01-2025,24.30434783,15.66825042,0.415597632,23,24,1.043478261,Smooth,1.018779591,Seasonal,C
IND,15402686,O-RING ID85.3 X 3.5,04-01-2023,03-01-2025,12.125,11.55069168,0.907512234,24,24,1,Erratic,0.90667642,Erratic,C
IND,15402687,O-RING ID69.4 X 3.5,04-01-2023,03-01-2025,27.70833333,24.84644873,0.804095889,24,24,1,Erratic,0.905562582,Erratic,C
IND,15402751,HOSE- COOLER-O/FILTER E45 AXIS,04-01-2023,04-01-2023,2,0,0,1,1,1,Lumpy,0.05763034,NC,C
IND,15402871,O-RING ID80.0 X 3.0,04-01-2023,03-01-2025,36.29166667,26.18409601,0.520548672,24,24,1,Erratic,1.046081345,Seasonal,C
IND,15402882,Rubber Elbow - F6 WC,04-01-2023,03-01-2025,23.20833333,8.737620643,0.14174197,24,24,1,Smooth,1.043439375,Seasonal,B
IND,15403001,O-RING ID25.0 X 3.5,04-01-2023,03-01-2025,9.307692308,6.650621718,0.510552558,13,24,1.846153846,Lumpy,0.511661576,Lumpy,C
IND,15403156,O-RING ID110.7 X 3.5,04-01-2023,03-01-2025,7.777777778,6.198249806,0.635078031,18,24,1.333333333,Lumpy,0.756595241,Lumpy,C
IND,15403266,PRE FILTER,04-01-2023,03-01-2025,38.33333333,20.07088886,0.274144818,24,24,1,Smooth,1.15361339,Seasonal,C
IND,15403276,O-RING ID117.1 X 3.5,04-01-2023,10-01-2024,3.454545455,3.110100846,0.810526316,11,19,1.727272727,Lumpy,0.522657761,Lumpy,C
IND,15403606,ELBOW 9/16UNFXM14,04-01-2023,03-01-2025,3.875,3.593976442,0.860215054,16,24,1.5,Lumpy,1.18376809,Lumpy,C
IND,15403631,PISTON - F4,04-01-2023,07-01-2024,0.833333333,0.98319208,1.392,6,16,2.666666667,Lumpy,1.244578119,Lumpy,C
IND,15403632,THERMOSTATIC VALVE PLUG -F4,04-01-2023,02-01-2025,2,0.894427191,0.2,11,23,2.090909091,Intermittent,0.86508027,Intermittent,C
IND,15404075,BYPASS HOSE,04-01-2023,03-01-2025,3.318181818,2.009178075,0.366637178,22,24,1.090909091,Smooth,1.082523796,Seasonal,C
IND,15404122,RUBBER DUCT EG-22,04-01-2023,03-01-2025,6.047619048,4.663434255,0.594624589,21,24,1.142857143,Erratic,0.874192228,Erratic,C
IND,15404123,HOSE BLOW DOWN EG-22,04-01-2023,03-01-2025,5.954545455,6.059052831,1.035409747,22,24,1.090909091,Erratic,0.496570881,Erratic,C
IND,15404151,GREASE-EM UNIREX N3,04-01-2023,03-01-2025,891.0833333,260.8132626,0.085668804,24,24,1,Smooth,0.94217311,Smooth,A
IND,15404203,HOSE FOR GREASE GUN,04-01-2023,04-01-2024,4.428571429,2.935821456,0.439472771,7,13,1.857142857,Intermittent,0.945371705,Intermittent,C
IND,15404204,GREASE GUN,04-01-2023,11-01-2024,4.125,3.563204817,0.746162928,8,20,2.5,Lumpy,0.578235448,Lumpy,C
IND,15404429,BYPASS HOSE EG-55,04-01-2023,02-01-2025,2,1.414213562,0.5,7,23,3.285714286,Lumpy,1.203482923,Lumpy,C
IND,017-04722-S,HOOK LIFT MDVN 53 K-P,04-01-2023,03-01-2024,59.33333333,12.09683154,0.041566721,3,12,4,Intermittent,0.978354043,NC,B
IND,017-0478505-S,RIGHT LIFTING HOOK,04-01-2023,06-01-2024,65,35.41186242,0.296804734,10,15,1.5,Intermittent,0.801459054,Intermittent,B
IND,017-0478525-S,LEFT LIFTING HOOK,04-01-2023,06-01-2024,65,35.41186242,0.296804734,10,15,1.5,Intermittent,0.801459054,Intermittent,B
IND,18360481,CNTL.PANEL E22_400V NEURON+,04-01-2023,04-01-2023,1,0,0,1,1,1,Lumpy,0.05763034,NC,C
IND,18361143,"CNTRL PANEL E37,400V,50HZ VE N",04-01-2023,04-01-2023,1,0,0,1,1,1,Lumpy,0.05763034,NC,C
IND,18362317,"Cntrl panel E11,400V,NII-VE",04-01-2023,04-01-2023,-1,0,0,1,1,1,Lumpy,0.05763034,NC,C
IND,18362578,NEURON II CONTROLLER-KIT,04-01-2023,03-01-2025,27.16666667,8.323182223,0.093865522,24,24,1,Smooth,0.986615742,Smooth,A
IND,18362691,"12A,3RT20 17-1AB02 CONTACTER",04-01-2023,10-01-2024,1,0,0,2,19,9.5,Intermittent,0.137620471,NC,C
IND,18362741,"MJ81BK (110-240V AC),GIC MAKE",04-01-2023,02-01-2025,1.6,0.966091783,0.364583333,10,23,2.3,Intermittent,1.157703666,Intermittent,C
IND,18362887,CONTROLLER BOARD NEURON XT,04-01-2023,03-01-2025,49.125,23.00909556,0.219378452,24,24,1,Smooth,1.125947637,Seasonal,A
IND,18364415,CONDOR PSW MDR3/16 OLR SKR3/10,04-01-2023,03-01-2025,12.43478261,8.371087075,0.453197311,23,24,1.043478261,Smooth,0.801022349,Smooth,B
IND,18364416,CONDOR PSW MDR3/16 OLR SKR3/16,04-01-2023,03-01-2025,12.20833333,7.348345964,0.362298414,24,24,1,Smooth,0.993983473,Smooth,B
IND,18364572,MBS 3000 (-1 TO 1 BAR) PRESSU,04-01-2023,03-01-2025,2.142857143,2.537628901,1.402393162,14,24,1.714285714,Lumpy,0.571130351,Lumpy,C
IND,18364573,MBS 3000 (-1 TO 3 BAR) PRESSU,04-01-2023,03-01-2025,2.461538462,3.256157874,1.74983724,13,24,1.846153846,Lumpy,0.465124395,Lumpy,C
IND,18400007,600 Dia pusher fan(415V),04-01-2023,03-01-2025,8.75,5.260600065,0.361455191,24,24,1,Smooth,0.753583373,Smooth,B
IND,18400011,DIA 550 PUSHER FAN 400V,04-01-2023,03-01-2025,4.958333333,2.773777313,0.312947685,24,24,1,Smooth,0.80693511,Smooth,B
IND,18400026,500 Dia Sucker Fan,04-01-2023,03-01-2025,36.95833333,14.7042708,0.158293189,24,24,1,Smooth,1.182787891,Seasonal,A
IND,18400046,FAN ZA 159BD 60Hz-FN056-4DW,04-01-2023,03-01-2025,1.941176471,1.712840778,0.778581267,17,24,1.411764706,Lumpy,1.1129568,Lumpy,B
IND,18400062,FILTER [184X184] UNIT,04-01-2023,03-01-2025,2.166666667,1.471960144,0.461538462,6,24,4,Intermittent,0.413306749,Intermittent,C
IND,18400077,TEMP SENSOR PT1000 - 6m CABLE,04-01-2023,03-01-2025,33.33333333,12.04219634,0.130513043,24,24,1,Smooth,1.067904775,Seasonal,B
IND,18400078,TEMP SENSOR PT1000 3.5M CABLE,04-01-2023,03-01-2025,7.130434783,7.282009886,1.042966849,23,24,1.043478261,Erratic,0.569113306,Erratic,C
IND,18400079,TEMP SENSOR PT1000 2.1M CABLE,04-01-2023,03-01-2025,11.70833333,8.446657001,0.520450657,24,24,1,Erratic,0.946754822,Erratic,B
IND,18400145,HOUR METER - H57 415V 50HZ,04-01-2023,02-01-2025,2.181818182,1.53741223,0.496527778,11,23,2.090909091,Lumpy,1.261715046,Lumpy,C
IND,020-089310-S,BELL WITH SAE 4 CONNECTION FOR,04-01-2023,09-01-2024,91.53846154,56.46033325,0.380434291,13,18,1.384615385,Intermittent,0.757242631,Intermittent,A
IND,020-1010-S,BELL AXIS 159,04-01-2023,09-01-2023,30,5.656854249,0.035555556,5,6,1.2,Smooth,0.308464176,Smooth,B
IND,020-1021-S,Bell Motor 36 AK,04-01-2023,12-01-2023,16,11.53256259,0.51953125,3,9,3,Lumpy,0.191634089,NC,C
IND,020-200000-S,BELL (030347470),04-01-2023,02-01-2025,7.166666667,2.786873995,0.151216874,6,23,3.833333333,Intermittent,0.983443984,Intermittent,C
IND,020-200010-S,CAMPANA (035301039),04-01-2023,11-01-2024,15,11.54700538,0.592592593,7,20,2.857142857,Lumpy,0.341409106,Lumpy,C
IND,20225600,C/CASE M/C TS05 LB,04-01-2023,04-01-2023,1,0,0,1,1,1,Lumpy,0.05763034,NC,C
IND,20240630,CYL DIA50;SP-M/C SP SERIES,04-01-2023,03-01-2025,3.733333333,4.043807729,1.173241618,15,24,1.6,Lumpy,0.627342561,Lumpy,C
IND,20341550,A/C PIPE ASSY No2 SS15/TS10,04-01-2023,03-01-2025,7.304347826,3.95927889,0.293811843,23,24,1.043478261,Smooth,0.601753909,Smooth,C
IND,20341560,A/C PIPE ASSY No 3 SS15/TS10,04-01-2023,03-01-2025,5.777777778,4.518661379,0.611642882,18,24,1.333333333,Lumpy,0.772477746,Lumpy,C
IND,20350120,CYL DIA90 M/C TS05 250L 1.3,04-01-2023,03-01-2025,43.75,11.76675494,0.072336469,24,24,1,Smooth,1.158032629,Seasonal,A
IND,20350390,COVER FLY END M/C TS02/03/05,04-01-2023,03-01-2025,4.380952381,3.721238913,0.721502836,21,24,1.142857143,Erratic,1.094968589,Seasonal,C
IND,20352580,COVER FREEEND M/C HV21,04-01-2023,04-01-2023,1,0,0,1,1,1,Lumpy,0.05763034,NC,C
IND,20354030,HEAD DIA50 CYL M/C TS03 PRIMER,04-01-2023,03-01-2025,2,1.118033989,0.3125,9,24,2.666666667,Intermittent,0.838743124,Intermittent,C
IND,20354040,HEAD DIA78 CYL M/C TS03 PRIMER,04-01-2023,03-01-2025,1.428571429,1.133893419,0.63,7,24,3.428571429,Lumpy,0.451718767,Lumpy,C
IND,20354630,COVER FLY END M/C SS07/10,04-01-2023,03-01-2025,3.894736842,2.601169328,0.446047399,19,24,1.263157895,Smooth,1.034296413,Seasonal,C
IND,20356370,DAMP PIPE ASSY TS10/12/15,04-01-2023,02-01-2025,1,0,0,3,23,7.666666667,Intermittent,0.163663418,NC,C
IND,20360010,HEAD DIA90 CYL M/C TS05,04-01-2023,03-01-2025,40.875,15.61023215,0.145848912,24,24,1,Smooth,1.104093433,Seasonal,B
IND,20360390,CON ROD&C/S ASSY COMB TS05 W/B,04-01-2023,03-01-2025,40.66666667,19.79166857,0.236857787,24,24,1,Smooth,1.231595336,Seasonal,A
IND,20362510,CR/SHAFT ASSY W/B COMB SS05,04-01-2023,03-01-2025,2.95,1.731290969,0.344426133,20,24,1.2,Smooth,0.962810588,Smooth,C
IND,20362520,CR/SHAFT ASSY W/B COMB SS07/10,04-01-2023,03-01-2025,7.434782609,4.669300969,0.394427501,23,24,1.043478261,Smooth,1.12848045,Seasonal,B
IND,20362530,CR/SHAFT ASSY W/B COMB TS07,04-01-2023,03-01-2025,40.79166667,22.02760949,0.291602899,24,24,1,Smooth,1.248775987,Seasonal,A
IND,20362550,CR/SHAFT ASSY W/B COMB TS10/15,04-01-2023,03-01-2025,41.5,15.51436922,0.139756512,24,24,1,Smooth,1.16854758,Seasonal,A
IND,20363350,A/C PIPE ASSY LG01100 100L,04-01-2023,01-01-2024,1,0,0,2,10,5,Intermittent,0.993031274,NC,C
IND,20364260,PISTON ASSY DIA 85 TS10 OF,04-01-2023,11-01-2023,1.875,0.83452296,0.198095238,8,8,1,Smooth,0.226236884,Smooth,C
IND,20364470,CYL M/C DIA 140 HP25400,04-01-2023,03-01-2025,1.538461538,0.776250026,0.254583333,13,24,1.846153846,Intermittent,1.14682722,Intermittent,C
IND,20364500,CYL M/C DIA 78 HP25400,04-01-2023,03-01-2025,2.944444444,1.893400993,0.413502817,18,24,1.333333333,Intermittent,1.219869837,Seasonal,C
IND,20364530,CYL M/C DIA 50 HP25400,04-01-2023,02-01-2025,2.066666667,1.279880947,0.383529062,15,23,1.533333333,Intermittent,1.13709241,Intermittent,C
IND,20364840,AIR RECVER WITH MO PLTE 2HP180,04-01-2023,11-01-2024,1,0,0,3,20,6.666666667,Intermittent,0.130711659,NC,C
IND,20367000,AFTER COOLER PIPE ASSY TS15,04-01-2023,08-01-2024,3.411764706,2.717048572,0.63421522,17,17,1,Erratic,0.708051008,Erratic,C
IND,20368370,COM C/R C/S ASSY W/B TS10 15,04-01-2023,03-01-2025,8.958333333,3.303215386,0.135962565,24,24,1,Smooth,0.795701732,Smooth,B
IND,20373010,CRANKCASE HONING TS05LD-12,04-01-2023,03-01-2025,11.25,6.123724357,0.296296296,24,24,1,Smooth,1.016917421,Seasonal,B
IND,20373280,HEAD LP MC TS05DCI,04-01-2023,03-01-2025,3.733333333,2.282438128,0.373770044,15,24,1.6,Intermittent,1.136521871,Intermittent,C
IND,20373290,"HEAD PLATE HP, TS05 LD",04-01-2023,01-01-2025,1.818181818,1.167748416,0.4125,11,22,2,Intermittent,0.741057803,Intermittent,C
IND,20373300,HEAD HP MC TS05DCI,04-01-2023,03-01-2025,5.368421053,3.890308847,0.525139903,19,24,1.263157895,Erratic,0.964322409,Erratic,C
IND,20373310,INTERCOOLER TS05 DCID,04-01-2023,03-01-2025,3.25,2.909753712,0.801577909,16,24,1.5,Lumpy,0.998085288,Lumpy,C
IND,20373350,AFTERCOOLER TS05 LD-12,04-01-2023,02-01-2025,2.25,1.658312395,0.543209877,12,23,1.916666667,Lumpy,1.095242497,Lumpy,C
IND,20376830,AFTER COOLER PIPE RH-TS10 LD 1,04-01-2023,03-01-2025,2.5,1.678744119,0.450909091,12,24,2,Intermittent,1.09679545,Intermittent,C
IND,20377160,CRANKCASE HONING TS07LD-12,04-01-2023,03-01-2025,5.041666667,4.388514324,0.757681674,24,24,1,Erratic,0.896962148,Erratic,B
IND,20377320,HEAD LP MC TS03DCI,04-01-2023,03-01-2025,2.5,1.643167673,0.432,6,24,4,Intermittent,0.401544053,Intermittent,C
IND,20377340,"HEAD PLATE LP, TS03 LD",04-01-2023,12-01-2024,3.5,2.121320344,0.367346939,2,21,10.5,Intermittent,0.166376615,NC,C
IND,20377370,INTERCOOLER TS03 DCID,04-01-2023,05-01-2024,1.25,0.5,0.16,4,14,3.5,Intermittent,0.758882905,Intermittent,C
IND,20377490,HEAD LP MC TS07 LD,04-01-2023,03-01-2025,3.066666667,2.186538905,0.508371591,15,24,1.6,Lumpy,1.018000751,Lumpy,C
IND,20377500,"HEAD PLATE LP, TS07 LD",04-01-2023,03-01-2025,2.222222222,1.481365736,0.444375,9,24,2.666666667,Intermittent,0.24902793,Intermittent,C
IND,20377510,INTERCOOLER TS07 DCID,04-01-2023,11-01-2024,2,0.707106781,0.125,13,20,1.538461538,Intermittent,0.918632563,Intermittent,C
IND,20377520,AFTERCOOLER TS07 DCID,04-01-2023,03-01-2025,4,2.246690688,0.31547619,22,24,1.090909091,Smooth,0.99263503,Smooth,C
IND,20377650,AFTERCOOLER 2 TS07 DCID,04-01-2023,07-01-2024,3.083333333,2.968266508,0.926754765,12,16,1.333333333,Lumpy,1.012472029,Lumpy,C
IND,20377660,CRANKCASE HONING TS03LD-12,04-01-2023,03-01-2025,2.25,1.390443574,0.381893004,16,24,1.5,Intermittent,0.76244904,Intermittent,C
IND,20379520,AFTER COOLER RH TS15LD12,04-01-2023,01-01-2025,2.142857143,1.099450412,0.263247863,14,22,1.571428571,Intermittent,0.845934144,Intermittent,C
IND,20404440,GASKET CYL TO VF GRAPH 0.25MM,04-01-2023,09-01-2023,7,4.242640687,0.367346939,2,6,3,Intermittent,0.195996115,NC,C
IND,20404920,FERRULE ERMETO AND ELBOW M36,04-01-2023,03-01-2025,18.95238095,21.72435543,1.313911896,21,24,1.142857143,Erratic,1.059227422,Seasonal,C
IND,20406050,OIL SEAL,04-01-2023,03-01-2025,6.772727273,6.435998596,0.903035256,22,24,1.090909091,Erratic,1.247889558,Seasonal,C
IND,20406110,PISTON_GP ASSY DIA60 TS05DCI,04-01-2023,03-01-2025,4.823529412,4.186814035,0.753420583,17,24,1.411764706,Lumpy,0.887444916,Lumpy,C
IND,20407150,GASKET - HEAD LP,04-01-2023,01-01-2025,5.6,6.292853089,1.262755102,10,22,2.2,Lumpy,0.42300748,Lumpy,C
IND,20407160,GASKET - HEAD PLATE LP,04-01-2023,01-01-2025,4.222222222,6.057593948,2.058344875,9,22,2.444444444,Lumpy,0.432622278,Lumpy,C
IND,20407200,GASKET COVER FLY END,04-01-2023,12-01-2024,4.625,6.368168609,1.895857247,8,21,2.625,Lumpy,0.335415399,Lumpy,C
IND,20407940,UNLOADER VALVE PSW DANFOSS,04-01-2023,03-01-2025,53.36363636,42.15452916,0.624018771,22,24,1.090909091,Erratic,0.980076965,Erratic,B
IND,20481850,PISTON & GUDGEON PIN DIA.78,04-01-2023,02-01-2025,4.5,3.052177825,0.460038986,20,23,1.15,Smooth,1.13416773,Seasonal,C
IND,20481860,PISTON ASSY DIA 78 HP11160,04-01-2023,03-01-2025,2.466666667,1.597617273,0.419492852,15,24,1.6,Intermittent,0.700793556,Intermittent,C
IND,20482780,PISTON ASSY DIA 50 HP11160,04-01-2023,03-01-2025,9.176470588,7.299274742,0.632714908,17,24,1.411764706,Lumpy,1.00966323,Lumpy,C
IND,20483640,BUSH DIST TS10/12/15 BG,04-01-2023,06-01-2023,5,0,0,2,3,1.5,Intermittent,0.144337567,NC,C
IND,20484710,PISTON & GP DIA50 SP,04-01-2023,01-01-2025,4.2,3.342368707,0.633300939,15,22,1.466666667,Lumpy,1.058312397,Lumpy,C
IND,20485850,"SEAT;VALVE-NRV 1 1/2""BSP;HP07",04-01-2023,03-01-2025,47.375,19.46415323,0.168800055,24,24,1,Smooth,1.116847558,Seasonal,C
IND,20487920,PIPE ASSY CONTG NO.1 HP20 PET,04-01-2023,03-01-2025,2.823529412,2.214590654,0.615180122,17,24,1.411764706,Lumpy,1.10823545,Lumpy,C
IND,20487930,PIPE ASSY CONTG NO.2 HP20 PET,04-01-2023,03-01-2025,3.75,2.57262921,0.470643275,20,24,1.2,Smooth,0.792988076,Smooth,C
IND,20487940,A/C PIPE ASSY NO.1 HP20300 PET,04-01-2023,11-01-2024,1,0,0,2,20,10,Intermittent,0.135307357,NC,C
IND,20488580,A/C PIPE ASSY NO.1 TS15 BMU,04-01-2023,03-01-2025,3.380952381,2.578297703,0.58155128,21,24,1.142857143,Erratic,0.720197775,Erratic,C
IND,20488860,BUSH OIL SEAL TS03 120,04-01-2023,02-01-2025,4.666666667,3.055050463,0.428571429,3,23,7.666666667,Intermittent,1.238937618,NC,C
IND,20489870,AFTER COOLER PIPE ASSY TS07,04-01-2023,03-01-2025,1.636363636,0.924416278,0.319135802,11,24,2.181818182,Intermittent,0.550029203,Intermittent,C
IND,20489950,ELEMENT FILTER 95CFM HV21,04-01-2023,03-01-2025,7.142857143,6.215188769,0.75712,21,24,1.142857143,Erratic,0.830477887,Erratic,C
IND,20491279,"CONE&GUIDE ASSY 1 1/2"" NRV",04-01-2023,03-01-2025,7,4.324349662,0.381632653,21,24,1.142857143,Smooth,0.880336985,Smooth,B
IND,20494380,PISTON GPIN DIA 70 TS10120 HT,04-01-2023,01-01-2024,4.5,3.535533906,0.617283951,2,10,5,Lumpy,0.389859749,NC,C
IND,20494560,PISTON WITH GP DIA100 SS TS,04-01-2023,03-01-2025,276.875,66.464317,0.057624823,24,24,1,Smooth,1.14540324,Seasonal,A
IND,20495180,Gasket CC to Fly End cover,04-01-2023,02-01-2025,1.571428571,1.133893419,0.520661157,7,23,3.285714286,Lumpy,0.474638028,Lumpy,C
IND,20495210,GASKET- CC to Cylinder Dia 85,04-01-2023,02-01-2025,1.285714286,0.487950036,0.144032922,7,23,3.285714286,Intermittent,0.725965712,Intermittent,C
IND,20495230,GASKET Valve Flat to Cyl.head,04-01-2023,02-01-2025,1.333333333,0.516397779,0.15,6,23,3.833333333,Intermittent,0.737494956,Intermittent,C
IND,20495280,CYL DIA 110 HONING  TS1O OF,04-01-2023,03-01-2025,3.375,2.125245084,0.39652492,16,24,1.5,Intermittent,0.920573955,Intermittent,B
IND,20495290,CYL DIA 85 HONING  TS10 OF,04-01-2023,02-01-2025,2.736842105,1.880960312,0.472345496,19,23,1.210526316,Smooth,0.892629931,Smooth,C
IND,20495740,PISTON WITH G PIN DIA 140 HP25,04-01-2023,03-01-2025,3.166666667,2.081665999,0.432132964,12,24,2,Intermittent,1.058953671,Intermittent,C
IND,20495820,GASKET BIG DIA 78 HP25400,04-01-2023,03-01-2025,19.23529412,16.63027891,0.747483143,17,24,1.411764706,Lumpy,0.781411705,Lumpy,C
IND,20495830,GASKET SMALL DIA 78 HP25400,04-01-2023,02-01-2025,16.93333333,20.01951429,1.397726367,15,23,1.533333333,Lumpy,1.017159886,Lumpy,C
IND,20496100,ERMETO ASSY 3/4 BSPXM36,04-01-2023,03-01-2025,6.80952381,5.51923045,0.65693677,21,24,1.142857143,Erratic,1.05502104,Seasonal,C
IND,20496630,CONNECTOR ASSY 3/4x1BSP TS 03,04-01-2023,03-01-2025,6.882352941,7.736943461,1.263761049,17,24,1.411764706,Lumpy,0.713000747,Lumpy,C
IND,20496790,ELBOW ASSY 7/8 BSPXM36 TS10/12,04-01-2023,03-01-2025,3.125,1.959409532,0.393142857,8,24,3,Intermittent,1.10182779,Intermittent,C
IND,20496890,SUCTION PIPE NO.1 TS10/15 LB,04-01-2023,11-01-2024,3.7,5.793674712,2.451911371,10,20,2,Lumpy,1.32777051,Lumpy,C
IND,20496910,SUCTION PIPE NO.2 TS10/15 LB,04-01-2023,12-01-2024,2.777777778,3.032234233,1.1916,9,21,2.333333333,Lumpy,1.27743514,Lumpy,C
IND,02049718B,PIPE WITH SOCKET 1 1/4 INCH BS,04-01-2023,03-01-2025,1.25,0.5,0.16,4,24,6,Intermittent,0.570368752,Intermittent,C
IND,20497650,Gasket Valve flat Cyl Dia85,04-01-2023,02-01-2025,1.833333333,1.169045194,0.40661157,6,23,3.833333333,Intermittent,1.11192978,Intermittent,C
IND,20498200,SOL VAL ASSY 220V 40B,04-01-2023,03-01-2025,5.736842105,4.093926467,0.509253804,19,24,1.263157895,Erratic,1.039302404,Seasonal,B
IND,022-059210-S,FRONT AIR INTAKE,04-01-2023,09-01-2023,20,14.14213562,0.5,2,6,3,Lumpy,0.198268797,NC,C
IND,22400749,"OBS SAFETY VALVE ASSY 1/4"" BSP",04-01-2023,09-01-2024,8.333333333,4.725815626,0.3216,3,18,6,Intermittent,1.06025923,NC,C
IND,22400759,"OBS SV ASSY 3/8"" BSP",04-01-2023,10-01-2024,7,7,1,3,19,6.333333333,Lumpy,0.152350618,NC,C
IND,22400779,"OBS SV ASSY 1/2"" 3/4""17KGF/CM2",04-01-2023,09-01-2024,18.44444444,23.50590942,1.624138119,9,18,2,Lumpy,0.626369189,Lumpy,C
IND,22400829,"OBS NRV ASSY 3/4"" BSP",04-01-2023,03-01-2025,90.16666667,41.62008991,0.213065924,24,24,1,Smooth,0.919851441,Smooth,C
IND,22400839,"OBS NRV ASSY 1 1/2"" BSP",04-01-2023,03-01-2025,98.83333333,40.1580212,0.165096446,24,24,1,Smooth,1.057023715,Seasonal,B
IND,22400929,OBS INLET AIR FILTER DRY B TYP,04-01-2023,03-01-2025,2381.125,543.0541099,0.052014188,24,24,1,Smooth,1.242876224,Seasonal,A
IND,22400969,OBS INLET VALVE ASSY,04-01-2023,03-01-2025,13.83333333,10.44453136,0.570064809,18,24,1.333333333,Lumpy,1.103650715,Seasonal,C
IND,22400979,OBS DISCHARGE VALVE ASSEMBLY,04-01-2023,02-01-2025,12.65,9.852998475,0.606674555,20,23,1.15,Erratic,1.114036913,Seasonal,C
IND,22400989,OBS COMB DISC VAL ASSY DIA 100,04-01-2023,03-01-2025,76.59090909,122.0084537,2.537613039,22,24,1.090909091,Erratic,1.03593852,Seasonal,B
IND,22400999,"OBS DEL UL VALVE 3/4"" BSP",04-01-2023,03-01-2025,61.17391304,28.99475215,0.224649925,23,24,1.043478261,Smooth,1.346538442,Seasonal,C
IND,22401029,OBS PISTON RINGS DIA 50,04-01-2023,03-01-2025,80.65217391,46.03023581,0.325727363,23,24,1.043478261,Smooth,1.266197399,Seasonal,B
IND,22401039,OBS PISTON RINGS DIA60,04-01-2023,03-01-2025,399.5833333,373.2086392,0.872345743,24,24,1,Erratic,0.896655831,Erratic,A
IND,22401049,OBS PISTON RINGS DIA 70,04-01-2023,03-01-2025,197.5,131.0552489,0.440326313,24,24,1,Smooth,1.243526049,Seasonal,B
IND,22401059,OBS PISTON RINGS DIA 100,04-01-2023,03-01-2025,203.4166667,261.590938,1.653759392,24,24,1,Erratic,1.004328554,Seasonal,A
IND,22401069,OBS PISTON RINGS  DIA 127 HV,04-01-2023,03-01-2025,10,7.40870359,0.548888889,19,24,1.263157895,Erratic,1.231307368,Seasonal,C
IND,22401079,OBS PISTON RINGS  DIA 197,04-01-2023,03-01-2025,40.23809524,39.93482786,0.984983159,21,24,1.142857143,Erratic,1.156746022,Seasonal,B
IND,22401129,OBS GASKET TS 02/03,04-01-2023,03-01-2025,8.333333333,10.7587174,1.6668,9,24,2.666666667,Lumpy,0.525914837,Lumpy,C
IND,22401139,OBS GASKET TS 05/07,04-01-2023,03-01-2025,8.157894737,5.937294164,0.529688981,19,24,1.263157895,Erratic,1.059452318,Seasonal,C
IND,22401149,OBS GASKET TS 10,04-01-2023,03-01-2025,10.14285714,12.59949415,1.543069904,14,24,1.714285714,Lumpy,1.106813826,Lumpy,C
IND,22401159,OBS GASKET TS 12/15,04-01-2023,03-01-2025,11.2,13.48120385,1.44884293,15,24,1.6,Lumpy,1.068404367,Lumpy,C
IND,22401189,OBS GASKET HV 40 SERIES,04-01-2023,03-01-2025,4.176470588,3.186598777,0.582151359,17,24,1.411764706,Lumpy,0.960838851,Lumpy,C
IND,22401199,OBS GASKET HP 03/05,04-01-2023,11-01-2024,5.538461538,4.033513452,0.530381944,13,20,1.538461538,Lumpy,1.214307688,Lumpy,C
IND,22401219,OBS GASKET HP20,04-01-2023,01-01-2025,5.285714286,3.451389273,0.426363994,14,22,1.571428571,Intermittent,1.234011834,Intermittent,C
IND,22401229,OBS GASKET SP 10/12/15/20,04-01-2023,03-01-2025,6.555555556,12.00108928,3.35136962,18,24,1.333333333,Lumpy,1.264072886,Seasonal,C
IND,22401259,OBS GASKET LG01100,04-01-2023,02-01-2025,5,3.717281509,0.552727273,12,23,1.916666667,Lumpy,0.779516872,Lumpy,C
IND,22401269,OBS GASKET LG 11 100,04-01-2023,11-01-2024,3,1.58113883,0.277777778,5,20,4,Intermittent,1.214101464,Intermittent,C
IND,22401279,OBS GASKET LG02100,04-01-2023,03-01-2025,19.65217391,13.85840308,0.497284795,23,24,1.043478261,Erratic,1.082049568,Seasonal,C
IND,22401509,OBS RING PACKING HP03/05/07/10,04-01-2023,03-01-2025,10.53846154,10.7828211,1.046912462,13,24,1.846153846,Lumpy,1.222763317,Lumpy,C
IND,22401579,OBS PISTON RINGS DIA 127 SP,04-01-2023,03-01-2025,4.75,5.409867528,1.297137581,16,24,1.5,Lumpy,0.681367573,Lumpy,C
IND,22402139,OBS RAC UNIT SP SERIES 2500H,04-01-2023,02-01-2025,1.923076923,0.862316499,0.201066667,13,23,1.769230769,Intermittent,1.059412546,Intermittent,C
IND,22402219,OBS PISTON RINGS DIA 90 (GOET,04-01-2023,03-01-2025,44.34782609,30.66773356,0.478210042,23,24,1.043478261,Smooth,1.271356877,Seasonal,C
IND,22402229,OBS GASKET TS 05/M,04-01-2023,02-01-2025,4.111111111,3.100179206,0.568663258,9,23,2.555555556,Lumpy,0.737424752,Lumpy,C
IND,22402299,"OBS NRV ASSY 1 1/2"" BSP-TEFLON",04-01-2023,03-01-2025,23.5,18.72454794,0.634873147,24,24,1,Erratic,0.55784447,Erratic,C
IND,22402309,KIT TUNE UP HP20330S 2500 HOUR,04-01-2023,02-01-2025,1.857142857,1.027105182,0.305871643,14,23,1.642857143,Intermittent,1.040586468,Intermittent,B
IND,22402949,SP KIT PRE FILTER 10/20/30/45,04-01-2023,01-01-2025,2.2,2.167948339,0.97107438,5,22,4.4,Lumpy,1.280830905,Lumpy,C
IND,22403009,CONTROLLER 10/20/45,04-01-2023,10-01-2024,3.8,2.949576241,0.602493075,5,19,3.8,Lumpy,1.220919856,Lumpy,C
IND,22403139,KIT 1 INCH NRV BRASS,04-01-2023,03-01-2025,1195.875,350.5057604,0.08590506,24,24,1,Smooth,0.840960077,Smooth,A
IND,22403249,KIT TOP BLOCK WO/B HP03 05,04-01-2023,06-01-2024,2,1.414213562,0.5,5,15,3,Lumpy,1.284356901,Lumpy,C
IND,22403259,KIT TOP BLOCK W/B TS02 03,04-01-2023,01-01-2025,1.777777778,0.833333333,0.219726563,9,22,2.444444444,Intermittent,1.091907462,Intermittent,C
IND,22403279,KIT TOP BLOCK W/B SS07 10,04-01-2023,03-01-2025,1.3,0.674948558,0.2695595,10,24,2.4,Intermittent,0.625120221,Intermittent,C
IND,22403329,KIT TOP BLOCK WO/B HP07 10,04-01-2023,09-01-2024,1.5,0.707106781,0.222222222,2,18,9,Intermittent,0.614055832,NC,C
IND,22403349,KIT WO/B COM C/S ASSY TS05H,04-01-2023,04-01-2023,1,0,0,1,1,1,Lumpy,0.05763034,NC,C
IND,22403449,KIT HP20400 PISTON RING DIA140,04-01-2023,03-01-2025,5.789473684,4.210818703,0.528999082,19,24,1.263157895,Erratic,0.880229392,Erratic,C
IND,22403839,KIT HP20400 PISTON RING DIA 78,04-01-2023,03-01-2025,8.181818182,5.215693933,0.406372722,22,24,1.090909091,Smooth,1.238760307,Seasonal,C
IND,22403849,KIT HP20400 PISTON RING DIA 50,04-01-2023,03-01-2025,6.8,6.212042634,0.834547441,20,24,1.2,Erratic,1.23358345,Seasonal,C
IND,22403899,KIT GASKET MS20 LB PET-25,04-01-2023,03-01-2025,4.454545455,2.906925601,0.425854307,22,24,1.090909091,Smooth,1.035789474,Seasonal,C
IND,22432250,DUV CUM SOL VALVE ASSY 220V/50,04-01-2023,03-01-2025,37.58333333,12.84325797,0.116777674,24,24,1,Smooth,1.105984135,Seasonal,A
IND,22432839,KIT GASKET CYLINDER HEAD TS07,04-01-2023,09-01-2024,5.5,3,0.297520661,4,18,4.5,Intermittent,1.258388484,Intermittent,C
IND,22434139,OBS PISTON RINGS DIA 100 NEW,04-01-2023,03-01-2025,304.9166667,138.5452105,0.206452767,24,24,1,Smooth,1.257678298,Seasonal,A
IND,22434259,KIT TUNE UP TS10/15OF 5000 Hrs,04-01-2023,03-01-2025,3.615384615,2.599309573,0.516900558,13,24,1.846153846,Lumpy,0.996852298,Lumpy,A
IND,22434419,KIT A/C PIPE ASSY TS05 HN 220L,04-01-2023,03-01-2025,1.444444444,0.726483157,0.25295858,9,24,2.666666667,Intermittent,0.906522716,Intermittent,C
IND,22434449,KIT A/C PIPE ASSYNO1 TS10/15HN,04-01-2023,03-01-2025,25.5,23.61466015,0.857596577,24,24,1,Erratic,1.332531261,Seasonal,B
IND,22434459,KIT A/CPIPEASSY NO2TS10/15 HN,04-01-2023,03-01-2025,5.791666667,4.452445998,0.591003706,24,24,1,Erratic,1.233637976,Seasonal,B
IND,22434539,KITA/CPIPE ASSY NO2 TS10/15HN,04-01-2023,03-01-2025,4.272727273,2.207817672,0.267002953,22,24,1.090909091,Smooth,0.88569157,Smooth,C
IND,22455959,KIT PISTON/GP D50 W/CIRCLIP TS,04-01-2023,03-01-2025,49.375,16.72231651,0.114704026,24,24,1,Smooth,0.906813356,Smooth,B
IND,22455969,KIT PISTON/GP D60 W/CIRCLIP TS,04-01-2023,03-01-2025,50.08333333,16.98571437,0.115022071,24,24,1,Smooth,0.891952273,Smooth,B
IND,22455979,KIT PISTON/GP D70 W/CIRCLIP SS,04-01-2023,03-01-2025,92.95833333,26.07427379,0.078676999,24,24,1,Smooth,0.927764877,Smooth,B
IND,22455989,KIT PISTON/GP D90 W/CIRCLIP SS,04-01-2023,03-01-2025,22.70833333,15.4567536,0.463303997,24,24,1,Smooth,0.869939836,Smooth,B
IND,22456039,KIT PISTON/GP D70 W/CIRCLIP BP,04-01-2023,03-01-2025,11.625,7.476412183,0.413619066,24,24,1,Smooth,1.022197658,Seasonal,C
IND,22456069,KIT PISTON/GP D78 W/CIRCLIP HP,04-01-2023,12-01-2024,2.428571429,1.157868447,0.227309023,14,21,1.5,Intermittent,1.049475021,Intermittent,C
IND,22456109,KIT OBS DIA100 D/V (MODIFIED),04-01-2023,03-01-2025,16.52173913,11.53992896,0.487859481,23,24,1.043478261,Smooth,1.070685043,Seasonal,C
IND,22456209,KIT TUNE UP TS15 LB  (MODIFIE,04-01-2023,12-01-2024,2.5,1.643167673,0.432,6,21,3.5,Intermittent,1.090458079,Intermittent,C
IND,22456309,KIT TUNE UP SS15 HN (MODIFIED,04-01-2023,05-01-2023,1.5,0.707106781,0.222222222,2,2,1,Smooth,0.136770634,NC,C
IND,22456629,KIT PISTON/RINGS D127 HT(MODIF,04-01-2023,03-01-2025,1.666666667,1.154700538,0.48,3,24,8,Intermittent,0.429441541,NC,C
IND,22457209,KIT GASKET TS03 HN,04-01-2023,03-01-2025,7.45,5.744333592,0.594520399,20,24,1.2,Erratic,1.127239413,Seasonal,C
IND,22457409,KIT SET OF GASKET TS07 LB-12,04-01-2023,03-01-2025,17.47619048,9.442558168,0.291934753,21,24,1.142857143,Smooth,1.032581623,Seasonal,C
IND,22457509,KIT GASKET TS10 HN,04-01-2023,03-01-2025,18.16666667,12.95365205,0.508433268,24,24,1,Erratic,1.158085307,Seasonal,C
IND,22457609,KIT GASKET TS 15 HN,04-01-2023,03-01-2025,14.43478261,8.128659103,0.317115395,23,24,1.043478261,Smooth,0.888083429,Smooth,C
IND,22457709,KIT GASKET TS 05M HN,04-01-2023,07-01-2024,2,2.449489743,1.5,8,16,2,Lumpy,0.365873344,Lumpy,C
IND,22457919,KIT I/C CON PIPE  TS10 15,04-01-2023,03-01-2025,3.789473684,2.820144743,0.553840878,19,24,1.263157895,Erratic,0.775582219,Erratic,C
IND,22458249,OBS PISTON RINGS DIA 100 DCI,04-01-2023,02-01-2025,5.105263158,3.665071423,0.515381254,19,23,1.210526316,Erratic,0.92035425,Erratic,C
IND,22458259,OBS PISTON RINGS DIA 60 DCI,04-01-2023,03-01-2025,7.444444444,4.804681813,0.416547639,18,24,1.333333333,Intermittent,1.14391354,Seasonal,C
IND,22458269,KIT TUNE UP TS05LD-12,04-01-2023,03-01-2025,20.70833333,15.86760212,0.587127348,24,24,1,Erratic,1.029736108,Seasonal,B
IND,22458279,GASKET KIT TS05LD-12,04-01-2023,03-01-2025,5.7,3.163941579,0.308110998,20,24,1.2,Smooth,1.254027571,Seasonal,C
IND,22458379,KIT PR-SWITCH RETROFIT  TS 220,04-01-2023,03-01-2025,125.2083333,32.15178562,0.065939208,24,24,1,Smooth,1.093654368,Seasonal,A
IND,22458399,KIT FILTER ELEMENT MS20 PET,04-01-2023,03-01-2025,3.952380952,3.106061662,0.617593265,21,24,1.142857143,Erratic,1.228017855,Seasonal,C
IND,22458409,KIT PR SWITCH RETROFIT TS 160L,04-01-2023,03-01-2025,5.857142857,4.327651953,0.545925045,21,24,1.142857143,Erratic,1.038554149,Seasonal,C
IND,22458419,KIT PR SWITCH RETROFIT TS05M,04-01-2023,03-01-2025,2.588235294,1.543487266,0.355630165,17,24,1.411764706,Intermittent,0.854852604,Intermittent,C
IND,22458429,KIT PR SWITCH RETROFIT TS10,04-01-2023,03-01-2025,6.956521739,3.819546152,0.301466619,23,24,1.043478261,Smooth,0.93572082,Smooth,C
IND,22458439,KIT PR SWITCH RETROFIT SS05,04-01-2023,01-01-2025,3.166666667,3.069892901,0.939813649,12,22,1.833333333,Lumpy,0.913725668,Lumpy,C
IND,22458609,TUNEUP KIT TS07 LD-12 2500 HRS,04-01-2023,03-01-2025,9.904761905,8.898903089,0.807206916,21,24,1.142857143,Erratic,1.158617083,Seasonal,B
IND,22458659,TUNEUP KIT TS03 LD-12 2500 HRS,04-01-2023,03-01-2025,4.294117647,3.21645585,0.561057422,17,24,1.411764706,Lumpy,1.073893545,Lumpy,C
IND,22458689,OBS PISTON RINGS DIA 112,04-01-2023,03-01-2025,3.8,3.075246796,0.654926791,15,24,1.6,Lumpy,1.203680969,Lumpy,C
IND,22458699,OBS PISTON RINGS DIA 78,04-01-2023,07-01-2024,4,2.768874621,0.479166667,7,16,2.285714286,Intermittent,1.189349375,Intermittent,C
IND,22459269,KIT PR.GAUGE RETROFIT SS TS LB,04-01-2023,03-01-2025,251.4166667,123.1079119,0.239763904,24,24,1,Smooth,0.910964016,Smooth,A
IND,22459359,KIT CON ROD ASSY W/CPIN TS05LD,04-01-2023,03-01-2025,4,3.741657387,0.875,6,24,4,Lumpy,1.310224354,Lumpy,C
IND,027-0901-S,COMPRESSOR SUPPORT 53KL,04-01-2023,05-01-2024,63.88888889,24.59392427,0.148185255,9,14,1.555555556,Intermittent,0.781628868,Intermittent,B
IND,029-049511-S,REINFORCED PORTABLE CASSETTE.,04-01-2023,06-01-2024,60.9,40.71431635,0.446950789,10,15,1.5,Intermittent,0.860939077,Intermittent,A
IND,30449400,ADAPTER;TEMP SWITCH VT-TL999L/,04-01-2023,03-01-2025,4.578947368,3.150234374,0.473319534,19,24,1.263157895,Smooth,0.98993526,Smooth,C
IND,30459560,GASKET DCV,04-01-2023,03-01-2025,4.857142857,3.183059555,0.429464999,14,24,1.714285714,Intermittent,1.068613905,Intermittent,C
IND,032-11763-S,BUMPER BOXED,04-01-2023,07-01-2024,86.25,71.26359519,0.682680109,8,16,2,Lumpy,0.802047661,Lumpy,B
IND,32304539,KIT AIR FILTER ELEMENT HINO,04-01-2023,03-01-2025,31.45833333,16.00266056,0.258769428,24,24,1,Smooth,0.961484553,Smooth,B
IND,32304549,KIT AIR FILTER ELEMENT B47XX07,04-01-2023,03-01-2025,26.33333333,12.24981514,0.216395087,24,24,1,Smooth,0.804125437,Smooth,A
IND,324000149,SPARE KIT - ARV,04-01-2023,03-01-2025,56,27.5917442,0.242762866,24,24,1,Smooth,1.023395892,Seasonal,B
IND,32400089,KIT AIRFILTER 1200 CFM,04-01-2023,03-01-2025,29.16666667,13.18321287,0.204300266,24,24,1,Smooth,1.034986642,Seasonal,A
IND,32400199,COOLER INLET HOSE ASSY KIT_PG,04-01-2023,09-01-2024,1,0,0,3,18,6,Intermittent,1.173026881,NC,C
IND,32400249,AIR FILTER KIT_PG 185,04-01-2023,07-01-2024,11.72727273,7.564270078,0.416044709,11,16,1.454545455,Intermittent,0.842507536,Intermittent,B
IND,32401229,"SPARE KIT,1000-1250 HRS",04-01-2023,03-01-2025,10,6.055300708,0.366666667,22,24,1.090909091,Smooth,0.893925504,Smooth,A
IND,32401259,"SPARE KIT,1000-1250 HRS",04-01-2023,03-01-2025,14,5.531726674,0.156122449,21,24,1.142857143,Smooth,1.149359702,Seasonal,A
IND,32401509,"SPARE KIT, PRESSURE REGULATOR",04-01-2023,03-01-2025,68.14285714,83.24926162,1.492519804,14,24,1.714285714,Lumpy,1.052644321,Lumpy,B
IND,034-0025-S,BASAMENTO REGOLATORE VITE AXIS,04-01-2023,11-01-2023,68.25,30.20347662,0.195843229,4,8,2,Intermittent,0.4807643,Intermittent,B
IND,35301016,"VALVE ASSY,OSV FLG TYP 1 1 2IN",04-01-2023,02-01-2025,2,1,0.25,11,23,2.090909091,Intermittent,0.84264096,Intermittent,C
IND,35301034,AIREND INLET ORIFICE,04-01-2023,04-01-2023,1,0,0,1,1,1,Lumpy,0.05763034,NC,C
IND,35301042,DIESEL TANK 100LIT.300 100 4BT,04-01-2023,04-01-2023,1,0,0,1,1,1,Lumpy,0.05763034,NC,C
IND,35301998,RUBBER DUCT 8 INCH_1100-300V2,04-01-2023,02-01-2025,4.25,1.707825128,0.161476355,4,23,5.75,Intermittent,1.230915065,Intermittent,C
IND,35302387,PIPE OF TO OSV_400-100 JCB,04-01-2023,01-01-2025,4.818181818,3.060005942,0.403346387,11,22,2,Intermittent,0.337045597,Intermittent,C
IND,35303111,"CABLE SET , CONTROL 6BTA",04-01-2023,03-01-2025,17,9.990471651,0.345361674,22,24,1.090909091,Smooth,1.090959737,Seasonal,C
IND,35303298,HOSE - OIL INJECTION 650/100,04-01-2023,03-01-2025,1.916666667,1.164500153,0.36913559,12,24,2,Intermittent,0.578887336,Intermittent,C
IND,35303611,"CABLE SET CONTROL , HINO",04-01-2023,03-01-2025,5.523809524,4.802281204,0.755818966,21,24,1.142857143,Erratic,1.234530717,Seasonal,C
IND,35303883,PR REGULATOR 1/4 NPT,04-01-2023,02-01-2024,3,2.828427125,0.888888889,5,11,2.2,Lumpy,1.302101022,Lumpy,C
IND,35305134,"HOSE, DISCHARGE 21/2""-PG 500",04-01-2023,03-01-2025,3.157894737,2.267234191,0.515462963,19,24,1.263157895,Erratic,0.851084094,Erratic,B
IND,35400047,O-RING ID45.0 X 3.0,04-01-2023,03-01-2025,22.31578947,15.23173818,0.46588038,19,24,1.263157895,Smooth,1.181921619,Seasonal,C
IND,35400187,O-RING ID56.7 X 3.5,04-01-2023,03-01-2025,22.19047619,19.52336817,0.774062886,21,24,1.142857143,Erratic,1.280338693,Seasonal,C
IND,35400246,O-RING ID84.0 X 3.5,04-01-2023,02-01-2025,8.230769231,6.12581758,0.553920284,13,23,1.769230769,Lumpy,0.516873599,Lumpy,C
IND,35400257,"GASKET, 3 INCH DCV",04-01-2023,03-01-2025,6.615384615,6.589618875,0.992225527,13,24,1.846153846,Lumpy,1.348887593,Lumpy,C
IND,35400362,GASKET,04-01-2023,11-01-2024,3.777777778,1.922093766,0.258866782,9,20,2.222222222,Intermittent,1.229699427,Intermittent,C
IND,35400469,DISCHARGE CHECK VALVE-1200/325,04-01-2023,01-01-2024,4.6,6.769211344,2.165511447,10,10,1,Erratic,0.309430013,Erratic,C
IND,35400662,REDUCER 1-1/2 BSP TO 3/4 BSPT,04-01-2023,03-01-2025,1.545454545,0.820199532,0.2816609,11,24,2.181818182,Intermittent,0.535401783,Intermittent,C
IND,35401110,ACTUATOR PIN-1200-330,04-01-2023,02-01-2025,22.57142857,19.15873542,0.720469476,21,23,1.095238095,Erratic,0.769493132,Erratic,C
IND,35401173,"COVER, PRESSURE SWITCH",04-01-2023,01-01-2025,17.66666667,28.00595175,2.512993948,3,22,7.333333333,Lumpy,1.382022655,NC,C
IND,037-056825-S,AOS Tank Rotair-182-103-U-ASME,04-01-2023,09-01-2024,29.2,20.74746112,0.504852157,15,18,1.2,Erratic,1.030769351,Erratic,A
IND,38360138,3P Energy meter C1,04-01-2023,03-01-2025,1.307692308,0.480384461,0.134948097,13,24,1.846153846,Intermittent,0.976992838,Intermittent,C
IND,38360230,LIMIT SWITCH 1NO+1NC SNAP ACTI,04-01-2023,03-01-2025,6.052631579,4.453134779,0.541306448,19,24,1.263157895,Erratic,1.00184149,Seasonal,C
IND,38360277,ELEC. HARNESS FOR PG1300S-350,04-01-2023,06-01-2023,1.5,0.707106781,0.222222222,2,3,1.5,Intermittent,0.112695165,NC,C
IND,38400013,KEY SWITCH,04-01-2023,03-01-2025,4.5,2.338090389,0.269958848,16,24,1.5,Intermittent,1.072414612,Intermittent,C
IND,38400029,DIESEL LEVEL PROBE 590MM,04-01-2023,02-01-2025,1.714285714,0.994490316,0.336538462,14,23,1.642857143,Intermittent,1.108782282,Intermittent,C
IND,38400044,Temp Gauge with switch Jumo,04-01-2023,06-01-2024,10,4.143267632,0.171666667,13,15,1.153846154,Smooth,0.823096727,Smooth,B
IND,039-115430-S,Support engine 52 KL,04-01-2023,06-01-2024,75,57.67148342,0.591288889,8,15,1.875,Lumpy,0.548552624,Lumpy,B
IND,039-122120-S,SUPP. MOTORE SX 21-25AK 2014,04-01-2023,02-01-2024,60,22.36067977,0.138888889,5,11,2.2,Intermittent,0.555982742,Intermittent,C
IND,049-115535-S,RADIATOR SUPPORT D185 T4F BODY,04-01-2023,06-01-2024,47,26.48269875,0.31748906,10,15,1.5,Intermittent,0.895649162,Intermittent,B
IND,050-47165-S,Motor pulley Dp.160 3 gorges S,04-01-2023,05-01-2023,20,0,0,2,2,1,Smooth,0.128117686,NC,C
IND,60400120,GASKET DIA90 .25 TS05 VF TO HD,04-01-2023,02-01-2025,13.11111111,9.875036196,0.567281207,18,23,1.277777778,Erratic,0.89100572,Erratic,C
IND,60400130,GASKET DIA90 .25 TS05 CY TO VF,04-01-2023,02-01-2025,14.55555556,12.47690677,0.734778242,18,23,1.277777778,Erratic,0.878949831,Erratic,C
IND,70200100,CYL DIA127 G/D-RR20CG(M)/TS20,04-01-2023,03-01-2025,53.68181818,47.35517909,0.778180839,22,24,1.090909091,Erratic,0.999113793,Erratic,A
IND,70300540,CYL DIA100 M/C RR20CG(M)/HV21,04-01-2023,03-01-2025,30.95652174,28.85304185,0.868718151,23,24,1.043478261,Erratic,0.962162714,Erratic,A
IND,70300570,COVER FLYEND M/C RR20CG/HV21,04-01-2023,03-01-2025,6.727272727,6.543560332,0.946128561,11,24,2.181818182,Lumpy,1.075143731,Lumpy,B
IND,70300590,COVER FREEEND M/C RR20100,04-01-2023,02-01-2025,6.6,5.910442736,0.801958984,10,23,2.3,Lumpy,1.173881101,Lumpy,B
IND,70300920,SOFT MOUNT COMP SIDE-RR20100,04-01-2023,03-01-2025,62.95833333,49.71001051,0.623420766,24,24,1,Erratic,0.997564009,Erratic,A
IND,70301130,CON ROD & C/SHAFT ASSYW/B1000B,04-01-2023,12-01-2024,3.133333333,2.503331114,0.638297872,15,21,1.4,Lumpy,1.104892386,Lumpy,B
IND,70301140,CONROD&C/SHAF ASSY;W/B TRC2507,04-01-2023,03-01-2025,7.9,8.071391975,1.043861055,20,24,1.2,Erratic,0.728495197,Erratic,A
IND,70301430,LINER L.P.CYL.M/C &GRIN TRC100,04-01-2023,07-01-2023,8.5,9.192388155,1.169550173,2,4,2,Lumpy,0.072332607,NC,C
IND,70301440,CYL.W/LINER L.P-ASSY.DETAI TRC,04-01-2023,11-01-2024,29,31.83080269,1.204756243,11,20,1.818181818,Lumpy,1.100424199,Lumpy,A
IND,70301570,AIR FILTER WITH FLG RR20 CLW,04-01-2023,02-01-2025,3.125,1.356202682,0.188342857,8,23,2.875,Intermittent,0.836957588,Intermittent,B
IND,70301670,HARD MOUNT MOTOR SIDE RR20100,04-01-2023,03-01-2025,82.29166667,83.99455426,1.041814849,24,24,1,Erratic,0.960286096,Erratic,A
IND,70303170,COUPLING F100 TYPE-B(F.R.A.S),04-01-2023,02-01-2025,10.46153846,8.837565508,0.713631776,13,23,1.769230769,Lumpy,1.236082571,Lumpy,A
IND,70304230,HP CYL M/C DIA146 RR66101W,04-01-2023,03-01-2025,10,7.071067812,0.5,13,24,1.846153846,Lumpy,1.139274412,Lumpy,B
IND,70304800,CYL DIA140 M/C 6CD3UC UG,04-01-2023,03-01-2025,7.769230769,9.934400218,1.635035781,13,24,1.846153846,Lumpy,0.784814204,Lumpy,B
IND,70306110,CYL DIA90 D/V M/C RR14100,04-01-2023,03-01-2025,10.5625,8.602083081,0.663244751,16,24,1.5,Lumpy,1.134530126,Lumpy,B
IND,70306140,CYL DIA60 D/V M/C RR14100,04-01-2023,03-01-2025,7.333333333,6.342860873,0.748113547,24,24,1,Erratic,1.109087349,Seasonal,B
IND,07030642A,PIPE ASSY WATER IN TO LP1 RR66,04-01-2023,02-01-2025,11.5,9.983319421,0.753623188,4,23,5.75,Lumpy,1.245160339,Lumpy,C
IND,07030644A,PIPE ASSY TEE CON TO LP 2 RR66,04-01-2023,03-01-2024,14.33333333,10.06644591,0.493239589,3,12,4,Lumpy,1.242521761,NC,C
IND,07030645A,PIPE ASSY WATER IN TO HP RR66,04-01-2023,02-01-2025,11.5,9.983319421,0.753623188,4,23,5.75,Lumpy,1.245160339,Lumpy,C
IND,07030648B,PIPE ASSY I/C OUT TO HP RR66,04-01-2023,02-01-2025,9.2,4.91934955,0.285916824,5,23,4.6,Intermittent,1.136621259,Intermittent,C
IND,70306910,ELEMENT FILTER OUTER 6CD3UC UG,04-01-2023,01-01-2025,29.64705882,28.69656159,0.936907026,17,22,1.294117647,Erratic,1.249131068,Erratic,B
IND,07030696A,COMBI COOLER WITH GUARD,04-01-2023,03-01-2025,4.133333333,3.377798663,0.667831128,15,24,1.6,Lumpy,0.945308147,Lumpy,B
IND,70309310,AIR FILTER ASSY TRC1000MN UG,04-01-2023,03-01-2025,125.3636364,130.9687514,1.091420766,22,24,1.090909091,Erratic,1.102370543,Seasonal,A
IND,70309590,FAN GUARD ASSY,04-01-2023,02-01-2025,14.73333333,11.73192632,0.634069152,15,23,1.533333333,Lumpy,1.116802042,Lumpy,B
IND,70310050,HEAD DIA 100 CYL M/C D/V,04-01-2023,02-01-2025,3.777777778,3.345809983,0.784385813,9,23,2.555555556,Lumpy,0.629553525,Lumpy,C
IND,70310410,DISC COUPLING TRC1000MN UG,04-01-2023,03-01-2025,65.5,70.73588352,1.166264254,24,24,1,Erratic,1.153986835,Seasonal,A
IND,70311590,GASKET FREEEND COVER RR20100OF,04-01-2023,01-01-2024,12.66666667,11.01514109,0.756232687,3,10,3.333333333,Lumpy,0.183814295,NC,C
IND,70311610,FREE END COVER M/C RR20100OF(,04-01-2023,02-01-2025,6.333333333,6.043493156,0.910565888,15,23,1.533333333,Lumpy,0.669178789,Lumpy,C
IND,70311670,GASKET FLY END RR20100OF,04-01-2023,05-01-2023,4.5,2.121320344,0.222222222,2,2,1,Smooth,0.136770634,NC,C
IND,70311740,PISTON ASSY LP DIA150  RR20 OF,04-01-2023,03-01-2025,7.761904762,8.954913522,1.331024879,21,24,1.142857143,Erratic,0.686512774,Erratic,A
IND,70311780,PISTON ASSY HP DIA100  RR20 OF,04-01-2023,03-01-2025,5.125,5.678908346,1.227840571,16,24,1.5,Lumpy,0.389400884,Lumpy,B
IND,70311790,GASKET C/CASE TO LPCYL RR20 OF,04-01-2023,09-01-2023,6.333333333,5.507570547,0.756232687,3,6,2,Lumpy,0.144566895,NC,C
IND,70311890,CYL DIA 150 HON RR20100 OF,04-01-2023,03-01-2025,9.15,11.54066038,1.590813009,20,24,1.2,Erratic,0.363008735,Erratic,B
IND,70311900,GASKET CC TO CYL HP RR20100 OF,04-01-2023,05-01-2023,5.5,3.535533906,0.41322314,2,2,1,Smooth,0.136421298,NC,C
IND,70311990,CYL DIA 100 HON RR20100 OF,04-01-2023,03-01-2025,5.388888889,6.53622385,1.471144649,18,24,1.333333333,Lumpy,0.487401931,Lumpy,B
IND,70312250,GASKET FLYEND TO MOTOR RR20 OF,04-01-2023,02-01-2025,2.181818182,1.662418829,0.580555556,11,23,2.090909091,Lumpy,0.730483505,Lumpy,C
IND,70314140,BASE FRAME RR20100 CG WAP4 OB,04-01-2023,04-01-2023,15,0,0,1,1,1,Lumpy,0.05763034,NC,C
IND,70314640,GASKET VALVE BIG HP,04-01-2023,11-01-2024,12,10.39230485,0.75,5,20,4,Lumpy,0.273655372,Lumpy,C
IND,70314650,GASKET  VALVE SMALL HP,04-01-2023,11-01-2024,6.2,5.540758071,0.798647242,5,20,4,Lumpy,0.267134367,Lumpy,C
IND,70314660,GASKET - CC TO CYL DIA 110,04-01-2023,04-01-2023,6,0,0,1,1,1,Lumpy,0.05763034,NC,C
IND,70314670,GASKET - CC TO CYL DIA 85,04-01-2023,04-01-2023,3,0,0,1,1,1,Lumpy,0.05763034,NC,C
IND,70314700,GASKET CRANK CASE BOTTOM COVER,04-01-2023,03-01-2025,1.25,0.5,0.16,4,24,6,Intermittent,0.57579208,Intermittent,C
IND,70315030,MODIFIED COOLER BRACKET-RR1507,04-01-2023,05-01-2023,5,2.828427125,0.32,2,2,1,Smooth,0.136765677,NC,C
IND,70315330,GASKET VALVE BIG LP,04-01-2023,04-01-2023,12,0,0,1,1,1,Lumpy,0.05763034,NC,C
IND,70315340,GASKET VALVE SMALL LP,04-01-2023,04-01-2023,6,0,0,1,1,1,Lumpy,0.05763034,NC,C
IND,70315440,GUARD REAR USL RR20CG(M),04-01-2023,02-01-2025,85.2,70.19686603,0.678822544,15,23,1.533333333,Lumpy,1.076379752,Lumpy,A
IND,70317710,OUTLET PIPE RR20CC BLW,04-01-2023,05-01-2024,20.2,21.28849455,1.110675424,5,14,2.8,Lumpy,1.254682097,Lumpy,C
IND,70400650,BUSH DISTANCE RR20CG(M)/HV21,04-01-2023,02-01-2025,16.3125,26.07864708,2.555812941,16,23,1.4375,Lumpy,1.297916586,Lumpy,C
IND,70400660,PLUG OIL FILLING RR20100,04-01-2023,03-01-2025,50.30769231,40.70500505,0.654676623,13,24,1.846153846,Lumpy,0.473788137,Lumpy,C
IND,70404200,BEARING TAPER ROLLER,04-01-2023,03-01-2025,24.2,20.32732152,0.705552899,5,24,4.8,Lumpy,0.710471124,Lumpy,B
IND,70404970,GASKET HEAD DIA90 RR14100,04-01-2023,03-01-2025,149.3478261,320.6854319,4.610634034,23,24,1.043478261,Erratic,0.779421378,Erratic,C
IND,07040498A,GASKET SUCTION FILTER RR20100O,04-01-2023,08-01-2023,6.333333333,3.511884584,0.307479224,3,5,1.666666667,Intermittent,0.2177254,NC,C
IND,07040500A,GASKET 0.25 C/CASE-CYL RR14100,04-01-2023,03-01-2025,19.5,16.78789246,0.741179049,10,24,2.4,Lumpy,1.039711156,Lumpy,C
IND,07040500B,GASKET 0.40 C/CASE-CYL RR14100,04-01-2023,03-01-2025,14.41666667,15.70441937,1.186626531,12,24,2,Lumpy,1.165363936,Lumpy,C
IND,07040500C,GASKET 0.75 C/CASE-CYL RR14100,04-01-2023,03-01-2025,18.53333333,17.29519614,0.870851109,15,24,1.6,Lumpy,0.884191699,Lumpy,C
IND,70405010,GASKET BIG DV100 RR14100,04-01-2023,03-01-2025,72.41666667,53.86530437,0.553275164,24,24,1,Erratic,0.463707521,Erratic,C
IND,70405030,GASKET BIG DV60 RR14100,04-01-2023,03-01-2025,68.66666667,42.79035514,0.388329023,24,24,1,Smooth,0.776347503,Smooth,C
IND,70405040,GASKET SMALL DV60 RR14100,04-01-2023,03-01-2025,44.375,33.50510993,0.570092545,24,24,1,Erratic,0.803869629,Erratic,C
IND,70405210,RUBBER GRIP,04-01-2023,02-01-2025,125.6666667,162.4584049,1.671260615,21,23,1.095238095,Erratic,1.129525218,Seasonal,C
IND,07040533A,PIPE ASSY T CONN TO I/C IN RR6,04-01-2023,04-01-2024,10.75,4.34932945,0.163692086,4,13,3.25,Intermittent,1.129615144,Intermittent,C
IND,07040544A,GASKET FLANGE SMALL HP20330S,04-01-2023,03-01-2025,475.2083333,824.6847608,3.011673191,24,24,1,Erratic,0.627827136,Erratic,B
IND,70405730,BRACKET COOLER RR15070,04-01-2023,08-01-2023,3,0,0,2,5,2.5,Intermittent,0.16088455,NC,C
IND,70406370,"FILTER ELEMENT, RR15070",04-01-2023,04-01-2023,1,0,0,1,1,1,Lumpy,0.05763034,NC,C
IND,70406420,PISTON WITH G PIN DIA 112 RR20,04-01-2023,03-01-2025,3.384615385,2.328750077,0.47339876,13,24,1.846153846,Intermittent,1.06588513,Intermittent,C
IND,70406520,PISTON WITH G PIN DIA 90 RR201,04-01-2023,03-01-2025,2.133333333,1.302013093,0.372488839,15,24,1.6,Intermittent,0.9243256,Intermittent,C
IND,70406810,GASKET UNLOADER HOUSING,04-01-2023,03-01-2025,21,18.99671024,0.818310658,17,24,1.411764706,Lumpy,1.043678302,Lumpy,C
IND,70406870,FILTER ELEMENT HP20/TRC1000BS,04-01-2023,03-01-2025,9.857142857,6.951875389,0.497395505,21,24,1.142857143,Erratic,1.184958316,Seasonal,B
IND,70406920,OIL LEVEL INDICATOR LG3CDBUG,04-01-2023,09-01-2024,8.545454545,9.16911813,1.151290177,11,18,1.636363636,Lumpy,1.201503914,Lumpy,B
IND,70407090,Flanged bolt 5BY8-11UNC RR6610,04-01-2023,02-01-2025,234,209.434613,0.801060288,8,23,2.875,Lumpy,1.177753387,Lumpy,C
IND,70408010,"PIPE ASSY,COPPER I/C TO HP CYL",04-01-2023,03-01-2025,10.23076923,18.35371827,3.218337196,13,24,1.846153846,Lumpy,0.309660686,Lumpy,B
IND,70408020,"PIPE ASSY,HP CYL TO COPPER A/C",04-01-2023,03-01-2025,10.78571429,17.13825488,2.524848775,14,24,1.714285714,Lumpy,0.365598196,Lumpy,A
IND,70408060,COOLER&GUARD ASSY RR 20 CG,04-01-2023,03-01-2025,9.263157895,6.261363938,0.456898531,19,24,1.263157895,Smooth,1.035971891,Seasonal,A
IND,70408090,GASKET DIA 90 HEAD RR14100,04-01-2023,03-01-2025,922.7916667,1189.718965,1.66219297,24,24,1,Erratic,0.835602447,Erratic,B
IND,70408110,SPRING SUL  RR66101W,04-01-2023,12-01-2024,119.6363636,110.0575056,0.846277751,11,21,1.909090909,Lumpy,1.222330897,Lumpy,C
IND,07040841A,HOSE ASSY DRY TO COLLER RR15 0,04-01-2023,10-01-2024,4.428571429,2.149196971,0.235518557,7,19,2.714285714,Intermittent,0.942704654,Intermittent,B
IND,70408730,Cylinder Dia112 Honing,04-01-2023,03-01-2025,5.538461538,3.573406046,0.416280864,13,24,1.846153846,Intermittent,1.086590799,Intermittent,C
IND,70408740,Cylinder Dia 90 Honing,04-01-2023,03-01-2025,2.571428571,1.910065875,0.551756885,14,24,1.714285714,Lumpy,1.106873784,Lumpy,C
IND,70409220,SPRING_RR66101W,04-01-2023,12-01-2024,65.55555556,63.08547993,0.926061477,9,21,2.333333333,Lumpy,1.250506999,Lumpy,C
IND,70409670,GASKET LP VALVE BIG RR20 OF,04-01-2023,11-01-2024,11.5,8.602325267,0.559546314,8,20,2.5,Lumpy,0.736196006,Lumpy,C
IND,70409680,GASKET LP VALVE SMALL RR20 OF,04-01-2023,11-01-2024,6,4.105745104,0.468253968,8,20,2.5,Intermittent,0.734418491,Intermittent,C
IND,70409690,GASKET VALVE BIG HP RR20 OF,04-01-2023,10-01-2024,9,6.164414003,0.469135802,6,19,3.166666667,Intermittent,0.743285016,Intermittent,C
IND,70409700,GASKET VALVE SMALL HP RR20 OF,04-01-2023,11-01-2024,5.428571429,2.6367368,0.235918744,7,20,2.857142857,Intermittent,0.669116137,Intermittent,C
IND,70409790,GASKET LP SUCTION RR20100 OF,04-01-2023,03-01-2024,6.4,3.577708764,0.3125,5,12,2.4,Intermittent,0.326326087,Intermittent,C
IND,70409800,GASKET LP DELIVERY RR20100 OF,04-01-2023,03-01-2025,23.11111111,31.07830612,1.808310605,9,24,2.666666667,Lumpy,0.144687593,Lumpy,C
IND,70411240,SEAL 60X45X6,04-01-2023,03-01-2025,7.352941176,7.097016772,0.9316,17,24,1.411764706,Lumpy,0.524258749,Lumpy,C
IND,70411280,GASKET MIST SEPARATOR,04-01-2023,02-01-2025,3.2,1.788854382,0.3125,5,23,4.6,Intermittent,0.164570147,Intermittent,C
IND,70411370,SAFETY SLING SET RR20100CG(M),04-01-2023,02-01-2025,2.25,1.035098339,0.211640212,8,23,2.875,Intermittent,0.869099614,Intermittent,C
IND,70411420,BRG MOTOR 6208-2Z/C3HTVT530,04-01-2023,04-01-2023,1,0,0,1,1,1,Lumpy,0.05763034,NC,C
IND,72300010,ROTOR REMOVING TOOL RR20100OF,04-01-2023,12-01-2024,3.571428571,1.902379462,0.283733333,7,21,3,Intermittent,1.173522849,Intermittent,C
IND,72400249,KIT GASKETS RR20100CC,04-01-2023,03-01-2025,3.210526316,2.551229494,0.631461077,19,24,1.263157895,Erratic,0.994536314,Erratic,C
IND,72400579,PISTON RINGS 108DIA.SET CONSIS,04-01-2023,04-01-2023,12,0,0,1,1,1,Lumpy,0.05763034,NC,C
IND,72400599,RING SET 197 DIA,04-01-2023,04-01-2023,60,0,0,1,1,1,Lumpy,0.05763034,NC,B
IND,72402609,REPAIR KIT RLY HIGH/LOW TONE,04-01-2023,02-01-2025,549.5714286,810.1493418,2.173110821,14,23,1.642857143,Lumpy,1.053123714,Lumpy,B
IND,72403419,KIT GASKET/SEALING TRC2507,04-01-2023,11-01-2024,23.77777778,30.76433722,1.673988995,9,20,2.222222222,Lumpy,0.501183153,Lumpy,B
IND,72403449,OBS PISTON RINGS DIA84 TRC1000,04-01-2023,02-01-2025,15,17.81151313,1.41,9,23,2.555555556,Lumpy,1.146457188,Lumpy,C
IND,72403459,OBS PISTON RINGS DIA106TRC1000,04-01-2023,02-01-2025,26.625,33.19611638,1.554516457,8,23,2.875,Lumpy,1.308328949,Lumpy,C
IND,72403479,OBS PISTON RINGS DIA127 TRC250,04-01-2023,03-01-2025,32.69565217,38.60103011,1.393855586,23,24,1.043478261,Erratic,1.140682258,Seasonal,B
IND,72403489,OBS PISTON RINGS DIA140 TRC,04-01-2023,02-01-2025,22,23.82306575,1.172600127,14,23,1.642857143,Lumpy,0.920439232,Lumpy,C
IND,72403609,KIT SPARES TRC1000DCM/ACM,04-01-2023,03-01-2025,71.76923077,81.77219764,1.298179529,13,24,1.846153846,Lumpy,1.248258205,Lumpy,A
IND,72403619,KIT SPARES RR20100 CLW,04-01-2023,03-01-2025,242.8333333,134.9314372,0.308751936,24,24,1,Smooth,0.723881102,Smooth,A
IND,72403939,KIT RINGS HP RR66101,04-01-2023,02-01-2025,22.63636364,19.16388649,0.71672715,11,23,2.090909091,Lumpy,1.17407502,Lumpy,C
IND,72404009,KIT AOH SPARES TRC1000MNUG,04-01-2023,03-01-2025,74.41666667,103.3167004,1.927527708,24,24,1,Erratic,1.143413751,Seasonal,A
IND,72413879,KIT AOH 18 MON (DEMU) RR15070,04-01-2023,03-01-2025,13.93333333,9.315629468,0.447007035,15,24,1.6,Intermittent,1.06587394,Intermittent,A
IND,72470619,KIT GASKETS RR20070OF(M),04-01-2023,03-01-2025,8.571428571,10.77298208,1.579666667,21,24,1.142857143,Erratic,0.522183678,Erratic,C
IND,72490449,KIT IOH RR20100CG(M),04-01-2023,03-01-2025,34.2,26.0376246,0.57962954,20,24,1.2,Erratic,0.838204994,Erratic,A
IND,72493099,KIT PISTON RING DIA112 RR20101,04-01-2023,03-01-2025,4.5,2.848751413,0.400759734,14,24,1.714285714,Intermittent,1.023517913,Intermittent,C
IND,72493199,KIT PISTON RING DIA 90 RR20101,04-01-2023,03-01-2025,2.2,1.424279266,0.419126328,15,24,1.6,Intermittent,0.995691405,Intermittent,C
IND,72493599,KIT IOH 36 MONTHS(SR) DCM,04-01-2023,03-01-2025,16.63636364,10.83764483,0.424378154,11,24,2.181818182,Intermittent,0.914994757,Intermittent,A
IND,72495409,KIT OH CRC 150 (10 ITEMS),04-01-2023,02-01-2025,143.25,102.6851985,0.513838254,4,23,5.75,Lumpy,1.270536834,Lumpy,B
IND,72496249,KIT GASKET RR20100OF,04-01-2023,03-01-2025,3,2.886751346,0.925925926,13,24,1.846153846,Lumpy,0.782067179,Lumpy,C
IND,72496279,KIT LP CYL WITH PLUG ASSY RR66,04-01-2023,03-01-2025,13.14285714,14.47329232,1.212704789,7,24,3.428571429,Lumpy,0.846902215,Lumpy,A
IND,72496289,KIT HP CYL WITH SIDE COVER RR6,04-01-2023,03-01-2025,6.428571429,5.223572943,0.660246914,7,24,3.428571429,Lumpy,0.815093228,Lumpy,B
IND,72496329,KIT YEARLY SCHEDULE RR66,04-01-2023,02-01-2025,10,6.244997998,0.39,3,23,7.666666667,Intermittent,0.999219593,NC,B
IND,72496379,KIT HP SUC VALVE (IM) RR66,04-01-2023,03-01-2025,30.9,31.39161247,1.032072699,10,24,2.4,Lumpy,0.693031804,Lumpy,B
IND,72496389,KIT HP DISCH VALVE (IM) RR66,04-01-2023,01-01-2025,20.125,14.92301674,0.549846512,8,22,2.75,Lumpy,0.790277509,Lumpy,B
IND,72496559,KIT SET OF PISTON ASSY 1000MN,04-01-2023,02-01-2025,46.625,31.09403939,0.444750658,8,23,2.875,Intermittent,1.075604355,Intermittent,B
IND,72497019,KIT PISTON D60 W/CIRCLIP TSLD,04-01-2023,03-01-2025,19.33333333,11.79044074,0.37191749,24,24,1,Smooth,0.936937828,Smooth,C
IND,72497039,KIT PISTON D100 W/CIRCLIP TSLD,04-01-2023,03-01-2025,14,8.682816614,0.384649512,24,24,1,Smooth,0.559129221,Smooth,C
IND,72499629,KIT SPARE IOH RR20100CG(M)-WR,04-01-2023,03-01-2025,31.125,32.72586352,1.105512123,8,24,3,Lumpy,1.262029775,Lumpy,A
IND,90210520,WIPER MOTOR ASSY CLW,04-01-2023,11-01-2024,57.11111111,70.49724187,1.523712509,9,20,2.222222222,Lumpy,1.274302895,Lumpy,C
IND,90344110,BLADE ASSY WAG9/WAP5 ABB,04-01-2023,03-01-2025,614.6,458.278892,0.555999751,15,24,1.6,Lumpy,0.845172558,Lumpy,B
IND,90344160,WATER PUMP ASSY WAG9/WAP5 ABB,04-01-2023,01-01-2025,59.625,52.55184515,0.776817775,8,22,2.75,Lumpy,0.630041175,Lumpy,A
IND,90345030,GEAR SQ-WIDER WIDTH-AT,04-01-2023,09-01-2024,77.8,87.85897791,1.275302172,5,18,3.6,Lumpy,1.238308264,Lumpy,B
IND,90416330,WIPER ASSY ARM & BLADE CLW,04-01-2023,01-01-2025,12,12.73914103,1.126984127,8,22,2.75,Lumpy,1.233518405,Lumpy,C
IND,90445790,TUBE; NYLON; DIA6X4,04-01-2023,02-01-2025,1.666666667,0.577350269,0.12,3,23,7.666666667,Intermittent,0.190201357,NC,C
IND,90478080,PISTON PILOT VALVE DIA60 ALU-,04-01-2023,09-01-2024,102.4,123.6539526,1.45819664,5,18,3.6,Lumpy,1.272763437,Lumpy,C
IND,90479690,VULCANIZED FLOW CONT ARRANGEM,04-01-2023,12-01-2024,86,107.4895344,1.562195782,6,21,3.5,Lumpy,1.297986174,Lumpy,B
IND,90516370,DIAPHRAGM DLW  HORN  PB,04-01-2023,07-01-2023,-258.5,376.8879144,2.125706632,2,4,2,Lumpy,0.179167841,NC,C
IND,105411BSC,BEARING 6007 2RS1 C3,04-01-2023,04-01-2023,2,0,0,1,1,1,Lumpy,0.05763034,NC,C
IND,105413BSC,BEARING 6008 2RS1 C3,04-01-2023,01-01-2025,2.333333333,1.366260102,0.342857143,6,22,3.666666667,Intermittent,0.301542286,Intermittent,C
IND,106-01060-S,OIL CAP DIPSTICK 20 LT 50AK,04-01-2023,03-01-2025,120.8333333,110.0560463,0.829572414,12,24,2,Lumpy,0.965379801,Lumpy,B
IND,108766236,DISPLAY PCB WITH 1.5M CABLE,04-01-2023,05-01-2024,1.875,1.125991626,0.360634921,8,14,1.75,Intermittent,0.619793548,Intermittent,C
IND,115-009-S,Stationary battery 20 AP,04-01-2023,11-01-2024,340,302.7316377,0.792789312,10,20,2,Lumpy,1.041187817,Lumpy,C
IND,120-043622-S,LAMA RINF. SUPP. RAD. VRH30,04-01-2023,02-01-2025,15,12.489996,0.693333333,4,23,5.75,Lumpy,0.158447682,Lumpy,C
IND,120-21977-S,Support bracket fuse box 250 P,04-01-2023,07-01-2024,150.3333333,98.23780671,0.42701855,6,16,2.666666667,Intermittent,0.663604143,Intermittent,C
IND,120-323825-S,BLADE MOUNTING DOORS MDVS 250,04-01-2023,04-01-2024,175,188.5364686,1.160685714,8,13,1.625,Lumpy,0.498158175,Lumpy,C
IND,120-3964800-S,Blade mount inter cooler inlet,04-01-2023,06-01-2024,80.71428571,39.97797012,0.245324353,7,15,2.142857143,Intermittent,1.078180758,Intermittent,C
IND,120-39648121-S,SLIDING LOWER BLADE HELM 53 KB,04-01-2023,02-01-2024,78.33333333,45.39016046,0.335760978,6,11,1.833333333,Intermittent,0.422706965,Intermittent,C
IND,124-1110200-S,PANELELLO ANTERIORE VRH 30 201,04-01-2023,09-01-2024,6.666666667,2.886751346,0.1875,3,18,6,Intermittent,0.744336254,NC,C
IND,124-1110204-S,SIDE PANEL DX VRH30 2013,04-01-2023,05-01-2023,10,0,0,2,2,1,Smooth,0.128117686,NC,C
IND,124-1110206-S,LATER PANEL. LEFT VRH30 2013,04-01-2023,05-01-2023,10,0,0,2,2,1,Smooth,0.128117686,NC,C
IND,124-1110208-S,TOP PANEL VRH30 2013,04-01-2023,12-01-2024,8,3.464101615,0.1875,3,21,7,Intermittent,0.131944444,NC,C
IND,124-249315-S,PANN. INTERM. PR. AR. ANT. X17,04-01-2023,11-01-2023,10,0,0,3,8,2.666666667,Intermittent,0.782511107,NC,C
IND,124-249415-S,PANN. SUP. INS. PR. AR. PO. X1,04-01-2023,11-01-2023,37.5,17.07825128,0.207407407,4,8,2,Intermittent,0.717893732,Intermittent,C
IND,124-297920-S,PANN.CHIUS.APER.TEL. TROPIC. 2,04-01-2023,07-01-2023,50,28.28427125,0.32,2,4,2,Intermittent,0.180418235,NC,C
IND,124-3010-S,P. CH. TAG. RAD. AR. 71 M. 804,04-01-2023,11-01-2023,37.5,42.79018579,1.302044444,4,8,2,Lumpy,1.220767578,Lumpy,C
IND,124-3054120-S,PANN.INS. AIR INTAKE 81 K FTG,04-01-2023,07-01-2024,66.66666667,40.58406912,0.37059,6,16,2.666666667,Intermittent,0.548917292,Intermittent,C
