,custcode,custname1,custareacode,fincustgrp,custaddress,currency
0,CU1B00077,BHARAT EARTH MOVERS LIMITED,43,2,BHARAT EARTH MOVERS LIMITED  EM DIVISION KOLAR GOLD FIELDS KOLAR ,IND
1,CU1B00078,BHARAT EARTH MOVERS LIMITED,43,2,BHARAT EARTH MOVERS LIMITED  MARKETING DIVISION BEML NAGAR POST KGF ,IND
2,CU1B00079,BHARAT ELECTRICAL AND ELECTRONIC EQ,31,1,"BHARAT ELECTRICAL AND ELECTRONIC EQ UIPMENTS PARSN'S TRADE PLAZA KURLA ANDHERI ROAD, ANDHERI(E) MUMBAI ",IND
3,CU1B00206,BHADADA MOTORS,12,1,BHADADA MOTORS    BHILWARA RAJASTHAN,IND
4,CU1B00207,BORA BROTHERS,34,1,BORA BROTHERS  SHOP NO 5 HAMIDIA ROAD BHOPAL ,IND
5,CU1B00208,BIMPEX SPARES AND SERVICE,31,1,BIMPEX SPARES AND SERVICE  6 OAK LANE FORT MUMBAI ,IND
6,CU1B00209,BHARAT DRILLING AND TUBEWELL,12,1,BHARAT DRILLING AND TUBEWELL    JAIPUR ,IND
7,CU1B00210,BHARDWAJ AUTOMOBILES,11,1,BHARDWAJ AUTOMOBILES  641 MAIN CHOUK BURARI DELHI ,IND
8,CU1B00212,BPL LIMITED,43,1,BPL LIMITED  28B/29 KIADB INDUSTRIAL AREA DODDABALLAPUR BANGALORE ,IND
9,CU1B00213,B V V PAPER INDUSTRIES LIMITED,51,1,B V V PAPER INDUSTRIES LIMITED  SWAMINATHAPURAM DADATHUKULAM UDUMALPET ,IND
10,CU1B00214,BHARAT PETROLEUM CORPORATION LTD,41,2,"BHARAT PETROLEUM CORPORATION LTD  NO 1 RENGANATHAN GARDENS P B NO.1212 & 1213, ANNA NAGAR CHENNAI ",IND
11,CU1A01292,AUTO CLUB,53,1,AUTO CLUB  NEW M M D C ITC MC ROAD VADAKKADATHUOAVU ADOOR,IND
12,CU1B00040,BANSAL SUPPLY CORPORATION,12,1,BANSAL SUPPLY CORPORATION    JAIPUR ,IND
13,CU1B00043,BARAUNI THERMAL POWER STATION,21,2,BARAUNI THERMAL POWER STATION    BEGUSARAI ,IND
14,CU1B00044,BARUTWALE BOREWELLS,31,1,BARUTWALE BOREWELLS  .  WARDHA ,IND
15,CU1B00045,BATLIBOI INTERNATIONAL LIMITED,31,1,BATLIBOI INTERNATIONAL LIMITED  15 J N HEREDIA MARG BALLARD ESTATE MUMBAI ,IND
16,CU1B00046,BATTAMACODE SERVICE STATION,43,1,BATTAMACODE SERVICE STATION  KINNIGOLI PO  MANGALORE ,IND
17,CU1B00047,BCC FUBA INDIA LIMITED,11,1,BCC FUBA INDIA LIMITED    NEW DELHI ,IND
18,CU1B00198,BHARAT PETROLEUM CORPORATION LTD,12,2,"BHARAT PETROLEUM CORPORATION LTD   33, INDUSTRIAL ESTATE, P.O. AND DIST. KHORDHA ORISSA",IND
19,CU1A01277,ARYA BHANGY MOTORS,53,1,ARYA BHANGY MOTORS  AMC XVII/506(B) N H BYE PASS ROAD ALWAYE ,IND
20,CU1A01278,ATUL AUTO AGENCY,33,1,ATUL AUTO AGENCY  CROSS ROAD P N MARG JAMNAGAR ,IND
21,CU1A01279,ANMOL AUTO AGENCY,34,1,ANMOL AUTO AGENCY  N H 7 URRAHAT REWA ,IND
22,CU1A01280,AUTOCRAT ENGINEERS,42,1,AUTOCRAT ENGINEERS  140/3 B NARAYANAPARK DOORAVANINAGAR POST BANGALORE-16 ,IND
23,CU1A01282,APEX AUTOMOTIVE,33,1,"APEX AUTOMOTIVE  4/11 HARINAGAR SOCIETY OPP:DAHYBHAI PARK KANKARIA-SHAHALAM ROAD MARIANAGAR,AHMEDABAD",IND
24,CU1A01283,ASSOCIATED CAPSULES PVT LTD,31,1,"ASSOCIATED CAPSULES PVT LTD  131,KANDIVILI INDUSTL   ESTATE KANDIVILI MUMBAI ",IND
25,CU1B00080,BHARAT ELECTRONICS LIMITED,43,1,BHARAT ELECTRONICS LIMITED  JALAHALLI POST  BANGALORE ,IND
26,CU1A01229,ANJI REDDY,45,1,ANJI REDDY     PONDICHERY,IND
27,CU1A01230,ANAND SERVICING CENTER,41,1,"ANAND SERVICING CENTER  NO-5,APSA THEATER BACK SIDE RATPADI VELLORE ",IND
28,CU1A01231,AIA ENGINEERING PVT LTD,33,1,"AIA ENGINEERING PVT LTD  115, G V M M ESTATE ODHAV ROAD AHMEDABAD ",IND
29,CU1A01232,AMBIGAPATHI M,45,1,AMBIGAPATHI M    PONDICHERY ,IND
30,CU1A01233,ANANT TEX-FAB,31,1,ANANT TEX-FAB PLOT NO 70-TTC AREA MIDC MAHAPE VILLAGE  NEW MUMBAI ,IND
31,CU1A01236,AHILL KNIT EXPORTS,51,1,"AHILL KNIT EXPORTS  62,SADAIYAPPAN KOIL STREET  TIRUPUR-1 ",IND
32,CU1A01237,ALLIED METALS PVT LTD,611,3,"ALLIED METALS PVT LTD  1C,LEVEL 5,EAST TOWER WORLD TRADE CENTRE ECHELON SQUARE COLOMBO-01",IND
33,CU1B00215,BURMAN LABORATORIES LIMITED,34,1,"BURMAN LABORATORIES LIMITED  PLOT NO 101 MAKSI INDL. AREA, MAKSI SHAJAPUR ",IND
34,CU1A01555,ALUTEC EXTRUSIONS PVT LTD,611,3,ALUTEC EXTRUSIONS PVT LTD  SAPUGASKANDA  MAKOLA SRILANKA,USD
35,CU1A01557,ANGHU PHARMA PVT LTD,52,1,"ANGHU PHARMA PVT LTD  22-A,RS ROAD  DINDIGUL ",IND
36,CU1A01558,AUTO ZONE,58,1,AUTO ZONE  KPK RIALTD THANA KANNUR ,IND
37,CU1A01559,APARNA CLOTHING COMPANY,51,1,"APARNA CLOTHING COMPANY  SF NO 45,VENUS GARDEN MANGALAM ROAD,ANDIPALAYAM TIRUPUR NAVAPUR",IND
38,CU1A01560,ASHOK MR,52,1,ASHOK MR  ASHOK STUDIA USILAMBATTI MADURAI ,IND
39,CU1A03102,ARVILSELVI P,45,1,ARVILSELVI P  W/O PRABHAKARAN P NO 11-2ND STREET VILLIANUR MAIN ROAD PONDICHERRY,IND
40,CU1A03103,AANCHAL ENTERPRISES,21,1,"AANCHAL ENTERPRISES  22,BURO SHIVTOLLA MAIN ROAD  KOLKATTA ",IND
41,CU1B00049,BELGAUM SANDS PRIVATE LIMITED,43,1,"BELGAUM SANDS PRIVATE LIMITED  R S NO 589, PLOT NO.4 MATCHE INDUSTRIAL AREA BELGAUM ",IND
42,CU1A01126,AUTOCARE,34,1,"AUTOCARE  203,J P COMPLEX SARDAR VALLABH BHAI PATEL NAGR JAMNIPALLI KORBA",IND
43,CU1A01128,AMMAN BOREWELLS,43,1,"AMMAN BOREWELLS  PROP T SELVI NO 11& 12,II ND MAIN ROAD III CROSS,CHAMRAJPET BANGALORE",IND
44,CU1A01130,ALCOND EMPLOYEES INDUSTRIAL,21,1,ALCOND EMPLOYEES INDUSTRIAL CO-OPERATIVE SOCIETY LTD 47 HIDE ROAD EXTENSION  CALCUTTA ,IND
45,CU1A01132,AUTOLEC CAR CARE,11,1,"AUTOLEC CAR CARE  337 Y (I)BLOCK PETROLIUM LINE HAMERPUR,KLOWAI NAGAR KANPUR",IND
46,CU1A01134,ADITA MOTORS,11,1,ADITA MOTORS (MARUTHI AUTHORISED SERVICE) STATION- IOC PETROL PUMP NH-2-KOST KALAN NATHURA ,IND
47,CU1A01286,ASIAN STEELS,51,1,ASIAN STEELS  OPP:PRAKASAM WEIGH BRIDGE PALAKKAD MAIN ROAD KARUMBUKKADAI COIMBATORE,IND
48,CU1B00287,BRIJENDRA TRADERS,34,1,BRIJENDRA TRADERS     ,IND
49,CU1B00288,BABA SAHEB NAIK KAPUS UTPADAK,31,1,BABA SAHEB NAIK KAPUS UTPADAK SAHAKARI SOOT GIRNI   YEOTMAL ,IND
50,CU1B00289,BASF INDIA LIMITED,41,1,"BASF INDIA LIMITED  GARUDA BUILDING 4TH FLOOR,NO 104,CATHEDRAL RD CHENNAI ",IND
51,CU1B00291,BD KHANDASARI SUGAR MILL,42,1,BD KHANDASARI SUGAR MILL LIMITED    ,IND
52,CU1B00292,BAY SHIPPING CO PRIVATE LIMITED,41,1,"BAY SHIPPING CO PRIVATE LIMITED  8 CENTURY COURT,II STREET KASTURI ESTATE CHENNAI ",IND
53,CU1B00293,BIMETAL BEARINGS LIMITED,41,1,BIMETAL BEARINGS LIMITED  STRIP MILL PLANT SEMBIAM CHENNAI ,IND
54,CU1B00294,BALAKRISHNAN V M,51,1,"BALAKRISHNAN V M  E.C.02045, MACHINE SHOP ELGI EQUIPMENTS LIMITED COIMBATORE ",IND
55,CU1B00295,BARAUNI PAPER INDUSTRIES PRIVATE,21,1,BARAUNI PAPER INDUSTRIES PRIVATE LIMITED   BEGUSARAI ,IND
56,CU1B00340,B S TUBEWELL COMPANY,11,1,B S TUBEWELL COMPANY  26 DDA FLATS SARVAPRIYA VIHAR NEW DELHI ,IND
57,CU1B00341,BISHNAUTH TEA COMPANY LIMITED,21,1,BISHNAUTH TEA COMPANY LIMITED    CALCUTTA ,IND
58,CU1B00342,BIHAR ALLOY STEELS LIMITED,21,2,BIHAR ALLOY STEELS LIMITED    CALCUTTA ,IND
59,CU1B00343,BK JAISWAL  H U F,21,1,BK JAISWAL  H U F    CALCUTTA ,IND
60,CU1B00344,BHATTACHARJEE AND COMPANY,21,1,BHATTACHARJEE AND COMPANY    CALCUTTA ,IND
61,CU1B00345,BHANDARI SALES CORPORATION,21,1,BHANDARI SALES CORPORATION    CALCUTTA ,IND
62,CU1B00346,BIPJAY  TRADERS,21,1,BIPJAY  TRADERS    CALCUTTA ,IND
63,CU1B00347,B.E.PUMPS PRIVATE LIMITED,21,1,B.E.PUMPS PRIVATE LIMITED    CALCUTTA ,IND
64,CU1B00391,BORSARA MACHINES,33,1,"BORSARA MACHINES A DIVISION OF HIMSON TEXTILE ENGINEERING INDUS. LTD A&P. MAOTBORSARA,KIM STATION SURAT ",IND
65,CU1B00392,BHAGWAN SINGH GEHLOT,12,1,"BHAGWAN SINGH GEHLOT  S/O GYAN SINGH GEHLOT LALA KA BARA, MANDORE JODHPUR ",IND
66,CU1B00350,BEARING AND MACHINERY AGENCIES,21,1,BEARING AND MACHINERY AGENCIES    CALCUTTA ,IND
67,CU1B00351,BHAKAT BROTHERS SERVICING CENTRE,21,1,BHAKAT BROTHERS SERVICING CENTRE    CALCUTTA ,IND
68,CU1B00352,BRAKES INDIA LIMITED,41,1,"BRAKES INDIA LIMITED   UNIT-64,NEAR MELMARUVATHUR KANCHEEPURAM, POLAMBAKKAM-603309",IND
69,CU1B00353,BALAJI ENGINEERS & CONTRACTORS,33,1,"BALAJI ENGINEERS & CONTRACTORS  11/3, PATEL COLONY NEHRU NAGAR JAMNAGAR ",IND
70,CU1B00355,BHASKAR INDUSTRIES LIMITED,34,1,"BHASKAR INDUSTRIES LIMITED  PLOT NO.15-16, SECTOR D INDUSTRIAL AREA, MANDIDEEP RAISEN ",IND
71,CU1A01135,ABC ENGG WORKS,42,1,ABC ENGG WORKS BLOCK NO G 20 PLOT NO 23/24-IIND ROAD JAWAHAR AUTONAGAR VIYAYAWADA ,IND
72,CU1A01419,AVIRAM KNITERS,51,1,"AVIRAM KNITERS  34-A,P N ROAD 2ND STREET TIRUPUR ",IND
73,CU1A03104,AMBICA MAMRA PAVA FACTORY,33,1,AMBICA MAMRA PAVA FACTORY  DHOLKA ROAD BAVLA AHMEDABAD ,IND
74,CU1A03105,AARTI AGRO INDUSTRIES,33,1,AARTI AGRO INDUSTRIES  NANIDEVTI SANAND-BAVLA ROAD AHMEDABAD ,IND
75,CU1A03106,AUTO NEEDS,11,1,"AUTO NEEDS  PLOT NO :4147 IDC, OPPO. SEC-14 GURGAON HARYANA",IND
76,CU1A03107,AMBIKA KNITS PVT LTD,11,1,"AMBIKA KNITS PVT LTD  PLOT NO:260,SECTOR-7 I M T MANASAR HARYANA ",IND
77,CU1A99999,ARVILSELVI P,45,5,ARVILSELVI P  W/O PRABHAKARAN P NO 11-2ND STREET VILLIANUR MAIN ROAD PONDICHERRY,IND
78,CU1A01300,ABHIKAPAN HONDA,34,1,ABHIKAPAN HONDA  PATWA CITY AUTOMOBILES PVT LTD 409-416 BHOPAL ,IND
79,CU1A01301,ASHOKKUMAR  M,45,1,"ASHOKKUMAR  M  NO 2,MARIAMMAN KOIL STREET PUDUKUPPAM PONDICHERRY ",IND
80,CU1A01302,ARVILSELVI P,45,1,"ARVILSELVI P W/O PRABHAKARAN NO 11 2ND STREET VILLIANUR,MAIN ROAD PONDICHERY ",IND
81,CU1A01304,AUTOFINA PEROXIDES INDIA PVT LTD,45,1,"AUTOFINA PEROXIDES INDIA PVT LTD  FIRST FLOOR, BALMER LAWRIA HOUSE ANNA SALAI,TEYNAMPET CHENNAI",IND
82,CU1A01305,AIR SUPREME (PTY)LTD,691,3,"AIR SUPREME (PTY)LTD  42,ROSETTENVILLE RD VILLAGE MAIN JOHANNESB URG 2001,PO BOX 260828 EXCOM2023",USD
83,CU1A01306,ARATI ENTERPROISES,21,1,ARATI ENTERPROISES  KESINGA ROAD N H 201 BHAWANIPATNA ,IND
84,CU1A01308,ATLANTIL FABRICS,51,1,"ATLANTIL FABRICS  NO 7,SENGUNTHAPURAM 5 TH CROSS KARUR ",IND
85,CU1B00349,BHARAT  LAKSHMI NURSERY,21,1,BHARAT  LAKSHMI NURSERY    CALCUTTA ,IND
86,CU1B00168,BALKRISHNA NARAHAR THAKUR AUTO,31,1,"BALKRISHNA NARAHAR THAKUR AUTO COMMERCE ORMUZ ROAD P O BOX NO.52, PANJIM GOA ",IND
87,CU1B00169,BATTENFELD INDIA LIMITED,34,1,BATTENFELD INDIA LIMITED 4 TH FLOOR  KAMDHENU OPPOSITE SALES INDIA OFFICE ASHRAM ROAD AHMEDABAD ,IND
88,CU1B00171,BHARAT UDYOG KENDRA,34,1,BHARAT UDYOG KENDRA  A D MIDC SHIROLI KOLAPUR ,IND
89,CU1A01311,ATUL BOREWELLS,45,1,ATUL BOREWELLS  PROP:DHANASEKARAN NEW STREET MADUKKARAI PONDICHERRY ,IND
90,CU1A01313,ANAND EXPORTS,54,1,"ANAND EXPORTS  3/969,KUMARAN STREET AVATHIPALAYAM AGRAHARAM POST ERODE",IND
91,CU1A01314,ASHISH MACHINERY STORES,31,1,ASHISH MACHINERY STORES  9/10/11 SIDDHI TOWER MALEGAON STAND PANCHAVATI NASHIK-1,IND
92,CU1A01315,ARIHANT ALLOYS,11,1,"ARIHANT ALLOYS  G T ROAD,SIRHINT SYED MANDI GOBINDGAR PUNJAB HARYANA",IND
93,CU1B00356,BUNDI-CHITTORGARH CHETRIYA,12,1,BUNDI-CHITTORGARH CHETRIYA GRAMIN BANK  SATUR BRANCH SATUR ,IND
94,CU1B00176,BHANU AGRO PLAST PRIAVE LIMITED,11,1,"BHANU AGRO PLAST PRIAVE LIMITED  G1 RIICO INDUSTRIAL AREA JUREHRA, BHARATPUR NEW DELHI ",IND
95,CU1B00177,BELMAKS AUTOMOTIVES LIMITED,11,1,"BELMAKS AUTOMOTIVES LIMITED  D-9,PANKI INDUSTRIAL ESTATE SITE-1 KANPUR (U.P) ",IND
96,CU1B00178,BINANI CEMENTS,12,1,BINANI CEMENTS    UDAIPUR ,IND
97,CU1B00179,BANK OF BARODA,54,1,BANK OF BARODA    NAMAKKAL ,IND
98,CU1B00180,BRIDGESTONE ACC INDIA LIMITED,34,1,BRIDGESTONE ACC INDIA LIMITED  16 LAD COLONY Y N ROAD BHOPAL ,IND
99,CU1B00182,BHATIA TEXTURSERS PRIVATE LIMITED,33,1,"BHATIA TEXTURSERS PRIVATE LIMITED  SHREE RAM MANDIR ROAD B/H OLD PETROL PUMP, UDHNA SURAT ",IND
100,CU1A01333,AJAYKUMAR SINGH,45,1,"AJAYKUMAR SINGH  NO 8,KOODAPAKKAM ROAD VILLIANUR ROAD PONDICHEERY ",IND
101,CU1B00003,BALAJI INDUSTRIAL PRODUCTS LIMITED,12,1,BALAJI INDUSTRIAL PRODUCTS LIMITED  48 INDUSTRIAL AREA JHOTWARA JAIPUR ,IND
102,CU1A01294,AMALRAJ M,45,1,"AMALRAJ M  NO 81,MAIN ROAD ODIENPET PONDICHEERY ",IND
103,CU1A01295,A M FORGE INDUSTRIES LTD,11,1,A M FORGE INDUSTRIES LTD  12/2 AMTHURA ROAD  FARIADABAD ,IND
104,CU1A01296,ANNADURAI R,45,1,"ANNADURAI R  S/O RENGARAJ NO42,MUTHUMARIAMAN KOIL STREET PONDICHEERY ",IND
105,CU1A01297,ASHOK KUMAR B,45,1,ASHOK KUMAR B    PONDICHERY ,IND
106,CU1A01298,AKSHIT AUTO AGENCIES,34,1,AKSHIT AUTO AGENCIES  1&2 PAINI COMPLEX PARASIA ROAD CHHINDWARA BHOPAL,IND
107,CU1A01433,ASSOCIATED INDUSTRIES,51,1,"ASSOCIATED INDUSTRIES  TS NO 17,SIDCO INDL ESTATE KURICHI COIMBATORE ",IND
108,CU1A01309,ALLWIN EXPORTERS,51,1,"ALLWIN EXPORTERS  KOSAVAN THOTTAM KARAIPUDUR VILLAGE CHINNAKARAI,ARULPURAM POST TIRUPUR",IND
109,CU1B00199,BEECHIN'S CREATION PRIVATE LIMITED,51,1,BEECHIN'S CREATION PRIVATE LIMITED  86 MANGALAM ROAD KARUVAMPALAYAM TIRUPPUR ,IND
110,CU1B00200,BARCO ELECTRONIC SYSTEMS (P) LTD,11,1,BARCO ELECTRONIC SYSTEMS (P) LTD  A-4 SECTOR-5 GAUTAM BUDH NAGAR NOIDA (U P) ,IND
111,CU1B00201,BALAJI SPUNTEX PRIVATE LIMITED,11,1,BALAJI SPUNTEX PRIVATE LIMITED  PASINA KALAN G T ROAD PANIPAT HARYANA,IND
112,CU1B00203,BROADWAY OVERSEAS LIMITED,11,1,BROADWAY OVERSEAS LIMITED  G T ROAD SURANUSSI JALANDHAR PUNJAB,IND
113,CU1B00204,BANGALORE METROPOLITAN TRANSPORT CO,43,1,BANGALORE METROPOLITAN TRANSPORT RPORATION  CORPORATION K H ROAD BANGALORE-560027,IND
114,CU1A01344,ARAVALLII KNITTING MILLS PVT LTD,51,1,"ARAVALLII KNITTING MILLS PVT LTD  128,MANGALAM ROAD  TIRUPUR ",IND
115,CU1A01345,AGARVAL CLEARING PVT LTD,43,1,"AGARVAL CLEARING PVT LTD  409,PUNEET VRINDAVAN SANJAY PLACE AGRA ",IND
116,CU1B00065,BHAGYALAKSHMI SERVICE STATION,42,1,BHAGYALAKSHMI SERVICE STATION  NANDASEN TALUKA KADI MEHSENA ,IND
117,CU1B00066,BHAGYANAGAR METALS LIMITED,42,1,"BHAGYANAGAR METALS LIMITED  PLOT NO A/3 BLOCK III IDA, UPPAL HYDERABAD ",IND
118,CU1B00067,BHAKRA BEAS MANAGEMENT BOARD,11,1,BHAKRA BEAS MANAGEMENT BOARD  IRRIGATION WING NANGAL TOWNSHIP RUP NAGAR ,IND
119,CU1B00068,BHANDARI MARBLES PRIVATE LIMITED,12,1,BHANDARI MARBLES PRIVATE LIMITED  MAKRANA ROAD BORAWAR NAGAUR ,IND
120,CU1B00070,BHANNUMATIBEN CHANDRAKANT SINGAPURI,33,1,BHANNUMATIBEN CHANDRAKANT SINGAPURI  271 GIDC PANDESARA SURAT ,IND
121,CU1B00071,BHANUBHAI DESAI AND COMPANY PRIVATE,21,1,BHANUBHAI DESAI AND COMPANY PRIVATE LIMITED 63A BENTINOK STREET  KOLKATA ,IND
122,CU1B00072,BHARAT AUTO SCAN,43,1,BHARAT AUTO SCAN  892/1 PB ROAD  BELGAUM ,IND
123,CU1B00732,BHUDEO KHADYA UDOYOG PVT LTD,613,3,BHUDEO KHADYA UDOYOG PVT LTD  GOLCHA HOUSE GANABAHAP KATHMANDU NEPAL,IND
124,CU1B00733,B S MOTORS,21,1,"B S MOTORS   NO 1,BORPATHAR TINALI DIBRUGARH 786602",IND
125,CU1B00734,BOOBALAN R,45,1,BOOBALAN R     PONDICHEERY,IND
126,CU1B00735,BURJI SPEED ON CLUTCHES,43,1,"BURJI SPEED ON CLUTCHES  C-47,5TH CROSS 1 ST STAGE PEENYA INDL AREA BANGALORE",IND
127,CU1B00736,BABA MOTORS,34,1,BABA MOTORS  UNOW ROAD  DAITA (MP) ,IND
128,CU1B00738,BHARAT SHELL LIMITED,41,1,"BHARAT SHELL LIMITED  167,KODAMBAKKAM HIGH ROAD OPP PALMOROVE HOTEL CHENNAI ",IND
129,CU1B00700,BHARAHI V,42,1,BHARAHI V D.NO B-6-20-/1 ASHOKNAGAR OLD GAJUVAKA  VIZAG-23 HYDERABAD,IND
130,CU1C00242,COMPUTER SKILL LIMITED,33,1,"COMPUTER SKILL LIMITED  PLOT NO 213, NANDALI KALOL TALUKA MEHSANA ",IND
131,CU1C00243,CIMMCO BIRLA LIMITED,12,1,CIMMCO BIRLA LIMITED  WAGON DIVISION  BHARATPUR ,IND
132,CU1C00244,COOPER FOUNDRY PRIVATE LIMITED,34,1,COOPER FOUNDRY PRIVATE LIMITED  L 3 ADDITIONAL M I D C  SATARA ,IND
133,CU1C00247,CHADHA RUBBER LIMITED,11,1,"CHADHA RUBBER LIMITED  VILL:NAIPURA,GAJRAULA  J P NAGAR ( U P) ",IND
134,CU1C00248,CRAFTSMAN AUTOMATION PRIVATE LTD,51,1,"CRAFTSMAN AUTOMATION PRIVATE LTD   ANNUR ROAD ARASUR 123/4,SANGOTHIPALAYAM ROAD COIMBATORE-641407-TN",IND
135,CU1C00249,CLEAN CAT CONVEYORS PRIVATE LIMITED,31,1,CLEAN CAT CONVEYORS PRIVATE LIMITED  3 A LOBO MANSION P C DONGRI ROAD VASCO (GOA) ,IND
136,CU1B00405,BHAVANI TREADS,51,1,BHAVANI TREADS  11-6/178 KARAMADAI ROAD  METTUPALAYAM ,IND
137,CU1B00716,BHARANI TUBEWELL,45,1,"BHARANI TUBEWELL  NO 2,IST CROSS VASANTH NAGAR PONDICHERRY ",IND
138,CU1B01044,BIMAL AUTO AGENCY,43,1,"BIMAL AUTO AGENCY INDIA PVT LTD   60/2,CHAND TOWER MAHADEVAPURA WHITEFIELD ROAD BANGALORE - 560 048",IND
139,CU1B01045,BALAJI MOTORS,43,1,"BALAJI MOTORS  NO:229,GOKULAM MAIN ROAD  MYSORE ",IND
140,CU1B01046,BLOW PET PVT LIMITED,41,1,"BLOW PET PVT LIMITED  NO 283,SIDCO INDUSTRIAL ESTATE AMBATTUR CHENNAI ",IND
141,CU1B01048,BEFNA AUTO CARS (INDIA)PVT LTD,11,1,BEFNA AUTO CARS (INDIA)PVT LTD  DECCAN HONDA OPP SHANKAR MAHARAJ MATH DHANKAWADI PUNE,IND
142,CU1B01049,BHARATH ROCK DRILLS,45,1,"BHARATH ROCK DRILLS  NO 11,MAIN ROAD ARUMBATHAPURAM PONDICHERRY ",IND
143,CU1B01050,BHARATHI INDUSTRIES,51,1,BHARATHI INDUSTRIES  108 ATHIPALAYAM ROAD  CHINNAVEDAMPATTY COIMBATORE,IND
144,CU1C00181,COLOUR CHEM LIMITED,31,1,"COLOUR CHEM LIMITED  RAVINDRA ANNEXE 194,CHURCHGATE RECLAMATION MUMBAI ",IND
145,CU1B00724,BASKAR N,45,1,"BASKAR N  NO81,MAWDAIVELI STREET  SEDARAPET PONDICHERRY",IND
146,CU1B00725,BHARAT RAJ YADAV,12,1,BHARAT RAJ YADAV  VPO:KALA KHARI  JHUNJHUNU RAJASTHAN,IND
147,CU1B00726,BAJAJ MOTORS,12,1,"BAJAJ MOTORS  F=131,MALVIYA NAGAR INDUSTRIAL AREA JAIPUR ",IND
148,CU1B00727,BANUREKA GARMENTS,51,1,"BANUREKA GARMENTS  9,MGR NAGAR P N ROAD TIRUPUR ",IND
149,CU1B01054,BARAKATH ENGINEERING INDUSTRIES,52,1,"BARAKATH ENGINEERING INDUSTRIES PVT LTD C-10,DEVELOPED PLOTS ESTATE THUVAKUDI TIRUCHIRAPALLI ",IND
150,CU1C00001,COASTAL PNEUMATIC AGENCIES,42,6,"COASTAL PNEUMATIC AGENCIES 38-4-5 MONTISSORY COLLEGE ST.  38-4-5 MONTISSORY COLLEGE ST. OPP. ALL INDIA RADIO STATION BANDAR ROAD,VIJAYAWADA-520010",IND
151,CU1C00009,CASTROL INDIA LIMITED,31,7,CASTROL INDIA LIMITED C/O BHOPAL TYRE HOUSE HAMIDA ROAD  BHOPAL ,IND
152,CU1B00089,BHARAT KRIMA,31,1,BHARAT KRIMA  7/8 GADDA NIWAS MASJID BUNDER MUMBAI ,IND
153,CU1B00090,BHARAT KRIMP,31,1,"BHARAT KRIMP  121/P 66, H V ROAD OPP.ELECTRICAL OFFICE, PIPARIS SILVASSA ",IND
154,CU1B00091,BHARAT KRISHI YANTRALAYA,11,2,BHARAT KRISHI YANTRALAYA  KUMHER GATE EXHIBITION ROAD  BHARATPUR ,IND
155,CU1B00092,BHARAT MOTORS LIMITED,21,1,BHARAT MOTORS LIMITED  61 MANCHESWAR IND.ESTATE  BHUBANESHWAR ,IND
156,CU1B00093,BHARAT TRACTORS,12,1,BHARAT TRACTORS  G S ROAD  BIKANER ,IND
157,CU1B00094,BHASKAR BOREWELLS,33,1,"BHASKAR BOREWELLS  GELBHAI BHOJBHAI KHACHAR VILLAGE KARIYANI, TALUKA BOTAD BHAVNAGAR ",IND
158,CU1B00227,BALAJEE ENGINEERS & CONTRACTORS,33,1,"BALAJEE ENGINEERS & CONTRACTORS  A/24 SANJAY MANSION, 3rd FLOOR BHANGWADI, 448 KALBADEVI ROAD MUMBAI ",IND
159,CU1B00406,BEE KAY ENTERPRISES,11,1,BEE KAY ENTERPRISES  G-8 SITE V KASNA SURAJPUR GAUTAM BUDH NAGAR (U P) ,IND
160,CU1B00602,BALAMURUGAN PACK MACHINERES,41,1,"BALAMURUGAN PACK MACHINERES  NO 26,BAGGIYATHAMNAL III CROSS STREET, PADI CHENNAI",IND
161,CU1B00740,BAGGA LINK MOTORS LTD,11,1,"BAGGA LINK MOTORS LTD (AUTHORISED MARUTI DEALERS) 395,PATPAR GANJ INDL ESTATE NEAR VIKAS MARG DELHI ",IND
162,CU1B00742,BHARATH ELECTRONICS LTD,43,1,BHARATH ELECTRONICS LTD (TRANSPORT DIVISION) JALAHALLI PO  BANGALORE ,IND
163,CU1B00743,BAJRANG MOTORS,11,1,BAJRANG MOTORS  RAMPUR ROAD HALDWANI UP ,IND
164,CU1B00745,BHARATH AGARWAL D,45,1,"BHARATH AGARWAL D  NO 45,MURUGAN KOIL STREET CHETTIPET PONDICHERRY ",IND
165,CU1B00746,BUISHI YADA MOTORS,21,1,BUISHI YADA MOTORS  A SECTOR NAHARLAGUN ARUNACHALPRADESH-791 110 ,IND
166,CU1B01051,BHARAT ARTS & CRAFTS,12,1,"BHARAT ARTS & CRAFTS  28/5,HEAVY INDUSTRIAL AREA JODHPUR RAJASTHAN ",IND
167,CU1C00028,CARBORANDUM UNIVERSAL LIMITED,43,1,CARBORANDUM UNIVERSAL LIMITED  POST BOX NO.1 WEST KANJIKODE PALAKKAD ,IND
168,CU1C00029,CARDWELL SPINNING MILLS PRIVATE LIM,51,1,"CARDWELL SPINNING MILLS PRIVATE LIM ITED `RAJANARAYAN TOWERS,PB NO.4503 PUDUPPALAYAM, NGGO COLONY COIMBATORE ",IND
169,CU1B00460,BHARATBHAI MEGJIBHAI KAKADHA,33,1,BHARATBHAI MEGJIBHAI KAKADHA  DANGERWADA VIA LODHIKA RAJKOT ,IND
170,CU1B00461,BLOWELL AUTO PRIVATE LIMITED,11,1,BLOWELL AUTO PRIVATE LIMITED  PLOT NO.27 SECTOR - 6 FARIDABAD ,IND
171,CU1B00463,BIRLA TEXTILE MILLS,11,1,"BIRLA TEXTILE MILLS CHEMICALS LTD) (PROP.CHAMBAL FERTILISERS AND  SAI ROAD,BHATOULI KHURD,BADDI SOLAN HP",IND
172,CU1B00464,BRILA GLOBAL FINANCE LIMITED,12,1,"BRILA GLOBAL FINANCE LIMITED  A/C. SHAKTI BORING COMPANY BANDI STREET, SHAHPURA BHILWARA ",IND
173,CU1B00465,BHAVANI BOREWELLS,45,1,BHAVANI BOREWELLS    PONDICHERY ,IND
174,CU1C00002,CITY ELECTRICAL CORPORATION,51,6,"CITY ELECTRICAL CORPORATION   252,DR.NANJAPPA ROAD COIMBATORE - 641 018 ",IND
175,CU1B00620,BAGAL BOREWELLS,31,1,BAGAL BOREWELLS MARLAT YARD SHOPPING CENTRE GALA NO 9  PANDHAPUR MUMBAI,IND
176,CU1B00622,BAJRANG MARBLE INDUSTRIES LTD,33,1,"BAJRANG MARBLE INDUSTRIES LTD MINES-SANKOTRA JAMUA RAMGARH E-17,INDUSTRIAL AREA BIDIAD NAGOUR ",IND
177,CU1B00623,BHAVANJI MILLS,51,1,BHAVANJI MILLS  41/1 SRI VILLIPUTTUR ROAD  IDAIYANKULAM SRIVILLIPUTTUR,IND
178,CU1B00624,BALAKRISHNA REDDY R,45,1,BALAKRISHNA REDDY R     PONDICHERY,IND
179,CU1B00625,BP TEXTILE MILLS,54,1,BP TEXTILE MILLS  PLOT NO 69 THE SALEM INDL CO -OP ESTATE UDAYPATTY SALEM,IND
180,CU1B00627,BHAMA CHANDRAN,45,1,"BHAMA CHANDRAN  NO 258,BHARATI STREET  PONDICHERY ",IND
181,CU1B00229,BHARAT BIJLEE LIMITED,31,1,"BHARAT BIJLEE LIMITED  KALWA FACTORIES AND FOUNDRY P O BOX NO 100, BELAPUR ROAD THANE MUMBAI",IND
182,CU1B00828,BRIJRAJ AUTO PVT LTD,11,1,"BRIJRAJ AUTO PVT LTD  2,SARDAR PATEL MARG CIVIL LINES ALLAHABAD ",IND
183,CU1B00829,BLACK & DECKER,651,3,"BLACK & DECKER  5300,GEROGE MC VAY  DR MC ALLEN TX 78503,USA ",USD
184,CU1B00830,BIMAL FLOUR RICE AND OIL MILLS,21,1,BIMAL FLOUR RICE AND OIL MILLS  P O SARUPATHAR DIST GOLAGHAT ASSAM ,IND
185,CU1B00831,BANGALORE LEATHER PRODUCTS,43,1,"BANGALORE LEATHER PRODUCTS  238/1,BEGUR ROAD HONGASANDRA,BOMMANAHALLI MADIWALA POST BANGALORE",IND
186,CU1B00833,BALAJI TRADERS,12,1,BALAJI TRADERS  BALESAR SATAN JODHPUR JAISALMER ROAD JODHPUR RAJASTHAN,IND
187,CU1B00834,BHARAT MACHINERY AGENCIES,11,1,BHARAT MACHINERY AGENCIES  MANITAL ROAD  BAREILLY ,IND
188,CU1B00747,BOOPATHY RAMACHANDRAN RICE,51,1,BOOPATHY RAMACHANDRAN RICE MILL & TRANSPORT KASIAPURAM NALLUR ALANGULAM TK TIRUNELVELI DIST,IND
189,CU1B00408,BHARAT PRINTS,33,1,BHARAT PRINTS  OPP. PATELNAGAR ASHWANIKUMAR ROAD SURAT ,IND
190,CU1B00410,BHAGWAN SINGH GAIN SINGH GEHLOT,12,1,BHAGWAN SINGH GAIN SINGH GEHLOT    JODHPUR ,IND
191,CU1B00411,BODYGEAR INTERNATIONAL PVT LTD,53,1,BODYGEAR INTERNATIONAL PVT LTD  EDAYAR INDL. DEVELOPMENT AREA MUPPATHADAM POST ALUVA ,IND
192,CU1B00412,BIHARILAL SONI,34,1,"BIHARILAL SONI  PTC COLONY BANDHA MOHALLA, POST-PARASIA CHINDWARA M P",IND
193,CU1B00413,B D MODI PAPER MILLS LIMITED,11,1,"B D MODI PAPER MILLS LIMITED  DORAHA RAMPUR ROAD VILLAGE MAHESHPURA, BAZPUR NAINITAL ",IND
194,CU1B00414,BACHOS GARAGE,31,1,BACHOS GARAGE    MUMBAI ,IND
195,CU1C00151,CHOWGULE INDUSTRIES LIMITED,31,1,"CHOWGULE INDUSTRIES LIMITED  MARUTHI STOCK YARD HIGHWAY NO 8, BALITHA VAPI ",IND
196,CU1B01052,BHILWARA AGRO AUTO SERVICES (PVT),12,1,BHILWARA AGRO AUTO SERVICES (PVT) LIMITED AJMER ROAD  BHILWARA ,IND
197,CU1B01053,BHAGAT HYUNDAI,11,1,BHAGAT HYUNDAI  KOTAKPURA ROAD NEAR GOVT COLLEGE MUKTSAR ,IND
198,CU1B00416,BANSAL POLYVIN PRIVATE LIMITED,11,1,BANSAL POLYVIN PRIVATE LIMITED    SAMANA (PUNJAB) ,IND
199,CU1B00417,BI METAL BEARINGS LIMITED,43,1,BI METAL BEARINGS LIMITED  PERALDAPALLI  HOSUR ,IND
200,CU1B00419,BESTOMECH INDUSTRIES,51,1,"BESTOMECH INDUSTRIES UNIT II SFNO 912/3-B,KALAPATTI VILLAGE SERAIYAMPALAYAM ROAD KARUPARAYANPALAYAM COIMBATORE",IND
201,CU1B00420,BOMBAY ELECTRIC ENGINEERING WORKS,53,1,BOMBAY ELECTRIC ENGINEERING WORKS  6/140 KANNUR ROAD  KOZHICODE ,IND
202,CU1B00421,B S SUBBIAH & SONS COFFEE CURING,43,1,B S SUBBIAH & SONS COFFEE CURING WORKS OLD H.D. KOTE ROAD  MYSORE (SOUTH) ,IND
203,CU1B00422,BONY POLYMERS LIMITED,11,1,"BONY POLYMERS LIMITED  PLOT NO:37P, SECTOR -6  FARIDABAD HARYANA",IND
204,CU1C00003,C P S EQUIPMENT AGENCIES,54,6,"C P S EQUIPMENT AGENCIES  1 & 2 JAYARATHNA COMPLEX OMALUR ROAD, FIVE ROADS SALEM ",IND
205,CU1C00005,CT COTTON YARN LIMITED,11,1,"CT COTTON YARN LIMITED  25-B,MALANPUR INDUSTRIAL AREA MALANPUR,GWALIOR BHIND ",IND
206,CU1C00006,CASTROL INDIA LIMITED,41,7,"CASTROL INDIA LIMITED  RAYALA TOWERS, V FLOOR 781-785 ANNA SALAI CHENNAI ",IND
207,CU1C00007,CDA (HQ),11,2,CDA (HQ)  S/C SECTION 'G' BLOCK NEW DELHI ,IND
208,CU1B00428,BOMBAY BREWERIES,31,1,"BOMBAY BREWERIES A UNIT OF UNITED BREWERIES LTD M-1,MIDC TALOJA DIST RAIGAD TALOJA ",IND
209,CU1B00429,BTR MOTHERSON AUTOMOTIVE LIMITED,11,1,BTR MOTHERSON AUTOMOTIVE LIMITED  C-14A & 14B SECTOR 1  NOIDA DIST. GAUTAM BUDH NAGAR,IND
210,CU1B00430,BCC FUBA INDIA LIMITED,11,1,BCC FUBA INDIA LIMITED  4 KM. SWARGHAT ROAD NALAGARH SOLAN ,IND
211,CU1C00220,CARBAC HOLDINGS LIMITED,21,1,CARBAC HOLDINGS LIMITED  3 RONALDSAY ROAD  CALCUTTA ,IND
212,CU1C00011,CONTACT DRILLERS,706,3,"CONTACT DRILLERS  PO BOX NO,5306 LIMBE MALAWI ",IND
213,CU1C00012,CRESCENT ENTERPRISES,51,1,"CRESCENT ENTERPRISES  SITE NO:6, S.F.NO:197/2 VILANKURICHY ROAD, S.PATTI P.O COIMBATORE ",IND
214,CU1C00013,COIMBATORE PIONEER FERTILIZER LTD,51,1,"COIMBATORE PIONEER FERTILIZER LTD ENGINEERING DIVISION AVANASHI ROAD, NEELAMBUR POST OPP TO PSG FOUNDRY DVN COIMBATORE ",IND
215,CU1C00015,CAMBATA AVIATION LIMITED,31,1,CAMBATA AVIATION LIMITED  HANGER NO 3-A JUHU AERODROME MUMBAI ,IND
216,CU1C00016,CANARA BANK,51,1,CANARA BANK  PINCODE 638 452 A/C MR G P MURUGAIYAN GOBICHETTIPALAYAM ,IND
217,CU1C00017,CANARA BANK,54,1,CANARA BANK  THANNER PANDALPALAYAM  SALEM ,IND
218,CU1C00018,CANARA BANK,54,1,CANARA BANK  MANGALAPATTI  MUTHUR ,IND
219,CU1B00559,BOMBAY ELECTRICAL INDUSTREIS,31,1,"BOMBAY ELECTRICAL INDUSTREIS  CHOPRA BUILDING L B S MARG, BHANDUP MUMBAI ",IND
220,CU1B00749,BALAJI,45,1,"BALAJI  NO 124,M M KOVIL STREET PILAYARKUPPAM PONDICHEERY ",IND
221,CU1C00019,CANARA BANK,54,1,CANARA BANK  GURUSAMY PALAYAM  RASIPURAM ,IND
222,CU1C00021,CANARE ENTERPRISES, ,1,CANARE ENTERPRISES     ,IND
223,CU1C00022,CANNANORE CO-OPERATIVE SPINNING MIL,53,1,"CANNANORE CO-OPERATIVE SPINNING MIL LS LIMITED NO.F.1278, POST BOX NO 2005 P O CHOVVA KANNUR ",IND
224,CU1C00023,CANNANORE SPINNING & WEAVING,53,1,CANNANORE SPINNING & WEAVING MILLS POST BOX NO 1601  CANNANORE ,IND
225,CU1C00025,CAPITOL INDUSTRIES,41,1,CAPITOL INDUSTRIES  K34 INDUSTRIAL ESTATE AMBATTUR CHENNAI ,IND
226,CU1B00423,BANGALORE PHARMACEUTICAL AND RESEAR,43,1,BANGALORE PHARMACEUTICAL AND RESEAR CH LABORATORY LIMITED 45/2 9TH BLOCK JAYANAGAR BANGALORE ,IND
227,CU1B00452,BRYTAX AUTO INDUSTRIES LIMITED,11,1,BRYTAX AUTO INDUSTRIES LIMITED  VILLAGE BINOLA DELHI-JAIPUR HIGHWAY GURGAON HARYANA,IND
228,CU1B00453,BALAJI BOREWELLS,42,1,"BALAJI BOREWELLS REP: Mr. P. BHOOMATAH H NO.A/14, PLOT NO.32 MARGADARSH COLONY, R K PURAM HYDERABAD ",IND
229,CU1B00454,BIHAR SPONGE IRON LIMITED,21,1,BIHAR SPONGE IRON LIMITED  CHANAIL  SINGHBHUM ,IND
230,CU1B00456,BHANU AUTOMOBILES PRIVATE LIMITED,42,1,"BHANU AUTOMOBILES PRIVATE LIMITED  D.NO.7-1-638-643,BHANU ENCLAVE BESIDE ESI HOSPITAL, ERRAGADDA HYDERABAD ",IND
231,CU1B00457,BADHWAR & COMPANY,11,1,BADHWAR & COMPANY  DELHI ROAD  ROHTAK ,IND
232,CU1B00458,BELMAKS PRIVATE LIMITED,11,1,"BELMAKS PRIVATE LIMITED  125,SECTOR-24,  FARIDABAD ",IND
233,CU1B00459,BL PACKAGING,42,1,BL PACKAGING  TADIMALLA NIDADAVOLU MANDAL W G DIST ANDHRA PRADESH,IND
234,CU1B00431,BRIGHT BROTHERS LIMITED,31,1,"BRIGHT BROTHERS LIMITED  B-7/3, B ROAD, MIDC INDL. AREA TARAPUR, BOISER THANE ",IND
235,CU1C00034,CASTROL INDIA LIMITED,31,7,"CASTROL INDIA LIMITED  BHATIA AND PRAJAPATI ESTATE SARKHEJ BAVLA ROAD, SARKHEJ AHMEDABAD ",IND
236,CU1C00035,CASTROL INDIA LIMITED,21,7,"CASTROL INDIA LIMITED  C/O NORTHERN INDIA TRADING CO. 2 LEADER ROAD, OIL TANKI ALLAHABAD ",IND
237,CU1C00038,CASTROL INDIA LIMITED,41,7,"CASTROL INDIA LIMITED  25/2 III FLOOR LADY CURTON ROAD,SHIVAJI NAGAR BANGALORE ",IND
238,CU1C00039,CASTROL INDIA LIMITED,21,7,"CASTROL INDIA LIMITED  C/O AGARWAL LUBRICANTS 407 A KUAWARPUR,CHOPLAKILA RD. BAREILLY ",IND
239,CU1C00040,CASTROL INDIA LIMITED,34,7,"CASTROL INDIA LIMITED  C/O BHOPAL TYRE HOUSE MARUTI MARKET,8 MAHAKAL ROAD BHOPAL ",IND
240,CU1B00450,BHARATH AGENCIES,52,6,BHARATH AGENCIES  114 MAIN ROAD  ARAVAKKURICHI ,IND
241,CU1A01367,ASHOK PRECISION SERVICESS,51,1,ASHOK PRECISION SERVICESS  159-8TH STREET GANAPATHYPUDUR COIMBATORE ,IND
242,CU1B00837,BOMBAY PRECURESD RETRADS PVT LTD,31,1,"BOMBAY PRECURESD RETRADS PVT LTD  PLOT NO D-30/1,SANPADA PTC INDUSTRIAL AREA MIDC-TURBHA NAVI MUMBAI",IND
243,CU1C00109,CENTURY COATS LIMITED,33,1,"CENTURY COATS LIMITED  535,TAJPUR ROAD CHANGODAR, SANAND TK AHMEDABAD ",IND
244,CU1C00110,CENTURY FIBRE PLATES PVT.LIMITED,42,1,"CENTURY FIBRE PLATES (P) LTD   UNIT –I,SURVERY NO:296/7/8, IDA BOLLARAM,MEDAK DIST HYDERABAD ,TELANGANA",IND
245,CU1C00111,CENTURY YARN,34,1,CENTURY YARN    INDORE ,IND
246,CU1C00112,CENTWIN.,51,1,CENTWIN.  370 KAMARAJAR ROAD  TIRUPPUR ,IND
247,CU1C00026,CAR AUTOMOBILES,43,1,CAR AUTOMOBILES  J C ROAD CROSS(NR. PETROL BUNK KALASIPALAYAM NEW EXTENSION BANGALORE ,IND
248,CU1B00105,BINANI ZINC LIMITED,53,2,BINANI ZINC LIMITED  BINANIPURAM  ERNAKULAM ,IND
249,CU1B00238,BHARAT TRADING COMPANY,11,1,BHARAT TRADING COMPANY  NEAR KLP COLLEGE DELHI ROAD REWARI HARYANA,IND
250,CU1B00239,BHARAT DAIRY UDYOG,11,1,BHARAT DAIRY UDYOG  BHARATPUR AGRA ROAD FEROZEPUR JHIRKA GURGAON HARYANA,IND
251,CU1B00241,BHAWAAL SPINNERS PRIVATE LIMITED,42,1,BHAWAAL SPINNERS PRIVATE LIMITED  14 RAJENDRA GUNJ  RAICHUR ,IND
252,CU1B00242,BRAHAM PUTRA PROCESSORS PVT LIMITED,11,1,BRAHAM PUTRA PROCESSORS PVT LIMITED  BYE PASS NR.CHOWK FATEHGARH CHURIAN RD. AMRITSAR ,IND
253,CU1B00243,BAY ISLAND TRADING AND MARINE SERVI,41,1,BAY ISLAND TRADING AND MARINE SERVI CES PRIVATE LIMITED 6 & 7 GANDHI BHAVAN POST BOX NO 133 PORT BLAIR A & N ISLANDS,IND
254,CU1B00245,BHARAT SYNTHETICS,33,1,BHARAT SYNTHETICS  64 BALAJI INDUSTRIAL SOCEITY UDHANA - MAGDALLA ROAD SURAT ,IND
255,CU1B00619,BEST & CROMPTON LTD,41,1,"BEST & CROMPTON LTD  39,INDUSTRIAL ESTATE  AMBATTUR CHENNAI",IND
256,CU1B00112,BISWAKARMA ENGINEERING WORKSHOP,21,1,BISWAKARMA ENGINEERING WORKSHOP  .  POKHARA ,IND
257,CU1B00113,BJ MOHAN AND COMPANY,31,1,"BJ MOHAN AND COMPANY  20 HILL ROAD P.O. BOX NO.16662, BANDRA (W) MUMBAI ",IND
258,CU1B00114,BJS SERVICES,51,1,BJS SERVICES  51 ELGI NAGAR PHASE I VELLALORE ROAD COIMBATORE ,IND
259,CU1B00116,B L CHEMICALS,11,1,B L CHEMICALS  C 59 INDUSTRIAL AREA SIKANDERABAD BULANDHSHAR ,IND
260,CU1B00249,BHAGAWANDAS PUROHOTAM DAS,12,1,BHAGAWANDAS PUROHOTAM DAS    JAIPUR ,IND
261,CU1B00250,BHARAT DRILLING AND TUBEWELL,12,1,BHARAT DRILLING AND TUBEWELL     ,IND
262,CU1B00251,BHARAT STONES,12,1,BHARAT STONES    PALI ,IND
263,CU1B00451,BOOSEY & HAWKES MUSICAL INSTRUMENTS,11,1,BOOSEY & HAWKES MUSICAL INSTRUMENTS PRIVATE LIMITED 238 MITHEPUR GULAUTHI BULANDSHAHAR (U P) ,IND
264,CU1B00119,BLOW PACK INDUSTRIES,43,1,BLOW PACK INDUSTRIES  NO 58/2 SUBRAMANYAPURA ROAD  BANGALORE ,IND
265,CU1B00121,B MANGATRAM & SONS,33,1,"B MANGATRAM & SONS  OUTSIDE WANIAWAD GATE OPP.H P PETROL PUMP KUTCH,GUJARAT ",IND
266,CU1B00122,BMC TEXTILES,51,1,BMC TEXTILES  28 TIRUPPUR ROAD POST BOX NO 6 UDUMALPET ,IND
267,CU1B00123,BOFCO FURNACES PRIVATE LIMITED,31,1,"BOFCO FURNACES PRIVATE LIMITED  UNIT NO.1-3,NEW NANDU INDL. -ESTATE,M.C. ROAD, ANDHERI (E) MUMBAI ",IND
268,CU1B00125,BOMBAY OIL INDUSTRIES LIMITED,53,1,"BOMBAY OIL INDUSTRIES LIMITED  BOTONICAL EXTRACTS DIVISION POST BAG NO.3, ANGAMALLY SOUTH ERNAKULAM ",IND
269,CU1B00126,BOMMAKANTI FABRICS,31,1,BOMMAKANTI FABRICS    MUMBAI ,IND
270,CU1B00127,BOOTS PHARMACEUTICALS LIMITED,32,1,BOOTS PHARMACEUTICALS LIMITED  E 1 MIDC JEJURI PUNE ,IND
271,CU1B00056,BEST HEAT TREATMENT SERVICES,51,1,BEST HEAT TREATMENT SERVICES  53 SIDCO INDUSTRIAL ESTATE  COIMBATORE ,IND
272,CU1A01267,AUTO WORLD,11,1,AUTO WORLD  116 B JAWAHARLAL NEHRU MARG OPP CAPITAL CINEMA AMBALA CANNT  AMBALA ,IND
273,CU1A01269,AMAN MOTORS,11,1,AMAN MOTORS  PORTER GANJ LUCKNOW ROAD GONDA-U P ,IND
274,CU1A01270,ARORA MOTORS,12,1,"ARORA MOTORS  861,CHOPASNI ROAD  JODHPUR ",IND
275,CU1A01271,APAVOO R,45,1,"APAVOO R  S/O RAMASAMY GOUNDER NO1,MAIN ROAD THUTHIPET PONDICHERRY",IND
276,CU1A01272,A AUTO MOVERS PVT LTD,11,1,"A AUTO MOVERS PVT LTD  NO 10,EARTH FORSUTI ROAD  LALBAGH ",IND
277,CU1A01273,AJAY MOTOR WORKS PVT LTD,11,1,"AJAY MOTOR WORKS PVT LTD  STATION 117,W/81 KABADEO KANPUR ",IND
278,CU1A01275,ANAND FOOD PRODUCTS,21,1,ANAND FOOD PRODUCTS  HB ROAD MACHKHOWA GUWAHATI-009 ,IND
279,CU1B00246,BAVER SUSPESION PRIVATE LIMITED,11,1,"BAVER SUSPESION PRIVATE LIMITED  VILLAGE NAHRPUR KASAN 47 KM DELHI, JAIPUR HIGHWAY GURGAON ",IND
280,CU1B01037,BORG WARNER MORSE TEC MURUGAPPA,41,1,"BORG WARNER MORSE TEC MURUGAPPA PVT LTD PLOT NO 78,79,92,93 KAKKALUR INDL ESTATE PUTUR VILLAGE TIRUVALLUR",IND
281,CU1B01038,B S ENGINEERING,21,6,"B S ENGINEERING   GROUND FLOOR 14B, R.N.MUKHERJEE ROAD KOLKATA 700 001-WB",IND
282,CU1B01040,BRIJ HONDA,11,1,BRIJ HONDA  KANKALI BHUTESHWAR ROAD MATHURA ,IND
283,CU1B01042,BRINDHAA PROCESSING MILLS,51,1,"BRINDHAA PROCESSING MILLS  1/212 PALLANKADU AVARAPALAYAM,VEERAPANDI PO TIRUPUR ",IND
284,CU1C00118,CHANDERPUR WORKS PVT LTD,11,1,CHANDERPUR WORKS PVT LTD   VISHAV KARMA CHOWK CAMP YAMUNA NAGAR PO HARYANA-135 001,IND
285,CU1C00119,CHANDRAKANTA DYEING & PTG.MILLS,33,1,"CHANDRAKANTA DYEING & PTG.MILLS  PLOT NO.197 OPP: UNN JAKATNAKA, BHESTAN SURAT ",IND
286,CU1C00120,CHANDRAN PK,34,1,"CHANDRAN PK  SIDDHI PNEUMATICS,C 10 102 SEC.6,SHANTI NAGAR,MIRA ROAD THANE ",IND
287,CU1C00153,CIMMCO HEAVY ENGINEERING,12,1,CIMMCO HEAVY ENGINEERING    BHARATPUR ,IND
288,CU1C00154,CIMMCO LIMITED,12,1,"CIMMCO LIMITED  WAGON DIVISION BHARATPUR,   MAL GODOWN ROAD, BHARATPUR    DISTRICT, RAJASTHAN  - 321001",IND
289,CU1C00155,CIMMCO WAGON,12,1,CIMMCO WAGON  A DIVISION OF CIMMCO BIRLA LIM  BHARATPUR ,IND
290,CU1C00156,CIM TOOLS PRIVATE LIMITED,43,1,"CIM TOOLS PRIVATE LIMITED  PLOT NO.288, IV MAIN, IV PHASE INDUSTRIAL AREA, PEENYA BANGALORE ",IND
291,CU1C00157,CITY MOTORS,51,1,CITY MOTORS   633 KAMARAJ ROAD TIRUPPUR ,IND
292,CU1C00159,CLASPO HOOKS PRIVATE LIMITED,51,1,CLASPO HOOKS PRIVATE LIMITED  SULTHAN BATTERY  KOLLYADI ,IND
293,CU1C00160,CLASSIC APPARELS PRIVATE LIMITED,51,1,CLASSIC APPARELS PRIVATE LIMITED  150 COIMBATORE ROAD  POLLACHI ,IND
294,CU1B00548,BHUSHAN RAO  T,42,1,BHUSHAN RAO  T C/O MS ASHA BOREWELLS SUSARAM VILLAGE POLAKI MANDAL SRIKAKULAM ,IND
295,CU1C00214,CRYSTAL KNIT PROCESS PRIVATE LIMITE,51,1,"CRYSTAL KNIT PROCESS PRIVATE LIMITE D 12, ANGERIPALAYAM ROAD, PADMAVATHIPURAM, TIRUPPUR ",IND
296,CU1C00216,C THIPPIAH MOTORS,43,1,C THIPPIAH MOTORS  RAILWAY FEEDING ROAD  ANANTAPUR ,IND
297,CU1C00228,CHANDRAN S,54,1,CHANDRAN S S/O SRI SENGODA GOUNDER 2/188 A AZHAGA GOUNDER STREET MANIANOOR SALEM ,IND
298,CU1C00229,CASTROL INDIA LIMITED,31,7,"CASTROL INDIA LIMITED C/O AMOL ENTERPRISES G 11 DAMANI COMPLEX,NR.SHALMAR THEATURE, LAKSHMI MKT. ROAD SOLAPUR ",IND
299,CU1C00231,CENTRAL BANK OF INDIA,31,2,CENTRAL BANK OF INDIA  CHANDA BRANCH  CHANDA ,IND
300,CU1B00438,BIRLA CORPORATION LIMITED,34,1,BIRLA CORPORATION LIMITED  PO BIRLA VIKAS CEMENT DIVISION SATNA ,IND
301,CU1B00230,BHARTIYA AUTOMOBILES,11,1,"BHARTIYA AUTOMOBILES  MAIN ROAD, P B NO 71 MALEWADI AKLUJ MAHARASHTRA",IND
302,CU1B00231,BRIJ AND ASSOCIATES,41,1,BRIJ AND ASSOCIATES  MEDAVAKKAM MAIN ROAD KEELKATTALAI CHENNAI ,IND
303,CU1B00232,BLOW PACKAGING (INDIA) LIMITED,41,1,"BLOW PACKAGING (INDIA) LIMITED  NO 55-D,SIDCO INDUSTRAIL ESTAE AMBATTUR CHENNAI ",IND
304,CU1B00234,BANGALORE PHARMACEUTICALS AND RESEA,43,1,BANGALORE PHARMACEUTICALS AND RESEA RCH LAB PRIVATE LIMITED 9 TH BLOCK JAYANAGAR BANGALORE ,IND
305,CU1B00235,BHARATH RUBBER (INDIA) LIMITED,52,1,"BHARATH RUBBER (INDIA) LIMITED  55/5A, THIRUVALAVAYANALLUR(PO) THANICHYAM(VIA), T.VADIPATTI(TALUK), MADURAI(DIST.)",IND
306,CU1B00236,BIRLA MASUZAWA SILK LIMITED,11,1,BIRLA MASUZAWA SILK LIMITED  VILLAGE KHASA G T ROAD AMRITSAR PUNJAB,IND
307,CU1A01366,ADITYA CAR AUTOMOTIVES P LTD,21,1,ADITYA CAR AUTOMOTIVES P LTD (HIGHWAY HONDA)  NH-5 RUDRAPUR BHUBANESWAR - 752 101 ,IND
308,CU1C00121,CHANDRASEKAR A,51,1,CHANDRASEKAR A  30 LAKSHMANA VEETHI SKC ROAD ERODE ,IND
309,CU1B00560,BHARATH ELECTRICALS,53,1,"BHARATH ELECTRICALS    4/487 MAIN ROAD,PATTAMBI PALAKKAD - 679 303",IND
310,CU1B00561,BALRAJ  B,51,1,BALRAJ  B KARTHIK RICE MILL MUTHOJIAPPA CHAVADI 405 PATTUKOTTAI ROAD THANJAVUR ,IND
311,CU1B00563,BETHALL ENGINEERING COMPANY,41,1,"BETHALL ENGINEERING COMPANY  SURVEY NO:5,POONAMALL HIGH RD VANAGARAM CHENNAI ",IND
312,CU1B00564,BHAGHEERATHA ENGINEERING LIMITED,53,1,BHAGHEERATHA ENGINEERING LIMITED  POST BOX NO:226 UDAIPUR MINES PROJECT UDAIPUR RAJASTHAN,IND
313,CU1B00565,BHAVANI ENTERPRISES,42,1,"BHAVANI ENTERPRISES  SHED NO:6/A,IDA, PHASE II CHERLAPALLY HYDERABAD ",IND
314,CU1B00567,BHAGAT JEE STEELS PVT LIMITED,21,1,BHAGAT JEE STEELS PVT LIMITED 3513 KANJILAL AVENUE OPP:D P L B-ZONE ELEC.SUB STATION(MAMC)DURGAPUR BURDWAN WEST BENGAL,IND
315,CU1B00568,BENZ MOTORS,53,1,"BENZ MOTORS (TELCO DEALER) MADAPAVAMBIL ESTATE,THOOKALAM JN,SANADANAPURAM ALLEPPEY ",IND
316,CU1C00161,CLASSIC BELTS PRIVATE LIMITED,51,1,CLASSIC BELTS PRIVATE LIMITED  ANAPPURAM KINASSERY PALAKKAD ,IND
317,CU1B00424,BHAGWATI KRUPA DRILLING,33,1,BHAGWATI KRUPA DRILLING  ARAYANAGAR PEDAK ROAD RAJKOT ,IND
318,CU1B00426,BOMBAY BATTERY SEPRATORS PVT LTD,31,1,"BOMBAY BATTERY SEPRATORS PVT LTD  PLOT NO.205/206 JAWAAR INDL. ESTATE, KAMOTE PANVEL DIST. RAIGAD",IND
319,CU1B00570,BHARATBHAI MOHANBHAI VORA,33,1,BHARATBHAI MOHANBHAI VORA  VILLAGE: DANGARWADA TAL:LODHKA RAJKOT ,IND
320,CU1B00571,BATRA AUTO COMPANY,11,1,"BATRA AUTO COMPANY  MARUTI DEALER 14/1 MILESTONE,MATHURA ROAD FARIDABAD HARYANA",IND
321,CU1B00573,BINJUSARIA METAL BOX COMPANY LTD,42,1,"BINJUSARIA METAL BOX COMPANY LTD  SURVEY NO:139,140,141/1 GAGANPAHAD RANGA REDDY DIST ANDHRA PRADESH",IND
322,CU1B00574,BHAWANI MARBLES,12,1,BHAWANI MARBLES  MINES:JHANJHAR RAJSAMAND RAJASTHAN ,IND
323,CU1B00575,BEEKAY AUTO PRIVATE LIMITED,21,1,"BEEKAY AUTO PRIVATE LIMITED   NH-2, CHANDA MORE P.O: KALIPAHARI ASANSOL-713339,PASCHIM BARDDHAMAN",IND
324,CU1B00432,BALAJI AGENCIES,34,1,BALAJI AGENCIES  BARAIPALI N H 6 SAMBALPUR ,IND
325,CU1B00434,BHOPAL MOTORS LIMITED,34,1,BHOPAL MOTORS LIMITED  144 PIPLI RAO AGRA - BOMBAY ROAD INDORE ,IND
326,CU1B00435,BENTEX ELECTRICALS,11,1,"BENTEX ELECTRICALS  B-65, GATE NO.1, PHASE II NARAINA INDUSTRIAL AREA NEW DELHI ",IND
327,CU1B00436,BONY RUBBER CO  (P) LIMITED,11,1,BONY RUBBER CO  (P) LIMITED  9-E SECTOR - 6  FARIDABAD ,IND
328,CU1B00581,BISCO SPONGE IRON PVT LIMITED,21,1,"BISCO SPONGE IRON PVT LIMITED  PHASE VI,ADITYAPUR INDL AREA GAMHARIA JAMSHEDPUR ",IND
329,CU1B00582,BRIDS MEDICAL EQUIPMENTS,53,1,"BRIDS MEDICAL EQUIPMENTS  MES CULTURAL COMPLEX S36,JUDEGES AVENUE KALOOR KOCHI",IND
330,CU1B00583,BEMCO HYDRALICS LTD,43,1,BEMCO HYDRALICS LTD  UDYAMBAG  BELGAUM KARNATAKA DIST,IND
331,CU1A01077,ASHIRWAD TUBEWELLS,32,1,"ASHIRWAD TUBEWELLS  NO 11,SAMMER APARTMENTS VIJAYNAGAR OPP:RAILWAY STATION BARAMATI",IND
332,CU1B00440,BUILDER'S EQUIPMENT ENTERPRIESES,51,1,BUILDER'S EQUIPMENT ENTERPRIESES  69 SANGANOOR ROAD GANAPATHY COIMBATORE ,IND
333,CU1B00441,BALLARPUR INDUSTRIES LIMITED,41,1,BALLARPUR INDUSTRIES LIMITED  UNIT : SEWA P O. GANGANAPUR JEYPORE ,IND
334,CU1B00442,BHARAT HEAVY ELECTRICALS LIMITED,53,1,BHARAT HEAVY ELECTRICALS LIMITED  CHOOLOTHERU POST  ALAPUZHA ,IND
335,CU1B00443,BESTAVISION ELECTRONICS LIMITED,33,1,BESTAVISION ELECTRONICS LIMITED  C12 SECTOR - 1  NOIDA ,IND
336,CU1B00445,BALAJI TYRE RETREADERS,51,1,BALAJI TYRE RETREADERS  INDUSTRIAL DEVELOPMENT AREA KUSALAPURAM SRIKAKULAM ANDHRA PRADESH,IND
337,CU1B00446,BIRLA CORPORATION LIMITED,34,1,BIRLA CORPORATION LIMITED  CEMENT DIVISION P O BIRLA VIKAS SATNA (M P) ,IND
338,CU1B00447,BETALA ASSOCIATES,43,1,"BETALA ASSOCIATES  85, II STAGE, II PHASE, WEST OF CHURCH ROAD,MAHALAXMIPURAM BANGALORE ",IND
339,CU1B00613,BHARANI BOREWELLS,54,1,"BHARANI BOREWELLS  NO 26,SAINT LOUIS STREET  PONDICHERY ",IND
340,CU1B00614,BUCHI REDDY  B,42,1,"BUCHI REDDY  B  PLOT NO 62,VANAS THALI MILLS  VANASTHALI PURAM R R  DIST",IND
341,CU1B00617,BHAIJI MOTORS PVT LTD,34,1,BHAIJI MOTORS PVT LTD  BAPAT NAGAR NAGPUR ROAD CHANDRAPUR MAHARASTRA,IND
342,CU1B00750,BHAGAVANTH REDDY P,45,1,BHAGAVANTH REDDY P  SINGIRI KOIL ROAD ABISHEGAPAKKAM PONDICHERY ,IND
343,CU1B00752,BALAJI ROCK DRILLS,45,1,BALAJI ROCK DRILLS REP:BY SHANKAR BABU MADUKARAI ROAD ABISHEKAPAKKAM PONDICHERY ,IND
344,CU1B00753,BHARAT ENTERPRISES,45,1,BHARAT ENTERPRISES  VILLAGE POST BANANA THUNJHUN PONDICHEERY,IND
345,CU1B00576,BHAGYANAGAR DRILLERS,42,1,"BHAGYANAGAR DRILLERS  202 TIRUMALA RESIDENCY 1-9-285/4-4 RAMNAGAR, GUNDU HYDERABAD ",IND
346,CU1B00755,BALLARD POWER SYSTEMS A/G,641,3,"BALLARD POWER SYSTEMS A/G  NEVE STR 95,D-73230  KIRCHHEIM GERMANY",IND
347,CU1B00757,BOVING FLOURESS LIMITED,43,1,"BOVING FLOURESS LIMITED  NO 7,P B NO 11 KIADB INDUSTRIAL AREA HOSKOTE ",IND
348,CU1B00758,BRINDHA RIG SERVICE,45,1,"BRINDHA RIG SERVICE  NO 8,THIRUVALLUVAR STREET  PONDICHEERY ",IND
349,CU1B00759,BRIGHT BROTHERS LTD,11,1,"BRIGHT BROTHERS LTD  4,ROZ-KA-MEO INDUSTRIAL AREA,SOHNA GURGAON HARYANA",IND
350,CU1C00030,CAREWS PHARMACEUTICALS,21,1,CAREWS PHARMACEUTICALS  86-A JHOWTALA ROAD CALCUTTA ,IND
351,CU1C00031,CARGO MOTORS GUJARAT LIMITED,33,1,"CARGO MOTORS GUJARAT LIMITED  TATA DIVISION OPP: OCTROI NAKA,ASLALI AHMEDABAD ",IND
352,CU1C00032,CARGO MOTORS LIMITED,33,1,"CARGO MOTORS LIMITED  TATA DIVISION, GARGO HOUSE OPP. GANDHI ASHRAM, WADAJ AHMEDABAD ",IND
353,CU1A01383,ARSHAD ELECTRONICS PVT LTD,31,1,"ARSHAD ELECTRONICS PVT LTD  305,HAMMERSMITH INDL ESTATE SITLADEVI TEMPLE ROAD MAHIM MUMBAI",IND
354,CU1A01384,AMKO EXPORTS,11,1,AMKO EXPORTS  A-1 INDUSTRIAL AREA BULANDSHAR ROAD GHAZIABAD UTTERPRADESH,IND
355,CU1A01386,AQWE DRILLING & CONSTRUCTION LTD,694,3,AQWE DRILLING & CONSTRUCTION LTD  P O BOX 172 MOSHI TANZANIA ,IND
356,CU1A01387,ANAND INDUSTRIES,31,1,"ANAND INDUSTRIES  586,RAVIWAR PETH  NASHIK ",IND
357,CU1A01512,ASCO (INDIA) LIMITED,41,1,"ASCO (INDIA) LIMITED  147,KARAPAKKAM VILLAGE  CHENNAI ",IND
358,CU1B00448,BRIGHT ENGINEERING,33,1,BRIGHT ENGINEERING    MUMBAI ,IND
359,CU1A01368,ASHOK IRON WORKS PVT LTD,43,1,ASHOK IRON WORKS PVT LTD   CYLINDER HEAD AND BLOCK MACHINING DIV NAVAGE CROSS BELGAUM -590 014,IND
360,CU1A01369,ANANTHA SAI DRILLERS,42,1,ANANTHA SAI DRILLERS  H NO 2-3-64/A/39 JAISWAI GARDENS AMBORPET HYDERABAD ,IND
361,CU1A01370,AAR GEE KNITS,51,1,AAR GEE KNITS  5-APPACHI NAGAR 3RD STREET TIRUPUR ,IND
362,CU1A01372,AMIT MOTORS,21,1,AMIT MOTORS  INOA  KHARAGPUR ,IND
363,CU1A01373,ABIRAMI & CO,51,1,"ABIRAMI & CO ABIRAMI RICE MILL  185,CHOLAKKADAI STREET DHARAPURAM ERODE DIST",IND
364,CU1A01374,ASHWINRAM SPINNIG MILLS PVT LTD,51,1,"ASHWINRAM SPINNIG MILLS PVT LTD  485/4,SANGOTHIPALAYAM ROAD KANIYUR POST COIMBAOTORE ",IND
365,CU1A01375,ABEE SPECIALITY PRODUCTS PVT LTD,21,1,"ABEE SPECIALITY PRODUCTS PVT LTD  BH-II,SECTOR-II SALT LAKE KOLKATA ",IND
366,CU1A01376,ASHOK AUTOMOBILES,45,1,ASHOK AUTOMOBILES  M G ROAD SANGLJ PONDICHERRY ,IND
367,CU1B00247,BAID INDUSTRIAL CORPORATION,12,1,BAID INDUSTRIAL CORPORATION    JAIPUR ,IND
368,CU1B00248,BANSWARA SYNTEX LIMITED,12,1,BANSWARA SYNTEX LIMITED    BANSWARA ,IND
369,CU1A01389,ADITYYAPRAKASH MOTORS PVT LTD,34,1,"ADITYYAPRAKASH MOTORS PVT LTD  C-6,M I D C HINGANA ROAD NAGPUR ",IND
370,CU1A01390,A A FASHION WEAR,51,1,"A A FASHION WEAR  1 ST FLOOR 699/2,R.MUTHUSAMY INDL COMPLEX PALLADAM ROAD TIRUPUR",IND
371,CU1A01391,ARINDUM DRILLING TECHNO LOGIE P LTD,43,1,"ARINDUM DRILLING TECHNO LOGIE P LTD  NO 357,9TH MAIN IV PHASE PEENYA INDL ESTATE BANGALORE ",IND
372,CU1A01393,ASHARAM,33,1,ASHARAM  VASNA IYAVA TALUKA-SANAND AHMEDABAD DIST GUJARAT,IND
373,CU1A01394,ARUMUGA MODERN RICE MILL,52,1,ARUMUGA MODERN RICE MILL  VAITHATHAPURAM KOTTAR NAGERCOIL ,IND
374,CU1C00033,CARRIER AIRCON LIMITED,11,1,CARRIER AIRCON LIMITED  NARSINGPUR GURGAON - JAIPUR ROAD GURGAON ,IND
375,CU1B00096,BHAVANA SILK MILLS PVT.LIMITED,33,1,"BHAVANA SILK MILLS PVT.LIMITED  R S N NO.64/1, PLOT NO.51 VARELI (KADODARA) SURAT ",IND
376,CU1B00097,BHAVANI ENGINEERING COMPANY,51,1,"BHAVANI ENGINEERING WORKS   B/55,KARNAVATI ESTATE,BEHIND TRIKAMPURA BUS STAND,PHASE-3, GIDC VATWA,AHMEDABAD",IND
377,CU1B00098,BHAWAHEB CHANDGOEN SHERKHANE,34,1,"BHAWAHEB CHANDGOEN SHERKHANE  49/13, BHAVANI PETH HANNUMAN NAGAR SOLAPUR ",IND
378,CU1B00100,BHILWARA SPINNERS LIMITED,12,1,BHILWARA SPINNERS LIMITED  26 INDUSTRIAL AREA GANDHI NAGAR BHILWARA ,IND
379,CU1B00101,BHUMI HYGENIC PRODUCTS,43,1,"BHUMI HYGENIC PRODUCTS  FACTORY NO.49, 4th CROSS ROAD SSI AREA, RAJAJINAGAR BANGALORE ",IND
380,CU1B00102,BHUPENDRA STEELS PRIVATE LIMITED,11,1,BHUPENDRA STEELS PRIVATE LIMITED  PLOT NO 25 SECTOR 6 FARIDABAD ,IND
381,CU1B00103,BHURAKHA,12,1,"BHURAKHA  S/O HAMEER DEEN VILLAGE NARLAI, TEH DESURI JAIPUR ",IND
382,CU1A01539,ASGARA ALI YUSUF ALI AJANI,34,1,ASGARA ALI YUSUF ALI AJANI  MAIN ROAD WARORA  DIST CHANDRAPUR ,IND
383,CU1A01540,ACCORD EXPORTS,54,1,"ACCORD EXPORTS  NBR-3,MARIAMMAN KOIL STREET VAIRAPALAYAM ERODE ",IND
384,CU1A01541,ARBUDA PETROLEUM COMPANY,33,1,"ARBUDA PETROLEUM COMPANY  POST-2,CITI POINT IST FLOOR PATAN ",IND
385,CU1B00107,BINNY LIMITED,41,1,"BINNY LIMITED  ENGINEERING DIVISION, MEENAMBAKKAM, P O BOX NO.8677 CEHNNAI ",IND
386,CU1B00108,BIOCHEMIZYME INDIA PRIVATE LIMITED,43,1,BIOCHEMIZYME INDIA PRIVATE LIMITED  20TH KM HOSUR ROAD HEBBAGODI BANGALORE ,IND
387,CU1B00109,BIPINBHAI PATEL,33,1,"BIPINBHAI PATEL  58 SHREERANG SOCIETY PALANPUR PATIA, RANDER ROAD SURAT ",IND
388,CU1B00110,BIRADAR V S,43,1,"BIRADAR V S  C/O DR. SANGAMESH BIRADAR NILGIRI,GIRISH NAGAR,JAMKHANDI BIJAPUR ",IND
389,CU1A01545,ANUTONE ACOUSTICS LTD,43,1,"ANUTONE ACOUSTICS LTD  BO-3A,VISHVESVARAYA INDL AREA  BANGALORE ",IND
390,CU1A01546,ASIA TRADING COMPANY,633,3,"ASIA TRADING COMPANY OCEAN TOWER SUITE 2020 WOO 1-DONG,HAEUNDAE-GU BUSAN KOREA ",USD
391,CU1A01547,AUTOPLUSS ELECTRICAL COMPONENTS,43,1,"AUTOPLUSS ELECTRICAL COMPONENTS (CHENNAI) PVT LTD N-34,SIDCO INDUSTRIAL ESTATE 4TH PHASE HOSUR ",IND
392,CU1A01548,AUTO SALES,11,1,AUTO SALES BYE PASS ROAD TRANSPORT CHOWK KAIMGANJ DIST PARRUKHABAD ,IND
393,CU1A01549,ANNA RICE  MILL,52,1,ANNA RICE  MILL  D CUDDALORE VEDASANTHUR TALUK DINDIGUL ,IND
394,CU1A01550,AMKUSH AVINASH MAHAJAN,34,1,AMKUSH AVINASH MAHAJAN  MAHAJAN COMPLEX OPP SBI MAIN ROAD CHIKHLI BULODANA DIST,IND
395,CU1A01551,ANKUSH AVINASH MAHAJAN,34,1,ANKUSH AVINASH MAHAJAN MAHAJAN COMPLEX OPP SBI MAIN ROAD CHIKHLI BULDANA DIST ,IND
396,CU1B00117,BLOSSOM BREWERIES PRIVATE LIMITED,31,1,"BLOSSOM BREWERIES PRIVATE LIMITED  C/O KAMLESH MOULA, ZANDA CHOWK, SILVASSA ",IND
397,CU1B00835,BLOSSOM FOODS PVT LTD,33,1,"BLOSSOM FOODS PVT LTD  104,FIRST FLOOR ABHYANKAR TOWER,M G ROAD NASHIK ",IND
398,CU1C00200,COZZEELON COIR PRODUCTS PRIVATE LIM,42,1,COZZEELON COIR PRODUCTS PRIVATE LIM ITED ADJ: BHARGAVI INDUSTRIES LTD CHOUTUPALLY VIL. GUDIVADA (M) KRISHNA ,IND
399,CU1C00202,CREMICA AGRO FOODS LIMITED,11,1,CREMICA AGRO FOODS LIMITED  B-XXXIII - 324 GT ROAD WEST JALANDHAR BYE-PASS LUDHIANA ,IND
400,CU1C00203,CRESCENT SPRINGS,31,1,"CRESCENT SPRINGS  15/AB,NANDANVAN INDUSTRIAL EST 173 L.B.SHASTRI MARG,P.BOX.415 THANE ",IND
401,CU1C00204,CROMPTON GREAVES LIMITED,31,1,"CROMPTON GREAVES LIMITED  S6 DIVISION, D2, MIDC VACUUM INTERUPTERS LAB, WALUJ AURANGABAD ",IND
402,CU1C00218,CUTE PERSONAL PRODUCTS PRIVATE LIMI,31,1,"CUTE PERSONAL PRODUCTS PRIVATE LIMI TED GALA PARIJAT BUILDING PLOT NO.794/11, DABHEL DAMAN ",IND
403,CU1C00219,CYCLON PRODUCTS LIMITED,52,1,CYCLON PRODUCTS LIMITED  G4 INDUSTRIAL ESTATE S VELLALAPATHY KARUR ,IND
404,CU1B00104,BIMPEX MACHINES INTERNATIONAL,31,6,"BIMPEX MACHINES INTERNATIONAL  MACHINE HOUSE 6 OAK LANE, FORT MUMBAI ",IND
405,CU1B00701,BALAJI BOREWELL,45,1,BALAJI BOREWELL    PONDICHERY ,IND
406,CU1B00704,BLOOMS ENGINEERING,53,1,BLOOMS ENGINEERING  MUNDOOR  TRICHUR ,IND
407,CU1B00705,BHAVYA HONDA,33,1,BHAVYA HONDA DHRU CARS PVT LTD OPP:AESHIRWAD BUNGLOW SURAT-DUMAR ROAD PIPLDO SURAT,IND
408,CU1B01032,BELLAD ENTERPRISES PVT LTD,43,1,BELLAD ENTERPRISES PVT LTD  BELLAD CHAMBERS VIDYANAGAR HUBLI ,IND
409,CU1B01033,BALAJI BOREWELLS CO,34,1,"BALAJI BOREWELLS CO   NO 24/2,NETTU STREET VTHRAVANIPET BHOPAL",IND
410,CU1B01034,BALKRISHNA TYRES WALUJ,32,1,BALKRISHNA TYRES WALUJ  B66 WALUJ MIDC  AURANGABAD ,IND
411,CU1B00111,BIRLA CORPORATION LIMITED,11,1,"BIRLA CORPORATION LIMITED AUTO TRIM DIVISION NAWADA FETHEPUR VILLAGE P O NAKHADULA, MANESAR GURGAON ",IND
412,CU1C00142,CHITRALEKHA,31,1,"CHITRALEKHA 132 ANDHERI INDUSTRIAL ESTATE OFFICE VEERA DESAI ROAD AZAD NAGAR POST, ANDHERI (W) MUMBAI ",IND
413,CU1C00143,CHITTARANJAN LOCOMOTIVE WORKS,21,2,CHITTARANJAN LOCOMOTIVE WORKS    CALCUTTA ,IND
414,CU1C00144,CHITTARANJAN LOCOMOTIVE WORKS,21,2,CHITTARANJAN LOCOMOTIVE WORKS  THE FINANCIAL ADVISER AND CHIEF ACCOUNTS OFFICER CHITTARANJAN WEST BENGAL,IND
415,CU1C00146,CHOLAN ROADWAYS CORPORATION LIMITED,41,2,CHOLAN ROADWAYS CORPORATION LIMITED  POST BOX NO 46 RAILWAY STATION NEW ROAD KUMBAKONAM ,IND
416,CU1C00147,CHOOMKI AUTOMOBILES,21,1,CHOOMKI AUTOMOBILES  AKHAURA ROAD  AGARTALA ,IND
417,CU1C00148,CHOPRA METALS PRIVATE LIMITED,12,1,"CHOPRA METALS PRIVATE LIMITED  8-B, HEAVY INDUSTRIAL AREA  JODHPUR ",IND
418,CU1C00149,CHOPRA RUBBER INDUSTRIES,11,1,CHOPRA RUBBER INDUSTRIES  RADAUR ROAD OPP POWER HOUSE YAMUNA NAGAR ,IND
419,CU1C00150,CHOUDHARY AGENCIES,34,1,CHOUDHARY AGENCIES  53 HAMIDIA ROAD  BHOPAL ,IND
420,CU1C00183,CONFEDERATION OF INDIAN INDUSTRY,41,1,CONFEDERATION OF INDIAN INDUSTRY C/o. ELGI EQUIPMENTS LIMITED STALL NO. 163 & 167 CHENNAI TRADE CENTRE MOUNT POONAMALLEE ROAD CHENNAI,IND
421,CU1C00206,CROMPTON GREAVES LIMITED,31,1,"CROMPTON GREAVES LIMITED  MACHINE DIVISION V DR E MOSES ROAD, WORLI MUMBAI ",IND
422,CU1C00208,CROWN TELEVISION LIMITED,33,1,CROWN TELEVISION LIMITED  A1 A2 GIDC ELECTRONIC ESTATE GANDHI NAGAR ,IND
423,CU1C00210,CRYSTAL EXPORT CORPORATION,51,1,CRYSTAL EXPORT CORPORATION  21 BUNGLOW ROAD AVANASHI ROAD TIRUPPUR ,IND
424,CU1C00211,CRYSTAL GRANITE AND MARBLE PRIVATE,31,1,CRYSTAL GRANITE AND MARBLE PRIVATE LIMITED K-5 ADDL.MIDC AREA KODOLI VILLAGE SATARA ,IND
425,CU1C00212,CRYSTAL GRANITE AND MARBLES PRIVATE,31,1,"CRYSTAL GRANITE AND MARBLES PRIVATE LIMITED CONWOOD HOUSE, YASHODHAM GEN.AK VAIDYA MARG,GOREGAON(E) MUMBAI ",IND
426,CU1A01483,AHLUWALIA CONTRACTS(INDIA)LIMITED,21,1,"AHLUWALIA CONTRACTS(INDIA)LIMITED  METROPOLITAN CO OPERATIVE HOUSING SOCIETY SEC-B,PLOT-89 KOLKATA",IND
427,CU1A01484,ANISHA METAL UDYOG,613,3,"ANISHA METAL UDYOG  C/O VK PLASTIC UDYOG GAHAWA ,BIRGUNJ-10 NEPAL ",IND
428,CU1A01485,ARJUNA IMPEX,52,1,"ARJUNA IMPEX  85A/1,THANGAM COMPLEX NORTH GATE SS COLONY MADURAI",IND
429,CU1B00051,BELLARY STEELS AND ALLOYS LIMITED,43,1,BELLARY STEELS AND ALLOYS LIMITED  S 10/11 ANANTAPUR ROAD  BELLARY ,IND
430,CU1B00052,BELL CERAMICS LIMITED,33,1,BELL CERAMICS LIMITED    DORA ,IND
431,CU1B00053,BENNETT COLEMAN AND COMPANY LIMITED,31,1,BENNETT COLEMAN AND COMPANY LIMITED  THE TIMES OF INDIA BUILDING DR D N ROAD MUMBAI ,IND
432,CU1B00054,BERI MOTORS,11,1,BERI MOTORS  2776/2 PEAREYLAL MOTOR MARKET KASHMERE GATE NEW DELHI ,IND
433,CU1B01036,BOMMIDALA PACKAGING LTD,41,1,BOMMIDALA PACKAGING LTD  MAMBAKKAM VILLAGE VANDALUR KELAMBAKKAM ROAD CHENGALPET TK KANCHIPURAM,IND
434,CU1B00407,BALAK PLASTICS,34,1,BALAK PLASTICS  YELLOW BUILDING 7 CHAMELI CHOWK SAGAR (M P) ,IND
435,CU1A01185,AMIT AYURVEDIC AND COSMEITCS,33,1,AMIT AYURVEDIC AND COSMEITCS PRODUCTS I PVT LTD BHARAT INDUSTRIAL ESTATE BIMPORE DAMAN ,IND
436,CU1A01186,ALVENIA HOSIERY MILLS,51,1,"ALVENIA HOSIERY MILLS  RAJA RAJESWARI GINNING FACTORY COMPOUND,DHARAPURAM ROAD TIRUPUR ",IND
437,CU1A01187,ANGU AUTO SERVICES,52,1,ANGU AUTO SERVICES ANGU NAGAR BYE-PASS ROAD COLLECTORATE POST OFFICE  DINDIGUL-4 ,IND
438,CU1A01188,AIRCOM LTDA,665,3,AIRCOM LTDA  CARRERA 54 NO 16-06 PEUENTE AR AND A COLUMBIA ,USD
439,CU1A01190,ASHOKA MILL STORES,11,6,"ASHOKA MILL STORES  743,REKABGANJ FAIZABAD UTTARPRADESH ",IND
440,CU1A01191,ANITHA PARANTHAMAN,45,1,"ANITHA PARANTHAMAN  119,LAL BAHADUR STREET  PONDICHERRY ",IND
441,CU1A01192,AUTO CENTRE,21,1,"AUTO CENTRE RAK,MAA 54 A, SECTOR - C INDUSTRIAL SRIGITTI,BILASPUR KORBA - 495 671 CHATTISGARH",IND
442,CU1A01193,ACER MOTORS,42,1,"ACER MOTORS  A-1, NO T1 VALLEY TRIMULGHARRY SECUNDERABAD ",IND
443,CU1A01155,AMBAL MODERN RICE MILL,52,1,AMBAL MODERN RICE MILL M.WAHITHA MDHAMED NATARASAPURAM PUDUVAYAL SIVAGANGAI DIST ,IND
444,CU1A01156,AMOLI ORGANICS LIMITED - BARODA,31,1,"AMOLI ORGANICS LIMITED - BARODA BLOCK NO:422 TO 425 NEAR ECP CANAL ROAD LUNA VILLAGE,PADRA TALUKA BARODA ",IND
445,CU1A01157,A-ONE WIRE INDUSTRIES PVT LTD,613,3,A-ONE WIRE INDUSTRIES PVT LTD  GPO BOX 20014 MAHARAJGUNJ KATHMANDU NEPAL,IND
446,CU1A01159,AMEER TOOLS,51,1,"AMEER TOOLS SHOP NO 6, MMA MARKET SOUTH  UKKADAM  COIMBATORE ",IND
447,CU1A01161,ANNAMAR RIG SERVICE,41,1,"ANNAMAR RIG SERVICE  111/6,CHINNASUBRAYA PILLAI ST  PONDICHERY ",IND
448,CU1A01162,ASHOKA MOULDERS PVT LIMITED,21,1,ASHOKA MOULDERS PVT LIMITED  3 BANSTOLLA GHAT ROAD SHIBPUR HOWRAH ,IND
449,CU1A00975,ALLAINCE MARUTHI SERVICE,53,1,ALLAINCE MARUTHI SERVICE  PANIPPALLY  KOLLAM ,IND
450,CU1A01058,ADHUNIK CORPORATION PVT LIMITED,21,1,ADHUNIK CORPORATION PVT LIMITED  HAHNIMAN SARANI ANGADPUR DURGAPUR ,IND
451,CU1A01060,ABHISHEK MOTORS PVT LTD,21,1,ABHISHEK MOTORS PVT LTD  MKD ROAD SILPATHUR GUNAHATI ,IND
452,CU1A01061,AQUA PACKKAGING SYSTEMS& EQUIPMENTS,41,1,AQUA PACKKAGING SYSTEMS& EQUIPMENTS  A73/5 TH STREET ANNANAGAR EAST CHENNAI ,IND
453,CU1A01062,ARUMUGA FABRICS PVT LTD,52,1,"ARUMUGA FABRICS PVT LTD  636/15,RAJAPALAYAM ROAD  CHATRAPATTI VIRUDHUNAGAR",IND
454,CU1A01063,ANJANEYA MOTORS,53,1,ANJANEYA MOTORS  9/2006 KOCHAR ROAD SASTHAMA NAALAM TRIVANDRUM ,IND
455,CU1A01065,AMANA TOYOTA,21,1,AMANA TOYOTA C/O VPK MOTORS PVT LTD VII/221-A NH 17 KOLATHARA CHERUVANNUR ,IND
456,CU1A01066,AGRO ENGINEERING,43,1,AGRO ENGINEERING  SHADE COMPOUND NEAR RACILWAY STATION GULBARGA ,IND
457,CU1A01067,ANBU AGENCY,41,1,"ANBU AGENCY  47/12,NACHIYAR COMPLEX  NORTH STREET VEDARANYAM",IND
458,CU1A01078,AMBUJA CEMENT EASTERN LTD,34,1,AMBUJA CEMENT EASTERN LTD  VELLAGE PO  RAWAN TEHSIL BALODA BAZAR RAIPUR DIST ,IND
459,CU1A01080,AS MOTORS PVT LTD,34,1,"AS MOTORS PVT LTD   SHIVPURI LINK ROAD, GRAM KEDARPUR, GWALIOR - 474002",IND
460,CU1A01081,AUTO HANGAR INDIA PVT LTD,31,1,"AUTO HANGAR INDIA PVT LTD  5/87,CENTA,AMROL NAKA ANDHERI KURLA ROAD ANDHERI (E) MUMBAI",IND
461,CU1A01082,ASL MOTORS PVT LTD,21,1,"ASL MOTORS PVT LTD NS-2, II ND PAHSE ADITYAPUR TATA-KANDRA MAIN ROAD JAMSHEDPUR ",IND
462,CU1A01084,AUTO SAFE,53,1,"AUTO SAFE  C/O GERORGE,HOUSE NO 40 PUTHUPARAMBIL BAINS COPOUND,NATHANCODE TRIVANDRUM",IND
463,CU1A01085,AA AUTO COLOUR CARE,52,1,AA AUTO COLOUR CARE  7/1184 A1 AINDU THALAIPPU VAIKAL MAYILADUTHURAI MAIN ROAD KUMBAKONAM,IND
464,CU1A01086,A-ONE AUTOMOBILES,11,1,A-ONE AUTOMOBILES  487/35 PEERA GARHI  DELHI ,IND
465,CU1A01087,ACCURATE EQUIPMENT,33,1,ACCURATE EQUIPMENT  OPP:TELEPHONE EXCHANGE SHAPAR(VERAVEL) RAJKOT(DT) KOTDASNQANI(TK) RAJKOT,IND
466,CU1A01089,AMMUNITION FACTORY,32,2,AMMUNITION FACTORY  KHADKI  PUNE ,IND
467,CU1A01147,AMINAL RICE MILL,52,1,"AMINAL RICE MILL  7,2D5-D,ILANANGUDI ROAD EMANESWARAM PARAMAKUDI RAMANATHAPURAM",IND
468,CU1A01148,A K AHAMED MODERN RICE MILL,54,1,"A K AHAMED MODERN RICE MILL  40/2,MANNARPALAYAM ROAD ALLIKUTTAI POST SALEM ",IND
469,CU1A01149,ANNAI ARISI ALAI,52,1,"ANNAI ARISI ALAI  THALAVAIPURAM MAIN ROAD 3/218,ATHITHANAR NAGAR THALAVAIPURAM ",IND
470,CU1A01151,ACME STEELS,51,1,"ACME STEELS  NO 135,PODANUR MAIN ROAD  COIMBATORE ",IND
471,CU1A01152,ASHWINI ENTERPRISES,32,1,"ASHWINI ENTERPRISES  1243/80,A SHIVAJI UDYAM NAGAR  KOLHAPUR ",IND
472,CU1A01153,"AC-2000,DE-VENEZVELA CA",662,3,"AC-2000,DE-VENEZVELA CA AIRE COMPRIMIDO,CALLEPPAL PALMA REAL,URB TRIGAL NORTE,ELIFICIO-B-2 PISO,VALENCIA ",IND
473,CU1A01164,ANUTRONICS PVT LTD,43,1,ANUTRONICS PVT LTD  S1&S2  VERNA ELECTRONICS CITY VERNA GOA ,IND
474,CU1A01165,AMITRONICS PVT LTD,43,1,AMITRONICS PVT LTD  26 B ELECTRONICS CITY 18TH KM HOUSE ROAD BANGALORE,IND
475,CU1A01167,AUGUSTAN KNITWEAR PVT LIMITED,51,1,"AUGUSTAN KNITWEAR PVT LIMITED 3/127A, MANICKAMPALAYAM KUNNATHURPUDUR POST KOVILPALAYAM COIMBATORE ",IND
476,CU1A01168,ANITHA TUBEWELLS,45,1,"ANITHA TUBEWELLS  7/3,NATESAN NAGAR  PONDICHERY-5 ",IND
477,CU1A01169,ATUL CARS,31,1,ATUL CARS  VISHAL BHAVAN AHINSA NAGAR JALNA ROAD AURANGABAD,IND
478,CU1A01170,AVANTIKA RAJ MOTORS ENTERPRISES,11,1,AVANTIKA RAJ MOTORS ENTERPRISES  RAWAN KI BAGICHI KESAR GANJ AJMER ,IND
479,CU1A01172,ATMA RAM AUTO ENTERPRISES,11,1,"ATMA RAM AUTO ENTERPRISES  NO 37/1,AGRA DELHI BYEPASS RD NEAR BHAGWANT TALKIES AGRA-5 ",IND
480,CU1A01434,AHKIL FAB,54,1,"AHKIL FAB  NO 1,SENGUNTHAPURAM PALLIPALAYAM ERODE ",IND
481,CU1B00050,BELLARY STEELS AND ALLOYS LIMITED,43,1,"BELLARY STEELS AND ALLOYS LIMITED  S 10/11, ANANTHAPUR ROAD  BELLARY ",IND
482,CU1B00184,B ARUNAGIRI & COMPANY,43,1,B ARUNAGIRI & COMPANY  ARUNAGIRI COMPLEX BY PASS ROAD HOSUR ,IND
483,CU1B00186,BAJRANGBALI ALLOYS PRIVATE LIMITED,21,1,"BAJRANGBALI ALLOYS PRIVATE LIMITED  NH 5, MANGULI CHHAK CHOUDWAR CUTTACK ",IND
484,CU1B00187,BHARUCHA AND SONS,33,1,"BHARUCHA AND SONS  PLOT NO 207, A ROAD GIDC ESTATE, PANDESARA SURAT ",IND
485,CU1B00188,BRAKES INDIA LIMITED,41,1,BRAKES INDIA LIMITED  BRAKE DIVISION  SHOLINGHUR ,IND
486,CU1A01347,ACE CARS,11,1,ACE CARS  PLOT NO 64-65 UDYOG VIHAR PHASE-IV GURGAON,IND
487,CU1A01287,AMMAN ROCK DRILLS,45,1,"AMMAN ROCK DRILLS  NO 86,3 RD STREET PANDA SOLLANATHEN PONDICHERRY ",IND
488,CU1A01288,ANGALAMMAN DRILLERS,45,1,"ANGALAMMAN DRILLERS  NO3,MADUKKAPAL ROAD KARIA MANICKKAM PONDICHERRY ",IND
489,CU1A01201,AM MODERN RICE MILL,54,1,AM MODERN RICE MILL  KATTUR ROAD SIVADHAPURAM SALEM-307 ,IND
490,CU1A01202,ASHOK LEYLAND LTD,31,1,"ASHOK LEYLAND LTD  PLOT NO 1 MIDC,INDL AREA GADEGAUM VILLAGE SAKOLI TALUK,BHANDARH-DIST",IND
491,CU1A01204,ASSOCIATED NEWS PAPERS OF,611,3,ASSOCIATED NEWS PAPERS OF CEYLON LTD LAKE HOUSE COLOMBO  SRILANKA SRILANKA,IND
492,CU1A01205,ARULPRAKASH,45,1,"ARULPRAKASH  NO 270,RANGAPILLAI STREET  PONDICHERRY-1 ",IND
493,CU1A01206,ABIRAMI BOREWELLS,45,1,ABIRAMI BOREWELLS  THANGAMURHU C C/O CHENNIAMALAI NO 70-A-KAMARAJ SALAI PONDICHERRY-11,IND
494,CU1A01207,ANANT TEXTILES PVT LTD,31,1,ANANT TEXTILES PVT LTD  NAVI  MUMBAI ,IND
495,CU1A01240,ABY K PETER,53,1,ABY K PETER  C/O ASHWATI ENTERPRISES KAZHUTHU MUTTU ERNAKULAM ,IND
496,CU1A01241,AMARJOTHI RICE MILL,51,1,AMARJOTHI RICE MILL  K.MUTHUSAMY & SONS PERIYAILLIYAM POTHIPALAYAM POST KANGAYAM-701,IND
497,CU1A01242,AUTO AGRIC INDUSTRIES PVT LTD,12,1,AUTO AGRIC INDUSTRIES PVT LTD  DEEG ROAD  BHARATPUR ,IND
498,CU1A01243,ASIA ENGINEERING,51,1,"ASIA ENGINEERING  SF NO 328,SHARP NAGAR WEST KALAPATTI ROAD COIMBATORE ",IND
499,CU1A01244,ARUNODHAYA MILLS,51,1,"ARUNODHAYA MILLS  302,MANICKKAPURAM ROAD  PALLADAM ",IND
500,CU1A01246,A V M AUTOS,52,1,A V M AUTOS 78 NO 9954 MARTHANDAPURAM 3RD STREET NEAR AVM TRUST PUDUKKOTTAI,IND
501,CU1A01247,ASSISTANT REGISTRAR SRIC,21,1,ASSISTANT REGISTRAR SRIC  INDIAN INSTITUTE OF TECHNOLES KHARAGPUR WEST BENGAL ,IND
502,CU1A01334,ARULSAKTHI RIG SERVICE,45,1,ARULSAKTHI RIG SERVICE  NO 36/76 URUVAIYUR MAIN ROAD PONDICHEERY ,IND
503,CU1A01365,A S R FAST DRILLERS,45,1,"A S R FAST DRILLERS PROP:SUGANTH S NO 51,PERUMAL KOIL STREET  PONDICHERRY ",IND
504,CU1A01499,ARUNS BISCUITS MACHINEERIES PVT LTD,51,1,"ARUNS BISCUITS MACHINEERIES PVT LTD  SF NO 213,SITE NO 6,SITRA KALAPATTI ROAD,KALAPATTI POST COIMBATORE ",IND
505,CU1A01500,AQUA FLOW,51,1,"AQUA FLOW  2/189C,KARAIMPALAYAM ROAD MYLAMPATTI PO COIMBATORE ",IND
506,CU1A01501,A S J TRADERS,611,3,"A S J TRADERS  119,ACWIS TOWN,HENDALA WATTALA SRILANKA ",USD
507,CU1A01503,A C S MODERN RICE MILL,52,1,"A C S MODERN RICE MILL  615,ILAYANGUDI ROAD KOTTHANDAN POST SIVAGANGAI ",IND
508,CU1A01505,AMRIT ENTERPRISES LTD,13,1,"AMRIT ENTERPRISES LTD  SITTO GUNNO ROAD VILL:RAIPURA,TEHSIL:ABOHAR PUNJAB ",IND
509,CU1B00191,BANKE BIHARI PROCESS (P) LIMITED,12,1,BANKE BIHARI PROCESS (P) LIMITED  E 63 MANDIA ROAD  PALI-MARWAR(RAJ). ,IND
510,CU1A01136,ASSOCIATED AUTOTEX ANCILLARIES PVT,51,1,"ASSOCIATED AUTOTEX ANCILLARIES PVT LIMITED(AUTOTEX) COATS,13/20 SITRA-KALAPATTY ROAD, AERODROME POST COIMBATORE ",IND
511,CU1A01139,ALMONARD LIMITED,51,1,"ALMONARD LIMITED  409/3A,EKAMBARA NAICKER INDUSTRIAL ESTATE ALAPPAKKAM,PORUR CHENNAI",IND
512,CU1A01140,AIRDOT COM PTE LTD,621,3,"AIRDOT COM PTE LTD  NO 156,GUL CIRCLE JURONG  SINGAPORE ",USD
513,CU1A01141,ANIJRA TEXFAB PVT LTD,33,1,ANIJRA TEXFAB PVT LTD    SURAT AHEMEDABAD,IND
514,CU1A01142,AJANTA BOTTLERS OF BLENDERS PVT LTD,21,1,"AJANTA BOTTLERS OF BLENDERS PVT LTD  361,RADIUM ROAD  RANCHI ",IND
515,CU1A01143,A D TEXTILES,54,1,"A D TEXTILES  1/104 SANJAY NAGAR ERODE ROAD,ATHUR ROAD KARUR ",IND
516,CU1A01144,ARAVIND CANS LIMITED,42,1,"ARAVIND CANS LIMITED  PLOT 83/C,KATTEDAN INDUSTRIAL ESTATE HYDERABAD ",IND
517,CU1A01208,AMARDEEP BOREWELLS,33,1,AMARDEEP BOREWELLS C/O RAMESHBHAI G THUMAR POST NANAVADALA THALUKA KALWAD DIST JAMNAGAR ,IND
518,CU1B00297,BORANA INDUSTRIES,12,1,"BORANA INDUSTRIES  E-39 BASNI,2ND PHASE INDL AREA  JODHPUR ",IND
519,CU1B00298,BT PATARAVALLI AUTO,11,1,BT PATARAVALLI AUTO    BELGIUM ,IND
520,CU1B00299,BACTOLAC PHARMACEUTICALS PRT LTD,11,1,BACTOLAC PHARMACEUTICALS PRT LTD    MAHABOO NAGAR ,IND
521,CU1B00300,BHAGIRADH AGRO PLAST PRIVATE,31,1,BHAGIRADH AGRO PLAST PRIVATE LIMITED   MUMBAI ,IND
522,CU1B00302,BANAI AUTO WORKS PRIVATE LIMITED,31,1,"BANAI AUTO WORKS PRIVATE LIMITED   OPP.MAROL POLICE CAMP OFF. MAROL MAROSHI ROAD ANDHERI (E), MUMBAI",IND
523,CU1B00303,BRIGHT BROTHERS LIMITED,31,1,"BRIGHT BROTHERS LIMITED  B-7/3,B-ROAD MIDC TARAPUR-BOISAR THANE ",IND
524,CU1B00304,BON BON SERVICE CENTRE,31,1,BON BON SERVICE CENTRE    MUMBAI ,IND
525,CU1A01248,APL POLYFAB PVT LTD,21,1,"APL POLYFAB PVT LTD  48-C,MATHESWARALLA ROAD  KOLKATTA-46 ",IND
526,CU1B00361,BHARAT BORING,33,1,BHARAT BORING    AHMEDABAD ,IND
527,CU1B00362,BLG ELECTRONICS LIMITED,33,1,BLG ELECTRONICS LIMITED    AHMEDABAD ,IND
528,CU1B00363,BAJAJ POWER EQUIPMENTS P LTD,32,1,"BAJAJ POWER EQUIPMENTS P LTD  S NO:227/3,NIMBLAK MIDC  AHMEDNAGAR MAHARASTRA",IND
529,CU1B00365,BHAGAWATI EQUIPMENTS,33,1,BHAGAWATI EQUIPMENTS    AHMEDABAD ,IND
530,CU1B00367,BHUSHAN PROCESSORS PVT LIMITED,33,1,BHUSHAN PROCESSORS PVT LIMITED    AHMEDABAD ,IND
531,CU1B00368,BHIMANI BOREWELL,33,1,BHIMANI BOREWELL    AHMEDABAD ,IND
532,CU1B00369,BIRLA VXL LIMITED,33,1,BIRLA VXL LIMITED    AHMEDABAD ,IND
533,CU1A01506,AFCONS INFRASTRUCTURE LIMITED,31,1,"AFCONS INFRASTRUCTURE LIMITED AFCONS HOUSE 16 SHAH INDUSTRIAL ESTATE VEERA DESAI ROAD,AZAD NAGAR PB NO 11978,ANDHERI EAST MUMBAI",IND
534,CU1B00131,BPL INDIA LIMITED,43,1,"BPL INDIA LIMITED  9TH KM,BANNERGHATTA ROAD N.S.PALYA BANGALORE ",IND
535,CU1B00132,BPL LIMITED,43,1,"BPL LIMITED  KIADB INDL. AREA, YEDEHALLI DOBBESET, TUMKUR ROAD BANGALORE ",IND
536,CU1B00133,BPL SANYO TECHNOLOGIES LIMITED,43,1,"BPL SANYO TECHNOLOGIES LIMITED  PLOT NO.1, KIADB INDL. AREA DODDABALAPUR BANGALORE ",IND
537,CU1B00135,BPL TELECOM LIMITED,51,1,BPL TELECOM LIMITED  POST BOX NO 50 KOOTU PATHA PALAKKAD ,IND
538,CU1B00136,BRAKES INDIA LIMITED,43,1,BRAKES INDIA LIMITED  PLOT NO. 3A  KIADB INDL. AREA NANJANGUD MYSORE ,IND
539,CU1B00137,BRENTFORD JAMES AND COMPANY,11,1,BRENTFORD JAMES AND COMPANY  383 SURKHA CHAWNI NAINITAL BYE PASS ROAD BAREILLY ,IND
540,CU1A01256,AGRO MACHNIERY CORPARATION,32,1,"AGRO MACHNIERY CORPARATION  153,BHAVANI PETH SATARA MAHARASHITRA STATE ",IND
541,CU1B00004,B M SORNAM PILLAI SONS,52,6,B M SORNAM PILLAI SONS   59  WEST CAR STREET DINDIGUL-624001 TAMILNADU,IND
542,CU1B00006,BRAKES INDIA LIMITED,41,1,BRAKES INDIA LIMITED  PADI  CHENNAI ,IND
543,CU1B00139,BRIDGE AND ROOF CO (INDIA) LIMITED,21,1,"BRIDGE AND ROOF CO (INDIA) LIMITED FLAT NO:17-18, 3RD FLOOR HARRINGTON MANSION 8, HO-CHI-MINH SARANI CALCUTTA ",IND
544,CU1B00140,BRIGHT CASTINGS,51,1,"BRIGHT CASTINGS  115 VK ROAD, B R PURAM 115 VK ROAD, B R PURAM PEELAMEDU COIMBATORE",IND
545,CU1B00144,BRINDAVAN TEA AND INDUSTRIES,51,1,BRINDAVAN TEA AND INDUSTRIES  NEDUGULA  THE NILGIRIS ,IND
546,CU1B00306,BLUE BLENDS (I) LIMITED,31,1,BLUE BLENDS (I) LIMITED    MUMBAI ,IND
547,CU1A01310,ALAVEESON TYRES,53,1,ALAVEESON TYRES MOHAMED P CALICUT ROAD OPP:NARTHAGI THEATRE MANJERI MALAPURAM DIST,IND
548,CU1A01443,ARYA VAIDYA NILAYAM,52,1,ARYA VAIDYA NILAYAM  175-A VILACHERRY MAIN ROAD MUNIYANDIPURAM MADDURAI ,IND
549,CU1A01444,AJANTHA ROTARY PRINTS,51,1,"AJANTHA ROTARY PRINTS  2000/3,MURUGAMPALAYAM IDUVAMPALAYAM POST TIRUPUR ",IND
550,CU1A01446,ASSET AUTO INDIA PVT LTD,31,1,"ASSET AUTO INDIA PVT LTD  BHARAT INDUSTRIAL ESTATE OPP-HOTEL SHERA,LBS ROAD BHANDUP,MUMBAI ",IND
551,CU1A01447,ANURAJ EQUIPMENTS PVT LTD,42,6,"ANURAJ EQUIPMENTS PVT LTD  101,IST FLOOR,MAHAVIR COMPLEX HYDERBASTI SECUNDERABAD ",IND
552,CU1A01448,ANNAI AGRO PUMPS,52,6,"ANNAI AGRO PUMPS  174/1,NELLAI LODGE BUILDING S N HIGH ROAD TIRUNELVELI ",IND
553,CU1A01449,AGRO AUTOMOBILES,11,1,AGRO AUTOMOBILES  FAIZABAD ROAD  SULTANPUR ,IND
554,CU1B00370,BOEHRINGER MANNHEM INDIA LIMITED,31,1,BOEHRINGER MANNHEM INDIA LIMITED    MUMBAI ,IND
555,CU1A01317,ARUNACHALAM SP,45,1,"ARUNACHALAM SP S/OPONNUSAMY GOUNDER NO 6,LALAS STREET SULTANPET PONDICHEERY ",IND
556,CU1A01318,ARAVIND KNIT FABB,51,1,ARAVIND KNIT FABB  4/90 KARUPPA GOUNDANPALAYAM RD VEERAPANDI TIRUPUR ,IND
557,CU1A01319,AMAR JOTHI MACHINERY CORPORATION,42,1,"AMAR JOTHI MACHINERY CORPORATION  11-176/1,FATEHNAGAR  HYDERABAD ",IND
558,CU1A01321,ARCHIE OFFSET PRINTERS,613,3,"ARCHIE OFFSET PRINTERS  P O BOX 9162, ACDURBAR OVRBARMARG,KATHMANDU NEPAL ",IND
559,CU1A01455,ARUNKANNAN MODERN RICE MILL,52,1,"ARUNKANNAN MODERN RICE MILL  81-C,CHINTHAMANI RING ROAD  MADURAI ",IND
560,CU1A01456,ABHEDYA INDUSTRIES LTD,42,1,ABHEDYA INDUSTRIES LTD  6-3-1/176/A BEHIND BLUE MOON HOTEL BEGUMPET HYDERABAD,IND
561,CU1A01457,A S CARGO MOVERS PVT LTD,41,1,"A S CARGO MOVERS PVT LTD  86,NUNGAMBAKKAM HIGH ROAD  CHENNAI ",IND
562,CU1B00138,BRENTFORD JAMES TRADING CORPORATION,11,1,BRENTFORD JAMES TRADING CORPORATION  179 CIVIL LINES  BAREILLY ,IND
563,CU1B00358,BALKRISHAN DYEING & PRINTING P.LTD,33,1,"BALKRISHAN DYEING & PRINTING P.LTD  PLOT NO 394, G I D C PANDESARA SURAT ",IND
564,CU1B00359,BINDAL SILK MILLS PRIVATE LIMITED,33,1,"BINDAL SILK MILLS PRIVATE LIMITED  PLOT 216,KADODARA CHAR RASTA TALUKA PALSANA SURAT ",IND
565,CU1B00360,BALMER LAWRIE & CO LIMITED,31,1,"BALMER LAWRIE & CO LIMITED  GREASES & LUBRICANTS DIVISION SURVEY NO.201/1, SAYLI, D & H SILVASSA ",IND
566,CU1B00373,BACHOO GARAGE,31,1,BACHOO GARAGE    MUMBAI ,IND
567,CU1B00374,BAYER INDIA LIMITED,31,1,BAYER INDIA LIMITED    MUMBAI ,IND
568,CU1B00375,BRIHAN MAHARASHTRA STEEL INDUSTRIES,31,1,"BRIHAN MAHARASHTRA STEEL INDUSTRIES LIMITED A-25, M I D C, ROAAD NO:3 MAROL INDL AREA, ANDHERI (E) MUMBAI ",IND
569,CU1B00376,BLOW PLAST LIMITED,31,1,BLOW PLAST LIMITED    MUMBAI ,IND
570,CU1B00145,B R MOTORS PRIVATE LIMITED,43,1,B R MOTORS PRIVATE LIMITED  HOSTO CENTRE NO. 43 MILLERS ROAD BANGALORE ,IND
571,CU1A01437,AADI MOTORS PVT LTD,42,1,AADI MOTORS PVT LTD  16-11-19/8/1-APPACHI COMPLEX SALEEM NAGAR COLONY MALAKPET HYDERABAD,IND
572,CU1A01438,ALAM TANNERY PVT LTD,21,1,"ALAM TANNERY PVT LTD  187,PARK STREET KOLKATTA WEST BANGAL ",IND
573,CU1A01439,AUTOWINGS,11,1,"AUTOWINGS  G-32,SITE IV KASNA INDUSTRIAL AREA GREATER NOIDA UP ",IND
574,CU1A01440,APRA AUTO INDIA PVT LTD,11,1,"APRA AUTO INDIA PVT LTD  K 804/2,MAHIPALPUR  NEW DELHI ",IND
575,CU1A01442,AGRA TRADING COMPANY,11,1,AGRA TRADING COMPANY  GHATWASN TEJ NAGAR KAMLA NAGAR AGRA ,IND
576,CU1B00007,BHAGWANDAS METALS LIMITED,41,1,BHAGWANDAS METALS LIMITED  117 SADAYANKUPPAM VILLAGE ROAD MANALI CHENNAI ,IND
577,CU1A01451,A K ENGINEERING WORKS,11,6,"A K ENGINEERING WORKS  21 B 2,INDUSTRIAL AREA DADA NAGAR KANPUR ",IND
578,CU1A01349,ANDAVAR MODERN RICE MILL,51,1,"ANDAVAR MODERN RICE MILL  204,PUTHUR ITTERI ROAD NETHIMEDU SALEM ",IND
579,CU1A01350,ANAND ENTERPRISES,31,1,"ANAND ENTERPRISES  109,GAYA BUILDING ROOM NO -11 3RD FLOOR,MASJID MUMBAI",IND
580,CU1A01351,AUTOWAY,33,1,"AUTOWAY  MARUTHI AUTHORISED SERVICE STN NEAR VASNA PETROL PUMP VASNA CROSS ROAD VASNA,AHMEDABAD",IND
581,CU1A01353,ALAGUINDIRAN AUTO PVT LTD,51,1,"ALAGUINDIRAN AUTO PVT LTD  757,CROSS CUT ROAD  COIMBATORE ",IND
582,CU1A01354,ABAC AMERICAN IMC INC,651,3,"ABAC AMERICAN IMC INC  1623,CEDAR LINE DRIVE ROCEHIL 4 SC29730 USA",IND
583,CU1A01487,ABTIN TEJARAT META TEHARD,678,3,ABTIN TEJARAT META TEHARD  15 KANGI LANE KHOSHE STREET TEHRAN ,USD
584,CU1A01488,AMMAN ARUL BOREWELLS,45,1,AMMAN ARUL BOREWELLS  THIRUVALLUVAR SALAI PILLIYAR KUPPAM PONDICHERRY ,IND
585,CU1A01355,AIR POWER ENGINEERING,41,6,"AIR POWER ENGINEERING  NO 11,WEST MADA STREET KOYAMBEDU CHENNAI ",IND
586,CU1A01357,ANANTHA REDDY P,45,1,"ANANTHA REDDY P  NO 7,EASWARAN KOIL STREET  PONDICHEERY ",IND
587,CU1A01358,ADHUNIK ISPAT PVT LTD,21,1,ADHUNIK ISPAT PVT LTD  RATURIA ANGADPUR DURGAPUR(WB) ,IND
588,CU1A01359,ANTIM KNITINGS DYEING & FINISHING,612,3,"ANTIM KNITINGS DYEING & FINISHING  39,BILKUSHA C/A 4TH FLOOR DHAKA-1000 BANGLADESH",USD
589,CU1A01361,ANANT SYNTEX LTD,12,1,ANANT SYNTEX LTD  PB NO 107 VILLAGE GATHILA KHERA CHITTORGARH ROAD BHILWARA,IND
590,CU1A01362,AUTTO MOTTO,45,1,"AUTTO MOTTO  TVS EXPRESS,DOOR NO PP ARCHANA HOME PALLUMEDU KANNUR PONDICHEERY",IND
591,CU1B00377,BOMBAY PORT TRUST,31,1,BOMBAY PORT TRUST    MUMBAI ,IND
592,CU1A01337,AANCHAL ENTERPRISES,21,1,"AANCHAL ENTERPRISES  22,BURO SHIVTOLLA MAIN ROAD  KOLKATTA ",IND
593,CU1A01338,ANURAG FERRO PRODUCTS PVT LTD,21,1,ANURAG FERRO PRODUCTS PVT LTD  GOIBHANGA  KALUNGA ORISSA,IND
594,CU1A01339,AGNI INCORPORATED PVT LTD,613,3,AGNI INCORPORATED PVT LTD  P O BOX 3545 TOYODA HOUSE KATHMANDU NEPAL,IND
595,CU1A01340,ABS ENGINEERS,41,1,ABS ENGINEERS  6/3 EAST PARK STREET VENKATAPURAM AMBATTUR CHENNAI,IND
596,CU1A01342,ASHISH PNEUMATIC DRILLERS,45,1,"ASHISH PNEUMATIC DRILLERS  NO 61,AMMAN KOIL STREET KANUVAPET PONDICHERRY ",IND
597,CU1A01343,A K BOREWELLS,45,1,A K BOREWELLS  PROP OERIASAMY MR MARIAMMAN KOIL STREET PONDICHERRY ,IND
598,CU1B00276,BPL ENGINEERING LIMITED,43,1,BPL ENGINEERING LIMITED  SERVICE DIVISION NO.110 LALBAGH ROAD BANGALORE ,IND
599,CU1B00010,BHARAT HEAVY ELECTRICALS LIMITED,11,2,BHARAT HEAVY ELECTRICALS LIMITED   P O. BHEL JHANSI UP - 248 129,IND
600,CU1B00012,BAJAJ TEMPO LIMITED,32,1,BAJAJ TEMPO LIMITED  BOMBAY POONA ROAD AKURDI PUNE ,IND
601,CU1B00013,BANNARI AMMAN INSTITUTE OF,51,1,BANNARI AMMAN INSTITUTE OF TECHNOLOGY ALATHUKOMBAI VILLAGE SATHYMANGALAM ERODE ,IND
602,CU1B00014,BABULAL AUTOMOBILES,31,1,BABULAL AUTOMOBILES  1521 DAJIPETH  SOLAPUR ,IND
603,CU1B00015,BADRINARAYANAN K,41,1,BADRINARAYANAN K    CHENNAI ,IND
604,CU1B00016,BAGARIA VEGATABLES PRODUCTS PRIVATE,32,1,BAGARIA VEGATABLES PRODUCTS PRIVATE LIMITED ZAFARI GATE  AURANGABAD ,IND
605,CU1A01489,ALARD INDUSTRIES LIMITED,32,1,"ALARD INDUSTRIES LIMITED  243,CLOVER CENTRE 2ND FLOOR,D-WING,7,MOLEDINA RD PUNE ",IND
606,CU1A01209,AMBAL AUTO AGENCY,52,1,AMBAL AUTO AGENCY  AMBAL TOWERS SANNATH STREET VEDARANYAM ,IND
607,CU1A01210,AIR MASTER COMPRESSORS PVT LTD,631,3,"AIR MASTER COMPRESSORS PVT LTD  187,MC KINLEY TRACK WOODEND VICTORIA 3446 AUSTRALIA ",USD
608,CU1A01211,ASTRAZENECA INDIA PVT LTD,43,1,ASTRAZENECA INDIA PVT LTD  277 T CHOWDAIAH ROAD MALLESWARAM BANGALORE ,IND
609,CU1A01212,ATHIAPPAN  K,45,1,ATHIAPPAN  K     PONDICHERRY-5,IND
610,CU1A01215,ANNADURAI,45,1,ANNADURAI  NO 422-B-M G ROAD  PONDICHERRY-1 ,IND
611,CU1A01216,ASA MOTORS,41,1,ASA MOTORS  NEW KATPADI ROAD OPP. CHELLIAMMAN KOVIL VELLORE ,IND
612,CU1A01217,AKZO MOBAL CAR REFINISHES INDIA,31,1,AKZO MOBAL CAR REFINISHES INDIA PVT LTD PLIGUMPA VILLAGE HOSKOTES TALUKA BANAGALORE ,IND
613,CU1A01249,ASSAM BARYTES PVT LTD,21,1,ASSAM BARYTES PVT LTD  C/O JAYBEE AUTO  TINSUKA ,IND
614,CU1A01250,AIROX NIGEN EQUIPMENTS PVT LTD,33,1,"AIROX NIGEN EQUIPMENTS PVT LTD  L2326/2,THIRD PHASE G I D C VAPI GUJARAT",IND
615,CU1A01251,ATOFINA PEROXIDES INDIA LTD,41,1,ATOFINA PEROXIDES INDIA LTD  SEMMANKUPPAM  CUDDALORE ,IND
616,CU1A01252,AVM AUTOS,41,1,"AVM AUTOS  T S NO 5623,SOUTH 4TH STREET  PUDUKKOTTAI - 01 ",IND
617,CU1A01255,AMUDHAM DAIRY PRODUCT PVT LTD,51,1,"AMUDHAM DAIRY PRODUCT PVT LTD  554/15,RAJAPALAYAM ROAD  CHATRAPATTI ",IND
618,CU1A01421,ADHIKARY MOTOR NORKS,21,1,ADHIKARY MOTOR NORKS  PO DHALIGAON DIST BONGAIGAON ASSAM ,IND
619,CU1A01422,ARATHI A1 TRADERS,52,1,ARATHI A1 TRADERS  9D/14 RAMAKRISHNAPURAM  KARUR ,IND
620,CU1A01465,AIR POWER ENGINERING,41,6,"AIR POWER ENGINERING  NO 29,POOKARA STREET MUTHYALPET & POST PONDICHERRY ",IND
621,CU1B00223,BENZ AUTOMOBILES,53,1,BENZ AUTOMOBILES    ERNAKULAM ,IND
622,CU1B00224,BAID INDUSTRIAL CORPORATION,12,1,BAID INDUSTRIAL CORPORATION    JAIPUR ,IND
623,CU1B00225,BHAGAWANDAS PUROHOTAM DAS,12,1,BHAGAWANDAS PUROHOTAM DAS    JAIPUR ,IND
624,CU1A01335,ANBU AUTOMOBILES AGENCY,45,1,"ANBU AUTOMOBILES AGENCY  138-3,ANNASALAI ATTUR ROAD RASIPURAM PONDICHEERY ",IND
625,CU1A01377,ARUNODAYA COAL AGENCY,45,1,ARUNODAYA COAL AGENCY  RAMJIST THAVALAKUPPAM PONDICHERRY ,IND
626,CU1A01380,ANAND TRADERS,52,6,"ANAND TRADERS  362, TENKASI ROAD  RAJAPALAYAM ",IND
627,CU1A01381,ARUNA A,45,1,"ARUNA A  NO 131,CUDDALORE ROAD MURUGANPAKKAM PONDICHERRY ",IND
628,CU1B00008,BABA ATOMIC RESEARCH CENTRE,31,2,BABA ATOMIC RESEARCH CENTRE CENTRAL ACCOUNTS UNIT/DPS VIKRAM SARABAI BHAVAN ANUSAKTHI NAGAR MUMBAI ,IND
629,CU1B00193,BIRLA ERICSSON OPTICAL LIMITED,34,1,BIRLA ERICSSON OPTICAL LIMITED  UDYOG VIHAR CHORHATA POST REWA ,IND
630,CU1A01322,ADARSH MARKETING,12,1,"ADARSH MARKETING  B-139,ROAD NO:12 VISHWAKARMA INDUSTRIAL AREA JAIPUR RAJASTHAN",IND
631,CU1A01323,ABLE ENTERPRISES,31,1,"ABLE ENTERPRISES  NARDOLI WADI OFF JABODI ROAD GIRIJ TALAO,VASI(WEST) DIST THANE",IND
632,CU1A01324,ANJANI KNIT (INDIA) PVT LTD,21,1,"ANJANI KNIT (INDIA) PVT LTD  159,RABINDRA SARANI  KOLKATTA ",IND
633,CU1A01325,ATHIBAN TRADERS,51,1,"ATHIBAN TRADERS  27,NETHAJI ROAD ARUPPUKOTTAI VIRUDHUNAGAR-DIST ",IND
634,CU1A01327,ANNUR JAYABALAJI TEXTILES PVT LTD,51,1,"ANNUR JAYABALAJI TEXTILES PVT LTD  SF NO 527,KAREGOUNDERMPALAYAM KARIYAMPALAYAM PONGALUR POST ANNUR",IND
635,CRA000278,AIR ENGINEERING SERVICESS,51,6,"AIR ENGINEERING SERVICESS   2/31A  THENNAMPLAYAM ARASUR, COIMBATORE 641 407-TN",IND
636,CU1A01328,AIR ENGINEERING SERVICESS,51,6,"AIR ENGINEERING SERVICESS   2/31A  THENNAMPLAYAM ARASUR, COIMBATORE 641 407-TN",IND
637,CU1A01218,AMBARISH IRRIGATION,32,1,AMBARISH IRRIGATION  BESIDE NAGAR PARISHAD  MASTAGAD JALNA,IND
638,CU1B00309,BYCULLA FIRE BRIGADE STAION,31,1,BYCULLA FIRE BRIGADE STAION    BOMBAY ,IND
639,CU1B00311,BENI IMPEX,31,1,"BENI IMPEX   JNPT, NAVI MUMBAI  ",IND
640,CU1B00312,BOC INDIA LIMITED,31,1,"BMTC DEPOT-48   BYRATHI, HENNUR BAGLUR MAIN ROAD BENGALURU-560077",IND
641,CU1B00313,BIRLA AIRCON,11,1,"BIRLA AIRCON  149, OPP. OLD DELHI CHUNGI DELHI ROAD MEERUT (U P) ",IND
642,CU1B00314,BM SILK MILLS,33,1,BM SILK MILLS    SURAT ,IND
643,CU1A01423,ADROIT AUTOMATION INDIA (P) LTD,51,1,"ADROIT AUTOMATION INDIA (P) LTD.   NO 4/1 B(1) UNJAPPALAYAM ROAD, KOLLUPALAYAM,KANIYUR (POST), COIMBATORE - 641 659",IND
644,CU1B00371,BOMBAY MUNCIPAL CORPORATION,31,1,BOMBAY MUNCIPAL CORPORATION    MUMBAI ,IND
645,CU1B00329,BHOPAL SERVICE STATION,34,1,BHOPAL SERVICE STATION  SULTANA ROAD  BHOPAL ,IND
646,CU1B00331,BORA SERVICE,21,1,BORA SERVICE    JAYSAGAR ASSAM,IND
647,CU1B00332,BANDEL THERMAL POWER STATION,21,2,BANDEL THERMAL POWER STATION    WEST BENGAL ,IND
648,CU1B00333,BIJOY KUMAR SHIVA,21,1,BIJOY KUMAR SHIVA    WEST BENGAL ,IND
649,CU1B00335,BIMETAL BEARINGS LIMITED,51,1,"BIMETAL BEARINGS LIMITED  18,RACE COURSE ROAD  COIMBATORE ",IND
650,CU1A01382,ADARSH MARKETING,11,1,ADARSH MARKETING  KHASRA NO 301 & 302 NEAR HANUMAN DHARMA KANTA VILLAGE HAMIDPUR DELHI,IND
651,CU1B00260,BOGE KOMPRESSOREN,641,3,BOGE KOMPRESSOREN  POSTFACH 100713 33507 BIELEFELD GERMANY ,EUR
652,CU1B00262,B T P SRUCTURAL (INDIA) PVT LTD,43,1,B T P SRUCTURAL (INDIA) PVT LTD  POONA BANGALORE ROAD  BELGAUM ,IND
653,CU1B00263,BABOOLAL ANILKUMAR,11,1,"BABOOLAL ANILKUMAR  4138,2ND FLOOR NAYA BAZAR DELHI ",IND
654,CU1B00264,BALAJI BOREWELLS,33,1,"BALAJI BOREWELLS  271,SAI KRUPA COLONY NEAR BOMBAY HOSPITAL INDORE ",IND
655,CU1B00265,BALAKRISHNAN B,43,1,BALAKRISHNAN B    KGF ,IND
656,CU1B00266,BALASUBRAMANIAR CASTINGS,43,1,BALASUBRAMANIAR CASTINGS PRIVATE LIMITED   HOSUR ,IND
657,CU1B00268,BANGALORE MECHATRONICS PRIVATE,43,1,BANGALORE MECHATRONICS PRIVATE LIMITED   BANGALORE ,IND
658,CU1B00146,BROOKE BOND LIPTON INDIA LIMITED,43,1,BROOKE BOND LIPTON INDIA LIMITED  OLD MADRAS ROAD POST BOX NO 1676 BANGALORE ,IND
659,CU1B00147,BROOKE BOND LIPTON INDIA LIMITED,11,1,BROOKE BOND LIPTON INDIA LIMITED  INSTANT TEA PLANT KASGANJ ROAD ETAH ,IND
660,CU1B00149,BROTHERS POLYPACK PRIVATE LIMITED,11,1,BROTHERS POLYPACK PRIVATE LIMITED  52 INDUSTRIAL AREA  LUDHIANA ,IND
661,CU1B00271,BATLIBOI ENGINEERS (BANGALORE),43,1,BATLIBOI ENGINEERS (BANGALORE) LIMITED   BANGALORE ,IND
662,CU1B00272,BELGAUM CO-OPERATIVE COTTON,43,1,BELGAUM CO-OPERATIVE COTTON SPINNING MILLS LIMITED    ,IND
663,CU1B00273,BHARAT GOLD MINES LIMITED,43,1,BHARAT GOLD MINES LIMITED    KOLAR ,IND
664,CU1B00274,BHOOTE GLASS TRADERS,43,1,BHOOTE GLASS TRADERS    HUBLI ,IND
665,CU1B00275,BILL FORGE PRIVATE LIMITED,43,1,BILL FORGE PRIVATE LIMITED  9C BOMMASANDRA INDL.AREA HOSUR ROAD BANGALORE ,IND
666,CU1B00318,BAHUMA POLYTEX LIMITED,33,1,BAHUMA POLYTEX LIMITED    AHMEDABAD ,IND
667,CU1A01453,ARM TANZANIA LTD,694,3,"ARM TANZANIA LTD  P O BOX 967,MAWERNI TANGA TANZANIA ",USD
668,CU1B00018,BAGYALAKSHMI FINANCE,54,1,BAGYALAKSHMI FINANCE  2/250 - B PONNAGAR  METTUR ,IND
669,CU1B00019,BAJAJ AUTO LIMITED,31,1,BAJAJ AUTO LIMITED  BAJAJ NAGAR WALUJ AURANGABAD ,IND
670,CU1B00020,BAJAJ AUTO LIMITED,32,1,BAJAJ AUTO LIMITED  AKURDI  PUNE ,IND
671,CU1B00021,BAJAJ DHATU UDYOG,34,1,BAJAJ DHATU UDYOG (A DIV OF BAJAJ PLASTIC LTD) D 2/A MIDC HINGNA INDL. ESTATE  NAGPUR ,IND
672,CU1B00023,BALAJI DISTILLERS LIMITED,41,1,BALAJI DISTILLERS LIMITED  BANGALORE BYE-PASS ROAD POONAMALLEE CHENNAI ,IND
673,CU1B00024,BALAJI INDUSTRIES,33,1,BALAJI INDUSTRIES   RAJGARH MIRZAPUR- UP ,IND
674,CU1A01460,AKASH HYUNDAI,21,1,AKASH HYUNDAI  ATUL PLAZA  NAGAON ,IND
675,CU1A01461,AKASH HYUNDAI,21,1,"AKASH HYUNDAI  ATUL PLAZA,N H 37 SENCHOWA NAGAON ",IND
676,CU1A01462,ARIHANT GRANITES,52,1,"ARIHANT GRANITES  118/2-B,SIVAGANGAI ROAD VARICHIYUR MADURAI ",IND
677,CU1A01464,A V BERNARD COMPANY,53,1,"A V BERNARD COMPANY (COATING AND SERVICE) D NO XVII/174,78 PUNITHRA- -MAIN ROAD,TRIPUNITHURA COCHIN ",IND
678,CU1B00029,BALAMURUGAN BORE WELLS,43,1,"BALAMURUGAN BORE WELLS  HAZ COMPLEX, FIRST FLOOR OPP BASAVESHWAR CHOWK BIJAPUR ",IND
679,CU1B00031,BALAVASAVI SERVICE STATION,51,1,BALAVASAVI SERVICE STATION  .  COONOOR ,IND
680,CU1B00269,BANGALORE PHARMACEUTICALS AND,43,1,BANGALORE PHARMACEUTICALS AND RESEARCH LAB PRIVATE LIMITED    ,IND
681,CU1B00378,BLOW CAN INDUSTRIES,31,1,BLOW CAN INDUSTRIES    MUMBAI ,IND
682,CU1B00379,BRITANIA INDUSTRIES LIMITED,31,1,BRITANIA INDUSTRIES LIMITED    MUMBAI ,IND
683,CU1B00380,BALMER LAWRIE & CO  LIMITED,31,1,BALMER LAWRIE & CO  LIMITED  149 JECKERIA BUNDER MARG SEWREE NO.201/1 MUMBAI ,IND
684,CU1B00381,BAJAJ AQUA TECH,21,1,BAJAJ AQUA TECH  B-14 RASULGARH INDUSTRIAL ESTATE BHUBANESWAR ORISSA,IND
685,CU1B00382,BAHETY CHEMICALS & MINERALS (PVT),43,1,"BAHETY CHEMICALS & MINERALS (PVT) LIMITED C-I, INDUSTRIAL ESTATE AMBEWADI DENDELI ",IND
686,CU1B00395,BHANDARI INDUSTRIES LIMITED,32,1,BHANDARI INDUSTRIES LIMITED  GATE NO.1028 VILLAGE SHIROLI PUNE ,IND
687,CU1B00315,BHARAT ENGINEERING CO,43,1,BHARAT ENGINEERING CO  NEAR GUNJ  GULBARGA ,IND
688,CU1B00396,BAJAJ CARPET INDUSTRIES LIMITED,33,1,BAJAJ CARPET INDUSTRIES LIMITED  P O KULESRA NODIA-DADRI HIGHWAY GREATER NOIDA ,IND
689,CU1B00397,BHAVIM TEXTILES,33,1,"BHAVIM TEXTILES  PROCESSING DIVISION 243/2-3 GIDC, PANDESARA SURAT ",IND
690,CU1A01330,APEX PHARMACEUTICAL PVT LTD,613,3,APEX PHARMACEUTICAL PVT LTD  BIRGUNJ  NEPAL ,IND
691,CU1A01331,ARDENT ENGINEERS,11,1,"ARDENT ENGINEERS  202,MAGNUM BUSINEERS CENTRE E-46 NARAINA VIHAR NEW DELHI ",IND
692,CU1A01332,A T M TEX,51,1,"A T M TEX  30,CHINNANDAN KOVIL ROAD  KARUR ",IND
693,CU1A01476,ANKIT STEEL WORKS PVT LTD,21,1,"ANKIT STEEL WORKS PVT LTD  35,C R AVENUE  KOLKATTA ",IND
694,CU1A01477,AKAL MARKETING & LOGISTICS,43,1,"AKAL MARKETING & LOGISTICS  NO 54,GURU GOBIND SINGH AVENUE BYE PASS,G T ROAD JALLANDHAR ",IND
695,CU1A01478,AIRTEK SYSTEMS,652,3,"AIRTEK SYSTEMS  12427-135 STREET ALBERIA,EDMONTON CANADA ",USD
696,CU1A01480,AJANTHA EARTH MOVERS,45,1,AJANTHA EARTH MOVERS  METTU STREET PUDUKUPPAM PONDICHERRY ,IND
697,CU1A01481,AUTO CENTRE,21,1,AUTO CENTRE  225C A J C BOSE ROAD  KOLKATA ,IND
698,CU1B00025,BALAJI MILLS,51,1,"BALAJI MILLS  KEMBANAICKENPALAYAM K G PALAYAM POST, POGALUR VIA COIMBATORE ",IND
699,CU1A01490,ANUGRAHA VALVE CASTINGS LTD,51,1,"ANUGRAHA VALVE CASTINGS LTD  391/2,S G PUDUR,ARASUR VILLAGE PALLADAM TALUK COIMBATORE ",IND
700,CU1A01491,AMARNTHAVAL RICE MILL,41,1,AMARNTHAVAL RICE MILL  THAYARKULAM STREET  KANCHIPURAM ,IND
701,CU1A01493,AKSHARA INDUSTRIES LTD,41,1,"AKSHARA INDUSTRIES LTD  EGUVARIPALAYAM VILLAGE NO:9,GUMMIDIPOONDI (TK) THIRUVALLUR TAMILNADU",IND
702,CU1A01494,AISIN NTTF PVT LTD,43,1,"AISIN NTTF PVT LTD  NO 40/40A,ELECTRONICS CITY HOUSUR ROAD BANGALORE ",IND
703,CU1A01495,ALPHA PNUMATICS PVT LTD,31,1,"ALPHA PNUMATICS PVT LTD C/O JOLY AIR EQUIPMENT PVT LTD UNIT NO 2,A WING,TIRUPATI UDYG SATWALI ROAD,VASAI EAST THANE ",IND
704,CU1A01497,ANAMALLAIS TOYOTA,52,1,ANAMALLAIS TOYOTA    MADURAI ,IND
705,CU1B00062,BHAGWAN DAS SATYA NARAYAN SILK MILL,42,1,"BHAGWAN DAS SATYA NARAYAN SILK MILL S PVT LIMITED D.NO.7-3-153/4 SY.NO.245 & 246 GAGAN PAHAD, RAJENDER NAGER(M) HYDERABAD ",IND
706,CU1B00032,BALAVIGNA WEAVING MILLS PRIVATE LIM,52,1,BALAVIGNA WEAVING MILLS PRIVATE LIM ITED NO 10 SPENCER COMPOUND  DINDIGUL ,IND
707,CU1B00082,BHARAT HEAVY ELECTRICALS LIMITED,52,2,BHARAT HEAVY ELECTRICALS LIMITED   PURCHASE DEPARTMENT HIGH PRESSURE BOILER PLANT TRICHIRAPPALLI,IND
708,CU1B00216,BILIGIRI GRANITES PRIVATE LIMITED,43,1,"BILIGIRI GRANITES PRIVATE LIMITED  9 TH KM,C.NAGAR-NANJANAGUD RD. BADANAGUPPE VIL.CHAMARAJANAGAR MYSORE ",IND
709,CU1B00217,BOSS GEARS LIMITED,11,1,BOSS GEARS LIMITED  SIKANDERPUR BADAA  GURGAON ,IND
710,CU1B00218,BRIGHT COATS,53,1,BRIGHT COATS  CHIYARAM  TIRUCHUR ,IND
711,CU1B00219,BABU,43,1,BABU    MYSORE ,IND
712,CU1B00220,BALASUBRAMANIAR CASTINGS PVT LTD,43,1,BALASUBRAMANIAR CASTINGS PVT LTD    HOSUR ,IND
713,CU1B00221,BHOOTE GLASS TRADERS,43,1,BHOOTE GLASS TRADERS    HUBLI ,IND
714,CU1A01466,ABIR FASHIONS,612,3,"ABIR FASHIONS I/E ROAD NO2,INDUSTRIAL PLOT NO 11,MIRPUR-1 DHAKA-1216 BANGLADESH ",USD
715,CU1A01467,ALIG INTERNATIONAL TANNER&EXPORTER,11,1,"ALIG INTERNATIONAL TANNER&EXPORTER  FACTORY UNIT NO 1,1QBAL STREET JAJMAU KANPUR ",IND
716,CU1A01468,AREM FASHIONS,51,1,AREM FASHIONS  KARTHI INDUSTRIAL COMPLEX NO 14-A/THATTAN THOTTAM TIRUPUR ,IND
717,CU1A01469,AMBALA COCH BUILDERS,13,1,AMBALA COCH BUILDERS  HISSAR ROAD  AMBALA CITY ,IND
718,CU1A01471,ASHOKA AUTOMOBILES,12,1,ASHOKA AUTOMOBILES  TONK ROAD SITAPURA JAIPUR ,IND
719,CU1A01472,AFRO PLAST ENTERPRISES LTD,693,3,"AFRO PLAST ENTERPRISES LTD  PLOT NO 19-33,PORT BELL ROAD PO BOX NO 22243,LUZIRA KAMPALA UGANDA",USD
720,CU1A01473,ARTICIOUN BOREWELL,45,1,"ARTICIOUN BOREWELL  NO 5,THERESA NAGAR ARIYUR PONDICHERRY ",IND
721,CU1A01474,ACROPOLIS INFRASTRUCTURE COMPANY,45,1,"ACROPOLIS INFRASTRUCTURE COMPANY  NO 10,MURUGAN KOIL STREET ARIYUR PONDICHERRY ",IND
722,CU1A01257,ANAAL AUTOMOBILES,34,1,ANAAL AUTOMOBILES  PLOT NO 6 & 8 UTTARGANGOTARI SUPELA BHILAI,IND
723,CU1A01258,ASSAM BARYTES & CHEMICALS PVT LTD,21,1,ASSAM BARYTES & CHEMICALS PVT LTD  CHIRING CHAPARI DIBRUGARH ASSAM ,IND
724,CU1A01259,ANDHRA SUGARS LTD,42,1,ANDHRA SUGARS LTD  VENKATARAYAPURAM  TANKU HYDERABAD,IND
725,CU1A01261,AQUA PUMP SERVICE PVT LTD,11,1,"AQUA PUMP SERVICE PVT LTD  VGF 10,INDIRA PRAKASH 21,BARAKHAMBA ROAD NEWDELHI ",IND
726,CU1A01263,AVADH PLASTOWRES PVT LTD,11,1,AVADH PLASTOWRES PVT LTD  536KHA 14GA. NEAR SHIA DEGREE COLLEGE SITAPUR ROAD LUCKNOW,IND
727,CU1A01264,ARVIND P MUNDHARA,32,1,"ARVIND P MUNDHARA  D-5,6,7 PARVATI CO-OP INDL ESTATE,YADRAV, TALUK:SHIROL KOLHAPUR MAHARASTRA",IND
728,CU1A01265,AERO INDIA 2003,43,1,AERO INDIA 2003  YELAHARKA  BANGALORE ,IND
729,CU1A01219,AVIS MOTORS,53,1,AVIS MOTORS  AVIS COMPLEX PUNNAYURKULLAM ALTHARA THRISSUR,IND
730,CU1A01220,AFRUS EXPORTS AND IMPORTS,42,1,"AFRUS EXPORTS AND IMPORTS  104,LUMBINIENCLAVE OPP NMS,PUNJAGUTTA HYDERABAD ",IND
731,CU1A01221,ALLIED AUTO AGENCIES,31,1,ALLIED AUTO AGENCIES  86/20 DR AMBEDKAR ROAD KHAR MUMBAI ,IND
732,CU1A01222,ASPA BANDSONS AUTO PVT LTD,34,1,"ASPA BANDSONS AUTO PVT LTD   SATHUBNA, BADNERA ROAD AMRAVATI - 444 605 ",IND
733,CU1A01224,ABBA ENTERPRISES,31,1,"ABBA ENTERPRISES  243/2,SHEREPUNJAB CHS LTD ANDHERI(EAST) MUMBAI-93 ",IND
734,CU1A01225,ANAND RAJ TRADERS,41,1,ANAND RAJ TRADERS  11-A TANK STREET  PERAMBUR CHENNAI,IND
735,CU1A01226,ASIATIC & TW CONSTRUCYION,614,3,ASIATIC & TW CONSTRUCYION  POST BOX NO 203 PHUENTSHOLING BHUTAN ,IND
736,CU1A01227,ABHAY MACHINERY CO,32,1,"ABHAY MACHINERY CO  SHOP NO 3&30,AMBER PLAZA STATION ROAD AHMEDNAGAR ",IND
737,CU1B00222,BRIJENDRA TRADERS,34,1,BRIJENDRA TRADERS    BHOPAL ,IND
738,CU1A01426,AHIL FAB,51,1,"AHIL FAB  NO 1,SENGUNTHAPURAM PALLIPALAYAM ERODE ",IND
739,CU1A01427,A P TOOLS,41,1,"A P TOOLS  SHED NO 47,SIDCO INDL ESTATE TAIRUMAZHISAI CHENNAI ",IND
740,CU1A01428,ASIAN DRINKS PVT LTD,613,3,ASIAN DRINKS PVT LTD  NAIRAP KATHMANDU NEPAL ,IND
741,CU1A01429,A R I ENGINEERING PVT LTD,53,1,A R I ENGINEERING PVT LTD  VADAKEL BUILDING MAYAKAVI O ROAD KOCHI ,IND
742,CU1A01430,ASSEL INDIA PVT LTD,31,1,"ASSEL INDIA PVT LTD  BHARAT INDUSTRIAL ESTATE OPP:HOTEL,NEAR SBS MARG MUMBAI ",IND
743,CU1A01475,AL-MADEENA COMPUTERISED WHEEL CARE,53,1,AL-MADEENA COMPUTERISED WHEEL CARE  GANESHAMANGALAM PO VATANAPALLY TRICHUR ,IND
744,CU1A01194,ARUN BALAJI RIG SERVICE,45,1,"ARUN BALAJI RIG SERVICE  NO 57,EASWARAN KOIL STREET  PONDICHERRY ",IND
745,CU1A01195,AMBIKA BOREWELLS,45,1,"AMBIKA BOREWELLS  RAMASAMY S S/O SENGODA GOUNDER NO591,KAMARAI SALAI PONDICHERRY-13",IND
746,CU1A01196,APEX ALLOY STEEL P LTD,33,1,APEX ALLOY STEEL P LTD 413/2 PHASE 4 GIDC  NARODA AHMEDABAD,IND
747,CU1A01198,AMMAN RIG SERVICE,45,1,"AMMAN RIG SERVICE  VASU KV NO 151,KAMARAJ SALAI PONDICHERRY-11 ",IND
748,CU1A01200,ANANTHA NARAYAN  K,51,1,ANANTHA NARAYAN  K  NO:9 CHINNAPILAYAR KOVIL ST KAYATHAR POST TUTICORIN ,IND
749,CU1A01123,ARIHANT BOREWELL,42,1,ARIHANT BOREWELL  C/O RAJENDRA SHAH VILL.PRATAPUR DIST-BANSWADA ,IND
750,CU1A01124,AUTO CHENOY,42,1,"AUTO CHENOY  148,BRIG SAGOUD ROAD  SECUNDERABAD ",IND
751,CU1B00277,BPL INDIA LIMITED,43,1,BPL INDIA LIMITED    BANGALORE ,IND
752,CU1B00282,BAJAJSONS LIMITED,11,1,BAJAJSONS LIMITED  C 92-93 PHASE V FOCAL POINT  LUDHIANA PUNJAB,IND
753,CU1B00284,BHARTI DRILLING COMPANY,34,1,BHARTI DRILLING COMPANY    KATNI ,IND
754,CU1B00285,BIRLA ERICSSON OPTICALS LIMITED,34,1,BIRLA ERICSSON OPTICALS LIMITED    REWA ,IND
755,CU1B00278,BPL SANYO UTILITIES AND APPLIANCES,43,1,BPL SANYO UTILITIES AND APPLIANCES LIMITED   BANGALORE ,IND
756,CU1B00279,BOREWELL EQUIPMENT COMPANY,42,1,"BOREWELL EQUIPMENT COMPANY PVT LTD SURVEY NO 225(P)&226(P) I D A,PHASE II CHERLAPALLY HYDERABAD",IND
757,CU1B00281,BHARAT LPG FUEL CO LTD,11,1,BHARAT LPG FUEL CO LTD     ,IND
758,CU1A01228,AUTOLINK MARITI SERVICE,32,1,"AUTOLINK MARITI SERVICE  SHOP NO 1-2-3 YASH HEIGHS OPP NO 3,SEVEN HILLS AURANGABAD ",IND
759,CU1B00319,BHAVDEEP BOREWELL COMPANY,33,1,"BHAVDEEP BOREWELL COMPANY   GONDAL ROAD, RAJKOT ",IND
760,CU1B00321,BEE PEE COATINGS LIMITED,33,1,BEE PEE COATINGS LIMITED    GUJARAT ,IND
761,CU1B00322,BLUE BLEND (INDIA) LIMITED,33,1,"BLUE BLEND (INDIA) LIMITED   PIPLEJ, PIRANA ROAD AHMEDABAD ",IND
762,CU1B00323,BINDAL SILK MILLS PVT  LTD,33,1,"BINDAL SILK MILLS PVT  LTD  P-216,KADODARA CHAR RASTA KADODARA,TA.PALSANA SURAT ",IND
763,CU1B00324,DHARAT SYNTHETICS,33,1,DHARAT SYNTHETICS    SURAT ,IND
764,CU1B00325,BHAVESH PRINTS PRIVATE LIMITED,33,1,BHAVESH PRINTS PRIVATE LIMITED    SURAT ,IND
765,CU1B00326,BIKES AUTO,33,1,BIKES AUTO    AHMEDABAD ,IND
766,CU1B00327,BHAGWATI FOUNDERIES LTD,33,1,BHAGWATI FOUNDERIES LTD    AHMEDABAD ,IND
767,CU1B00337,BANK OF BARODA,52,1,BANK OF BARODA    NAGERCOIL ,IND
768,CU1B00383,BISSWAKARMA AUTOMOTIVES,21,1,BISSWAKARMA AUTOMOTIVES  BY PASS ROAD NEAR NH - IB JEYPORE ,IND
769,CU1B00384,BALAKRISHNA AUTOMOBILES,41,1,BALAKRISHNA AUTOMOBILES  ST. MARY'S ROAD  CHENNAI ,IND
770,CU1B00385,BUNDI-CHITTORGARH KSETRIYA GRAMIN,12,1,BUNDI-CHITTORGARH KSETRIYA GRAMIN BANK   BUNDI ,IND
771,CU1B00386,BANK OF BARODA,12,1,BANK OF BARODA  BRANCH BUNDI  BUNDI ,IND
772,CU1B00387,BOOTH MANUFACTURING (UGANDA) CO LTD,693,3,BOOTH MANUFACTURING (UGANDA) CO LTD    UCANDA ,IND
773,CU1B00389,BHARAT PRINTS PRIVATE LIMITED,33,1,"BHARAT PRINTS PRIVATE LIMITED  PATEL NAGAR BHARATWADI, A K ROAD SURAT ",IND
774,CU1A01125,ANBURAJ BOREING,12,1,ANBURAJ BOREING  OPP:MAIN MARKET GATE NO 1 SUMARPUR DIST DELHI-RAJASTHAN,IND
775,CU1B00270,BASAVESHWAR ENGINEERING COLLEGE,21,1,BASAVESHWAR ENGINEERING COLLEGE     ,IND
776,CU1A01410,ASWATHI INDUSTRIES,58,1,ASWATHI INDUSTRIES  PERUMPARAMBA JRITTY KANNUR DIST ,IND
777,CU1A01411,ACMA TOOLS,43,1,"ACMA TOOLS  198,BAIRATHI VILLAGE GUBBI CROSS GATE ROAD KOTHANUR PO BANGALORE",IND
778,CU1A01413,APOLLO CONSTRUCTIONS PVT LTD,33,1,APOLLO CONSTRUCTIONS PVT LTD  151 GIDC NAGALPUR MEHSANA ,IND
779,CU1A01414,ADWORLD ELECTROMECH,33,6,ADWORLD ELECTROMECH  B-2 NR HOUSE OPP AIR INDIA BEHIBD POPULAR HOUSE ASHRAM ROAD AHMEDABAD,IND
780,CU1A01415,AMRUT PAPERS,33,6,"AMRUT PAPERS  13,VIJAY PLOT GODAL ROAD RAJKOT ",IND
781,CU1A01416,AMRAVATHI TEXTILES,52,1,"AMRAVATHI TEXTILES  PB NO 105,9D/5 RAMAKRISHNA PURAM KARUR ",IND
782,CU1B00286,BORDIA CHEMICALS PRIVATE LIMITED,34,1,BORDIA CHEMICALS PRIVATE LIMITED    RATLAM ,IND
783,CU1B00151,BSL LIMITED,12,1,BSL LIMITED  POST BOX NO 17 MANDPAM BHILWARA ,IND
784,CU1B00152,BTW INDUSTRIES LIMITED,21,1,BTW INDUSTRIES LIMITED  VILLAGE BANKABIJA  JEYPORE ,IND
785,CU1B00153,BU BHANDARI AUTOMOTIVE PVT LTD,32,1,BU BHANDARI AUTOMOTIVE PVT LTD  SURVEY NO 142/1+2/5 WAKAD MUMBAI-BANGALORE HIGHWAY PUNE ,IND
786,CU1B00155,BUKHARI ENTERPRISES,34,1,BUKHARI ENTERPRISES  LINK ROAD  BILASPUR ,IND
787,CU1B00156,BUNDELKHAND TUBEWELL COMPANY,34,1,BUNDELKHAND TUBEWELL COMPANY  JAWAHAR ROAD CHHATARPUR BHOPAL ,IND
788,CU1B00158,B V BHOOMARADDI COLLEGE OF ENGINEER,43,1,B V BHOOMARADDI COLLEGE OF ENGINEER ING & TECHNOLOGY .  HUBLI ,IND
789,CU1B00159,B V V  PAPER INDUSTRIES,51,1,"B V V  PAPER INDUSTRIES  UNIT I, VYLOOR SWAMINATHAPURAM MADATHUKULAM ",IND
790,CU1B00339,BTR MOTHERSON AUTOMOTIVE LIMITED,41,1,"BTR MOTHERSON AUTOMOTIVE LIMITED  9,G S T ROAD,VILL:OORAPAKKAM NEAR TAMBARAM CHENGALPAT ",IND
791,CU1B00028,BALAKRISHNA TUBEWELL,33,1,BALAKRISHNA TUBEWELL  BHAGAT KHIJADIA TALUKA KALWAD JAMNAGAR ,IND
792,CU1B00161,BHAVI TUBES & CONTAINERS P LTD,33,1,"BHAVI TUBES & CONTAINERS P LTD  AT POST:RAKANPUR PLOT NO.730, TALUKA KALOL MEHSANA ",IND
793,CU1B00163,BADER KHORAFI PLASTIC INDUSTRIES CO,676,3,BADER KHORAFI PLASTIC INDUSTRIES CO  EAST AHMADI-BLOCK 6 - AREA 35 POST BOX 9948 - AHMADI KUWAIT ,USD
794,CU1B00164,BAHAR EXPORTS,31,3,"BAHAR EXPORTS  13-15 PINKY PLAZA, KHAR (W) JUNCTION OF 2ND & 5TH ROAD MUMBAI ",IND
795,CU1B00166,B P R SALES AND SERVICE,33,1,B P R SALES AND SERVICE  STATION ROAD BARDOLI SURAT ,IND
796,CU1B00390,BULLOWS PAINT EQUIPMENT PRIVATE,21,1,"BULLOWS PAINT EQUIPMENT PRIVATE LIMITED D-3, ROAD NO.16 WAGLE INDUSTRIAL ESTATE THANE ",IND
797,CU1B00033,BALMER LAWRIE & CO LTD,51,1,"BALMER LAWRIE & CO LTD SPECIALITY CONTAINERS DIVISION EASWAR MILL COMPOUND BODIPALAYAM, MALUMICHAMPATTI COIMBATORE ",IND
798,CU1B00035,BANI AUTOMOBILES,43,1,BANI AUTOMOBILES   M.S.AVENUE SILCHAR ,IND
799,CU1B00036,BANNARIAMMAN MINES,51,1,BANNARIAMMAN MINES    KURUMANDUR ,IND
800,CU1B00037,BANNARI AMMAN RIG SERVICE,51,1,BANNARI AMMAN RIG SERVICE  .  DHARAPURAM ,IND
801,CU1B00038,BANNARI AMMAN SUGARS LIMITED,51,1,"BANNARI AMMAN SUGARS LIMITED  252,METTUPALAYAM ROAD,  COIMBATORE ",IND
802,CU1B00039,BANSAL PACK PRINT PRIVATE LIMITED,32,1,"BANSAL PACK PRINT PRIVATE LIMITED  MIDC,CHINCHWAD  PUNE ",IND
803,CU1B00172,BOJARAJ TEXTILES MILLS LIMITED,52,1,BOJARAJ TEXTILES MILLS LIMITED B UNIT SILUKKUVARPATTI  NILAKOTTAI ,IND
804,CU1B00401,BOOTH MANUFACTURING AFRICA LIMITED,692,3,BOOTH MANUFACTURING AFRICA LIMITED  P O BOX 30057 NAIROBI KENYA ,IND
805,CU1B00402,BALBAN COLD RETREAD,613,1,BALBAN COLD RETREAD  BHAISEPATI BANEPA NEPAL ,IND
806,CU1B00404,BALAKRISHNAN  C,54,1,"BALAKRISHNAN  C  C/O. R V K RAJAGOPAL BOREWELL AGENCIES, N H 7 ARVAKURICHI ",IND
807,CU1A01289,ASP FAST DRILLERS,45,1,"ASP FAST DRILLERS  NO 39,PERUMAL KOIL STREET PUDUKUPPAM PONDICHERRY ",IND
808,CU1A01291,AKSHAYA DRILLERS,45,1,"AKSHAYA DRILLERS  NO 39,MAIN ROAD SEDARAPET PONDICHERRY ",IND
809,CU1B00160,BVV PAPER INDUSTRIES LIMITED,52,1,BVV PAPER INDUSTRIES LIMITED  NALLUR PUSHPATHUR VILLAGE PALANI ,IND
810,CU1B00057,BETA BRISTLERS PRIVATE LIMITED,33,1,BETA BRISTLERS PRIVATE LIMITED  PLOT NO.209 LUNA TALUKA: PADRA BARODA ,IND
811,CU1B00059,BHAGAVATHI CASTINGS,51,1,BHAGAVATHI CASTINGS    COIMBATORE ,IND
812,CU1B00060,BHAGAVATHI TEXTILES,41,1,BHAGAVATHI TEXTILES  CHITTUR TO VANNAMADAI ROAD 5TH MILLS CHITTUR ,IND
813,CU1B00061,BHAGIRATHI BOREWELL,33,1,BHAGIRATHI BOREWELL  AT AND POST MAKARANI SANDSARA TALUKA KALAWAD (SHITLA) JAMNAGAR ,IND
814,CU1B00194,BHARAT COKING COAL LIMITED,21,2,BHARAT COKING COAL LIMITED  GOVINDPUR AREA - III P O SONARDIH DHANBAD ,IND
815,CU1B00196,BHARATH PAPER CONVERSIONS,51,1,BHARATH PAPER CONVERSIONS  C/O K V SODALAMUTHU & CO P LTD 428 METTUPALAYAM ROAD COIMBATORE ,IND
816,CU1B00167,BAJAJSONS LIMITED (UNIT III),11,1,BAJAJSONS LIMITED (UNIT III)  C 68 FOCAL POINT  LUDHIANA PUNJAB,IND
817,CU1A01507,A P TRIVEDI SONS,34,1,A P TRIVEDI SONS  MAIN ROAD  BALAGHAT ,IND
818,CU1A01508,ARUN MOULDS(INDIA) PVT LTD,31,1,"ARUN MOULDS(INDIA) PVT LTD  129-A,GOVT INDL ESTATE KANDIVALI(W) MUMBAI ",IND
819,CU1B00073,BHARAT BOREWELL & DRILLING COMPANY,12,1,BHARAT BOREWELL & DRILLING COMPANY  SUKET POST  KOTA RAJASTHAN,IND
820,CU1B00075,BHARAT DYNAMICS LIMITED,42,2,BHARAT DYNAMICS LIMITED  MINISTRY OF DEFENCE KANCHANANBAGH HYDERABAD ,IND
821,CU1B00173,BANK OF BARODA,54,1,BANK OF BARODA    NAMBIYUR ,IND
822,CU1B00400,BETA INDUSTRIES,41,1,"BETA INDUSTRIES  PONNERI HIGH RD,GOUNDERPALAYAM S R PALAYAM (POST),MINJUR CHENNAI ",IND
823,CU1B00076,BHARAT EARTH MOVERS LIMITED,43,2,"BHARAT EARTH MOVERS LIMITED   BANGALORE COMPLEX NEW THIPPASANDRA PO.,P B 7501 BANGALORE-560075-KA",IND
824,CU1C00277,CENTRAL AUTOMOBILES PRIVATE LIMITED,31,1,CENTRAL AUTOMOBILES PRIVATE LIMITED  MANI MAHAL NO 7 MATHEW ROAD MUMBAI ,IND
825,CU1C00278,CENTRAL AUTOMOBILES,34,1,CENTRAL AUTOMOBILES  17-18 NEHRU MARKET A.B. ROAD INDORE ,IND
826,CU1C00279,C J GELATINE PRODUCTS LIMITED,34,1,C J GELATINE PRODUCTS LIMITED  21 NEW INDUSTRIAL AREA MANDIDEEP RAISEN (M P) ,IND
827,CU1C00280,CASTROL INDIA LIMITED,31,7,"CASTROL INDIA LIMITED  C/O. MAKSON MARKETING PVT LTD 158 ZONE II, M P NAGAR BHOPAL ",IND
828,CU1C00282,CONTROLS & SWITCH GEAR COMPANY LTD,11,1,"CONTROLS & SWITCH GEAR COMPANY LTD  PLOT NO:1A,SECTOR 8C INTEGRATED INDUSTRIAL ESTATE RANIPUR HARIDWAR,UTTARKHAND",IND
829,CU1D00001,DAUJI FARMS PRIVATE LIMITED,34,1,DAUJI FARMS PRIVATE LIMITED  NEORA  RAIPUR ,IND
830,CU1C00568,CICI ENGINEERING SERVICE PVT LTD,21,1,"CICI ENGINEERING SERVICE PVT LTD  PLOT NO:38/1 BLOCK GN SECTOR IV & V,SALT LAKE CITY CALCUTTA ",IND
831,CU1C00702,CMPS RIG SERVICE,45,1,CMPS RIG SERVICE     PONDICHERY,IND
832,CU1C00703,CEYLON LEATHER PRODUCTS LTD,611,3,"CEYLON LEATHER PRODUCTS LTD  141,CHURCH ROAD MATTAKULIYA COLOMBO-15 SRILANKA",IND
833,CU1C00704,CONTROLLER OF TECHNICAL SERVICE,31,1,CONTROLLER OF TECHNICAL SERVICE  MATERIAL ORGANISATION  GHATKOPAR WEST MUMBAI,IND
834,CU1C00705,COTTON CARE,31,1,"COTTON BLOSSOM INDIA PVT LTD SHED NO:12,GILBERT COMPOUND  SHED NO.15, NETAJI APPAREL PARK, NEW TIRUPUR, PERUMANALLUR TIRUPUR",IND
835,CU1C00488,CENTRAL COALFIELDS LIMITED,21,2,CENTRAL COALFIELDS LIMITED  CHARHI  HAZARIBAGH ,IND
836,CU1C00489,CARL ZEISS IMT GMBH,641,3,CARL ZEISS IMT GMBH  73446 OBERKOCHEN  GERMANY ,EUR
837,CU1C00491,COLOUR SYNTH INDUSTRIES LIMITED,33,1,"COLOUR SYNTH INDUSTRIES LIMITED  PLOT NO.31-32, G I D C PANDESARA SURAT ",IND
838,CU1C00624,CENTRAL STORES UNIT,21,1,CENTRAL STORES UNIT  MINISTRY OF COMMUNICATON PHUENTSHOLING BHUTAN ,IND
839,CU1C00625,CLASSIC MOTORS,11,1,CLASSIC MOTORS  D-13/14 GOVT INDUSTRIAL ESTATE  GORAKHPUR ROAD DEORIA UP,IND
840,CU1C00626,CHANDRU RUBBER FACTORY,52,1,CHANDRU RUBBER FACTORY  78/2B THIRUVALAVAYANALLUR PO  NAGARI MADURAI,IND
841,CU1C00628,COMFORT PLUS (INDIA) PVT LTD,11,1,"COMFORT PLUS (INDIA) PVT LTD  A-28A, SECTOR -58  NOIDA ",IND
842,CU1D00685,DHARANIDARA SPINNING MILLS LTD,54,1,"DHARANIDARA SPINNING MILLS LTD  SRI RANGA TOWER 104,PERAMANOOR MAIN ROAD SALEM ",IND
843,CU1C00599,CAL-EX RUBBERS PRIVATE LIMITED,41,1,"CAL-EX RUBBERS PRIVATE LIMITED  SHED NO:15,PHASE V SIDCO INDL ESTATE, SIPCOT GUMMIDIPOONDI ",IND
844,CU1C00601,CONSOLIDATED ENGINEERS,43,1,CONSOLIDATED ENGINEERS  KATTIMANI BUILDING 2ND CROSS HOSUR HUBLI ,IND
845,CU1C00734,CHACHA RADESHYAM AUTOMOBILES,42,1,"CHACHA RADESHYAM AUTOMOBILES  REP:BHARAT AGARWAL LPL SHOP NO 14,ADONI HYDERABAD ",IND
846,CU1C00735,CHENNAI CONTAINER TERMINAL PVT LTD,41,1,"CHENNAI CONTAINER TERMINAL PVT LTD  ZERO GATE CHENNAI PORT TRUST,ROYAPURAM CHENNAI ",IND
847,CU1C00737,CLINIC BLUE LINE EQUIPMENTS,43,1,CLINIC BLUE LINE EQUIPMENTS  52/2 OPP ROAD TO MUNISWAMY TEMPLE MAGADI MAIN ROAD KAMAKSHI PALAYA BANGALORE - 79,IND
848,CU1C00738,COOK N LITE NIGERIA P LTD,690,3,"COOK N LITE NIGERIA P LTD  14, SAPARA STREET,IKEYA IND ESTATE,POBOX 23 IKEYA LAGOS NIGERIA ",IND
849,CU1C00739,CHENNAI TRADE CENTRE,41,1,CHENNAI TRADE CENTRE   MOUNT POONAMALEE ROAD NANDAMPAKKAM CHENNAI,IND
850,CU1C00607,CENTURY PLYBOARDS (INDIA) LIMITED,21,1,"CENTURY PLYBOARDS (INDIA) LIMITED   DIAMOND HARBOUR ROAD,KANCHOWKI, BISHNUPUR,24 PARAGANAS (SOUTH) WEST BENGAL",IND
851,CU1C00608,COURTESY MOTORS PVT LIMITED,11,1,COURTESY MOTORS PVT LIMITED  C 15-A PANKI INDUSTRIAL AREA SITE -I KANPUR ,IND
852,CU1C00609,CREATIVE CASTINGS LIMITED,33,1,"CREATIVE CASTINGS LIMITED    102 G I D C, PHASE II DOLATPARAJUNAGADH",IND
853,CU1C00611,CONMIX (INDIA) PRIVATE LIMITED,31,1,"CONMIX (INDIA) PRIVATE LIMITED  FLAT NO:602,A-WING,GLENGATE HIRANANDANI GARDENS,POWAI MUMBAI ",IND
854,CU1C00612,CAR CURE ( MASS ),21,1,CAR CURE ( MASS )  C/O MODERN AUTO STORES KALIMATI ROAD SAKCHI JAMSHEDPUR ,IND
855,CU1C00745,CHENNAI DRILLERS,45,1,"CHENNAI DRILLERS  NO 143,SUGARMILLS STREET LINGAREDEPALAYAM PONDICHERRY ",IND
856,CU1C00746,COTTON BLOSSOM INDIA PVT LTD,51,1,"COTTON BLOSSOM INDIA PVT LTD   BUILDING NO 189,TEKIC TEA NAGAR MUDALIPALAUYAM TIRUPUR",IND
857,CU1C00613,CONTINENTAL FOUNDATION,11,1,"CONTINENTAL FOUNDATION  CONTINENTAL HOUSE 28,NEHRUü PALACE NEW DELHI ",IND
858,CU1C00614,CHOLA BOREWELLS,33,1,CHOLA BOREWELLS PROP: P MUTHUSWAMY C/O RATANLAL MANDALALJI DATWADI COLONY PALANPUR ,IND
859,CU1C00617,CHEF SET HOUSEWARES (INDIA) PVT LTD,32,1,"CHEF SET HOUSEWARES (INDIA) PVT LTD  GAT NO 605/1,VILLAGE:PIRANGUT TAL:MULSHI PUNE ",IND
860,CU1C00618,CENTRE FOR MATERIALS FOR ELECTRONIC,52,2,"CENTRE FOR MATERIALS FOR ELECTRONIC TECHNOLOGY M G KAVU, PO ATHANI THRISSUR KERALA STATE",IND
861,CU1C00619,CUBEX TUBINGS LTD,42,1,CUBEX TUBINGS LTD  UNIT II SY NO 464 E 482 NEAR IDA V PHASE PATANCHERU AP MEDAK ,IND
862,CU1C00629,CHINNUSAMY  K,54,1,"CHINNUSAMY  K NATIONAL BOREWELLS NARUVALUR PUDUR,THALUKAI POST VELAGOUNDANPATTI (VIA) NAMAKKAL ",IND
863,CU1D00344,DECCAN DIESELS,42,1,"DECCAN DIESELS  5-5-8/3, RANIGUNJ  SECUNDERABAD ",IND
864,CU1D00345,DHANARAJ  M,45,1,"DHANARAJ  M  S/O MUTHUSAMY 62 KAMARAJ SALAI,THALLANCHAVAY PONDICHERRY ",IND
865,CU1D00346,D B V COTTON MILLS LIMITED,51,1,D B V COTTON MILLS LIMITED  S F NO:526/2B BILICHI POST  COIMBATORE ,IND
866,CU1D00347,DRILLS,45,1,DRILLS  4/100-1 KALAIVANAR NAGAR  GORIMEDU ,IND
867,CU1D00349,DALCHAND AGARWAL  R,42,1,"DALCHAND AGARWAL  R  C/O CHACLA RADHESHYAM AUTO- MOBILES, SHOP NO:14 ADONI ",IND
868,CU1D00350,DAS MOTORS,53,1,DAS MOTORS  NEAR SD COLLEGE  ALLEPEY ,IND
869,CU1D00351,D S FOODS LIMITED,11,1,D S FOODS LIMITED  B-1 SECTOR -3  NOIDA U P,IND
870,CU1D00352,DINDHYA SPINNING MILLS PVT LIMITED,52,1,DINDHYA SPINNING MILLS PVT LIMITED  GEETHALAYA BUILDING 12-A SHANMUGA NAGAR ROAD SIVAKASI ,IND
871,CU1C00495,CAPITAL POWER SYSTEMS LIMITED,11,1,CAPITAL POWER SYSTEMS LIMITED  B-38  SECTOR IV  NOIDA (U.P) ,IND
872,CU1C00496,CHANDRA MOTORS,42,1,"CHANDRA MOTORS  NH-7,BESIDES GIRLS HIGH SCHOOL  ADILABAD ",IND
873,CU1C00497,CRESCENT FOUNDRY COMPANY P LTD,21,1,CRESCENT FOUNDRY COMPANY P LTD  LORDS - SUIT NO 406 7/1 LORD SIHHA ROAD CALCUTTA ,IND
874,CU1C00499,CONCORDE MOTORS(INDIA)LTD,42,1,"CONCORDE MOTORS(INDIA)LTD  B-51,APIIC INDL ESTATE SANTHNAGAR HYDERABAD - 500 018 ",IND
875,CU1C00500,COMMERCIAL AUTOMOBILES LIMITED,34,1,"COMMERCIAL AUTOMOBILES LIMITED  POST BOX NO 47 124 NAPIER TOWN JABALPUR,M.P - 482 001 ",IND
876,CU1C00501,CENTRAL RAILWAY,34,2,CENTRAL RAILWAY  AJNI  NAGPUR MAHARASHTAR,IND
877,CU1C00502,CHERAN SPINNING MILLS LIMITED,52,1,CHERAN SPINNING MILLS LIMITED  VEDASANDUR  DINDIGUL ,IND
878,CU1C00747,COMMERCIAL AUTO PRODUCTS P LTD,11,1,"COMMERCIAL AUTO PRODUCTS P LTD  PLOT NO 238 VILL:UTTARADHUNA,TIWARIGANJ FAIZABAD ROAD,CHINHAT LUCKNOW( U P)",IND
879,CU1C00503,COIMBATORE BOREWELLS PIPES &,45,6,COIMBATORE BOREWELLS PIPES & ELECTRICALS   PONDICHERY ,IND
880,CU1C00504,CANARA BANK,54,1,CANARA BANK    TRICHENGODE ,IND
881,CU1C00505,CRESCENT TRANNERS PVT LIMITED,33,1,CRESCENT TRANNERS PVT LIMITED  UNIT NO:1 LEATHER COMPLEX UNNAO ,IND
882,CU1D00245,D M R TEXTILES,51,1,"D M R TEXTILES  M G R NAGAR I STREET, P N ROAD TIRUPPUR ",IND
883,CU1D00253,DEVLEOPMENT CREDIT BANK LIMITED,32,1,"DEVLEOPMENT CREDIT BANK LIMITED A/C.ONKARESHWAR BOREWELL SERVI ASHTIVINAYAK NAGAR, TARODA BK MALEGAON ROAD NANDED ",IND
884,CU1D00536,DAKSH & SCOOTERS PVT LTD,11,1,"DAKSH & SCOOTERS PVT LTD  36,HARBANS NAGAR DELHI MEERUT ROAD GHAZIZBAD ",IND
885,CU1D00538,DHAMAYANTHI N,45,1,"DHAMAYANTHI N  W/O NATARAJAN NO 527,M M SALAI PONDICHERRY ",IND
886,CU1E00002,ELGI EQUIPMENTS LIMITED,54,4,ELGI EQUIPMENTS LIMITED  21/2  OMALUR ROAD KOTTA GOUNDANPATTI SALEM ,IND
887,CU1E00003,ELGI EQUIPMENTS LIMITED,33,4,ELGI EQUIPMENTS LIMITED PLOT NO 193/194 NATRAJ IND EST  BEHIND PRIYANKA CARBON BUS STOP-VASNA-SANAND AHMEDABAD AHMEDABAD-382 110-GJ,IND
888,CU1E00006,ELGI EQUIPMENTS LIMITED,34,4,"ELGI EQUIPMENTS LIMITED ""M-1,:PURJOR HOUSE"""""" P NO:32,INDIRA PRESS COMPLEX ZONE-1,MP NAGAR BHOPAL ",IND
889,CU1E00007,ELGI EQUIPMENTS LIMITED,22,4,"ELGI EQUIPMENTS LIMITED  PLOT NO 853,BHUDARAJA MEDICAL LANE,JHARPADA,CUTTACK ROAD BHUBANESWAR ",IND
890,CU1D00095,DEEPTHI RADIATORS PRIVATE LIMITED,43,1,"DEEPTHI RADIATORS PRIVATE LIMITED  16 C DODDANEKKUNDI INDL. AREA 2 ND PHASE, MAHADEVAPURA POST BANGALORE ",IND
891,CU1D00545,DHARUN BOREWELLS,45,1,"DHARUN BOREWELLS  GANDHIMATHI NO232,CUDDALOR ROAD ARIYAKUPPAM PONDICHERRY",IND
892,CU1D00546,DREAM AUTO HOME,34,1,DREAM AUTO HOME  C/O AUTO FARM AGENCIES TIPRA OPP SHIVAM MOTORS RAIPUR ROAD BILASPUR,IND
893,CU1D00547,DHARMALINGAM P,45,1,DHARMALINGAM P     PONDICHERRY-5,IND
894,CU1D00548,DEVI IMPEX,51,1,"DEVI IMPEX  16,MARIMMAN KOIL STREET METTUPALAYAM P N ROAD TIRUPUR-2",IND
895,CU1F00076,FRENCH MOTOR CAR COMPANY LIMITED,21,1,FRENCH MOTOR CAR COMPANY LIMITED    CALCUTTA ,IND
896,CU1F00077,FESTO ELGI PRIVATE LIMITED,21,1,FESTO ELGI PRIVATE LIMITED    COIMBATORE ,IND
897,CU1F00078,FORTRAN CIRKIT ELECTRONICS PRIVATE,41,1,FORTRAN CIRKIT ELECTRONICS PRIVATE LIMITED 44/53 DEVELOPED PLOT ESTATE PERUNGUDI CHENNAI ,IND
898,CU1F00079,FUJAIRAH CEMENT INDUSTRIES,672,3,"FUJAIRAH CEMENT INDUSTRIES  FUJAIRAH CEMENT FACTORY P O BOX.11477, DIBBA, FUJAIRAH UNITED ARAB EMIRATES ",DHI
899,CU1G00006,GOA CARBON LIMITED,21,1,"GOA CARBON LIMITED PIG IRON PROJECT SITE VILLAGE COSTI TALUK.SANGUEM,SOUTH GOA GOA ",IND
900,CU1G00007,GREAVES LIMITED,41,1,GREAVES LIMITED  14 CROSS ROAD TONDIARPET CHENNAI ,IND
901,CU1G00911,GREAVES COTTON LTD,41,1,"GREAVES COTTON LTD HEAVY ENGG UNIT PLOT NO D18, SIPCOT INDL COMPLEX GUMMADIPOONDI ",IND
902,CU1F00185,FIBRE ABRASIVER MACHINERY,43,1,FIBRE ABRASIVER MACHINERY  NO 344/122 BEHIND SUMANPLASTIC NEXT TO WOODLANDS AVALAHALLI BANGALORE,IND
903,CU1F00187,FAY WALK FASHIONS,51,1,"FAY WALK FASHIONS  28,MIDDLE STREET SINDUPOONDURAI TIRUNELVELI ",IND
904,CU1F00188,FARHAN MOHAMED AL ONAIZY EST,674,3,FARHAN MOHAMED AL ONAIZY EST  FOR CONTRACTIG PO BOX 1418 RIYADH 11392 SAUDI ARABIA,IND
905,CU1F00189,FINE TECHNOLOGIES (I) PVT LTD,11,1,FINE TECHNOLOGIES (I) PVT LTD  B-44 SECTOR-60  NOIDA ,IND
906,CU1E00221,EVERWIN TEXTILE MILL PVT LIMITED,51,1,EVERWIN TEXTILE MILL PVT LIMITED  NANJEGOUNDENPUDUR ACHIPATTI POST POLLACHI ,IND
907,CU1E00222,EURO CONTAINERS,11,1,"EURO CONTAINERS  145 (PRESS SITE) INDUSTRIAL AREA, PHASE I CHANDIGARH ",IND
908,CU1H00016,H & R JOHNSON (INDIA) LIMITED,31,1,"H & R JOHNSON (INDIA) LIMITED (A DIVISION OF PRISM CEMENT UNIT-1,VILLAGE KHAR DEVLI GADAB,GOA ROAD TAL-PEN ",IND
909,CU1F00192,FENNER(INDIA)LTD,54,1,FENNER(INDIA)LTD  PATTUKONAMPATTY POST PAPPIREDIPATTI(TK) DHARMAPURI(DIST) ,IND
910,CU1F00194,FCG FLAMEPROOF CONTROL GEARS P LTD,33,1,"FCG FLAMEPROOF CONTROL GEARS P LTD  PLOT NO 40-43,PREMIER INDL EST VAPI ROAD,KACHIGAM DAMAN(UT) ",IND
911,CU1F00195,FARWOOD IDNSUTRIES LTD,41,1,"FARWOOD IDNSUTRIES LTD  4/605,OLD MAHABALIPURAM ROAD OPP:NEHRU NAGAR,PERUNGUDI POST CHENNAI ",IND
912,CU1F00196,FREEDOM PLAST PVT LTD,21,1,"FREEDOM PLAST PVT LTD  B-38,INDUSTRIAL AREA HAJIPUR,VAISHAL BIHAR ",IND
913,CU1F00198,FITWELL CONSTRUCTIONS,54,1,"FITWELL CONSTRUCTIONS  ADIPARASAKTHI TEMPLE NEAR KAVERI PALAM,METTUR DAM SALEM ",IND
914,CU1F00199,FITZOL CADET,51,1,"FITZOL CADET  313,AVINASHI ROAD OPP TO TIRUPUR TEXTILES, PEELAMEDU COIMBATORE",IND
915,CU1F00200,FORTUNE CARS PVT LIMITED,31,1,"FORTUNE CARS PVT LIMITED OPP-L&T GATE NO 7 AMRATARA ESTATE SAKI VIKAR ROAD,ANDHERI EAST MUMBAI ",IND
916,CU1F00067,FINE AUTOMOTIVE AND INDUSTRIAL,41,1,FINE AUTOMOTIVE AND INDUSTRIAL RADIATORS PRIVATE LIMITED   PONDICHERRY ,IND
917,CU1F00068,FISHER XOMOX (INDIA) LIMITED,41,1,FISHER XOMOX (INDIA) LIMITED    CHENNAI ,IND
918,CU1F00202,FORTUNE AUTOMOBILES INDIA PVT LTD,42,1,FORTUNE AUTOMOBILES INDIA PVT LTD   183/184 RASHTRAPATHI ROAD RANI GUNJ SECUNDERABAD,IND
919,CU1F00203,FORBES GOKAK MILLS LTD,41,1,"FORBES GOKAK MILLS LTD  (DIVN OF GOKAL MILLS DIVN) GOKAK FALLS BELGAUM,KARNATAKA ",IND
920,CU1F00205,FAQIR CHAND QUALITY FUELS,11,1,"FAQIR CHAND QUALITY FUELS  1007,SECTOR 14  HISAR ",IND
921,CU1F00207,FASHION GATE,51,1,"FASHION GATE  NO 42,P V NAGAR MANNARAI TIRUPUR ",IND
922,CU1G00008,GOLD COTTEX PVT  LTD,11,1,"GOLD COTTEX PVT  LTD  0/24, INDUSTRIAL AREA  PANIPET HARYANA",IND
923,CU1E00442,EVERGREEN INTERNATIONAL LTD-II,11,1,EVERGREEN INTERNATIONAL LTD-II  E-599.EPIP BORANADA JODHPUR RAJASTHAN,IND
924,CU1E00443,EVEREST INDUSTRIES LTD,51,1,EVEREST INDUSTRIES LTD  ASBESTOS ROAD  COIMBATRORE ,IND
925,CU1E00445,EATON CORPORATION,651,3,"EATON CORPORATION  NA FINANCIAL SERVICES CENTER 1002,PO BOX 818028 CLEVELAND,OH 44181-8028 USA",USD
926,CU1E00446,ELGI ELECTRIC AND INDUSTRIES LTD,42,1,"ELGI ELECTRIC AND INDUSTRIES LTD  SY NO 89/1,THUMAKUNTA VILLAGE KAIRIKERA ,HINDUPUR ANANATHAPUR DIST A P",IND
927,CU1E00447,ER TEXTILES LIMITED,43,1,"ER TEXTILES LIMITED  2/1 NARI GANAPURAM VILLAGE BAGLUR,HOUSR(TK) DHARMAPURI DIST ",IND
928,CU1E00449,EASTERN RAILWAY,21,2,EASTERN RAILWAY    MALDA ,IND
929,CU1E00450,EMCO LIMITED,32,1,"EMCO LIMITED  NO 104,ADDITIONAL MIDC  JALGAON ",IND
930,CU1E00223,ENGLISH BLAZER,43,1,"ENGLISH BLAZER (A DIVN OF GOKALDAS IMAGES LTD NO:67,GOWDANAPALYA,SUBRAMANYA PURA,OPP:SRINIVASA THEATER BANGALORE ",IND
931,CU1F00081,FORBES GOKAK LIMITED,31,1,"FORBES GOKAK LIMITED  ENGINEERING DIVISION SAKI POWAI ROAD,CHANDIVALI MUMBAI ",IND
932,CU1F00082,FIE REFINERIES & CHEMICAL LIMITED,21,1,FIE REFINERIES & CHEMICAL LIMITED  HANUMAN MANDIR CROSSING BETIAHATA GORAKHPUR ,IND
933,CU1F00084,FARYMANN DIESEL GMBH,641,1,FARYMANN DIESEL GMBH  POSTFACH 1220 D-68602 LAMPERTHEIM GERMANY ,USD
934,CU1F00085,FIBRE FOILS LIMITED,31,1,"FIBRE FOILS LIMITED  DHAKU VILLAGE KHOPOLI TALUKA, KALAPUR RAIGAD ",IND
935,CU1F00086,FOUR FIELD,32,1,"FOUR FIELD  E-2 BLOCK, W-14 MIDC INDL. AREA, PIMPRI PUNE ",IND
936,CU1F00088,FALCON,53,1,FALCON  VI/642 OLARIKKARA  TRICHUR ,IND
937,CU1F00089,FARIDABAD METAL UDYOG PVT LTD,11,1,FARIDABAD METAL UDYOG PVT LTD  15/4 MATHURA ROAD  FARIDABAD HARYANA,IND
938,CU1E00428,EASTERN MACHINE ELEMENTS PVT LTD,41,1,"EASTERN MACHINE ELEMENTS PVT LTD  WORKS:D25,INDL.ESTATE AMBATHUR CHENNAI ",IND
939,CU1E00429,ESSAE ELECTRONICS PVT LTD,43,1,"ESSAE ELECTRONICS PVT LTD  NO C-75,C-76,C-77,15TH CROSS PIPDIC INDL ESTATE METTUPALAYAM PONDICHERRY",IND
940,CU1E00430,EAST INDIA PHARMACEUTICAL WORKS LTD,21,1,"EAST INDIA PHARMACEUTICAL WORKS LTD  6,LITTLE RUSSELL STREET  KOLKATTA ",IND
941,CU1C00508,CHANDRAN  M,51,1,"CHANDRAN  M  C/O MS.SAPTHAGIRI BOREWELLS 146 K&E, KUMAR COMPLEX TIRUCHENGODE ",IND
942,CU1C00509,CHAKKO KALANJUR  P T,53,1,"CHAKKO KALANJUR  P T  C/O P T C GRANITE  P LTD SHANTHA BHAVAN, KALANJUR POST PATHANAMUTHITTCE ",IND
943,CU1C00510,CHRISTUDAS  D,52,1,"CHRISTUDAS  D  CHRISTU BHAVAN,THENGUVILAI KURUMATHOOR,KUZHITHURAI POST K K DISTRICT ",IND
944,CU1C00622,CENTEX FABRICS,11,1,CENTEX FABRICS  D-217 PHASE-V11 FOCAL POINT LUDHIANA PUNJAB,IND
945,CU1D00338,DEVI AUTOS,51,1,DEVI AUTOS  GOBALD 79 MAIN ROAD METTUPALAYAM ,IND
946,CU1D00339,DORAISWAMY  M V,51,1,"DORAISWAMY  M V S/O VARADHAPPA GOUNDER MUNNIAPPANPALAYAM,PALGHAT UPPLIPALAYAM(PO),CHITALANDUR TRICHENGODE NAMAKKAL",IND
947,CU1D00340,DEVENDRAN  C,51,1,DEVENDRAN  C    COIMBATORE ,IND
948,CU1D00341,DYNAMIC MOTORS (INDIA) LIMITED,11,1,DYNAMIC MOTORS (INDIA) LIMITED  70 SHIVAJI MARG  NEW DELHI ,IND
949,CU1D00660,D J APPAREL PROCESSORS,43,1,"D J APPAREL PROCESSORS NO:8/2 MARAPPANAPALYA OPP:ULLAS THEATRE RD,B/H GOVT SOAP FACTORY,YESHWANTHPUR BANGALORE ",IND
950,CU1D00662,DINESH TEXTILES,51,1,"DINESH TEXTILES  SF NO 299,ONNIPALAYAM ROAD SINNA MADDAMPALAYAM NO 5,BLICHI COIMBATORE-019",IND
951,CU1C00771,CARRIS PIPES & TUBES PVT LTD,51,1,"CARRIS PIPES & TUBES PVT LTD  PB NO 2,KOOVAPPADY PERUMBAVOOR ERNAKULAM DIST ",IND
952,CU1C00551,CHANEL AUTO ELECTRIC PVT LTD,11,1,CHANEL AUTO ELECTRIC PVT LTD  65 RAJASTHANI UDYOG NAGAR G T KARNAL ROAD DELHI ,IND
953,CU1C00553,CODISSIA INTEC TECH CENTRE,51,1,"CODISSIA INTEC TECH CENTRE  C/O ELGI EQUIPMENTS LIMITED G V FAIR GROUNDS,AVANASI ROAD COIMBATORE ",IND
954,CU1C00554,CHEMICALS & RESINS,33,1,CHEMICALS & RESINS  NEAR OIL JETTY OLD KANDLA KUTCH ,IND
955,CU1C00555,CHAMUNDESWARI BOREWELLS,42,1,CHAMUNDESWARI BOREWELLS    SECUNDERABAD ,IND
956,CU1C00557,CLASSIC DIALS PRIVATE LIMITED,11,1,CLASSIC DIALS PRIVATE LIMITED  367 PHASE II UDYOG VIHAR GURGAON HARYANA,IND
957,CU1C00690,BALRAJ BOREWELLS,42,1,"BALRAJ BOREWELLS  6-71,MANDONIGIDEM VILLAGE CHOUTUPPAL MANDAL NALGONDA DIST HYDERABAD",IND
958,CU1C00691,CLASSIC AUTOMOBILES,21,1,CLASSIC AUTOMOBILES  SHASTRI NAGAR  DHANBAD ,IND
959,CU1E00064,ELGI TYRE AND TREAD LIMITED,51,1,"ELGI TYRE AND TREAD LIMITED (TUBE DIVISION) 571/1-A KARIYAMPALAYAM POST KAREGOUNDANPALAYAM, ANNUR COIMBATORE ",IND
960,CU1D00198,DURGABAHAI SUJBHA,33,1,DURGABAHAI SUJBHA    AHMEDABAD ,IND
961,CU1D00199,DUKE FABRICS PVT LIMITED,33,1,DUKE FABRICS PVT LIMITED    PUNJAB ,IND
962,CU1D00200,DARSHAN PROCESSORS,33,1,DARSHAN PROCESSORS    SURAT ,IND
963,CU1D00201,DADA SILK MILLS,33,1,DADA SILK MILLS    SURAT ,IND
964,CU1D00202,DC SILK MILLS PVT LIMITED,33,1,DC SILK MILLS PVT LIMITED    SURAT ,IND
965,CU1D00203,DC SYNTHETICS PVT LIMITED,33,1,DC SYNTHETICS PVT LIMITED    AHMEDABAD ,IND
966,CU1D00204,DAYARAM PRINITING AND DYEING,33,1,DAYARAM PRINITING AND DYEING MILLS P LTD   AHMEDABAD ,IND
967,CU1E00093,ESCORTS JCB LIMITED,11,1,ESCORTS JCB LIMITED  INDUSTRIAL TRAINING INSTITUTE  MUMBAI ,IND
968,CU1E00095,ESCORTS LIMITED,43,1,ESCORTS LIMITED  AUTOMOTIVE DIVISION YELAHANKA BANGALORE ,IND
969,CU1E00096,ESCORTS LIMITED,11,1,"ESCORTS LIMITED  RAILWAY EQUIPMENT DIVISION PLOT NO.115, SECTOR 24 FARIDABAD ",IND
970,CU1E00131,ELVMEC INTERNATIONAL PVT LIMITED,11,1,ELVMEC INTERNATIONAL PVT LIMITED    NEW DELHI ,IND
971,CU1E00132,EICHER TRACTORS,34,1,EICHER TRACTORS A UNIT OF EICHER LIMITED G 2/302 GULMOHAR F 8 ARERA COLONY BHOPAL ,IND
972,CU1E00133,ESAB INDIA LIMITED,41,1,"ESAB INDIA LIMITED  ELECTRODE FACTORY 13 INDL. ESTATE, AMBATTUR CHENNAI ",IND
973,CU1E00134,ELUMALAI POLYTECHNIC,41,1,ELUMALAI POLYTECHNIC  SALAMEDU  VILLUPURAM ,IND
974,CU1E00122,EVEREST AUTO ELECTRICALS,51,1,EVEREST AUTO ELECTRICALS  LAKSHMINAICKEN STREET SOUTH UKKADAM COIMBATORE ,IND
975,CU1E00123,ELGI ELECTRIC AND INDUSTRIES LTD,51,1,"ELGI ELECTRIC AND INDUSTRIES LTD  ELGI TOWERS,P B 7165, 737 D GREEN FIELDS, PULIYAKULAM ROAD COIMBATORE ",IND
976,CU1E00125,ELGI ELECTRIC AND INDUSTRIES LTD,51,1,"ELGI ELECTRIC AND INDUSTRIES LTD  MOTOR UNIT NO 1 MULLUPADI VILLAGE,TAMARAIKULAM POLLACHI ",IND
977,CU1E00126,ESWAR BOREWELLS,43,1,ESWAR BOREWELLS  4-16/2 SRINIVASANAGAR COLONY P O ROAD SAROOR NAGAR ,IND
978,CU1E00128,EAST INDIA SYNTEX LIMITED,11,1,EAST INDIA SYNTEX LIMITED  PLOT NO 18 INDUSTRIAL ESTATE DHARUHERA REWARI HARYANA,IND
979,CU1E00130,ELYMER INTERNATIONAL PVT LIMITED,11,1,"ELYMER INTERNATIONAL PVT LIMITED  PLOT 8, SECTOR 27A MATHURA ROAD FARIDABAD HARYANA",IND
980,CU1E00173,EVERGRIP TYRE RETREADERS,33,1,"EVERGRIP TYRE RETREADERS  PLOT NO.18, OPP. AJAY APEX JAKHAR, DIST. LALPUR JAMNAGAR ",IND
981,CU1E00174,ELGI RUBBER PRODUCTS LIMITED,41,1,ELGI RUBBER PRODUCTS LIMITED  THIMMAVARAM POST  CENGALPET ,IND
982,CU1D00043,DEVENDRA INDUSTRIES,12,1,"DEVENDRA INDUSTRIES  19,SHOPPING CENTRE  KOTA ",IND
983,CU1D00044,DEVENTHIRA SPINNERS PVT LTD,51,1,"DEVENTHIRA SPINNERS PVT LTD PALLIPALAYAM TO SANKARI ROAD VILL:PADAVEEDU,SANNIYASIPATTI SANKARI WEST NAMAKKAL ",IND
984,CU1D00046,DEV PRIYA PRODUCT PVT LTD,11,1,"DEV PRIYA PRODUCT PVT LTD  VILL:SAINI,8TH KM MAWANA ROAD MEERUT U P",IND
985,CU1D00047,DEVSHRI AUTO ENTERPRISES,34,1,DEVSHRI AUTO ENTERPRISES  DEVSHRI CINEMA COMPLEX NEW LOHA MANDIR INDORE ,IND
986,CU1D00048,DEY MOTORS,21,1,"DEY MOTORS  G T ROAD,(WEST END) BARAKAR WEST BENGAL ",IND
987,CU1D00049,DHANABAGYAM R,51,1,DHANABAGYAM R  W/O RATHINAM CHANDRAPURAM POLLACHI ,IND
988,CU1D00206,DADA SILK MILLS,33,1,DADA SILK MILLS    SURAT ,IND
989,CU1D00686,DTH SUPERDAG PVT LTD,611,3,"DTH SUPERDAG PVT LTD  35/7,SHOP PLACE KADURUWELA POLONNARUWA SRILANKA",IND
990,CU1D00688,DIAMOND BOREWELLS,45,1,"DIAMOND BOREWELLS  NO 72,MANDAVELI STREET SEDARAPET PONDICHEERY ",IND
991,CU1D00689,DENIM CLINIC,31,1,"DENIM CLINIC  12,GILBERT COMPOUND DURGA MANDIR ANDHEERI(E) MUMBAI",IND
992,CU1D00690,DEWALT EMGLO LLC,651,3,"DEWALT EMGLO LLC  303,INDUSTRIAL PARK ROAD JOHNSTOWN,PA 15904 USA ",USD
993,CU1D00691,D S ROCK DRILLS,45,1,D S ROCK DRILLS  DHANRAJ S NETTAPAKKAM SULTANPET PONDICHEERY,IND
994,CU1D00054,DHOOT MOTORS LIMITED,32,1,DHOOT MOTORS LIMITED  ADALAT ROAD  AURANGABAD ,IND
995,CU1E00135,EXCEL PNEUMATICS,33,6,"EXCEL PNEUMATICS  201,ARHANT COMPLEX SWASTIK SOCIETY,BH.ST XAVIER LADIES HOSTEL,NAVRANGPURA AHMEDABAD",IND
996,CU1D00075,DRIPLEX WATER ENGINEERING(INT'L),11,1,"DRIPLEX WATER ENGINEERING(INT'L) LIMITED D-21,BAHADRABAD INDUSTRIA AREA HARIDWAR ",IND
997,CU1D00231,DALSUKHBHAI K PATEL,33,1,DALSUKHBHAI K PATEL  AT BAGSARA  RAJKOT ,IND
998,CU1D00232,J D TRIVEDI & SONS,33,1,"J D TRIVEDI & SONS  AMBAJI DANTA ROAD VILLAGE KUMBHARIYA,AMBAJI POST B K DIST ",IND
999,CU1D00234,DENISCHEM LAB LIMITED,33,1,DENISCHEM LAB LIMITED    AHMEDABAD ,IND
1000,CU1D00235,DHARMESH DYEING & PRINTING MILLS,33,1,DHARMESH DYEING & PRINTING MILLS    AHMEDABAD ,IND
1001,CU1D00236,DEVJIBHAI KARSANBHAI,33,1,DEVJIBHAI KARSANBHAI    AHMEDABAD ,IND
1002,CU1D00237,DINESH MILLS,33,1,DINESH MILLS    AHMEDABAD ,IND
1003,CU1D00238,DUTT AUTOMOBILES,33,1,DUTT AUTOMOBILES    AHMEDABAD ,IND
1004,CU1D00065,DIRECTORATE OF DEFENCE PRODUCTION,613,2,DIRECTORATE OF DEFENCE PRODUCTION  ROYAL NEPAL ARMY KATHMANDU NEPAL ,IND
1005,CU1F00093,FERRO ALLOYS CORPORATION LIMITED,21,1,"FERRO ALLOYS CORPORATION LIMITED  CHARGE CHROME PLANT D.P. NAGAR, RANDIA BHADRAK ORISSA",IND
1006,CU1F00094,FOAM MATTRESS LIMITED,692,3,FOAM MATTRESS LIMITED  P O BOX 230 KISUMU KENYA ,USD
1007,CU1F00095,FIDELITY INDUSTRIES LIMITED,41,1,"FIDELITY INDUSTRIES LIMITED  A 23 - A, 26 M E P Z KADAPPERI CHENNAI ",IND
1008,CU1G00001,GANESAN C  S/O CHINNASAMY NADAR,54,1,"GANESAN C  S/O CHINNASAMY NADAR  M/S MURGAN RIG SERVICE MANKUTTAIPALAYAM, S.R.PALAYAM TRICHENGODE ",IND
1009,CU1E00435,EAST ASIAN COX PVT LTD,612,3,"EAST ASIAN COX PVT LTD 841-845 DADA IDRAKPUR POST OFFICE ROAD FATVLLAH,NARAYANGONJ BANGLADESH ",USD
1010,CU1E00436,EXCEL PLAST,51,1,"EXCEL PLAST  53,4B,PN PALAYAM ROAD VARATHARAJA LAYOUT-I GANAPATHY COIMBATORE",IND
1011,CU1E00438,ELLEN FERROUS CASTINGS P LTD,51,1,"ELLEN FERROUS CASTINGS P LTD  S F NO 275,AVANASHI ROAD ARASUR VILLAGE COIMBATORE ",IND
1012,CU1E00439,EAST INDIA STEELS PVT LTD,21,1,EAST INDIA STEELS PVT LTD  INDUSTRIAL AREA  ROURKELA ,IND
1013,CU1E00440,EMTECH ENGINEERS,41,1,"EMTECH ENGINEERS  NO 74,VEERAPPA NAGAR ALWARITHIRUNAGAR CHENNAI ",IND
1014,CU1E00441,EUROKEM LABORATORIES PVT LTD,41,1,"EUROKEM LABORATORIES PVT LTD  NO 70,JERMIAH ROAD VEPERY CHENNAI ",IND
1015,CU1F00103,FRONTIER KNITTERS,51,1,FRONTIER KNITTERS  64 PROCESS SERVER STREET  TIRUPUR ,IND
1016,CU1G00139,GUJARAT ELECTRICITY BOARD,33,2,GUJARAT ELECTRICITY BOARD  TRANSMISSION DIVISION NAROL AHMEDABAD ,IND
1017,CU1G00014,GALA EQUIPMENTS LIMITED,31,1,GALA EQUIPMENTS LIMITED  PLOT  A 59 ROAD NO 10 MIDC WAGLE INDUSTRIAL ESTATE THANE ,IND
1018,CU1E00370,EUROFLEX TRANSMISSIONS (I) P LTD,42,1,"EUROFLEX TRANSMISSIONS (I) P LTD  PLOT NO:92, C I E, PHASE II GANDHINAGAR, BALANAGAR HYDERABAD ",IND
1019,CU1G00025,GANGA TEXTILES PRIVATE LIMITED,51,1,GANGA TEXTILES PRIVATE LIMITED  1168  AVANASHI ROAD PAPPANAICKENPALAYAM COIMBATORE ,IND
1020,CU1E00306,EVEREX STAMPINGS P.LIMITED,31,1,EVEREX STAMPINGS P.LIMITED    MUMBAI ,IND
1021,CU1E00307,ELEOTRONFAB ENGG. PVT.LIMITED,31,1,ELEOTRONFAB ENGG. PVT.LIMITED    MUMBAI ,IND
1022,CU1E00308,ELECTROTECH CIRCUITS (PUNE) P LTD,31,1,ELECTROTECH CIRCUITS (PUNE) P LTD    MUMBAI ,IND
1023,CU1E00309,EXECUTIVE ENGINEER,21,2,EXECUTIVE ENGINEER P.W.D. GOVT.OF MIZORAM MECHANICAL DIVISION I ZUANGTUI  AIZAWL MIZORAM ,IND
1024,CU1E00454,ELITE AUTOMBILES PVT LIMITED,43,1,"ELITE AUTOMBILES PVT LIMITED  NO 25,II MAIN DEFENCE COLONY INDIRA NAGAR BANGALORE ",IND
1025,CU1E00455,GDM RICE AND PULSES,12,1,"GDM RICE AND PULSES  G1,19/AND 20 SARAGAGURI INDUSTRIAL AREA JAIPUR RAJASTHAN",IND
1026,CU1E00456,EBULLIENT ENGINEERS PVT LTD,41,6,"EBULLIENT ENGINEERS PVT LTD  NO 7,SYED WAHAB HUSSAIN STREET SANTHOME MYLAPORE CHENNAI",IND
1027,CU1E00457,EMPEE BOREWELLS,45,1,"EMPEE BOREWELLS  21/4 ,7TH CROSS KOODAPAKKAM PONDICHERRY ",IND
1028,CU1G00482,GIMPEX OVERSEAS PVT LIMITED,21,1,"GIMPEX OVERSEAS PVT LIMITED  143 KARNANI EXTATE 4TH FLOOR,209 A J C BOSE ROAD CALCUTTA ",IND
1029,CU1G00483,GOPAL ENGINEERING WORKS,42,1,GOPAL ENGINEERING WORKS  UNIT NO: B-2 AUTONAGAR VISAKHAPATNAM ,IND
1030,CU1G00484,GARIMA AUTOMOBILES P LIMITED,34,1,GARIMA AUTOMOBILES P LIMITED  MLB ROAD  GWALIOR ,IND
1031,CU1G00485,GEO AUTOMOBILES,53,1,GEO AUTOMOBILES  MAIN ROAD  PATHNAMTHITTA ,IND
1032,CU1G00486,G T N EXPORTS LIMITED,51,1,"G T N EXPORTS LIMITED  ENGINEERING DIVISION 18 K R PURAM ROAD, GANAPATHY COIMBATORE ",IND
1033,CU1G00489,GOYAL BROTHERS,21,1,GOYAL BROTHERS  MAIN ROAD GHATSILA-POST SINGHBHUM(DT) JHARKHAND,IND
1034,CU1G00622,GUINEA MOTORS PVT LTD,21,1,"GUINEA MOTORS PVT LTD  ARA GARDEN ROAD MANGALAM VIHAR OFF BAILEY ROAD ,PATNA -800014 ",IND
1035,CU1G00039,GEDEE WEILER PRIVATE LIMITED,51,1,GEDEE WEILER PRIVATE LIMITED  VELLALORE ROAD PODANUR POST COIMBATORE ,IND
1036,CU1G00490,GOPAL METAL CONTAINERS PVT LIMITED,41,1,GOPAL METAL CONTAINERS PVT LIMITED PLOT NO:8(N.P) DEVELOPED PLOT GUINDY INDUSTRIAL ESTATE EKKATTUTHANGAL CHENNAI ,IND
1037,CU1G00491,GARUD AUTOMOBILES,12,1,GARUD AUTOMOBILES  MABEDKAR CIRCLE RAILWAY CROSSING BIKANER RAJASTTHAN,IND
1038,CU1G00492,GOMATI MOTOR WORKS,43,1,GOMATI MOTOR WORKS  101 INDUSTRIAL LAYOUT KORAMANGALA BANGALORE ,IND
1039,CU1G00493,GIS LIMITED,21,1,"GIS LIMITED COTTON MILL DIVISION 47 G T ROAD,CHAMPDANY BAIDYABATI POST HOOGHLY ",IND
1040,CU1G00495,GOWTHAMI AGRO INDUSTRIES PVT LTD,42,1,"GOWTHAMI AGRO INDUSTRIES PVT LTD  VANGURU (V),PEDAVEGI (M)  WEST GODAVARI DIST ANDHRA PRADESH",IND
1041,CU1G00496,GUNASEKARAN  A,45,1,GUNASEKARAN  A    PONDICHERY ,IND
1042,CU1G00497,GROUND WATER DEPARTMENT,53,1,GROUND WATER DEPARTMENT  PLAMODDU PATTOM POST THIRUVANANTHAPURAM ,IND
1043,CU1C00550,CONTINENTAL CROWNS AND CLOSURES,11,1,"CONTINENTAL CROWNS AND CLOSURES  B-154, DDA SHEDS OKHLA INDUSTRIAL AREA,PHASE-I NEW DELHI ",IND
1044,CU1G00354,GIMONA STAMPING PVT.LIMITED,31,1,GIMONA STAMPING PVT.LIMITED    MUMBAI ,IND
1045,CU1G00355,GOKAR MILLS,31,1,GOKAR MILLS    MUMBAI ,IND
1046,CU1G00356,GROUNDWATER SURVEYS & DEVP.AGENCY,31,1,GROUNDWATER SURVEYS & DEVP.AGENCY    AURANGABAD MAHARASTRA STATE,IND
1047,CU1G00357,GOVT MILK SCHEME,31,1,GOVT MILK SCHEME    UDGIR LATUR MAHARASTRA STATE,IND
1048,CU1G00789,GOWTHAM GRANITES,41,1,"GOWTHAM GRANITES  5/5 AVADI ROAD SENNEERKUPPAM,POONAMALLE CHENNAI ",IND
1049,CU1G00790,GENERAL AUTOMOBILES PVT LTD,12,1,"GENERAL AUTOMOBILES PVT LTD  NO 57,AERODROME ROAD  ALWAR ",IND
1050,CU1E00458,EXCELL ENTERPRISES,11,1,EXCELL ENTERPRISES  C-67B FIRST FLOOR KALKAJI NEW DELHI ,IND
1051,CU1H00028,HAROON AND COMPANY,612,1,HAROON AND COMPANY  BROWN COMPOUND ROAD BARISAL BANGLADESH ,USD
1052,CU1H00030,HARRISON MALAYALAM LIMITED,51,1,HARRISON MALAYALAM LIMITED  P O VEDAPATTI  COIMBATORE ,IND
1053,CU1H00031,HARRISONS MALAYALAM LIMITED,53,1,"HARRISONS MALAYALAM LIMITED   ACHOORAM P.O, VIA.POZHUTHANA SOUTH WYNAAD, KERALA - -673575",IND
1054,CU1H00032,HARSHAD AUTOMOBILES,33,1,HARSHAD AUTOMOBILES    AHMEDABAD ,IND
1055,CU1H00034,HARSH IMPEX PRIVATE LIMITED,21,1,HARSH IMPEX PRIVATE LIMITED  P 23/24 RADHABAZAR STREET  CALCUTTA ,IND
1056,CU1H00035,HARYANA ROADWAYS,11,1,HARYANA ROADWAYS  THE DY.TRANSPORT CONTROLLER(T) OFFICE OF THE DY.TRANSPORT CON KARNAL ,IND
1057,CU1H00037,HARYANA ROADWAYS,11,2,HARYANA ROADWAYS    YAMUNA NAGAR ,IND
1058,CU1H00038,HARYANA TEXTILE INDUSTRIES PRIVATE,33,1,HARYANA TEXTILE INDUSTRIES PRIVATE LIMITED PLOT NO.363/GIDC SACHIN SURAT ,IND
1059,CU1H00039,HAVELL'S DORMAN SMITH (P) LTD,11,1,HAVELL'S DORMAN SMITH (P) LTD  14/3 MATHURA ROAD  FARIDABAD ,IND
1060,CU1H00040,HAZAT MINERALS,12,1,HAZAT MINERALS    NAGAUR ,IND
1061,CU1H00041,H DASAPPA AND SONS PRIVATE LIMITED,43,1,H DASAPPA AND SONS PRIVATE LIMITED    BANGALORE ,IND
1062,CU1H00043,HEAVY VEHICLES FACTORY,41,2,HEAVY VEHICLES FACTORY  ENGINE FACTORY AVADI CHENNAI ,IND
1063,CU1H00044,HEBBARE AUTOMOBILES,31,1,"HEBBARE AUTOMOBILES  NEAR SHARADA LODGE STATION ROAD, BAGALKOT BIJAPUR ",IND
1064,CU1H00045,HEB METAL WORKS,34,1,HEB METAL WORKS    SANGLI ,IND
1065,CU1G00498,GULABCHAND & SONS,43,1,"GULABCHAND & SONS  6TH MILE, HOSUR ROAD MADIWALA POST BANGALORE ",IND
1066,CU1F00027,FOURESS ENGINEERING (INDIA) LIMITED,32,1,FOURESS ENGINEERING (INDIA) LIMITED  PLOT NO.C 2 MIDC PAITHAN AUGANGABAD ,IND
1067,CU1F00028,FRIENDS AUTO SERVICE,54,1,FRIENDS AUTO SERVICE  100 KANGAYAM ROAD  MUTHUR ,IND
1068,CU1F00029,FRIENDS SERVICE STATION,34,1,FRIENDS SERVICE STATION  AT POST BIDKERI  JALNA ,IND
1069,CU1D00066,DIVISIONAL CONTROLLER,31,2,DIVISIONAL CONTROLLER  STATE TRANSPORT  BHANDARA ,IND
1070,CU1D00067,DIVYA GRANITE,34,1,DIVYA GRANITE  BIJOLI  JHANSI ,IND
1071,CU1D00069,D M MOTORS,34,1,D M MOTORS  117 ZONE II MAHARANA PRATAP NAGAR BHOPAL ,IND
1072,CU1D00070,DOCTOR AMBEDKAR TRANSPORT CORPORATI,41,2,DOCTOR AMBEDKAR TRANSPORT CORPORATI ON LIMITED CENTRAL RECEIPT STORES PALLAVAN SALAI CHENNAI ,IND
1073,CU1D00071,DODWEL ENGINEERING,31,1,"DODWEL ENGINEERING 43D/314 VERSOVA MANISH CHAMBER BUILDING NO 43 MANISH NAGAR J P ROAD, ANDHERI (WEST) MUMBAI ",IND
1074,CU1D00072,DOLPHY H PINTO,691,3,DOLPHY H PINTO  POST BOX 1101 17 SH ANTIKHANA APARTMENT 36 CAIRO ,IND
1075,CU1C00314,CHOWDHAY TRACTOR COMPANY,12,1,CHOWDHAY TRACTOR COMPANY    JAIPUR ,IND
1076,CU1C00630,CHENNIAPPA TEXTILES,51,1,CHENNIAPPA TEXTILES KNITWEAR EXPORTERS 4-B SIDCO INDUSTRIAL ESTATE HARVEY ROAD TIRUPUR ,IND
1077,CU1C00631,CALCUTTA TUBE (INDIA) LIMITED,43,1,CALCUTTA TUBE (INDIA) LIMITED  NO:125 SUDHIHAL VILLAGE NELAMANGALA TALUK BANGALORE ,IND
1078,CU1C00632,CHELLAMUTHU C,54,1,"CHELLAMUTHU C  NO 5,THENNAN SALAI ROAD  SUBBIAH NAGAR PONDICHERY",IND
1079,CU1C00633,COOPER-STANDARD AUTOMOTIVE,631,3,COOPER-STANDARD AUTOMOTIVE  PO BOX 103 WOODVILLE SA 5011 SOUTH AUSTRALIA ,USD
1080,CU1C00767,CONTINENTAL TRADING ENT,613,3,CONTINENTAL TRADING ENT  KAMALADI G P O-4016 KATHMANDU NEPAL,IND
1081,CU1C00768,COATES OF INDIA LIMITED,41,1,"COATES OF INDIA LIMITED  92,SHEIK MAISTRY STREET PO ROYAPURAM CHENNAI ",IND
1082,CU1C00769,COATS OF INDIA LTD,31,1,COATS OF INDIA LTD  OFF SAKI VIHAR ROAD CHANDIVILI FARM ANDHERI(E) MUMBAI,IND
1083,CU1E00065,ELGI TYRE AND TREAD LIMITED,51,1,ELGI TYRE AND TREAD LIMITED  THUMAKUNTA VILLAGE KIRIKERA HINDUPUR ,IND
1084,CU1E00067,ELGI TYRE AND TREAD LIMITED,41,1,"ELGI TYRE AND TREAD LIMITED  KORKADU VILLAGE & P.O. MANGALAM P.O., VILLIANUR VIA PONDICHERRY ",IND
1085,CRE000020,ELGI ULTRA INDUSTRIES LIMITED,51,1,"ELGI ULTRA INDUSTRIES LIMITED   1443/1,INDIA HOUSE TRICHY ROAD,COIMBATORE TN - 641 045",IND
1086,CU1E00068,ELGI ULTRA INDUSTRIES LIMITED,51,1,"ELGI ULTRA INDUSTRIES LIMITED   1443/1,INDIA HOUSE TRICHY ROAD,COIMBATORE TN - 641 045",IND
1087,CU1E00070,ELLEN HYDRAAULICS,51,1,"ELLEN HYDRAAULICS  NO:1,ELLATHOTTAM ROAD PEELAMEDU COIMBATORE ",IND
1088,CU1C00653,CUMMINS AUTO SERVICES LIMITED,12,1,"CUMMINS AUTO SERVICES LIMITED  25KM, NH 8 HARDHYANPURA,BAGRU JAIPUR ",IND
1089,CU1E00136,ELPOWER ENGINEERING WORKS,51,1,ELPOWER ENGINEERING WORKS  126 SASTRI ROAD RAM NAGAR COIMBATORE ,IND
1090,CU1E00137,EXIMPO TEA LIMITED,21,1,EXIMPO TEA LIMITED  3 B LALBAZAR STREET SECOND FLOOR CALCUTTA ,IND
1091,CU1E00138,ENGINEERING SALES CORPORATION,11,1,ENGINEERING SALES CORPORATION  115 CHETAK MARG  UDAIPUR RAJASTHAN,IND
1092,CU1E00140,ESCORTS FINANCIAL SERVICES LIMITED,12,1,ESCORTS FINANCIAL SERVICES LIMITED    JAIPUR ,IND
1093,CU1E00141,ELGI TYRE AND TREAD LIMITED,51,1,ELGI TYRE AND TREAD LIMITED  KARIAKODE POST KOTTAYI PALAKKAD ,IND
1094,CU1E00098,ESSAR COASTAL LIMITED,57,1,ESSAR COASTAL LIMITED     ,IND
1095,CU1E00099,ESSAR STEEL INDIA LIMITED,33,1,"ESSAR STEEL INDIA LIMITED  SERVICE CENTER, GATE NO437,442 GOLECHIWADI,AMBI-NIGADE RD TELEGAON MIDC, PUNE MAHARASHTRA",IND
1096,CU1E00100,ESSEL PACKAGING LIMITED,31,1,ESSEL PACKAGING LIMITED  135 DR ANNIE BESANT ROAD WORLI MUMBAI ,IND
1097,CU1E00143,ENGINEERING EQUIPMENT INDUSTRIES,51,1,"ENGINEERING EQUIPMENT INDUSTRIES  4/95 VELLKINAR ROAD NEAR CHERAN COLONY, TUDIYALUR COIMBATORE ",IND
1098,CU1E00144,ELGI EQUIPMENTS LIMITED,32,4,"ELGI EQUIPMENTS LIMITED WHITE HOUSE, 2ND FLOOR  S.F.NO.221/2 & 223/3,KODANGIPALAYAM(V), KOTHAVADI RD,SINGARAMPALAYAM (PO),KINATHUKADAVU,POLLACHI,CBE",IND
1099,CU1E00145,EMERALD BRISTLERS PRIVATE LIMITED,33,1,EMERALD BRISTLERS PRIVATE LIMITED  PLOT NO 209 LUNA PADRA BARODA ,IND
1100,CU1E00146,ELECTRO MECHANICALS,34,1,ELECTRO MECHANICALS  39 MAHARANI LAXMIBAI MARKET OUTSIDE KHANDERAO GATE JHASNI ,IND
1101,CU1E00148,EMKAY APPLIANCES PRIVATE LIMITED,11,1,EMKAY APPLIANCES PRIVATE LIMITED  17 FUNCTIONAL INDUSTRIAL AREA PATPARGANJ DELHI ,IND
1102,CU1E00149,EMSON TOOLS MANUFACTURING CORPN.LTD,11,1,EMSON TOOLS MANUFACTURING CORPN.LTD  D 2 FOCAL POINT DHANDARI KALAN LUDHIANA ,IND
1103,CU1E00150,ENNARAM SPINNERS,54,1,"ENNARAM SPINNERS  RS NO 38/1, PANDAZOZHANALLUR NETTAPAKKAM COMMUNE PONDICHERRY ",IND
1104,CU1E00151,ELANGO  A D,45,1,ELANGO  A D    PONDICHERY ,IND
1105,CU1D00051,DHANDAPANI SPINNING MILLS LIMITED,51,1,DHANDAPANI SPINNING MILLS LIMITED  CHINTAMANIPUDUR POST  COIMBATORE ,IND
1106,CU1D00052,DHEEPSEELAA MOTORS,51,1,DHEEPSEELAA MOTORS  436 METTUPALAYAM ROAD  COIMBATORE ,IND
1107,CU1D00209,DABUR INDIA LIMITED,21,1,"DABUR INDIA LIMITED  24, PARGARAS,  NARENDRAPURI ",IND
1108,CU1D00210,DALMIA TRADING CO,21,1,"DALMIA TRADING CO  24, MG MARG,  GANGTOK SIKKIM",IND
1109,CU1D00211,DHUNSERI TEA INDUSTRIES,21,1,"DHUNSERI TEA INDUSTRIES  15B, HEMANTA BASU SARANI  CALCUTTA ",IND
1110,CU1D00213,DURGAPUR STEEL PLANT,21,1,DURGAPUR STEEL PLANT  CENTRAL STORES DEPT DURGAPUR BURDWAN(DT) WEST BENGAL,IND
1111,CU1D00214,DG ENTERPRISES,21,1,DG ENTERPRISES    CALCUTTA ,IND
1112,CU1E00072,ELOFIC INDUSTRIES LIMITED,43,1,"ELOFIC INDUSTRIES LIMITED  PLOT NO.18 & 19 SIPCOT INDL. AREA, PHASE II HOSUR ",IND
1113,CU1D00366,DHANALAKSHMI ROCK DRILLS,45,1,DHANALAKSHMI ROCK DRILLS     PONDICHERY,IND
1114,CU1D00368,DODHIA TECHNO ENGINEERING PVT LTD,31,1,"DODHIA TECHNO ENGINEERING PVT LTD  69/3 PERVIN MANSION ROAD NO:25-C, SION (W) MUMBAI ",IND
1115,CU1D00369,DELTA FABRICS PRIVATE LIMITED,21,1,DELTA FABRICS PRIVATE LIMITED  847 LAKE TOWN  CALCUTTA ,IND
1116,CU1D00371,DECORATIVE SLEEVES PVT LIMITED,33,1,"DECORATIVE SLEEVES PVT LIMITED YASHKAMAL INDUSTRIAL COMPLEX BASKA - TAJPURA ROAD BASKA, HALOL PANCHMAHAL ",IND
1117,CU1D00372,DEVA SINGH SHAM SINGH,13,1,DEVA SINGH SHAM SINGH  OUTSIDE CHATIWIND GATE  AMRITSAR ,IND
1118,CU1E00101,ESS GEE DRILLERS,12,1,ESS GEE DRILLERS  ALLAHABAD ROAD BARA REWA ,IND
1119,CU1D00693,DILEEP V,45,1,"DILEEP V  NO 41,MAIN ROAD  THIRUBHUVANI PONDICHEERY",IND
1120,CU1D00694,DYANO PACK FINE CLOTHING EXPORTERS,51,1,"DYANO PACK FINE CLOTHING EXPORTERS  SF NO 113/2B,14C-1 MYLAMPATTI ROAD MEELAMBUR POST COIMBATORE",IND
1121,CU1D00696,DAMODAR TYRES,31,1,"DAMODAR TYRES  779-B,SEBASTINS D CUNHA ROAD AQUEM MARGOA GOA",IND
1122,CU1D00697,DHARMARAJ HARDWARE MART,51,1,"DHARMARAJ HARDWARE MART  650,N H ROAD  COIMBATORE ",IND
1123,CU1D00698,DURAISAMY A MODERN RICE MILL,51,1,DURAISAMY A MODERN RICE MILL  4/354-KP KARADU ROAD NETHIMEDU SALEM ,IND
1124,CU1D00700,DENTOCON 2003,51,1,"DENTOCON 2003  DENTAL EXHIBITION 39,OLD AGRAHRAM OOTY ",IND
1125,CU1D00701,DEEPAK TRADING COMPANY,21,1,"DEEPAK TRADING COMPANY  41,EZRA STREET  KOLKOTTA ",IND
1126,CU1C00440,CHETANA MOTORS,34,1,"CHETANA MOTORS  OPP. BLOCK OFFICE BARETH ROAD, GANJ BASODA VIDISHA ",IND
1127,CU1C00441,CHIRACKAL FOOD PRODUCTS,53,1,CHIRACKAL FOOD PRODUCTS  MAROTTICHODU KALADY ERNAKULAM ,IND
1128,CU1C00442,CARE WELL SERVICE,33,1,"CARE WELL SERVICE  N H NO.8, X ROAD GUNDLAV VALSAD ",IND
1129,CU1C00443,CHESLIND TEXTILES LIMITED,43,1,CHESLIND TEXTILES LIMITED  B.MUDUGANPALLI BAGALUR HOSUR DHARMAPURI DIST.,IND
1130,CU1C00445,CARBORUNDUM UNIVERSAL LIMITED,41,1,"CARBORUNDUM UNIVERSAL LIMITED  C 4-& 5,KAMARAJ SALAI MARIAMALAINAGAR KNCHEEPURAM DIST ",IND
1131,CU1C00446,CLASSIC COOKWARE PRIVATE LIMITED,43,1,"CLASSIC COOKWARE PRIVATE LIMITED  163 10 TH MAIN, 3 RD CROSS PEENYA INDUSTRIAL AREA BANGALORE ",IND
1132,CU1C00447,CUMMINS INDIA LIMITED,32,1,"CUMMINS INDIA LIMITED   DHANUKAR COLONY, KOTHRUD PUNE- 411038",IND
1133,CU1F00030,FUN FOOD INDUSTRIES (P) LTD,613,3,FUN FOOD INDUSTRIES (P) LTD  P.O.BOX 6805  KATHMANDU ,IND
1134,CU1F00031,FEMSTEX TRADING COMPANY PVT LTD,31,3,"FEMSTEX TRADING COMPANY PVT LTD 228 SANJAY BUILDING NO.5-B MITTAL INDL. ESTATE ANDHERI KURLA ROAD,ANDHERI (E) MUMBAI ",IND
1135,CU1F00032,F M GLASS INDUSTRIES,11,1,"F M GLASS INDUSTRIES  VILLAGE IDUMAI  SHIKOHABAD,(U.P) ",IND
1136,CU1G00791,P GUNASEKARAN AMMAN ARUL BOREWELLS,45,1,P GUNASEKARAN AMMAN ARUL BOREWELLS  THIRUVALLUVAR NAGAR PILLAYAR KUPPAM PONDICHERRY ,IND
1137,CU1E00373,EKM RICE SORTER,52,1,EKM RICE SORTER  5/9 MANGAMMAL SALAI DHALAVAIPURAM VIRUDHUNAGAR DIST ,IND
1138,CU1E00374,ELVEETY INDUSTRIES P LTD,43,1,ELVEETY INDUSTRIES P LTD  M-16 INDUSTRIAL ESTATE  HUBLI - 30 ,IND
1139,CU1F00036,FOSROC CHEMICALS (INDIA) LIMITED,43,1,"FOSROC CHEMICALS (INDIA) LIMITED  41STKM,NH4,KULUVANAHALI PO NELAMANGALA TALUK BANGALORE RURAL DIST:DOBESPET",IND
1140,CU1F00037,FENNER (INDIA) LIMITED,54,1,"FENNER (INDIA) LIMITED TEXTILE DIVISION III FLOOR,IDEAL GARDEN COMPLEX 7/54 JUNCTION MAIN ROAD SALEM ",IND
1141,CU1F00038,FLOTHERM ENGINEERS PRIVATE LIMITED,41,1,"FLOTHERM ENGINEERS PRIVATE LIMITED  P B NO.8771,BLOCK C,3 RD FLOOR 1 RAMAKRISHNA STREET, T. NAGAR CHENNAI ",IND
1142,CU1F00041,FLOW LINK SYSTEMS PVT LTD,51,1,"FLOW LINK SYSTEMS PVT LTD  SF NO:189/1A-C,UTHUPALAYAM ARASUR,AVINASHI ROAD COIMBATORE ",IND
1143,CU1H00036,HARYANA ROADWAYS,11,2,HARYANA ROADWAYS  REWARI  MAHENDRAGARH ,IND
1144,CU1E00380,EFFECIENT AGENCIES,41,1,"EFFECIENT AGENCIES  RAHEJA COMPLEX NO 834,MOUNT ROAD CHENNAI-002 ",IND
1145,CU1E00381,ENDRAAN IMPEX,51,1,"ENDRAAN IMPEX (ARAVIND INDL COMPLEX) SEVENTHAMPALAYAM ROAD INDRA NAGAR,CHANDRAPURAM TIRUPUR ",IND
1146,CU1F00055,FATEH GRANITES LIMITED,12,1,FATEH GRANITES LIMITED  VILLAGE BHAGLI SINDHLAN  JALORE RAJASTHAN,IND
1147,CU1G00390,GRASIM INDUSTRIES LIMITED,43,1,"GRASIM INDUSTRIES LIMITED  GRASILENE DIVISION KUMARAPATNAM, NEAR HARIHAR HAVERI ",IND
1148,CU1G00523,GOLDMOHUR FOODS & FEEDS LIMITED,43,1,GOLDMOHUR FOODS & FEEDS LIMITED (SUBSUDIARY OF H L L ) LAKSHMINARAYANA COMPLEX 10/1 PALALCE ROAD BANGALORE ,IND
1149,CU1G00525,GANGASAGAR BOREWELLS,33,1,GANGASAGAR BOREWELLS  OPP: TALUKA PANCHAYAT  BHILODA ,IND
1150,CU1G00526,GANGA ROCK DRILLERS,42,1,GANGA PUPLP & PAPERS   RAMNAGAR INDUSTRIAL AREA VARANASHI ,IND
1151,CU1G00527,GANDHI AUTOMOBILES,32,1,GANDHI AUTOMOBILES  SIDDHESWAR SHOPPING CENTRE  SOLAPUR ,IND
1152,CU1G00614,GHANI MOTORS,53,1,GHANI MOTORS  FORT MAIDAN KUNNATHUR MEDU POST PALAKKAD-13 PALAKKAD,IND
1153,CU1I00130,INDORE CNC PRIVATE LIMITED,51,1,"INDORE CNC PRIVATE LIMITED  PLOT NO 43 INDL. AREA NO.1, PITHAMPUR DHAR ",IND
1154,CU1I00132,INDIAN INSTITUTE OF TECHNOLOGY,11,2,"INDIAN INSTITUTE OF TECHNOLOGY  I I T POST OFFICE  KANPUR,(U.P). ",IND
1155,CU1I00133,INTERNATIONAL TRACTORS LIMITED,11,1,"INTERNATIONAL TRACTORS LIMITED  VILL:CHAK GUJRAN PIPANWALA PO,JALANDHAR ROAD HOSHIARPUR PUNJAB",IND
1156,CU1I00135,INDIA NIPPON ELECTRICALS LIMITED,43,1,INDIA NIPPON ELECTRICALS LIMITED  HOSUR - THALI ROAD ULIVEERANAPALLI HOSUR ,IND
1157,CU1I00136,INDIAN OIL CORPORATION LIMITED,33,2,"INDIAN OIL CORPORATION LIMITED  SALAYA-MATHURA PIPELINE PB NO.1007,MORVI ROAD,GAURIDAD RAJKOT ",IND
1158,CU1I00137,INDIAN FARMERS FERTILISER CO OPERAT,11,1,INDIAN FARMERS FERTILISER CO OPERAT IVE LIMITED AONLA UNIT PO IFFCO TOWSHIP BAREILLY UTTAR PRADESH,IND
1159,CU1G00505,GANGA ELECTRIC MOTORS,12,1,GANGA ELECTRIC MOTORS  KHETRI ROAD SINGHANA JHUNJHUNU RAJASTHAN,IND
1160,CU1G00506,GOWTHAM AND COMPANY,51,1,GOWTHAM AND COMPANY  196-A NANJUNDAPURAM ROAD RAMANATHAPURAM COIMBATORE ,IND
1161,CU1G00507,GSC TOUGHENED GLASS PVT LIMITED,11,1,"GSC TOUGHENED GLASS PVT LIMITED  C-50, SECTOR 57  NOIDA UTTER PRADESH",IND
1162,CU1G00509,GHANSHYAM TUBEWELL TESTING,33,1,GHANSHYAM TUBEWELL TESTING  51 LAXMINARAYAN SOCIETY  KADI GUJARAT,IND
1163,CU1G00510,GAYATHRI RICE MILL,53,1,GAYATHRI RICE MILL  VADAVANNUR POST  PALAKKAD KERALA,IND
1164,CU1G00511,GOLDEN HORSE DRILLERS,45,1,GOLDEN HORSE DRILLERS PROP: R JAYANTHI NO:58 THERESA STREET KAMATCHIAMMANKOIL STREET PONDICHERRY ,IND
1165,CU1G00644,G E COMPANY,651,3,G E COMPANY  BUILDING 10-1 341D.MAIN AVENUE ERIDE-P.A 16531 USA,IND
1166,CU1G00645,GEETHA RICE MILL,41,1,GEETHA RICE MILL  NO:20-C AMUTHAPADI BACK STREET  KANCHEEPURAM ,IND
1167,CU1G00243,GILITECK GRANITES,43,1,GILITECK GRANITES    HOSKOTE ,IND
1168,CU1G00244,GIRIMAJI MOTORS,43,1,GIRIMAJI MOTORS    BANGALORE ,IND
1169,CU1G00245,GITA REFRACTORIES PRIVATE LIMITED,43,1,GITA REFRACTORIES PRIVATE LIMITED    HOSKOTE ,IND
1170,CU1G00246,GM INC CORPORATION,43,1,GM INC CORPORATION    MADURAI ,IND
1171,CU1G00247,GM INCORPORATION,43,1,GM INCORPORATION    MANDYA ,IND
1172,CU1G00413,GARG ACRYLICS LIMITED,11,1,"GARG ACRYLICS LIMITED  KANGANWAL ROAD V P O JUGIANA,G T ROAD LUDHIANA ",IND
1173,CU1G00414,GAGAN SILK MILLS PRIVATE LIMITED,33,1,"GAGAN SILK MILLS PRIVATE LIMITED  PLOT NO.62, VARELI KADODARA, TALUKA : PALSANA SURAT ",IND
1174,CU1G00415,GANGA BOREWELLS,45,1,GANGA BOREWELLS    PONDICHERY ,IND
1175,CU1G00261,GOWTHAMI GRANITES LIMITED,42,1,GOWTHAMI GRANITES LIMITED    BANGALORE ,IND
1176,CU1G00262,GANESH MOTORS,41,1,GANESH MOTORS    VELLORE ,IND
1177,CU1G00263,GANGA FOOD PRODUCTS PRIVATE LIMITED,41,1,GANGA FOOD PRODUCTS PRIVATE LIMITED    VELLORE ,IND
1178,CU1G00264,GANGADHARAM APPLIANCES LIMITED,41,1,GANGADHARAM APPLIANCES LIMITED    CHENNAI ,IND
1179,CU1G00265,GARAK CHEMICALS,41,1,GARAK CHEMICALS    CHENNAI ,IND
1180,CU1G00266,GEM GRANITES,41,1,GEM GRANITES  OLD MAHABALIPURAM ROAD PADUR KALAMBAKKAM ,IND
1181,CU1G00267,GOMATHY SPINNERS,41,1,GOMATHY SPINNERS     ,IND
1182,CU1G00269,GOTHI PACKING INDUSTRIES,41,1,GOTHI PACKING INDUSTRIES    CHENNAI ,IND
1183,CU1I00138,INTEGRATED DAIRIES & AGRO PRODUCTS,613,3,"INTEGRATED DAIRIES & AGRO PRODUCTS LIMITED P O BOX 10632 TEKU ROAD, TRIPURESHWAR KATHMANDU NEPAL",IND
1184,CU1G00394,GAUTAM AUTOMOBILES,34,1,GAUTAM AUTOMOBILES  CIRCUIT HOUSE ROAD  BALAGHAT (M P) ,IND
1185,CU1G00396,GARJE AUTOMOTIVE SERVICES,32,1,GARJE AUTOMOTIVE SERVICES  X-3 & X-10  MIDC  LATUR ,IND
1186,CU1G00397,GANDHI SPECIAL TUBES LIMITED,33,1,"GANDHI SPECIAL TUBES LIMITED  PLOT NO.110, VILLAGE:NURPURA BARODA HALOL STATE HIGHWAY PANCHMAHAL ",IND
1187,CU1G00398,GAUCHAN FOODS,613,3,GAUCHAN FOODS  BHOTEBAHAL KATHMANDU NEPAL ,IND
1188,CU1G00399,GROFICA ELEXTRONICA,31,1,"GROFICA ELEXTRONICA  PLOT NO.92, SURVEY NO.66 WALIV FATA, VASAI (E) THANE ",IND
1189,CU1G00401,GOKUL RAYONS,33,1,"GOKUL RAYONS  PLOT NO,15-16, ROAD NO,D-54 SACHIN UDYOGNAGAR, SACHIN SURAT ",IND
1190,CU1G00534,GKN DRIVESHAFTS (I) LTD,11,1,"GKN DRIVELINE INDIA PVT.LTD   C/O–MASCOT INDUSTRIAL PARK.JADAVPURA CROSS RD,KADI-VITHALAPUR HIGHWAY,KADI-MANDAL SIR RD,MEHSANA",IND
1191,CU1G00646,GOLCONDA TEXTILES PVT LTD,42,1,GOLCONDA TEXTILES PVT LTD  MANNEGUDA PODDUR MANDAL RANGA REDDY DIST ANDHRA PRADESH,IND
1192,CU1G00258,GOYAL AUTOMOBILES,34,1,GOYAL AUTOMOBILES  DHIMRAPURA ROAD  RAIGARH ,IND
1193,CU1G00403,GARIMA CASTINGS,12,1,"GARIMA CASTINGS ENGINEERS FOUNDERERS MFRS., E-322(A), ROAD NO.16 VISHWAKARMA INDUSTRIAL AREA JAIPUR ",IND
1194,CU1G00405,GRASIM CEMENT RAIPUR,34,1,"GRASIM CEMENT RAIPUR  (A UNIT OF GRASIM INDUSTRIES) GRASIM VIHAR,VILLAGE RAWAN RAIPUR ",IND
1195,CU1C00580,CRAV APPARELS PVT LIMITED,51,1,"CRAV APPARELS PVT LIMITED  DEVAR MAHAL,S F NO:272 MANGALAM RD,ANDIPALAYAM PRIVU TIRUPUR ",IND
1196,CU1C00315,CIMMCO BIRLA LIMITED,12,1,CIMMCO BIRLA LIMITED    BHARATPUR ,IND
1197,CU1C00449,CASTROL INDIA LIMITED,21,7,"CASTROL INDIA LIMITED  DHUNSERI HOUSE 1st FLOOR, 4A WOODBURN PARK CALCUTTA ",IND
1198,CU1C00450,CENTRAL GROUND WATER BOARD,34,2,"CENTRAL GROUND WATER BOARD  M P NAGAR, ZONE - I  BHOPAL (M P) ",IND
1199,CU1C00451,COMET ENVIRONS,43,1,COMET ENVIRONS  B-57 PEENYA INDUSTRIAL ESTATE III RD STAGE BANGALORE ,IND
1200,CU1C00453,COLLEGE OF ENGINEERING,34,1,COLLEGE OF ENGINEERING  BARKATULLAH UNIVERSITY  BHOPAL ,IND
1201,CU1C00454,CHAMPION (INDIA) PRIVATE LIMITED,54,1,CHAMPION (INDIA) PRIVATE LIMITED  WORKS: E-28 & E-29 PHASE VI SIDCO INDUSTRIAL ESTATE HOSUR ,IND
1202,CU1C00455,CHELLADURAI  T,51,1,"CHELLADURAI  T  E.CODE.03070, I E D ELGI EQUIPMENTS LTD, SNR COIMBATORE ",IND
1203,CU1D00692,D G K DYEING MILLS,51,1,"D G K DYEING MILLS  SF NO 135/12 PACHIAMMAN KOVIL KADU,KASI PALAYAM VIJAYAPURAM POST TIRUPUR",IND
1204,CU1C00323,CITY SERVICE STATION,43,1,CITY SERVICE STATION    MANDYA ,IND
1205,CU1C00324,COD THE COMMANDANT,43,2,COD THE COMMANDANT    BANGALORE ,IND
1206,CU1C00325,CONIC ELECTRICS PRIVATE LIMITED,43,1,CONIC ELECTRICS PRIVATE LIMITED    BANGALORE ,IND
1207,CU1C00326,CONSOLIDATED COFFEE LIMITED,43,1,CONSOLIDATED COFFEE LIMITED    BANGALORE ,IND
1208,CU1C00460,CARTON & CONTAINERS INDIA PVT LTD,11,1,"CARTON & CONTAINERS INDIA PVT LTD  B-6, G.T. KARNAL ROAD INDUSTRIAL AREA NEW DELHI ",IND
1209,CU1C00461,COMET ACCESSORIES PRIVATE LIMITED,11,1,"COMET ACCESSORIES PRIVATE LIMITED  PLOT NO. 10 CO-OPERATIVE INDL. ESTATE, SAHARANPUR ROAD DEHRA DUN ",IND
1210,CU1C00462,CURIO CRAFTS,12,1,"CURIO CRAFTS  C-55, M I A , II-PHASE BASNI JODHPUR RAJASTHAN",IND
1211,CU1D00702,DIESEL RECON COMPANY,43,6,DIESEL RECON COMPANY  42 & 43 MANDLIKALUR INDUSTRIAL ESTATE SHIMOGA KARNATAKA,IND
1212,CU1C00340,CENTURY TEXTILES AND INDUSTRIES,31,1,CENTURY TEXTILES AND INDUSTRIES LIMITED   MUMBAI ,IND
1213,CU1C00343,CENTRE FOR CELLULOR AND MOLECULOR,42,1,CENTRE FOR CELLULOR AND MOLECULOR BIOLOG   HYDERABAD ,IND
1214,CU1C00345,CENTRAL FOOTWEAR TRAINING INSTITUTE,41,2,"CENTRAL FOOTWEAR TRAINING INSTITUTE  65/1,G S T Road GUINDY CHENNAI ",IND
1215,CU1C00347,CHENDUR FORGE EXPORTS PRIVATE,41,1,CHENDUR FORGE EXPORTS PRIVATE LIMITED   CHENNAI ,IND
1216,CU1C00348,CIRCAR PAPER MILLS LIMITED,41,1,CIRCAR PAPER MILLS LIMITED    NELLORE ,IND
1217,CU1C00581,CHANDRAGIRI RETREADS,53,1,CHANDRAGIRI RETREADS  VIDHYA NAGAR  KASARGODE KERALA,IND
1218,CU1C00765,CHARBHUJA BOREWELLS,12,1,CHARBHUJA BOREWELLS  PUR  BHILWARA ,IND
1219,CU1C00766,C R AUTOMOBILES,53,1,C R AUTOMOBILES  NEAR TELEPHONE EXCHANGE COYALMANNAM PALAKKAD ,IND
1220,CU1C00328,COORG ENTERPRISES,43,1,COORG ENTERPRISES    BANGALORE ,IND
1221,CU1C00329,CROMPTON GREAVES LIMITED,34,1,"CROMPTON GREAVES LIMITED  MACHINE 7 DIVISION D-5 INDUSTRIAL AREA,MANDIDEEP BHOPAL ",IND
1222,CU1C00331,CYLINGAS COMPANY LIMITED,672,3,CYLINGAS COMPANY LIMITED    DUBAI ,DHI
1223,CU1C00332,CENTURY ULTRAPACK,11,1,"CENTURY ULTRAPACK  B-2/64 THE MOHAN CO-OP. INDL. ESTATE LTD,MATHUR RD. BADARPUR NEW DELHI ",IND
1224,CU1C00333,CHEMPLAST SANMAR LIMITED,54,1,CHEMPLAST SANMAR LIMITED    METTUR ,IND
1225,CU1C00772,CONART ENGINEERS LTD,31,1,CONART ENGINEERS LTD  BOMBAY SHOPPING CENTRE 2ND FLOOR RC DUTT ROAD VADODARA,IND
1226,CU1C00773,CAPTAIN RIG SERVICE,45,1,"CAPTAIN RIG SERVICE  MAILSAMY C NO 86,MURTHY KUPPAM PONDICHEERY ",IND
1227,CU1C00775,CHOKKAPPAN S,45,1,"CHOKKAPPAN S  633,VAZHUDAVOOR ROAD OYYANKUTIPALAYAM PONDICHEERY ",IND
1228,CU1C00777,CHHAGAN BHAI SOLANKI,33,1,"CHHAGAN BHAI SOLANKI  C/O RAUJI GOVA& SONS Z-9,ADIPUR KACHCHH ",IND
1229,CU1C00349,CORAMANDAL ENGINEERING CO LIMITED,41,1,CORAMANDAL ENGINEERING CO LIMITED    CHENNAI ,IND
1230,CU1C00350,CUDDAPAH SPINNING MILLS LIMITED,41,1,CUDDAPAH SPINNING MILLS LIMITED     ,IND
1231,CU1C00351,CHAKRABORTHY,21,1,CHAKRABORTHY     ,IND
1232,CU1C00463,CENTRAL RAILWAY,31,2,CENTRAL RAILWAY    JABALPUR ,IND
1233,CU1C00779,CHANDRA REDDY K,45,1,CHANDRA REDDY K  THIRU KANCHI ROAD MARIAMMAN KOIL STREET PONDICHEERY ,IND
1234,CU1C00781,CLASSIC CASUALS PVT LTD,613,3,"CLASSIC CASUALS PVT LTD  34,BANESWOR KATHMANDU NEPAL ",IND
1235,CU1C00782,CLEAR PACKAGING PVT LTD,11,1,"CLEAR PACKAGING PVT LTD  K NO 316,VIII NEB SARAI BEHIND CGHAUPAL IGNOU ROAD NEW DELHI",IND
1236,CU1C00783,CHAUHAN MOTORS,11,1,CHAUHAN MOTORS  PILIBHIT ROAD  KAHTIMA ,IND
1237,CU1C00785,CHOWDARY SPINNERS PVT LTD,42,1,CHOWDARY SPINNERS PVT LTD  CHIVATAM TANVKU WEST GODAVARI DIST AP ,IND
1238,CU1C00787,CAT POWER DRILLS,45,1,"CAT POWER DRILLS  NO 20,PUDU NAGAR MADAYADPET PONDICHEERY ",IND
1239,CU1C00470,CAPITAL AUTO RUBBER PRODUCTS PVT,11,1,CAPITAL AUTO RUBBER PRODUCTS PVT LIMITED 137 ROZKA MEO SOHNA GURGAON HARYANA,IND
1240,CU1C00654,COOPER BUSSMANN INDIA PVT LTD,41,1,COOPER BUSSMANN INDIA PVT LTD  EVR STREET SEDARAPET PONDICHERRY ,IND
1241,CU1C00655,CHAMPION COOLERS,51,1,"CHAMPION COOLERS  20-B, T G NAGAR  VERAKERALAM COIMBATORE",IND
1242,CU1D00187,DK CHEMO PLAST LIMITED,31,1,DK CHEMO PLAST LIMITED    MUMBAI ,IND
1243,CU1D00188,DIMPLE SILK MILLS LTD,31,1,DIMPLE SILK MILLS LTD    MUMBAI ,IND
1244,CU1D00189,DIPAREENA INVESTMENT P LTD,31,1,DIPAREENA INVESTMENT P LTD  WORLI  MUMBAI ,IND
1245,CU1D00190,DENHOLM STEELS LTD,31,1,"DENHOLM STEELS LTD  TALOJA, M I D C  RAIGAD ",IND
1246,CU1D00191,DHANLAXMI FABRICS LTD,31,1,DHANLAXMI FABRICS LTD  DOMBIVALI  THANA ,IND
1247,CU1D00192,DHANASHRI INDUSTRIES,31,1,DHANASHRI INDUSTRIES    SATARA ,IND
1248,CU1C00334,CHITRANJILAL SPINNERS PRIVATE,54,1,CHITRANJILAL SPINNERS PRIVATE LIMITED   SALEM ,IND
1249,CU1E00048,EEI TRANSFORMERS PRIVATE LIMITED,12,1,EEI TRANSFORMERS PRIVATE LIMITED  SP-818C ROAD NO.14 V K I A JAIPUR ,IND
1250,CU1E00049,EICHER MOTORS LIMITED,34,1,EICHER MOTORS LIMITED  102 INDUSTRIAL AREA NO 1 PITHAMPUR DHAR ,IND
1251,CU1E00050,EKTA PRINTS (P) LIMITED,33,1,EKTA PRINTS (P) LIMITED  PLOT NO.167/G.I.D.C. PANDESARA SURAT ,IND
1252,CU1E00051,ELANGO A,52,1,"ELANGO A  51 II MAIN ROAD, KARUMANDAPAM THIRUKALYANASUNDER NAGAR TRICHIRAPALLI ",IND
1253,CU1E00053,ELECTRO MECH CORPORATION,43,1,ELECTRO MECH CORPORATION  D-95 INDUSTRIAL ESTATE RAJAJI NAGAR BANGALORE ,IND
1254,CU1D00176,DANALAKSHMI PAPER MILLS LIMITED,52,1,DANALAKSHMI PAPER MILLS LIMITED  VILAMPATTI NILAKOTTAI TALUK DINDIGUL ,IND
1255,CU1D00177,DALMIA CEMENTS (BHARAT) LIMITED,52,1,DALMIA CEMENTS (BHARAT) LIMITED  DALMIAPURAM  TRICHIRAPALLI ,IND
1256,CU1C00352,COATS VIYELLA INDIA LIMITED,52,1,COATS VIYELLA INDIA LIMITED     ,IND
1257,CU1C00344,CEMENT CORPORATION OF INDIA LTD,42,2,CEMENT CORPORATION OF INDIA LTD  TANDUR CEMENT FACTORY: CCI TANDUR RANGA REDDY DIST ,IND
1258,CU1D00672,DARPAN SALES,11,1,DARPAN SALES  ALIGANJ  BANDA ,IND
1259,CU1D00674,DHANALAXMI IRON INDUSTRIES LTD,42,1,DHANALAXMI IRON INDUSTRIES LTD  VILLAGE BONTHAPALLY MANDAL JINNARAM MEDAK ,IND
1260,CU1D00675,DUCAST FACTORY LLC,672,3,DUCAST FACTORY LLC  P O BOX 28480 DUBAI UAE ,DHI
1261,CU1D00677,DHANAM PROCESS,51,1,DHANAM PROCESS  CHIMMEDU THOTTAM KANGEYAM ROAD TIRUPUR TIRUPUR,IND
1262,CU1D00678,DRILL TECH RIG SERVICES,21,1,DRILL TECH RIG SERVICES  NEAR BARKARA STN GOPALPUR ASANSOL ,IND
1263,CU1G00406,GEETA INDUSTRIES (P) LTD,11,1,"GEETA INDUSTRIES (P) LTD UNIT - II A - 4 & 5 UDYOG KUNJ, SITE - V PANKI INDUSTRIAL AREA KANPUR ",IND
1264,CU1G00408,GOREGAON PETROL SUPPLY CO,31,1,GOREGAON PETROL SUPPLY CO  JUCTION OF SV ROAD & AREY ROAD GOREGAON (WEST) MUMBAI ,IND
1265,CU1G00409,GNP (MADRAS) LIMITED,41,1,GNP (MADRAS) LIMITED  THIRUPORUR ROAD PERUNGUDI CHENNAI ,IND
1266,CU1G00417,G K ALLOY STEELS LIMITED,51,1,G K ALLOY STEELS LIMITED  VELAYUTHAMPALAYAM  AVANASHI ,IND
1267,CU1G00733,GO SEONG INTERNATIONAL INC,633,3,"GO SEONG INTERNATIONAL INC \#815,RIVERTOWER-OFFICETEL 94-119,YOUNGDEUNGPO-DONG 2KA YOUNGDEUNGPO-KU SEOUL KOREA",USD
1268,CU1G00735,GOD GRANITES,51,1,GOD GRANITES  SURVEY NO:135 & 137 BEEMANDAPALLI VILLAGE & PO KRISHNAGIRI(DT) ,IND
1269,CU1G00736,GLOBLE INDUSTIRES,31,1,"GLOBLE INDUSTIRES  PLOT NO:224,SHED NO:1B VILL:KHUPRI,TAL:WADA THANE ",IND
1270,CU1G00737,GOD GRANITES,41,1,"GOD GRANITES :SHIVA SHAKTHI: NO;255,KANAPURA MAIN ROAD 7TH BLOCK,JAYANAGAR BANGALORE ",IND
1271,CU1G00739,GEAROCK FORGE PVT LTD,43,1,"GEAROCK FORGE PVT LTD  143-B-8,BOMMASANDRA INDL AREA HEBBAGODI TK,ANEKAL TK BANGALORE ",IND
1272,CU1G00740,GREEN CARS PVT LTD,45,1,"GREEN CARS PVT LTD  NO 12/16,80 FEET ROAD 6TH KORAMANGALA LAYOUT BANGALORE BANGALORE",IND
1273,CU1G00741,GANAPATI BOREWELLS,45,1,"GANAPATI BOREWELLS  NO 11,RAMJI STREET SEDARAPET PONDICHERRY ",IND
1274,CU1G00608,GOOD LUCK MOTORS PVT LTD,33,1,"GOOD LUCK MOTORS PVT LTD  125,GIDC PHASE-1 NAGALPUR MEHSANA ",IND
1275,CU1G00609,GAICO LTD,53,1,GAICO LTD  KURAVILANGAD  KOTTAYAM KERALA,IND
1276,CU1G00610,GEMINI STEEL TUBES LIMITED,43,1,"GEMINI STEEL TUBES LIMITED  NO:55,K I A D B INDL AREA HOSAKOTE BANGALORE ",IND
1277,CU1G00743,GALAXY MACHINERY PVT LTD,51,1,"GALAXY MACHINERY PVT LTD  3/4,VSK NAGAR THADAGAM ROAD K VADAMADURAI POST COIMBATORE",IND
1278,CU1G00744,GUJARAT HEAVY CHEMICALS LTD,52,1,"GUJARAT HEAVY CHEMICALS LTD  (UNTI:SREE MEENAKSHI MILLS) PARAVAI,SAMAYANALLUR (PO) MADURAI ",IND
1279,CU1G00756,GRK MODERN RICE MILL,51,1,"GRK MODERN RICE MILL  209/8,GANAPATHI NAGAR ARIYAMANGALAM TRICHY ",IND
1280,CU1G00437,GULSHAN CHEMICALS LIMITED,11,1,"GULSHAN CHEMICALS LIMITED  A-595, RIICO INDUSTRIAL AREA BHIWADI ALWAR RAJASTHAN",IND
1281,CU1G00702,G K M PROCESS,51,1,"G K M PROCESS  257,VALAYANKADU MURUGAMPALAYAM IDUVAMPALAYAM POST TIRUPUR",IND
1282,CU1H00469,HI TECH TYRES,51,1,HI TECH TYRES  MOIRANG LAMKHAI MOIRANG BISHNUPUR DIST ASSAM,IND
1283,CU1H00535,HARI OM UDYOG,11,1,"HARI OM UDYOG  67,GIRDHAR PUR ROAD (NEAR SAMTAL COLOUR TUBESLS VILL CHAPROULA GHAZIABAD",IND
1284,CU1K00150,KOTHARI INDUSTRIAL CORPORATION LTD,51,1,KOTHARI INDUSTRIAL CORPORATION LTD  UNIT KOTHARI TEXTILES MILL NO K VADAMATHURAI POST COIMBATORE ,IND
1285,CU1J00250,M JAGDAMBA DYEING & PRINTING,33,1,M JAGDAMBA DYEING & PRINTING  A K ROAD  SURAT ,IND
1286,CU1J00048,JATA SHANKAR BOREWELLS,34,1,"JATA SHANKAR BOREWELLS  MAHAL ROAD, NEAR PALACE CHHATTARPUR BHOPAL ",IND
1287,CU1K00216,KASHMIR TUBES,11,1,KASHMIR TUBES C/O. NARBADA GASES (P) LTD SIDCO INDUSTRIAL COMPLEX BARI BRAHMANA JAMMU ,IND
1288,CU1K00652,KUMARAN BOREWELLS,54,1,"KUMARAN BOREWELLS  S P VELUMANI, NO:564, 37TH ST. PHASE II, SATHUVACHERI VELLORE ",IND
1289,CU1K00791,KSM FAST DRILLS,45,1,KSM FAST DRILLS    PONDICHERY ,IND
1290,CU1L00019,LAKSHMI MACHINE WORKS LIMITED,51,1,"LAKSHMI MACHINE WORKS LIMITED  (BLOW ROOM PROJECT) UNIT-II, KANIYUR COIMBATORE ",IND
1291,CU1K00901,KANCHI KARPOORAM LTD,41,1,KANCHI KARPOORAM LTD  PARANDUR ROAD KARAIPETTAI POST KANCHIPURAM DIST ,IND
1292,CU1K01025,KOTHANDARAMAN S,52,1,KOTHANDARAMAN S  CHENNAI MAIN ROAD T V KOIL TRICHY ,IND
1293,CU1K00932,KESHAVA REDDY,42,1,KESHAVA REDDY S/O VEERAREDDY H.NO 10-1-107 RAMNAGAR KARIMNAGAR ,IND
1294,CU1M00007,MANGANESE ORE(INDIA) LTD,34,2,MANGANESE ORE(INDIA) LTD  WEST COURT KATOL ROAD NAGPUR ,IND
1295,CU1M00251,MOTIWALA INDUSTRIES LIMITED,11,1,"MOTIWALA INDUSTRIES LIMITED  MOTIWALA INDUSTRIAL ESTATE P.O.BHULANPUR P.A.C, VARANASHI ",IND
1296,CU1M00269,MUKUND LIMITED,31,1,"MUKUND LIMITED   LBS MARG KURLA DIGHE, POST  KALWE THANE-400605",IND
1297,CU1M01191,MAHALAXMI AUTOMOBILES,31,1,MAHALAXMI AUTOMOBILES  NEAR COTTON MARKET PAROLA ROAD DHUKE ,IND
1298,CU1M01136,MEGHA CREATION,51,1,MEGHA CREATION  2 SAKKILIYAN THOTTAM COLLEGE ROAD TIRUPUR ,IND
1299,CU1M00778,MAHENDRA REDDY  S,42,1,MAHENDRA REDDY  S  H NO:2-19 POTHIREDDY PALLY SANGA REDDY ,IND
1300,CU1N00294,THE NATIONAL GARAGE LIMITED,31,1,THE NATIONAL GARAGE LIMITED    MUMBAI ,IND
1301,CU1M03333,MANIPAL MOTORS PVT LTD,43,1,MANIPAL MOTORS PVT LTD 6TH CROSS OFF AIRPORT ROAD OPP. ANJENEYA COMPLEX KODIHALLI BANGALORE ,IND
1302,CU1P00286,PAMPAC MACHINES LIMITED,32,1,"PAMPAC MACHINES LIMITED  GAT NO 446/2 BABADOHOL, TAL. MAVAL PUNE ",IND
1303,CU1M01430,MYANMAR PHARMACE UTICAL INDUSTRIES,615,3,"MYANMAR PHARMACE UTICAL INDUSTRIES  192,KABAAYE PAGUDA ROAD UANGON MYANMAR ",USD
1304,CU1P00211,PUBLIC HEALTH AND ENGINEERING DEPAR,43,2,PUBLIC HEALTH AND ENGINEERING DEPAR TMENT MECH.DIVISION  HASSAN ,IND
1305,CU1P00921,PAPPATHI TRAVE,41,1,PAPPATHI TRAVE  OLD 590/2 NEW 646 T.H.ROAD  TONDIAPET CHENNAI,IND
1306,CU1M01287,Mc KINNON INDIA PVT LTD,51,1,"Mc KINNON INDIA PVT LTD  25,METTUPALAYAM ROAD NARASIMHANAICKEN PALAYAM COIMBATORE ",IND
1307,CU1P00488,PALMAR MILLS PRIVATE LIMITED,52,1,PALMAR MILLS PRIVATE LIMITED  95 TIRUCHENGODE ROAD PALLIPALAYAM ERODE ,IND
1308,CU1N00545,NATARAJ A R,45,1,"NATARAJ A R  NO 11,MUTHUMARIAMMAN KOIL ST SEDARAPET PONDICHEERY ",IND
1309,CU1R00023,RADIADBEN KESHAVLAL BALARA,33,1,"RADIADBEN KESHAVLAL BALARA  NATARAJ, KUWADWA ROAD NEAR JUNA JAGATNAKA,PEDAK RAOD RAJKOT ",IND
1310,CU1P00636,P E S POLYTECHNIC,43,1,P E S POLYTECHNIC  50 FT ROAD BANASHANKARI  IST STAGE BANGALORE ,IND
1311,CU1P00433,PRINCE MARKETING,31,1,PRINCE MARKETING    MUMBAI ,IND
1312,CU1R00116,RAVIKUMAR M,51,1,"RAVIKUMAR M  EMP.CODE 18471,ASSEMBLY DEPT. ELGI EQUIPMENTS LIMITED COIMBATORE ",IND
1313,CU1R00980,RENAISSANCE CREATIONS,51,1,"RENAISSANCE CREATIONS  NO -1,THENNAMPALAYAM  TIRUPUR ",IND
1314,CU1R00120,RAVINDRA SPINNERS LIMITED,11,1,RAVINDRA SPINNERS LIMITED  VILLAGE & P.O.KABRI  PANIPET ,IND
1315,CU1R00816,RAMACHANDRA DRILLERS,42,1,RAMACHANDRA DRILLERS REP MR RAMANA REDDY GV A-R-BUILDING SUBASH NAGAR HYDERABAD ,IND
1316,CU1R00507,RANI PLASTIC PIPES INDUSTRIES,42,1,RANI PLASTIC PIPES INDUSTRIES  B-15 INDUSTRIAL ESTATE NANDYAL KURNOOL ,IND
1317,CU1R00757,RADHAKRISHNA ROA TV,42,1,RADHAKRISHNA ROA TV S/O SRINIVASA ROA V C-11-LAXMIPURAM OPP.AS RAO NAGAR HYDERABAD-62 ,IND
1318,CU1S00063,SELLAMUTHU  K,54,1,"SELLAMUTHU  K S/O. MR. KUPPUSAMY PANNIKUTTHIPALAYAM (PO) NEDUNKADU, THOTTIPALAYAM TRICHENGODE ",IND
1319,CU1S01114,S P SALES AND SERVICE,41,1,"S P SALES AND SERVICE  AB 101, 6 TH MAIN ROAD SHANTHI COLONY, ANNA NAGAR CHENNAI ",IND
1320,CU1S00964,SHEO SHAKTI CEMENT INDUSTRIES,21,1,SHEO SHAKTI CEMENT INDUSTRIES  DEMOTAND P O MORANGI HAZARIBAGH ,IND
1321,CU1S00908,SINTEX INDUSTRIES LIMITED,33,1,SINTEX INDUSTRIES LIMITED  PLASTIC DIVISION PLASTIC DIVISION KALOL(N.GUJARAT) ,IND
1322,CU1S01230,SUPER CARS,43,1,SUPER CARS    BANGALORE ,IND
1323,CU1S01699,SHELL TEC,34,1,"SHELL TEC  49 G SECTOR, INDUSTRIAL AREA GOVINDPURA BHOPAL ",IND
1324,CU1D00679,DELTA FOODS PVT LTD,11,1,"DELTA FOODS PVT LTD  B-10,BULANDSHAHR ROAD INDUSTRIAL AREA GHAZIABAD(UP) ",IND
1325,CU1C00789,CHANDRA MOTORS,12,1,CHANDRA MOTORS  OPP THALAL PETROL PUMP CHAVASRAM ROAD UDAIPUR ,IND
1326,CU1E00073,EL POWER ENGINEERING PRIVATE LIMITE,51,1,EL POWER ENGINEERING PRIVATE LIMITE D 671 TRICHY ROAD SINGANALLUR COIMBATORE ,IND
1327,CU1E00074,ELTECH,32,1,ELTECH  .  PUNE ,IND
1328,CU1E00076,EMBEE CORPORATION,33,1,EMBEE CORPORATION  37A MAIN ROAD UDHNA SURAT ,IND
1329,CU1E00077,EMDEE TYRE AND RETREADS,11,1,"EMDEE TYRE AND RETREADS  SHED NO.6 RASRA INDL. ESTATE, PO RASRA BALIA ",IND
1330,CU1E00078,EMDI EUROPE,642,3,EMDI EUROPE  ZONE INDUSTRIALLE Z.A.R.C L-4384 EHLERANGE LUXUMBOURG ,EUR
1331,CU1E00080,EMINENT PLASTICS PRIVATE LIMITED,21,1,EMINENT PLASTICS PRIVATE LIMITED    CALCUTTA ,IND
1332,CU1D00193,DEPAL FABRICS,31,1,DEPAL FABRICS    MUMBAI ,IND
1333,CU1E00102,ESSKAY STEELS,51,1,"ESSKAY STEELS  10/2A, MARIAPPA KONAR STREET, KATTOOR, COIMBATORE ",IND
1334,CU1E00103,ESSTEX ENGINEERING AND TRADING COMP,31,1,"ESSTEX ENGINEERING AND TRADING COMP ANY PRIVATE LIMITED SAI VIHAR ROAD,SAKINAKA H1/136 ANSA INDL. ESTATE, ANDHERI (E) MUMBAI ",IND
1335,CU1E00104,EUREKA ENTERPRISES,34,1,EUREKA ENTERPRISES  GURUDWARA ROAD  VIDISHA ,IND
1336,CU1E00106,EVEREADY SPINNING MILLS LIMITED,54,1,EVEREADY SPINNING MILLS LIMITED  KOTTAIYUR THADICOMBU DINDIGUL ,IND
1337,CU1E00107,EVERGREEN DRUMS & CANS PRIVATE LIMI,21,1,"EVERGREEN DRUMS & CANS PRIVATE LIMI TED UNIT-II 6/1 KUMARPARA ROAD, LILUAH HOWRAH ",IND
1338,CU1E00108,EXCEL BEARINGS PRIVATE LIMITED,33,1,EXCEL BEARINGS PRIVATE LIMITED  5 GIDC MAKARPURA BARODA ,IND
1339,CU1E00109,EXCEL SANIWARES MARKET JUN, ,1,EXCEL SANIWARES MARKET JUN     ,IND
1340,CU1E00110,EXCEL TYRE AND RUBBER TRADING CO,31,1,"EXCEL TYRE AND RUBBER TRADING CO  7, GIRI APARTMENTS, JB NAGAR, MUMBAI ",IND
1341,CU1D00178,DCW LIMITED,52,1,DCW LIMITED  SAHUPURAM  THOOTHUKUDI ,IND
1342,CU1E00153,EMIRATES STEEL PIPE INDUSTRIES LTD,672,3,EMIRATES STEEL PIPE INDUSTRIES LTD  54/R/1 JUBEL ALI FREE ZONE P O BOX 16933 DUBAI ,DHI
1343,CU1E00155,EMAMI PAPER MILLS LIMITED,21,1,EMAMI PAPER MILLS LIMITED  8 BENTICK STREET 10 TH FLOOR CALCUTTA ,IND
1344,CU1E00156,ECKO CABLES PRIVATE LIMITED,11,1,"ECKO CABLES PRIVATE LIMITED  C-113, PHASE - VII INDUSTRIAL AREA, SAS NAGAR MOHALI PUNJAB",IND
1345,CU1E00158,EXPORT LINES,41,1,"EXPORT LINES  NO.10 MUTHUMARI STREET II ND FLOOR, MANNADY CHENNAI ",IND
1346,CU1E00159,EASWARAN INDUSTRIES,51,1,"EASWARAN INDUSTRIES  NO.28A SOUTH STREET NO.7 KRISHNARAYAPURAM, GANAPATHY COIMBATORE ",IND
1347,CU1E00161,EICHER TRACTORS,34,1,"EICHER TRACTORS (A UNIT OF EICHER LIMITED) PLOT NO.1, SECTOR - D INDUSTRIAL AREA MANDIDEEP ",IND
1348,CU1D00680,DHANALAXMI RIG SERVICE,45,1,DHANALAXMI RIG SERVICE     PONDICHEERY,IND
1349,CU1D00216,DEVI KARUNAMBIGAI TEXTILES MILLS,51,1,DEVI KARUNAMBIGAI TEXTILES MILLS LIMITED UTHUPALAYAM ROAD ARASUR COIMBATORE ,IND
1350,CU1D00217,D S P KNITTINGS,51,1,"D S P KNITTINGS  16,LAKSHMI NAGAR  TIRUPUR ",IND
1351,CU1D00353,DHARAMPAL SATYAPAL LIMITED,11,1,DHARAMPAL SATYAPAL LIMITED SHED NO:OS/2/R/16 INDUSTRIAL ESTATE BAMUNIMAIDAN GUWAHATI ASSAM,IND
1352,CU1D00354,DELTA SYSTEMS,53,1,"DELTA SYSTEMS KALARIPPALAM NR.ST.MARY'S JACOBITE CHURCH KURUPPAMPADY(VIA),RAYAMANGALAM ERNAKULAM KERALA",IND
1353,CU1D00355,DELTA CORPORATION,33,1,DELTA CORPORATION  C1/10 GIDC INDUSTRIAL ESTATE 1ST PHASE VAPI GUJARAT,IND
1354,CU1D00356,DENSION HYDRAULICS INDIA LIMITED,42,1,DENSION HYDRAULICS INDIA LIMITED  PATANCHERU  MEDAK ,IND
1355,CU1E00082,EMPIRE PLASTICS,31,1,"EMPIRE PLASTICS  19/A MIRA CO-OP INDL ESTATE WESTERN EXPRESS HIGHWAY, MIRA THANE ",IND
1356,CU1D00383,DECCAN BOREWELLS,42,1,DECCAN BOREWELLS  9-4-77/3/11A/687 HABEEB COMPLEX TOWLI CHOWKI HYDERABAD,IND
1357,CU1D00384,DKTE & ENGG.INSTITUTE,32,1,"DKTE & ENGG.INSTITUTE  POST BOX NO 130,RAJWADA  ICHALKARANJI KOLHAPUR ( DT )",IND
1358,CU1D00703,DATTA ENGINEERING,32,1,"DATTA ENGINEERING  GALA NO 9,MARKET YARD SHOPPING CENTER COLLAGE ROAD,PANDHAPUR DIST SOLAPUR",IND
1359,CU1D00704,DAWN ENGINEERING INDIA PVT LTD,51,1,"DAWN ENGINEERING INDIA PVT LTD  142,RENGAMMAL THOTTAM SITRA,KALAPATTI ROAD COIMBATORE ",IND
1360,CU1D00705,DINESHBABU MODERN RICE MILL,41,1,"DINESHBABU MODERN RICE MILL  4/576,VANTHAVASHI ROAD ARANI TK THIRUVANAMALAI DIST ",IND
1361,CU1D00707,DHANALAKSHMI TUBEWELLS,45,1,"DHANALAKSHMI TUBEWELLS  NO 426,MURUGAN KOIL STREET KANUVAPET PONDICHERRY ",IND
1362,CU1D00708,DEMPO MARKETING CO PVT LTD,31,1,DEMPO MARKETING CO PVT LTD  DEMPO HOUSE CAMPAL PAMJI GOA ,IND
1363,CU1E00111,EXECUTIVE GARMENT PROCESSORS (P)LTD,43,1,"EXECUTIVE GARMENT PROCESSORS (P)LTD PLOT NO:F-20 MAROL MIDC AREA,CENTRAL ROAD OPP:SEEPZ COMPLEX,ANDHERI(E) MUMBAI ",IND
1364,CU1D00223,DRY HIFEN AIR P-15,21,2,DRY HIFEN AIR P-15    CALCUTTA ,IND
1365,CU1D00224,DABUR INDIA  LIMITED,21,1,DABUR INDIA  LIMITED    CALCUTTA ,IND
1366,CU1D00227,DEWARS  GARAGE LIMITED,21,1,DEWARS  GARAGE LIMITED   PROP:DELTA INTERNATIONAL LTD 4 COUNCIL HOUSE STREET KOLKATA - 700001,IND
1367,CU1D00228,DHANLAXMI FABRICS LIMITED,33,1,DHANLAXMI FABRICS LIMITED BHOPAR VILLAGE MANPADA ROAD DOMBIVALI EAST THANE ,IND
1368,CU1D00229,DEWAN SINGH & SONS,34,1,DEWAN SINGH & SONS  GANJ BASODA VIDISHA MADHYA PRADESH,IND
1369,CU1D00364,DOVETAIL FURNITURE PVT LTD,43,1,DOVETAIL FURNITURE PVT LTD  602 B KORAMANGALA VILLAGE  BANGALORE ,IND
1370,CU1C00582,COMBINE MINERALS,12,1,COMBINE MINERALS  MINES MORWAD  RAJSAMAND ,IND
1371,CU1C00583,CHOKKAPPAN  S,54,1,"CHOKKAPPAN  S S/O K SELLAPPAN 2/57 A IYYAGOUNDANPALAYAM ANDIPALAYAM POST,TRICHENGODE NAMAKKAL ",IND
1372,CU1C00584,CLASSIC AUTO SERVICE COMPANY,42,1,CLASSIC AUTO SERVICE COMPANY SHOP NO:748 SHANTI SHIKARA COMPLEX RAJBHAVAN ROAD HYDERABAD ,IND
1373,CU1E00229,EUROPRINT INDIA LIMITED,33,1,"EUROPRINT INDIA LIMITED  B-9,GIDC, ELECTRONICS ESTATE SECTOR-25 GANDHINAGAR GUJARAT",IND
1374,CU1E00376,EVEREST PAPER MILLS PVT LTD,613,3,"EVEREST PAPER MILLS PVT LTD  JANAKPURDHAM MAHENDRA NAGAR DIST DHANUSHA,KATHMANDU NEPAL",IND
1375,CU1E00378,EASWARAN M,45,1,EASWARAN M     PONDICHERRY,IND
1376,CU1H00066,HIMALAYA TUBEWELLS,34,1,HIMALAYA TUBEWELLS  C/O SHRI AVINASH KHARE DERA PAHARI CHATTARPUR ,IND
1377,CU1E00209,ERA CONSTRUCTIONS (INDIA) LIMITED,11,1,ERA CONSTRUCTIONS (INDIA) LIMITED  C/O CENTRAL RESEARCH INSTITUTE KASAULI SOLAN H P,IND
1378,CU1E00210,EXCEL PLASTICS,31,1,"EXCEL PLASTICS  360/13 GROUND FLOOR SHRI GANESH INDL.AREA,KACHIGAM DAMNA(U.T) ",IND
1379,CU1E00211,ERODE CONES,54,1,"ERODE CONES  17-C SATHY MAIN ROAD RAJIV NAGAR,PERIYA SEMUR POST ERODE ",IND
1380,CU1E00213,EMKAY ELETROMECH PVT LIMITED,11,1,"EMKAY ELETROMECH PVT LIMITED  B 171, NOIDA PHASE II GAUTAM BUDH NAGAR U P",IND
1381,CU1E00214,EVEREST TRADERS,11,1,EVEREST TRADERS  E-141 OKHLA INDUSTRIAL ESTATE  NEW DELHI ,IND
1382,CU1E00216,ETHICAL PHARMACETURAL CO PVT LTED,31,1,ETHICAL PHARMACETURAL CO PVT LTED    MUMBAI ,IND
1383,CU1E00217,ETA GENERAL PRIVATE LIMITED,41,1,"ETA GENERAL PRIVATE LIMITED  R S NOS:79,80 & 81 KALITHEERTHALKUPPAM,MANNADIPET PONDICHERRY ",IND
1384,CU1G00002,GODREJ HI-CARE LIMITED,41,1,GODREJ HI-CARE LIMITED KATTUKUPPAM PONDY CUDDALORE RAOD  PONDICHERRY ,IND
1385,CU1G00003,GOLD STAR MACHINERY & GENERAL CO,31,6,"GOLD STAR MACHINERY & GENERAL CO  P.O BOX NO 69 KARPE HOUSE, MARGAO GOA ",IND
1386,CU1G00004,GLOBAL HEALTH CARE PRODUCTS,31,1,"GLOBAL HEALTH CARE PRODUCTS  134,DAPADA SILVASSA - KHANVEL MAIN ROAD SILVASSA (U.T.) ",IND
1387,CU1E00231,EMPIRE JUTE MILLS PVT LIMITED,21,1,EMPIRE JUTE MILLS PVT LIMITED  21 A SHAKESPEARE SARANI  CALCUTTA ,IND
1388,CU1E00232,EVEREST MILK PROCESSING CENTRE PVT,21,3,"EVEREST MILK PROCESSING CENTRE PVT LIMITED SIRAHA, NATIONAL HIGHWAY LAHAN -3 NEPAL ",IND
1389,CU1E00233,EMBASSY OF INDIA,662,3,"EMBASSY OF INDIA  C/O ELGI EQUIPMENTS LIMITED INDIA TECH 2001,CARACAS VENEZUELA ",IND
1390,CU1E00234,ELPRO INTERNATIONAL LIMITED,32,1,ELPRO INTERNATIONAL LIMITED  CHINCHWADGAON  PUNE ,IND
1391,CU1E00235,EXOTIQUE EXPORTS,11,1,EXOTIQUE EXPORTS  Z-45 OKHLA INDUSTRIAL AREA PHASE II NEW DELHI ,IND
1392,CU1F00153,FABTECH ENGINEERS,11,1,"FABTECH ENGINEERS  J-504,BHUSARI MIDC PUNE-26 ",IND
1393,CU1F00154,FEROKE BOARDS LTD,53,1,FEROKE BOARDS LTD  KARAD CALICUT PO  CALICUT KERALA,IND
1394,CU1D00155,DAKSHAYANI SERVICE STATION,43,1,DAKSHAYANI SERVICE STATION    CHITRADURGA ,IND
1395,CU1D00156,DAKSHINA MUSICAL INDUSTRIES COMPANY,43,1,DAKSHINA MUSICAL INDUSTRIES COMPANY    BANGALORE ,IND
1396,CU1D00157,DAYANANDA DENTAL COLLEGE,43,1,DAYANANDA DENTAL COLLEGE    DAVANGERE ,IND
1397,CU1D00158,DEEPAK INSULATED CABLE CORPORATION,43,1,DEEPAK INSULATED CABLE CORPORATION LIMITED   MYSORE ,IND
1398,CU1D00159,DEEPAK SERVICE STATION,43,1,DEEPAK SERVICE STATION    SHIMOGA ,IND
1399,CU1D00160,DIGITAL EQUIPMENTS (INDIA) LIMITED,43,1,DIGITAL EQUIPMENTS (INDIA) LIMITED     ,IND
1400,CU1D00161,DIVYA SERVICE STATION,43,1,DIVYA SERVICE STATION    BANGALORE ,IND
1401,CU1D00162,DODDA ABDULLA,43,1,DODDA ABDULLA    BANGALORE ,IND
1402,CU1D00163,DOT C,43,1,DOT C    BANGALORE ,IND
1403,CU1G00130,GURU SERVICE STATION,31,1,"GURU SERVICE STATION  GURU TEG BAHADUR MARKET HINGOLI GATE ROAD, HYD. ROAD NANDED ",IND
1404,CU1G00131,GVG PAPER MILLS PVT LTD,52,1,"GVG PAPER MILLS PVT LTD UNIT-I NALLUR, PUSHPATHUR VILLAGE PALANI TK DINDIGUL ",IND
1405,CU1G00133,GOPAL SINGH & COMPANY,21,1,"GOPAL SINGH & COMPANY  65, NEW KASHIADIH EAST ROAD NO.2, SAKCHI JAMSHEDPUR ",IND
1406,CU1G00134,GMMCO LIMITED,43,1,"GMMCO LIMITED  618, 12TH MAIN HAL IIND STAGE BANGALORE ",IND
1407,CU1D00733,DHAKURIA SERVICE CENTRE,21,1,"DHAKURIA SERVICE CENTRE  41/B,GARIAHET ROAD (SOUTH)  KOLKATA ",IND
1408,CU1D00304,DIE CRAFTS,43,1,"DIE CRAFTS  341  N S PALYA, 9TH KM BANNERGHATTA ROAD BANGALORE ",IND
1409,CU1D00306,DIAMOND AGREGATES,53,1,DIAMOND AGREGATES  MANEED  PIRAVOM ,IND
1410,CU1D00307,DEAMOOLIE TEA ESTATE,21,1,DEAMOOLIE TEA ESTATE  A/C WARREN TEA LIMITED DOOM DOOMA POST TINSUKIA ,IND
1411,CU1D00308,DOM INDUSTRIES,622,3,"DOM INDUSTRIES NO:25,GROUNDFLOOR JALAM SS15/4 SUBANGJAYA 47500,PETALANGJAYA SELANGOR, DARUL EHSAN MALAYSIA ",USD
1412,CU1D00539,DHRUVDESH MOTORS PVT LTD,43,1,"DHRUVDESH MOTORS PVT LTD  1218,RAJMAHAL YILAS EXTN MEKHRIC CIRCLE BANGALORE ",IND
1413,CU1D00540,DHABRIYA AGGLOMERATES PVT LTD,12,1,DHABRIYA AGGLOMERATES PVT LTD B-9D(I)MALVIYA INDL.AREA JAIPUR-17  JAIPUR ,IND
1414,CU1D00541,DHANALAXMI,45,1,"DHANALAXMI JCR BOREWELLS NO 547,KAMARAJ SALAI SATYANAGAR PONDICHERRY-4 ",IND
1415,CU1D00740,D S PATEL,21,1,"D S PATEL  M S SAVALGI COMPLEX BANJARA CROSS,NEAR POLICE STN BIJAPUR ",IND
1416,CU1D00312,DECORA TUBES LIMITED,34,1,"DECORA TUBES LIMITED  PLOT NO:55/56 SECTOR 1, PITHAMPUR DHAR ",IND
1417,CU1D00313,DHRU AUTOMOBILES,32,1,"DHRU AUTOMOBILES  DIAMOND NAGAR,SURAT KAMREJ RD. AT POST:LASKANA, TAL:KAMREJ SURAT ",IND
1418,CU1D00316,DIVYA FIBRES LIMITED,11,1,DIVYA FIBRES LIMITED  VILLAGE CHHAZPURA DEHRADUN ROAD SAHARANPUR ,IND
1419,CU1D00317,DECCAN CROWNS & CONS PVT  LIMITED,42,1,"DECCAN CROWNS & CONS PVT  LIMITED  IST FLOOR, ABIDS ROAD  HYDERABAD ",IND
1420,CU1D00319,DESIGNER SUITS,43,1,"DESIGNER SUITS DIV. OF GOKULDAS INAGES LTD 7 & 12 TUMKUR ROAD INDUSTRIAL SUBURB, YESHWANTPUR BANGALORE ",IND
1421,CU1D00550,D D PHARMACETICALS PVT LTD,12,1,"D D PHARMACETICALS PVT LTD  G-1,583,RIICO INDL AREA SITAPURA TONK ROAD JAIPUR,RAJASTHAN",IND
1422,CU1D00514,DOZCO INDIA PVT LTD,21,1,DOZCO INDIA PVT LTD  NO 1 RAJHANS MAMSION BANK MORE DHANBAD ,IND
1423,CU1D00515,DHANVANTARI BOTANICALS PVT LTD,43,1,"DHANVANTARI BOTANICALS PVT LTD  NO 107,108,109,KIADB LAND MALUR INDUSTRIAL ESTATE MALUR 3RD PHASES,KOLAR DIST KARNATAKA",IND
1424,CU1D00516,DUMOX POLLY YARNS PVT LTD,31,1,"DUMOX POLLY YARNS PVT LTD  10/12,VITHOBA LANE VITHALWADI MUMBAI-2 ",IND
1425,CU1D00518,DEBUG COMPUTER,611,3,"DEBUG COMPUTER  NO 58,42 ND LANE  COLOMBO-06 SRILANKA",IND
1426,CU1D00519,DATTATREYA ENGINEERS,52,1,"DATTATREYA ENGINEERS  12-A,SIVAN KOIL STREET KUMARAN NAGAR TRICHY ",IND
1427,CU1D00520,D PALIT & CO,21,1,D PALIT & CO  RANCHI ROAD PURULIA POST PURULIA WEST BENGAL,IND
1428,CU1D00526,DGB ENTERPRISES,21,1,DGB ENTERPRISES  M D ROAD  J EZPUR ,IND
1429,CU1D00535,DEHRADUN PREMIER MOTRORS PVT LTD,11,1,"DEHRADUN PREMIER MOTRORS PVT LTD   HARIDWAR BY PASS ROAD AJABPUR KALAN DEHRADUN, UTTRANCHAL",IND
1430,CU1D00173,DELUX RETREADING COMPANY,41,1,DELUX RETREADING COMPANY    CUDDAPAH ,IND
1431,CU1D00174,DEVI EXPORT CORPORATION,41,1,DEVI EXPORT CORPORATION    CHENNAI ,IND
1432,CU1D00175,DURAMETALLIC SANMAR LIMITED,41,1,"DURAMETALLIC SANMAR LIMITED  147,KARAPAKKAM VILLAGE  CHENNAI ",IND
1433,CU1E00321,ENCON FURNACES P LTD,11,1,ENCON FURNACES P LTD  14/05 MATHURA ROAD FARIDABAD HARYANA FARIDABAD,IND
1434,CU1E00021,ETA CLIMA PRIVATE LIMITED,41,1,ETA CLIMA PRIVATE LIMITED KALITHEERTHALKUPPAM VILLAGE KUCHIPALAYAM ROAD MADAGADIPATTEU PONDICHERRY ,IND
1435,CU1D00133,DATTATREYA TEXTILES LIMITED,52,1,"DATTATREYA TEXTILES LIMITED  MARTHUR ROAD THERKUTHERU, MELUR TALUK MADURAI ",IND
1436,CU1D00134,DEVENDRA KUMAR H A,43,1,DEVENDRA KUMAR H A  17 III MAIN I CROSS RAMA MOHANA PURA BANGALORE ,IND
1437,CU1F00160,FRIENDS RIG SERVICE,45,1,FRIENDS RIG SERVICE  NO 11 MIDDLE STREET PILLAIYAR KUPPAM PONDICHERRY ,IND
1438,CU1D00114,DURAWARE PRIVATE LIMITED,42,1,"DURAWARE PRIVATE LIMITED  UDYAM, A-9, MIDC STATION ROAD AURANGABAD ",IND
1439,CU1D00116,DELUXE PLASTICS,31,1,"DELUXE PLASTICS  PLOT NO 47 & 48, G D D I D C DAMAN INDL.ESTATE,SOMNATH ROAD DABHEL, DAMAN ",IND
1440,CU1D00117,DELTA HEAVY MACHINERY,672,3,DELTA HEAVY MACHINERY  P O BOX 46006 ABUDHABI UNITED ARAB EMIRATE ,DHI
1441,CU1D00118,DELUXE FABRICS LIMITED,11,1,DELUXE FABRICS LIMITED  LUXMI STREET SHIVPURI LUDHIANA ,IND
1442,CU1D00119,DYNAMATIC TECHNOLOGIES LIMITED,41,1,"DYNACORP ENGINEERING PVT LTD   C/O. MANGALA AGRO INDUSTRIES, AT.POST.GHOTI,TAL.IGATPURI, DIST. NASHIK-422403",IND
1443,CU1D00275,DYNAMIC ELECTRONICS LIMITED,43,1,"DYNAMIC ELECTRONICS LIMITED  SR NO.54/2 & 55/2,BILEKAHALLI BEGUR HOBLI,NS PALAYA, B. ROAD BANGALORE ",IND
1444,CU1D00277,DYNAMICS CORPORATION,31,1,DYNAMICS CORPORATION  996 MAIN ROAD  NASHIK ,IND
1445,CU1D00389,D D MOTORS,11,1,D D MOTORS  19-22 PATEL NAGAR INDUSTRIAL AREA DEHRADUN ,IND
1446,CU1D00122,DYNAMIC INDUSTRIES,11,1,DYNAMIC INDUSTRIES  35 MARUTI INDUSTRIAL COMPLEX SECTOR 18 GURGAON HARYANA,IND
1447,CU1D00123,DURRANI   M H,34,1,"DURRANI   M H  A 50, KOHI-FIZA  BHOPAL HARYANA",IND
1448,CU1D00124,DEVI MOTORS PRIVATE LIMITED,43,1,DEVI MOTORS PRIVATE LIMITED  BULLA COMPLEX LAMIGTON ROAD HUBLI ,IND
1449,CU1D00125,DSP KNITTING COMPANY,51,1,"DSP KNITTING COMPANY  NO 1,SURYA NAGAR 2ND STREET,BRIDGEWAY COLONY EX TIRUPUR ",IND
1450,CU1D00126,DEWAN ENTERPRISES LIMITED,11,1,DEWAN ENTERPRISES LIMITED  RITHANI DELHI ROAD MEERUT ,IND
1451,CU1D00127,DEIVASIHAMANI,51,1,DEIVASIHAMANI S/O. MAHAKALIAPPA GOUNDER PARAKATTU THOTTAM POOJARIPALAYAM KANDIEN KOVIL TIRUPPUR ,IND
1452,CU1D00129,DEPARTMENT OF AUTOMOC ENERGY,12,2,DEPARTMENT OF AUTOMOC ENERGY DIRECTORATE OF PURCHASE &STORE KOTA REGIONAL PUCHASE UNIT HWP (K) PLANT SITE ANUSHAKTI POST ,IND
1453,CU1E00469,ELECTRO TECH INDUSTRIES,41,1,"ELECTRO TECH INDUSTRIES  NO 18,SOUTH PHASE AMBATTUR INDUSTRIAL ESTATE CHENNAI ",IND
1454,CU1E00471,ESSKAY INDUSTRIES,53,1,"ESSKAY INDUSTRIES  THAYOOR PO VELUR,VIA -KECHERY TRICHUR ",IND
1455,CU1ELGI-P,ELGI EQUIPMENTS LIMITED,51,4,"ELGI EQUIPMENTS LIMITED ENG-DEPT-PROJECTS-R&D  ""ELGI HOUSE"",2,MILL OFFICERS COLONY,B/H LA GAJJAR CHAMBERS,(OLD RBI) OPP TIMES OF INDIA,ASHRAM RD,AHMEDABAD,GUJARAT",IND
1456,CU1F00002,FAIRDEAL AGENCIES,11,1,FAIRDEAL AGENCIES  SWAMI DAYANAND MARG  FAIZABAD ,IND
1457,CU1F00135,"FLECTROMECH ASSAM,",21,1,"FLECTROMECH ASSAM,  A T ROAD  GUWAHATI ",IND
1458,CU1F00136,FAI FILTRI SRL,644,3,FAI FILTRI SRL  VIA STRADA PROVFRAWSE 7   24040 PON TIROLONVOV BARGAME ITALY,IND
1459,CU1F00137,FIAT INDIA LTD,31,1,FIAT INDIA LTD (FORMERLY IND AUTO LTD) OFF:LAL BAHADUR SHASTRA MARA KURLA MUMBAI ,IND
1460,CU1D01619,DIAMONANA ENTERPRISES CO   LTD,636,3,"DIAMONANA ENTERPRISES CO   LTD  NO.277 , LN.120, ZHANGLU RD, CHANGHUA CHANGHUA COUNTRY 50083, TAIWAN (R.O.C)",USD
1461,CU1M03783,MAYNAGURI AGRO TEA PVT LTD,21,1,"MAYNAGURI AGRO TEA PVT LTD  MAL ROAD. MAYNAGURI.  JALPAIGURI, WEST BENGAL - 735224",IND
1462,CU1D01649,DEHRADUN PREMIER MOTORS PVT LTD,11,1,DEHRADUN PREMIER MOTORS PVT LTD BAURARI  NEW TEHRI  ,IND
1463,CU1B02499,BILALA AGRO INDUSTRIES,36,1,"BILALA AGRO INDUSTRIES  KOTHADI BAJAR,AKOLA  DIST.AKOLA MAHARASHTRA",IND
1464,CU1S09026,SBR AUTO COMPONENTS LTD,11,1,"SBR AUTO COMPONENTS LTD  PLOT-07D,SEC-9,IIE SIDCUL, PANTNAGAR, UTTRAKAHAND.",IND
1465,CU1A03806,ARTOCARPUS FOODS PVT LTD,53,1,"ARTOCARPUS FOODS PVT LTD  PLOT NO,F. KINFRA INDUSTRIAL PARK, NADUKANI, THALIPARAMBA-670141",IND
1466,CU1A03882,ANIKA AUTOMOBILES P LTD,43,1,"ANIKA AUTOMOBILES P LTD  S.NO.129/4,HOSPET-BELLARY ROAD SANKALAPUR VILLAGE, HOSPET - 583 201 KARNATAKA",IND
1467,CU1S09275,SUDHA ENTERPRISES,11,1,"SUDHA ENTERPRISES  K-70, SECTOR-3, DSIDC INDUSTRIAL AREA BAWANA  DELHI",IND
1468,CU1P03170,PUNJAB KESARI PUBLISHERS PVT LTD,11,1,"PUNJAB KESARI PUBLISHERS PVT LTD  2, PRINTING PRESS COMPLEX, RING ROAD NEAR DTC DEPOT, WAZIRPUR DELHI",IND
1469,CU1M03876,MYANMAR MAHAR HTUN CO LTD,615,3,"MYANMAR MAHAR HTUN CO LTD  NO 36 (D) MOE KAUNG ROAD, YANKIN TOWNSHIP YANGON MYANMAR",USD
1470,CU1V01709,VISHNU KUMAR HARISH,12,1,VISHNU KUMAR HARISH CHANDAR JAQETIYA SEVA SADAN ROAD BHILWARA RAJASHTHAN ,IND
1471,CU1A04031,ADDCOOL TRADE & SERVICES,21,6,"ADDCOOL TRADE & SERVICES   H.NO.84,AJANTA PATH, SURVEY, BELTOLA, BASISTHA ROAD, GUWAHATI - 781 028 ASSAM",IND
1472,SU1A00131,ADARSH ALLOYS COMPONENTS PVT LTD,None,,ADARSH ALLOYS COMPONENTS PVT LTD  108-AH BLOCK - 4TH STREET SHANTHI COLONY ANNA NAGAR MADRAS,
1473,SU1A00241,ALLIED BEARING AND TOOLS CORPATION,None,,ALLIED BEARING AND TOOLS CORPATION  218 DR NANJAPPA ROAD NO 4 HI-TECH COMPLEX COIMBATORE ,
1474,SU1B00118,BEST DRILL CENTRE,None,,BEST DRILL CENTRE    MADRAS ,
1475,SU1B00717,BLUE STAR LIMITED,None,,"BLUE STAR LIMITED  NO.2, MAJIWADA, POKHRAN ROAD, THANE ",
1476,SU1C00160,CHEMICAL ENTERPRISES,None,,CHEMICAL ENTERPRISES    COIMBATORE ,
1477,SU1C00368,CUTFAST ABRASIVE TOOLS PRIVATE LTD,None,,CUTFAST ABRASIVE TOOLS PRIVATE LTD  PALLIKARANAI POST  MADRAS ,
1478,SU1C00486,"CHANDA ELECTROTHERM PVT. LTD.,",None,,"CHANDA ELECTROTHERM PVT. LTD.,  NO.37, MUKTA BUILDING,18th, CROSS, 8th MAIN, MALLESWARAM, BANGALURE ",
1479,SU1C00470,CAM ENGINEERS, ,,"CAM ENGINEERS  No.10-A, ELLAI TIIOTTA1\{ ROAD NEAR BALAGURU GARDEN, PEELAMEDU (PO) COIMBATORE - 641 004",
1480,SU1D00076,DEK ENGINEERING WORKS,None,,DEK ENGINEERING WORKS  K.G.CHAVADI MADUKKARAI COIMBATORE ,
1481,SU1D00077,DEKSIN CORPORATION,None,,DEKSIN CORPORATION    COIMBATORE ,
1482,SU1D00266,DIAMOND ASSOCIATES,None,,"DIAMOND ASSOCIATES  No.27, JANAKI NAGAR ANNEX, VALASAEAVAKKAM, CHENNAI ",
1483,SU1I00119,INDIAN TYPEWRITER COMPANY,None,,INDIAN TYPEWRITER COMPANY     COIMBATORE,
1484,SU1E00271,ETERNIT EVEREST LIMITED,None,,"ETERNIT EVEREST LIMITED  3,SOUTH BOULEWARD ROAD, PONDICHERRY  ",
1485,SU1K00413,KAVERI STEEL FABS,None,,"KAVERI STEEL FABS  11A BOYER STREET, SINGANALLUR COIMBATORE ",
1486,SU1H00059,HEMA ENGINEERING INDUSTRIES,None,,HEMA ENGINEERING INDUSTRIES  C-210  PEENYA INDUSTRIAL ESTAT PEENYA BANGALORE 560 058 BANGALORE,
1487,SU1I00155,INDUSTRIAL ENGINEERING AGNCIES,None,,"INDUSTRIAL ENGINEERING AGNCIES  10/3, CHERIAN ROAD, P.B.NO. 2414,  COIMBATORE",
1488,SU1N00197,NON-TRADE QUATED-HDFC FCD,None,,NON-TRADE QUATED-HDFC FCD     ,
1489,SU1J00187,JS ENTERPRISES,None,,JS ENTERPRISES  9  AMBIKA BUILDING H.SIDDIAH ROAD OPP.WILSON GARDEN POLICE STATI BANGALORE,
1490,SU1K00348,KESHAV M.S.,None,,"KESHAV M.S.  148, 3rd Cross, 6th Block Koramangala BANGALORE 560 095 ",
1491,SU1P00106,PALANI ASSOCIATES,None,,PALANI ASSOCIATES  NO 28 A NESAVAR COLONY RTION SHOP STREET EDAYARPALAYAM POST COIMBATORE,
1492,CU1E00468,ELANGO SERVICE STATION,54,1,ELANGO SERVICE STATION  172 ANNA NAGAR  MULANUR ,IND
1493,CU1G00161,GRACO INC,651,3,"GRACO INC  P O BOX 1441 MINNEAPOLIS, MN 55440-1441 UNITED STATES OF AMERICA ",USD
1494,CU1G00162,GULATI AUTO SALES,11,1,GULATI AUTO SALES  G T ROAD  KARNAL HARYANA,IND
1495,CU1G00163,GANGA BRIDGE SERVICE STATION,31,1,GANGA BRIDGE SERVICE STATION  AT POST KAIJ  ALLAHABAD ,IND
1496,CU1E00322,ELLON HINENGO LTD,41,1,ELLON HINENGO LTD  TOWER HOUSE IST FLOOR ABERDEEN BAZAR PORT BLAIR ,IND
1497,CU1E00324,EMMTEX SYNTHETICS LTD,11,1,"EMMTEX SYNTHETICS LTD  327,BENJAMIN ROAD  LUDHIANA ",IND
1498,CU1E00325,ELECTRICAL RESEARCH & DEVELOPMENT,33,1,"ELECTRICAL RESEARCH & DEVELOPMENT ASSOCIATION P.B.NO 760, MAKARPURA ROAD VADODARA AHMEDABAD",IND
1499,CU1D00543,DEVARAJ BOREWELL SERVICE,45,1,"DEVARAJ BOREWELL SERVICE  VELUSAMY D NO57,3RD CROSS VENKATNAGAR PONDICHERRY-11",IND
1500,CU1G00063,GMM CO LIMITED,43,1,GMM CO LIMITED  PLOT NO.63A HOOTAGALLI INDUSTRIAL AREA MYSORE ,IND
1501,CU1G00065,GNANAMBIKAI MILLS LIMITED,51,1,GNANAMBIKAI MILLS LIMITED  GNANAMBIKAI MILLS POST P.O.BOX NO.5307 COIMBATORE ,IND
1502,CU1G00067,GOA TRANSPORT SERVICE,31,1,"GOA TRANSPORT SERVICE  C/O. SERVICE INN FATORDA, MARGAO GOA ",IND
1503,CU1G00068,GOD GIFTS GARAGE,32,1,GOD GIFTS GARAGE  514 BHAWANI PETH HARKANAGAR PUNE ,IND
1504,CU1G00069,GODREJ GE APPLIANCES LIMITED,31,1,"GODREJ GE APPLIANCES LIMITED  PLANT NO 3, PIROJSHA NAGAR VIKHROLI MUMBAI ",IND
1505,CU1E00310,ENERGY PROGRESS INC.,34,1,"ENERGY PROGRESS INC.  PLOT.NO.hig-1,MEENAKSHI RESIDE 66,SECTOR-A,INDRAPURI BHOPAL(MP) ",IND
1506,CU1D00551,DOLPHIN HONDA,53,1,DOLPHIN HONDA CENTURY MALL S N COLLEGE JUNCTION PUNALUR KOLLAM ,IND
1507,CU1F00156,FAIZA EXPORTS,41,1,"FAIZA EXPORTS  NO:18,STANDAGE ROAD FRAZER TOWN BANGALORE ",IND
1508,CU1G00071,GOKUL AGENCIES,31,1,GOKUL AGENCIES    GOA ,IND
1509,CU1G00073,GOLD MINE POLYMERS LIMITED,11,1,"GOLD MINE POLYMERS LIMITED  B-22-24,SECTOR-6  NOIDA ",IND
1510,CU1G00075,GOMATHI MINERALS AND MARBLES PRIVAT,12,1,"GOMATHI MINERALS AND MARBLES PRIVAT E LIMITED 1289 FOZDAR HOUSE, BABA HARISH -CHANDRA MARG,CHANDPOLE BAZAAR JAIPUR ",IND
1511,CU1G00076,G OM PRAKASHAM,51,1,G OM PRAKASHAM  S/O VS GUNASEELAN 19 ASD PURAM POLLACHI ,IND
1512,CU1G00077,GOODWILL ENGINEERING WORKS,41,1,GOODWILL ENGINEERING WORKS  12 RADIO ROAD HARBOUR CHENNAI ,IND
1513,CU1D00747,DHARANI COTTON MILLS PVT LTD,51,1,"DHARANI COTTON MILLS PVT LTD  GOBI-SATHY MAIN ROAD GANAPATHIPALAYAM ALUKKULIPALAYAM ALUKKLI POST,GOBI",IND
1514,CU1D00320,DOZCO (INDIA) PVT  LIMITED,21,1,DOZCO (INDIA) PVT  LIMITED  1 RAJHANS MANSION BANK MORE DHANBAD ,IND
1515,CU1D00321,DEFENCE RESEARCH & DEV.ORGANISATION,42,2,"DEFENCE RESEARCH & DEV.ORGANISATION DEFENCE ELECTRONICS RESEARCH LABORATORY,MINISTRY OF DEFENCE CHANDRAYANAGUTTA LINES, HYDERABAD ",IND
1516,CU1D00323,DURAISAMY FOODS AND SPICES P LTD,54,1,DURAISAMY FOODS AND SPICES P LTD  6 MAMARATHUPALAYAM  ERODE ,IND
1517,CU1D00324,DURAI RAJA SINGAM  S,54,1,"DURAI RAJA SINGAM  S  MOLAIANKADU,SATHINAIKENPALAYAM KUMARAMANGALAM (VIA) TRICHENGODE ",IND
1518,SU1S00256,SAKTHY ENTERPRISES,None,,SAKTHY ENTERPRISES     COIMBATORE,
1519,SU1P00426,PREMIER SEALS,None,,PREMIER SEALS     PONDICHERRY,
1520,SU1M00690,MULTI ARC INDIA LIMITED, ,,"MULTI ARC INDIA LIMITED  V.B.K.COMPLEX, NO.11/C-24 RAMASAMY ROAD, BEHIND CHINTHAMANI MARKET COIMBATORE - 641 002",
1521,SU1M00446,MIKROTECH,None,,MIKROTECH  98 A/17 HADAPSAR INDL ESTATE PB NO 1231  PUNE,
1522,SU1S00539,SHREE GANESH ENTERPRISES,None,,SHREE GANESH ENTERPRISES     COIMBATORE,
1523,SU1S01151,STAR CIRCLIP AND ENGINEERING PRIVAT,None,,STAR CIRCLIP AND ENGINEERING PRIVAT E LIMITED B-24  MIDC AREA  NAGPUR ,
1524,SU1S01072,SRI VIJAYALAKSHMI INDUSTRIES,None,,"SRI VIJAYALAKSHMI INDUSTRIES  NETHAJI NAGAR NANJUNDAPURAM RD.,R.N.PURAM COIMBATORE ",
1525,SU1P00522,PRECISION TRANSMISSION PRODUCTS,None,,PRECISION TRANSMISSION PRODUCTS    BELGAUM ,
1526,SU1P00329,PRAKASH ENGINEERING WORKS,None,,PRAKASH ENGINEERING WORKS     SALEM,
1527,SU1T00351,TRINITY ENTERPRISES,None,,TRINITY ENTERPRISES     COIMBATORE,
1528,SU1S00663,SKYLINE SYSTEMS & SERVICES,None,,SKYLINE SYSTEMS & SERVICES     COCHI,
1529,SU1T00136,TENCHI AIDS,None,,TENCHI AIDS     SECUNDEDRABAD,
1530,SU1S01426,SUKSHMA DYNAMICS P.LTD., ,,"SUKSHMA DYNAMICS P.LTD.  472,KAMARAJAR ROAD PEELAMEDU COIMBATORE COIMBATORE",
1531,SU1S01762,SENSONICS LTD,None,,"SENSONICS LTD  NORTHBRIDGE ROAD, BERKHAMSTED HERTFORDSHIRE HP4 IEF UK UK",
1532,SU1V00158,VIGNESH ENGINEERING WORKS,None,,VIGNESH ENGINEERING WORKS     COIMBATORE,
1533,SU1V00159,VIGNESH FASTENERS,None,,"VIGNESH FASTENERS  11/5 P.S.F.NO.286/4, 286/8, PAPAMPATTI ROAD,BHARATHIPURAM, KANNAMPALAYAM P.O, COIMBATORE",
1534,SU1CU0194,UNION ENTERPRISE PVT.LTD,None,,"UNION ENTERPRISE PVT.LTD  113, NAGINDAS MASTER ROAD,FORT  MUMBAI ",
1535,SU1U00110,USHA INSTITUTE OF BUSINESS,None,,"USHA INSTITUTE OF BUSINESS MANAGEMENT NO.9, U.R NAGAR, PADI ANNA NAGAR WEST, CHENNAI ",
1536,SU1R00517,RB PNEUMATIC TOOLS PVT LTD,None,,"RB PNEUMATIC TOOLS PVT LTD  C-15,GHATKOPAR INDL. ESTATE L.B.S MARG. GHATKOPAR(W), MUMBAI",
1537,SU1S02067,SIFY TECHNOLOGIES LIMITED,None,,"SIFY TECHNOLOGIES LIMITED  TIDEL PARK, 2ND FLOOR, 4, CANAL BANK ROAD,TARAMANI CHENNAI ",
1538,SU1M00875,MERCURY PENUMATICS PVT LTD,None,,"MERCURY PENUMATICS PVT LTD  D134, ANSA INDL. ESTATE, SAKIVIHAR RD,SAKINAKA,ANDHERI, MUMBAI ",
1539,SU1S02205,SRI RAMAKRISHNA ADVANCED TRAINING,None,,"SRI RAMAKRISHNA ADVANCED TRAINING INSTITUTE VATTAMALAIPALAYAM, NGGO COLONY POST COIMBATORE ",
1540,SU1I00407,INTELTEK AUTOMATION JV,None,,"INTELTEK AUTOMATION JV  S.NO100/5,AMBERGAON KHURD, KATRAJ,PUNE  ",
1541,SU1AS0001,SAMBEET TOOLS & EQUIPMENTS,None,,"SAMBEET TOOLS & EQUIPMENTS   BAIJA MUNDA, GOUSALA, SAMBALPUR, ODISHA ",
1542,SU1W00114,WEG EQUIPMENTOS ELECTRICOS S.A,None,,"WEG EQUIPMENTOS ELECTRICOS S.A  AVENIDA PREFEITO WALDEMAR GRUBBA, 3000 CAIXA POSTAL D-420 CEP 89256-900 JARAGUA DO SUL -SC, BRAZIL",
1543,SU1A01891,AMW-MGM FORGINGS PVT LTD,None,,"AMW-MGM FORGINGS PVT LTD  82-84,MYSORE BELAGOLA INDL AREA,KRS ROAD,METAGALLI POST, MYSORE ",
1544,SU1P01631,PNX LOGISTICS PVT LTD,51,1,"PNX LOGISTICS PVT LTD  PLOT NO.258/1&258/2, TM POONDY BYPASS ROAD, 11-CHETTIPALAYAM,ANGERIPALAYAM POST,TIRUPUR",IND
1545,SU1C00632,CMR DESIGN AUTOMATION P LTD,None,,"CMR DESIGN AUTOMATION P LTD  E 534,GREATER KAILASH II NEW DELHI  ",
1546,CU1G00164,GURUVAYURAPPAN AGENCIES,54,6,GURUVAYURAPPAN AGENCIES  135 S C S COMPLEX TRICHY ROAD NAMAKKAL ,IND
1547,CU1G00165,GADRE AUTOMOTIVES,31,1,GADRE AUTOMOTIVES  NH 6 VILLAGE SHIONI AKOLA ,IND
1548,CU1G00166,G.G.RETREAD LIMITED,691,3,G.G.RETREAD LIMITED  DUNGA ROAD  NAIROBI ,USD
1549,CU1F00003,FAIRDEAL AUTO CENTRE,11,1,FAIRDEAL AUTO CENTRE  AT KASIPUR  KEONJHAR ORISSA,IND
1550,CU1G00190,GOOD WILL AUTOS,11,1,"GOOD WILL AUTOS  SHOP NO 1,2,3, P B ROAD MVP SHOPPING COMP., VIDYANAGAR HUBLI ",IND
1551,CU1G00191,GOLD KING EXPORTS,51,1,GOLD KING EXPORTS  VAIKKAL THOTTAM  TIRUPPUR ,IND
1552,CU1E00175,ELGI EMPLOYEES WELFARE TRUST MATRIC,51,1,ELGI EMPLOYEES WELFARE TRUST MATRIC ULATION HIGHER SEC. SCHOOL VELLALOOR  COIMBATORE ,IND
1553,CU1E00176,EN EMM INTERNAIONAL,11,1,EN EMM INTERNAIONAL  206 MAGNUM HOUSE KARAMPURA COMMERCIAL COMPLEX NEW DELHI ,IND
1554,CU1E00177,EICHER LIMITED,11,1,"EICHER LIMITED  EICHER HOUSE,12 COMML. COMPLEX GREATER KAILASH-II(NASJID MOTH NEW DELHI ",IND
1555,CU1D00549,DESIGN PROCES,51,1,DESIGN PROCES  PONNAN THOTTAM MURUGAMPALAYAM IDUVAMPALAYAM POST TIRUPUR,IND
1556,CU1E00012,ELGI EQUIPMENTS LIMITED,53,4,"ELGI EQUIPMENTS LIMITED  1ST FLOOR,ASSET SUMMIT SUITES, NATIONAL HIGHWAY 47,NEAR SCMS KALAMASSERY,KOCHI 683 106 ",IND
1557,CU1E00013,ELGI EQUIPMENTS LIMITED,52,4,"ELGI EQUIPMENTS LIMITED  C/0 K.C &D.P CENTRE 279,GOODSHED STREET,II FLOOR MADURAI ",IND
1558,CU1D00113,DABUR INDIA LIMITED,11,1,"DABUR INDIA LIMITED  5/1 SITE IV, INDUSTRIAL AREA SAHIBABAD GHAZIABAD(U.P.) ",IND
1559,CU1D00552,DEV NARIAN DRILLERS,12,1,DEV NARIAN DRILLERS  PHITAPURA SATHOOR  BUNDI ,IND
1560,CU1D00553,KS DANDEKAR & CO,31,1,"KS DANDEKAR & CO  747,GANAPATHYPET  SANGLI ",IND
1561,CU1D00554,DAEJUNG MOPARTS PVT LTD,41,1,"DAEJUNG MOPARTS PVT LTD UNIT NO:3, NO:7 KARNAI PUDUCHERRY,OORAPAKKAM GUDUVANCHERRY(NEAR TAMBARAM) KANCHIPURAM ",IND
1562,CU1D00556,D A B MODERN RICE MILL,41,1,"D A B MODERN RICE MILL  2-A,ANNA SALAI  THIRUVANNAMALAI ",IND
1563,CU1D00558,DON BOSCO TECHNICAL INSTITUTE,31,1,DON BOSCO TECHNICAL INSTITUTE  FATORDA MARGOA GOA ,IND
1564,CU1D00559,DURGA AUTOMOBILES PVT LTD,41,1,DURGA AUTOMOBILES PVT LTD  DARJEEING ROAD DABAPUR-PO PRADHAN NAGAR SILIGURI,IND
1565,CU1D00560,D D INDUSTRIES LTD,11,1,"D D INDUSTRIES LTD  69/4,NAJAFGARH ROAD OPP:SYLVANIA LAXMAN NEW DELHI ",IND
1566,CU1D00246,DEPUTY FINACE MANAGER,54,2,"DEPOT MANAGER BELPAHAR SUB AREA  KSRTC,ARAKALAGUDU DEPOT, ARAKALAGUDU-573102, HASSAN DISTRICT.KARNATAKA",IND
1567,CU1D00749,DESAI PETROLEUM,42,1,DESAI PETROLEUM  NEAR RTC BUS STAND MADANAPALLE CHITTOOR ,IND
1568,CU1D00750,DURGA AUTOMOTIVES PVT LTD,21,1,"DURGA AUTOMOTIVES PVT LTD  TENZING NORGAY ROAD DAGAPUR,PO PRADHAN NAGAR PO PRADHAN NAGAR SILIGURI",IND
1569,CU1DUMMY1,DUMMY CODE FOR CUSTOMER-01,51,1,DUMMY CODE FOR CUSTOMER-01     ,IND
1570,CU1DUMMY2,DUMMY CODE FOR CUSTOMER-02,51,2,DUMMY CODE FOR CUSTOMER-02     ,IND
1571,CU1DUMMY3,DUMMY CODE FOR CUSTOMER-03, ,3,DUMMY CODE FOR CUSTOMER-03     ,IND
1572,CU1DUMMY5,DUMMY CODE FOR CUSTOMER-05, ,5,DUMMY CODE FOR CUSTOMER-05     ,IND
1573,CU1DUMMY6,DUMMY CODE FOR CUSTOMER-06, ,6,DUMMY CODE FOR CUSTOMER-06     ,IND
1574,CU1E00008,ELGI EQUIPMENTS LIMITED,21,4,"ELGI EQUIPMENTS LIMITED 2ND FLOOR,PARIJAT BUILDING 24-A,SHAKESPEARE SARANI  KOLKATA ",IND
1575,CU1E00327,EVERSUN ENGINEERING WORKS,51,1,EVERSUN ENGINEERING WORKS  SUNDARAPURAM MAIN ROAD MADUKARAI COIMBATORE ,IND
1576,CU1E00328,EXCEL ENTERPRISES,11,1,EXCEL ENTERPRISES  G.67/B KALKAJI  NEW DELHI ,IND
1577,CU1E00330,ELECTROMECH ASSAM,21,1,ELECTROMECH ASSAM  A T ROAD  GUWAHATI ,IND
1578,CU1E00331,ELGI EQUIPMENTS LTD,33,4,"ELGI EQUIPMENTS LTD RECIP DIVISION PLOT NO 193/194 NATARAJ ENDL. ESTATE,PRIYANKA CARBON BUS STP VASNA SANAND AHMEDABAD",IND
1579,CU1E00464,EXIM TRADELINKS (I) PVT LTD,11,1,"EXIM TRADELINKS (I) PVT LTD  1014,ARUNACHAL BHAWAN 19,BARAKHAMBA ROAD NEW DELHI ",IND
1580,CU1E00466,EMTICI ENGINEERING LTD,33,1,EMTICI ENGINEERING LTD  ANAND SOJITRA ROAD VALLABH VIDYANAGAR DIST-ANAND ,IND
1581,CU1E00015,ELGI EQUIPMENTS LIMITED,11,4,"ELGI EQUIPMENTS LIMITED   23,SHIVAJI MARG, NEW DELHI 110 015",IND
1582,CU1E00312,ECKO CARRIERS PRIVATE LIMITED,11,1,"ECKO CARRIERS PRIVATE LIMITED  C-113, PHASE - VII INDUSTRIAL AREA, SAS NAGAR MOHALI PUNJAB",IND
1583,CU1E00313,ELLARGI AND CO.,51,1,ELLARGI AND CO.  1240 TRICHY ROAD  COIMBATORE ,IND
1584,CU1E00314,EUROSTAR NETWORK PVT LTD,41,1,"EUROSTAR NETWORK PVT LTD  ""22/1A """"EUROSTAR ENCLAVE"""""" KAZURA GARDENS, NEELANGARAI CHENNAI ",IND
1585,CU1E00316,EXECUTIVE APPAREL PROCESSORS,43,1,EXECUTIVE APPAREL PROCESSORS  12TH KM TUMKUR ROAD OPP:PEENYA TELEPHONE EXCHANGE BANGALORE ,IND
1586,CU1E00317,EUROAIR (M) SDN BHD,622,3,"EUROAIR (M) SDN BHD (520328-H) LOT 104,JALAN INDUSTRI 3/4 RAWANG INTEGRATED INDL PARKL 48000 RAWANG,SELANGOR DARUL EH MALAYSIA",USD
1587,CU1E00319,EASTERN RAILWAY,31,2,The F.A. & C.A. O (S)   Eastern Railway Fairlie place Kolkata-700 001,IND
1588,CU1E00320,EASTERN JINGYING LTD,43,1,"EASTERN JINGYING LTD (100% EXPORT ORINETED UNIT) PLOT NO:11A,2nd CROSS INDUSTRIAL AREA,NANJANGUD MYSORE ",IND
1589,CU1E00022,ETERNIT EVEREST LIMITED,51,1,ETERNIT EVEREST LIMITED  PODANUR  COIMBATORE ,IND
1590,CU1G00080,GOTHI POLY CRAFT INDUSTRIES,41,1,GOTHI POLY CRAFT INDUSTRIES  17/5 VAZHUDAVUR ROAD KURUMBAPET PONDICHERRY ,IND
1591,CU1G00081,GOTHI THERYO PHARMING INDUSTRIES,41,1,GOTHI THERYO PHARMING INDUSTRIES  VALDOVAR ROAD  PONDICHERRY ,IND
1592,CU1E00333,EXCEL ELECTROTECHNIK PVT LTD,31,1,EXCEL ELECTROTECHNIK PVT LTD  UNIT NO 8 SARASWATHI INDL EST(OPP:MANISH IND EST ) NAVGHAR VASAI (E) THANE,IND
1593,CU1E00334,EVERST BORWELL,41,1,"EVERST BORWELL  26,VELACHERY MAIN ROAD NAGENDRA NAGAR  CHENNAI",IND
1594,CU1E00335,EXCEL AUTOMOBILES,11,1,"EXCEL AUTOMOBILES  OPP:CHANER LOK DLF, PHASE - IV GURGAON ",IND
1595,CU1E00336,EXCELGENERATORS PVT LTD,43,1,EXCELGENERATORS PVT LTD NO 23  RS 61/1B KODAPAKKAM ROAD  VILLIANNUR PONDICHERRY,IND
1596,CU1E00001,ELGI EQUIPMENTS LIMITED,51,4,ELGI EQUIPMENTS LIMITED  INDIA HOUSE TRICHY ROAD COIMBATORE ,IND
1597,CU1D00330,DEE-PLONI POLYESTER PVT LIMITED,31,1,"DEE-PLONI POLYESTER PVT LIMITED  1268 NEW KANERI,PANNA COMPOUND ASHIBIBI, KALYAN ROAD,BHIWANDI THANE ",IND
1598,CU1D00561,DHANABALARAM L,45,1,DHANABALARAM L     PONDICHERRY,IND
1599,CU1D00563,DYNAMIC TECHNO MEDICALS PVT LTD,53,1,DYNAMIC TECHNO MEDICALS PVT LTD  POST BOX NO 45 ASOKAPURAM ALUVA-101 ,IND
1600,CU1D00564,DIVYA MARINE ENTERPRESES,41,1,"DIVYA MARINE ENTERPRESES  3,KAMARAJAR SALAI PPR COMPLEX (TRANQVEBAR) THARANAMOADI",IND
1601,CU1D00565,DOMARIANGAJ MOTORS,12,1,DOMARIANGAJ MOTORS  DOMARIAGANJ DIST SIDHARTHNAGAR UTTARPRADESH ,IND
1602,CU1D00566,DEVARAJ TUBEWELLS,45,1,DEVARAJ TUBEWELLS     PONDICHERRY,IND
1603,CU1D00567,DASHARATH GOUD B,42,1,DASHARATH GOUD B  S/O YADAIAH GOUD BIBINAGAR MANDAL NALGONDA DIST HYDERABAD ,IND
1604,CU1D00057,DIESEL (INDIA),43,1,DIESEL (INDIA)  POST BOX NO:403 NO:2 LALBAGH FORT ROAD BANGALORE ,IND
1605,CU1C00742,COLOMBO COPPER PVT LTD,665,3,"COLOMBO COPPER PVT LTD  1 C LEVEL 5, EAST TOWER WORLD TRADE CENTRE BCWELOW SQUARE COLOMBO-1",IND
1606,CU1C00743,CENTRAL MOTORS,34,1,CENTRAL MOTORS  BURHANPUR ROAD BURHANPUR ROAD KHANDWA MP-450 001,IND
1607,CU1C00744,CAN & CLOSURES LIMITED,21,1,CAN & CLOSURES LIMITED  NH2 BYE PASS PO SIMLA VILL BANGIHATI DIST HOOGHLY ,IND
1608,CU1C00316,CIMMCO LIMITED, ,1,CIMMCO LIMITED     ,IND
1609,CU1C00318,CATTLE FEED PLANT,43,1,CATTLE FEED PLANT    GUBBI ,IND
1610,CU1C00320,CHAMPION AUTO SERVICING,43,1,CHAMPION AUTO SERVICING    BELLARY ,IND
1611,CU1D00239,DULABHAI HAZABHAI KUTI,33,1,DULABHAI HAZABHAI KUTI    AHMEDABAD ,IND
1612,CU1C00748,CAL-CREATION,21,1,"CAL-CREATION  25A,PARK STREET FLAT 321,3RD FLOOR KARNAN MANSION KOLKATTAA-16",IND
1613,CU1C00750,CHITRARASAN VK,45,1,CHITRARASAN VK     PONDICHERRY,IND
1614,CU1C00751,CRESCENT AUTO REPAIRS AND SERVICES,41,1,"CRESCENT AUTO REPAIRS AND SERVICES INDIA PVT LTD  INDIA PVT LTD NO 9,CENOTAFH ROAD CHENNAI-600018",IND
1615,CU1C00752,CLASSSIC KNITS,51,1,"CLASSSIC KNITS  31,CLASSIC BUILDINGS MANGALAM ROAD TIRUPUR ",IND
1616,CU1C00753,CHEMI COLOUR CORPORATION,43,1,"CHEMI COLOUR CORPORATION  486-8TH MAIN 11 TH CROSS J P NAGAR,2ND PHASE BANGALORE-78 ",IND
1617,CU1C00755,CORAMANDAL PRESTRICREATE PVT LTD,12,1,"CORAMANDAL PRESTRICREATE PVT LTD  KASNAU MINES KASNAU VILLAGE JOYAL TEHSIL,NAGAUR RAJASTAN",IND
1618,CU1D00074,DONGRE S V,31,1,"DONGRE S V  376-B, SHUKRAWAR PETH PUNE 411 002 MUMBAI ",IND
1619,CU1C00623,CLASSIC HOME FURNISHING PVT LTD,53,1,"CLASSIC HOME FURNISHING PVT LTD  PLOT NO 16,GARMENT COMPLEX A BLOCK GROUND FLOOR KAKANAD COCHIN",IND
1620,CU1C00756,COROMONDAL PRESTRICREATE PVT LTD,12,1,COROMONDAL PRESTRICREATE PVT LTD  29(I) LIGHT INDUSTRIAL AREA  JODHPUR RAJASTHAN,IND
1621,CU1C00757,CHERRAN PLAST,51,1,"CHERRAN PLAST  SF NO 137,UTHUKULI ROAD VIJAYAMANAGALAM ERODE DIST ",IND
1622,CU1C00759,CRESTA PAINT INDUSTRIES LTD,698,3,"CRESTA PAINT INDUSTRIES LTD  NO 33 RING ROAD SOUTH INDUSTRIAL AREA PO BOX KA16058,ACCRD GHANA",IND
1623,CU1C00760,CHANDRA HONDA,21,1,CHANDRA HONDA  C/O CHANDRA SINGH&SONS PLOT NO 108 SUBHASH NAGAR EXTN AJMER ROAD BJILWARA,IND
1624,CU1C00761,CHINNUSAMY V,45,1,"CHINNUSAMY V  NO21,MURUGAN KOIL STREET SEDARAPET PONDICHERRY ",IND
1625,CU1C00762,CHANDRASEKAR C,45,1,"CHANDRASEKAR C  NO 7,MARKET STREET VILLIANUR PONDICHERRY ",IND
1626,CU1C00692,CLASSIC ENTERPRISES,31,1,"CLASSIC ENTERPRISES  NO:S2/167,PHASE 1\\\ NEW INDUSTRIAL ESTATE,JAGATPUR CUTTACK ORISSA",IND
1627,CU1B00779,BHAGYALAXMI BOREWELLS,45,1,BHAGYALAXMI BOREWELLS     PONDICHERRY,IND
1628,CU1B00780,BIKANERVALA FOODS PVT LTD,11,1,"BIKANERVALA FOODS PVT LTD  A-28,LAWRENCE ROAD INDL AREA  NEWDELHI ",IND
1629,CU1B00782,BHALA BROTHERS,21,1,BHALA BROTHERS  UPPER BAZZAR  RANCHI ,IND
1630,CU1C00052,CASTROL INDIA LIMITED,31,7,CASTROL INDIA LIMITED  C/O SHAILENDRA AGENCIES 111A/10 GT ROAD KANPUR ,IND
1631,CU1C00053,CASTROL INDIA LIMITED,31,7,CASTROL INDIA LIMITED  BYE PASS ROAD OPP  IBP PETROL PUMP KARNAL ,IND
1632,CU1C00054,CASTROL INDIA LIMITED,31,7,"CASTROL INDIA LIMITED  C/O AMIT LUBRICANTS BHARADWAJ BUILDING, G T ROAD KARNAL ",IND
1633,CU1C00056,CASTROL INDIA LIMITED,21,7,"CASTROL INDIA LIMITED  C/O PRAMOD OIL TRADERS 1234 LINK ROAD, DHOLEWAL CHOWK LUDHIANA ",IND
1634,CU1C00321,CHAMUNDI DIE CAST PRIVATE LIMITED,43,1,CHAMUNDI DIE CAST PRIVATE LIMITED    TUMKUR ,IND
1635,CU1C00637,COSMOS SALES CORPORATION,32,1,"COSMOS SALES CORPORATION  589,RASTAPETH,H-45 INDRAPRASTHA COMPLEX, OPP.TARACHANDHOSPITAL PUNE",IND
1636,CU1C00639,CHINU BOREWELLS,42,1,"CHINU BOREWELLS REP:MOHAN RAO 8-52-11A,CBI DOWN CHINA WALTAIR VISAKHAPTNAM HYDERABAD",IND
1637,CU1C00640,CIRCUT SYSTEMS INDIA LIMITED,33,1,CIRCUT SYSTEMS INDIA LIMITED  B-24 GIDC ELECTRONICS ESTATE SECTOR 25 GANDHINAGAR ,IND
1638,CU1C00641,COMPUTER GRAPHICS LIMITED,31,1,"COMPUTER GRAPHICS LIMITED  218 HIGH TECH INDL CENTRE CAVES ROAD,JOGESHWARI(EAST) MUMBAI ",IND
1639,CU1C00465,CAR CLUB,11,1,"CAR CLUB  152 INDUSTRIAL AREA PHASE - II, RAM DARBAR CHANDIGARH ",IND
1640,CU1C00467,CHOUDHARY IRRIGATION,54,1,CHOUDHARY IRRIGATION  STATION ROAD CHIRAWA JHUN JUNU RAJASTHAN,IND
1641,CU1C00468,COMPETENT AUTOMOBILES,11,1,COMPETENT AUTOMOBILES  BLOCK NO 3 GHAZIPUR DELHI ,IND
1642,CU1C00602,CEEPEE'S FIBRE PRODUCTS,53,1,CEEPEE'S FIBRE PRODUCTS  KAKKAD  KANNUR ,IND
1643,CU1C00603,CHOLA PACKAGING PVT LIMITED,52,1,CHOLA PACKAGING PVT LIMITED  808 SANKARANKOVIL ROAD  RAJAPALAYAM ,IND
1644,CU1C00604,COASTAL PLASTO CONTAINERS,42,1,"COASTAL PLASTO CONTAINERS  35/B/1, S V CO-OP INDL ESTATE JEEDIMETLA HYDERABAD ",IND
1645,CU1C00471,CHAITHANGA STEERS,51,1,"CHAITHANGA STEERS  31-A THIRUVEEKA STREET KARUNANITHI NAGAR,SOWRIPALAYAM COIMBATORE ",IND
1646,CU1C00472,COEN BHARAT LIMITED,31,1,"COEN BHARAT LIMITED  302 DELTA, HIRANANDANI GARDENS POWAI MUMBAI ",IND
1647,CU1C00473,CHOWDAMBIKAI KNITTING COMPANY,51,1,CHOWDAMBIKAI KNITTING COMPANY  (C TEX MILLS) KAMARAJ ROAD TIRUPPUR ,IND
1648,CU1C00474,CHINNASAMY  T T,45,1,CHINNASAMY  T T    PONDICHERY ,IND
1649,CU1C00476,CHANDAN METAL INDUSTRIES,41,1,CHANDAN METAL INDUSTRIES  76 T H ROAD TONDIARPET CHENNAI ,IND
1650,CU1C00477,CENTRAL MINE PLANNING & DESIGN INST,21,2,CENTRAL MINE PLANNING & DESIGN INST ITUTE LIMITED GONDWANA PLACE KANKE ROAD RANCHI ,IND
1651,CU1C00478,CHIDUR & CO,51,1,"CHIDUR & CO  OFF. 799 RAJA MINI COMPLEX SATHY ROAD, GANAPATHY COIMBATORE ",IND
1652,CU1C00479,CHOZHAMANDAL MARINES,41,6,CHOZHAMANDAL MARINES  ANANTHA COMPLEX OPPP. TO O.T. POLICE STATION CUDDALORE (OLD TOWN) ,IND
1653,CU1C00335,CONTINENTAL ENGINES LTD,11,1,"CONTINENTAL ENGINES LTD  PLOT NO:88-A,INDL AREA BHIWADI ALWAR (DT) RAJASTHAN",IND
1654,CU1C00336,CAPITHAN EXPORTERS COMPANY,53,1,CAPITHAN EXPORTERS COMPANY    KOLLAM ,IND
1655,CU1C00337,CAPITAL TUBEWELL WORKS,11,1,"CAPITAL TUBEWELL WORKS  1205 A, GALI MATAWALI NAJAFGARH NEW DELHI ",IND
1656,CU1C00481,CROSS ROAD AUTOMOBILES,34,1,CROSS ROAD AUTOMOBILES  AGAR ROAD  UJJANI ,IND
1657,CU1C00483,CHHONKAR MOTORS,12,1,CHHONKAR MOTORS  CIRCULAR ROAD JAGHINA GATE BHARATPUR ,IND
1658,CU1C00484,CAMBAY CHEM LIMITED,33,1,"CAMBAY CHEM LIMITED  SURVEY NO.637 KALAMSAR VILLAGE,DHUVARAN ROAD CAMBAY ",IND
1659,CU1C00485,CENTRAL RAILWAY,31,2,"CENTRAL RAILWAY  MATUNGA EMU., POH WORKSHOP MATUNGA,  MUMBAI MUMBAI",IND
1660,CU1C00353,CENTWIN TEXTILES LIMITED,52,1,CENTWIN TEXTILES LIMITED     ,IND
1661,CU1C00354,CHELLAPPA S,52,1,CHELLAPPA S     ,IND
1662,CU1C00356,CHAMUNDA MOTORS,31,1,CHAMUNDA MOTORS    MUMBAI ,IND
1663,CU1C00357,CUSTOM CAPSULES PVT LTD,31,1,"CUSTOM CAPSULES PVT LTD  B-8/1,MIDC, TARAPUR BOISAR THANE ",IND
1664,CU1C00358,CASTROL INDIA LIMITED,21,7,CASTROL INDIA LIMITED  C/O. SAKET PETROLUB PVT. LTD MAKBARA ROAD FAIZABAD (U P) ,IND
1665,CU1C00359,CASTROL INDIA LIMITED,21,7,CASTROL INDIA LIMITED C/O. CANDIDA ENTERPRISE BUILDWELL COMPOUND R G BARUAH ROAD GUWAHATI ,IND
1666,CU1C00493,CLANCEY PRECISION COMPONENTS LTD,32,1,"CLANCEY PRECISION COMPONENTS LTD  PLOT NO.D-5 M I D C, CHINCHOLI SOLAPUR ",IND
1667,CU1C00605,CHEMOLEMUS LIMITED,41,1,"CHEMOLEMUS LIMITED MR H R THILAKAN TECHNICAL ADVICER THIRYNEERMALAI ROAD,CHROMPET CHENNAI ",IND
1668,CU1C00360,CHHEDA SERVICE STATION,31,1,CHHEDA SERVICE STATION    MUMBAI ,IND
1669,CU1C00643,CAR CARE CENRTRE,54,1,"CAR CARE CENRTRE (HYUNDAI AUTHORISED S.C.) 4/758, B MEHRA NAGAR TRICHY ROAD NAMAKKAL ",IND
1670,CU1C00645,COMPOSTIE BOARDS PVT LTD,41,1,"COMPOSTIE BOARDS PVT LTD  48 KM STONE,GTN ROAD CHINNAOBULAPURAM GUMMIDIPOONDI ",IND
1671,CU1C00339,CENTRAL GROUND WATER BOARD,34,2,CENTRAL GROUND WATER BOARD    NAGPUR ,IND
1672,CU1C00512,COUNTY AUTO CONCERN,613,3,COUNTY AUTO CONCERN  MAHARGANJ CHAKRAPATH KATHMANDU NEPAL,IND
1673,CU1C00646,CLIFTON EXPORTS PVT LTD,51,1,CLIFTON EXPORTS PVT LTD  8/328/UPPILIPALAYAM ARULPURAM POST PALLADAM ROAD TIRUPUR ,IND
1674,CU1C00647,CHANDRAN  P,52,1,"CHANDRAN  P ANDAVAR RIG SERVICE  S/O PALANIAPPAN,AADUPULLIKADU THINDAMANGALAM POST NAMAKKAL 637 203",IND
1675,CU1C00648,CHOLAS SPICES PRIVATE LIMITED,53,1,"CHOLAS SPICES PRIVATE LIMITED  SF NO:193/2,12/2 PERIYATHOTAM VELLAIKINNAR POST COIMBATORE ",IND
1676,CU1C00650,COASTAL AUTOMOBILES PVT LTD,42,1,"COASTAL AUTOMOBILES PVT LTD  1-1165,HUKUMMPETA  RAJAHMUNDARY ",IND
1677,CU1C00651,CENTRAL FINANCING COMPANY LTD,611,1,"CENTRAL FINANCING COMPANY LTD  A/C HARI GLASS PRODUCTS PVT LD  84,RAJA VEEDIYA CANDY,SRILANKA",IND
1678,CU1C00764,CHOWGULE INDUSTRIES LTD,31,1,CHOWGULE INDUSTRIES LTD  D B BANDODKAR MARG CAMPAL PANJIM GOA,IND
1679,CU1D00664,DHANALAXMI AGRO SERVICE,45,1,DHANALAXMI AGRO SERVICE  ANGALAMMAN KOIL STREET ABISHAGAPAKKAM PONDICHERRY ,IND
1680,CU1D00665,DURGA AGENCIES,45,1,DURGA AGENCIES     PONDICHERRY,IND
1681,CU1D00666,DEIVARAJ PS,45,1,"DEIVARAJ PS  S/O SUBRAMANIAM NO 24,MAIN ROAD PONDICHERRY ",IND
1682,CU1D00667,DURAISAMY P,45,1,"DURAISAMY P  NO 2,MURUGAN KOIL STREET MANNADIAPET PONDICHERRY ",IND
1683,CU1D00668,DIAMOUND DOCUMENTATIONS,11,1,DIAMOUND DOCUMENTATIONS  OPPOSITE DC OFFICE LAL CHOWK ANANTANG KASHMIR,IND
1684,CU1E00043,EASTERN RAILWAY,21,2,EASTERN RAILWAY    LILUAH ,IND
1685,CU1E00044,EASTERN RAILWAY,21,2,"EASTERN RAILWAY  EMU CAR SHED,SEALDAH DIVISION DRM BUILDING,IST FLOOR KOLKATA WEST BENGAL",IND
1686,CU1D00050,DHANDAPANI FINANCE AND INVESTMENT L,43,1,DHANDAPANI FINANCE AND INVESTMENT L IMITEDC   BANGALORE ,IND
1687,CU1C00306,CPC LIMITED,43,1,CPC LIMITED  KODIALBAIL  MANGALORE ,IND
1688,CU1C00307,CHOUDHARY KRISHI SEVA PVT LIMITED,34,1,"CHOUDHARY KRISHI SEVA PVT LIMITED  BHOPAL CHOURAHA A B ROAD, DEWAS BHOPAL ",IND
1689,CU1C00308,CLEAR-PACK CONTAINERS,41,1,CLEAR-PACK CONTAINERS  PLOT NO A-8 MOGAPPIAR WEST INDL. ESTATE CHENNAI ,IND
1690,CU1C00309,CONCORDE MOTORS INDIA LIMITED,43,1,CONCORDE MOTORS INDIA LIMITED  SHUBHARAM COMPLEX 144 M G ROAD BANGALORE ,IND
1691,CU1C00311,CHANDHIOK ASSOCIATES,11,1,CHANDHIOK ASSOCIATES    NEW DELHI ,IND
1692,CU1C00312,CONTINENTAL ENGINES LIMITED,11,1,"CONTINENTAL ENGINES LIMITED  PHASE IV, PLOT NO.240 & 241 UDYOG VIHAR GURGAON ",IND
1693,CU1C00313,CEE ESS MINES PRIVATE LIMITED,12,1,CEE ESS MINES PRIVATE LIMITED  32 ALKA PURI SHOPPING COMPLEX  ALWAR ,IND
1694,CU1C00778,CHOICE PRECITECH INDIA PVT LTD,42,1,"CHOICE PRECITECH INDIA PVT LTD  PLOT NO 216&217,PADANAGAR PHASE II,HMT TOWNSHIP POST HYDERABAD ",IND
1695,CU1D00208,DAVKAY ENGINEERING COMPANY,34,1,DAVKAY ENGINEERING COMPANY  POWER HOUSE ROAD KORBA BILASPUR (M P) ,IND
1696,CU1E00410,EASTERN HATCHERIES PVT LTD,21,1,EASTERN HATCHERIES PVT LTD  JASSIPUR DIST MAYURBHANJA ORISSA ,IND
1697,CU1E00452,EXPLO TECHNIQUE,43,1,"EXPLO TECHNIQUE SRI KRISHNA BUILDING AVENUE RD,(OPP SBM HO)BANGALOR HYPOTHCIATION TO: CENTURION BANK OF PUNJAB LTD,BANGALORE ",IND
1698,CU1F00114,FINE FIT GARMENTS,51,1,"FINE FIT GARMENTS  FINE FIT COMPLEX K.CHETTIPALAYAM,DHARAPURAM RD. TIRUPUR ",IND
1699,CU1F00116,FEATHERLITE OFFICE SYSTEMS,43,1,"FEATHERLITE OFFICE SYSTEMS PVT LTD SURVEY NO:83,88/1(KHATA NO:150 BANGALORE-MYSORE RD HEJJA CIRCLE,HEEJAL POST BIDADI -TK,RAMNAGARAM",IND
1700,CU1F00118,FOUNDATION GARMENTS PVT LIMITED,611,3,FOUNDATION GARMENTS PVT LIMITED  168 PITAWELLA ROAD BORRALESGANUWA SRI LANKA ,IND
1701,CU1F00119,FOODS FATS & FERTILISERS LIMITED,41,1,FOODS FATS & FERTILISERS LIMITED  POST BOX NO:15 TANUKU ROAD TADEPALLIGUDAM ANDHRA PRADESH,IND
1702,CU1F00120,FITWELL CONSTRUCTIONS,43,1,FITWELL CONSTRUCTIONS G-12 KEB COLONY POST:SIVASAMUDRAM (BLUFF) MALAVALLI (VIA) MANDYA KARNATAKA,IND
1703,CU1E00459,EMBIOTIC LABORATORIES PVT LTD,43,1,"EMBIOTIC LABORATORIES PVT LTD  56/1,SREE GANDHA KAWAL KOTTIGEPALYA,MAGADI ROAD BANGALORE ",IND
1704,CU1E00460,EURO FOOTWEARS PVT LTD,11,1,"EURO FOOTWEARS PVT LTD  G T ROAD,OPP CRPF CAMP UPO SARAIKHAS JALANDHAR PUNJAB",IND
1705,CU1E00461,EVERBLUE APPAREL LTD,43,1,"EVERBLUE APPAREL LTD  PLOT NO D-1,D-2, KIADB APPAREL PARK DODBALLAPUR INDUSTRIAL AREA BANGALORE",IND
1706,CU1E00383,EESHAN AUTOMOTIVES,11,1,"EESHAN AUTOMOTIVES  126-SECTOR-3 IMT,MANESAR GURGAON HARYANA",IND
1707,CU1E00385,EMMADI RAMESH,45,1,EMMADI RAMESH    PONDICHERY ,IND
1708,CU1E00386,ESHWARAIAH KANCHARLA,42,1,"ESHWARAIAH KANCHARLA  1-327,MUTHYALAMAYUDAM CHITTYALMANDAL NALOGONDA DIST ",IND
1709,CU1F00047,FUNGICIDES (INDIA) LIMITED,11,1,"FUNGICIDES (INDIA) LIMITED PRODUCTION DIVISION ROAD NO.4, PHASE II SIDCO INDL.COMPLEX,BARI BRAHMN JAMMU ",IND
1710,CU1F00048,FLINTEC TRANSDUCERS (PVT) LIMITED,611,3,FLINTEC TRANSDUCERS (PVT) LIMITED  P O BOX 24 KATUNAYAKE SRI LANKA ,IND
1711,CU1H00046,HEG LIMITED,12,1,HEG LIMITED  UNIT RISHABHDEV TEXTILES RISHABHDEV UDAIPUR ,IND
1712,CU1E00388,ESS ELL MOTORS,11,1,"ESS ELL MOTORS  ESS ELL PLAZA 446,RAJPUR ROAD DEHRA DUN ",IND
1713,CU1E00390,EASWARAN N,45,1,"EASWARAN N S/O DEVARAJAN NO 99,UROVAIYAR MAIN ROAD VILLIANUR PONDICHERRY ",IND
1714,CU1E00391,ELHAGGAR COMPRESSOR CO,699,3,"ELHAGGAR COMPRESSOR CO  83 EL SABTEYA  ST. PO BOX 2,SABTEYA CAIRO EGYPT",USD
1715,CU1E00393,EEDA SATISH REDDY,45,1,EEDA SATISH REDDY  ABISHGAPAKKAM MAIN ROAD PONDICHEERY ,IND
1716,CU1E00394,EXELL COATING CONSULTANT,31,1,"EXELL COATING CONSULTANT  6/24-SANKALP NIKETAN,02 GROUND FLOOR,CARPENTER STREET DOCKYARD ROAD MUMBAI",IND
1717,CU1E00395,ESS EMM INC,43,1,"ESS EMM INC  NO-21,ASHWINI INDUS AREA KACHRAKANHALLI HENNUR MAIN RD BANGALORE ",IND
1718,CU1F00035,FIBRE TUFF PRODUCTS,54,1,FIBRE TUFF PRODUCTS  44-A SOWRASTRA STREET RASIPURAM NAMAKKAL ,IND
1719,CU1E00238,ELANGOVAN  A P,41,1,"ELANGOVAN  A P S/O MR PONNUSWAMY GOUNDER 61 KALAIVANAR ST.AYYAMPALAYAM KOUNDERPADI(VIA), BHAVANI TK ERODE ",IND
1720,CU1E00239,EPCOS INDIA PVT LIMITED,31,1,"EPCOS INDIA PVT LIMITED  PLANT II E22-25, M I D C, SATPUR NASHIK ",IND
1721,CU1E00240,ENCON 2001(AN EXHIBITION&CONFERENCE,32,1,"ENCON 2001(AN EXHIBITION&CONFERENCE ON ENERGY CONSERVATION) GANESH KALA KRIDA MANCH,NEHRU STADIUM,SWARGATE,NR SARASNAUG PUNE ",IND
1722,CU1E00398,EASTCOAST ORGANICSALTS,41,1,EASTCOAST ORGANICSALTS  237/2 VEIIIVOYAL CHAVAB I PONNERI TALUK CHENNAI ,IND
1723,CU1E00400,ELGI TREAD BANGLADESH,612,3,"ELGI TREAD BANGLADESH  HOME 15,ROAD NO 10 N I KONJOYE DHAKA BANGLADESH",IND
1724,CU1E00401,ELECTROMAGS AUTOMOTIVE PROD PVT LTD,41,1,ELECTROMAGS AUTOMOTIVE PROD PVT LTD  342/343-NEHRU NAGAR 2ND CROSS STREET KOTTIVAKKAM CHENNAI,IND
1725,CU1C00361,CITROEN SWITCHGEARS PVT LTD,31,1,CITROEN SWITCHGEARS PVT LTD    MUMBAI ,IND
1726,CU1C00362,CHEMTROLS SAMIL INDIA PVT LTD,31,1,"CHEMTROLS SAMIL INDIA PVT LTD  PLOT NO:R-24,MIDC TTC INDUSTRIAL AREA,RABALE NAVI MUMBAI ",IND
1727,CU1C00364,CONTINENTAL PAPERS LTD,31,1,CONTINENTAL PAPERS LTD    MUMBAI ,IND
1728,CU1C00365,CHANDRA ISPAT LTD,31,1,CHANDRA ISPAT LTD    THANA ,IND
1729,CU1C00366,CHEMOX CHEMICALS INDUSTRIES LTD,31,1,CHEMOX CHEMICALS INDUSTRIES LTD    BHARUCH ,IND
1730,CU1C00367,COLO WRITING INSTRUMENTS LTD,31,1,COLO WRITING INSTRUMENTS LTD    MUMBAI ,IND
1731,CU1C00368,CONNECTRONICS,31,1,CONNECTRONICS    MUMBAI ,IND
1732,CU1C00480,COMMERCIAL AUTOMOBILES,11,1,COMMERCIAL AUTOMOBILES  602 DEEG GATE  MATHURA (U P) ,IND
1733,CU1D00194,DSJ PRESS,31,1,DSJ PRESS    MUMBAI ,IND
1734,CU1D00196,DI FILTER SYSTEM PRIVATE LIMITED,11,1,DI FILTER SYSTEM PRIVATE LIMITED    GURGAON ,IND
1735,CU1D00197,DEVREKHA ENGG. PVT LIMITED,33,1,DEVREKHA ENGG. PVT LIMITED    SURAT ,IND
1736,CU1D00332,DHARMARAJ  T,51,1,"DHARMARAJ  T E.CODE - 04147(AIREND ASSY) ELGI EQUIPMENTS LIMITED EIC, TRICHY ROAD, SINGANALLUR COIMBATORE ",IND
1737,CU1D00334,DHANANJAY KUMAR GUPTA,21,1,"DHANANJAY KUMAR GUPTA  C/O TRIBENI PRASAD GUPTA KARWANDIA POST,VILL:AMRATALAB ROHTAS BIHAR",IND
1738,CU1D00335,DEEP AUTO AGENCY,21,1,DEEP AUTO AGENCY    NAOGAON ASSAM,IND
1739,CU1C00487,CHANDRA ENGINEERS,42,6,"CHANDRA ENGINEERS  UG 4-5-6 MAYUR PLAZA NEAR T POINT, MIDC ROAD,WADI NAGPUR ",IND
1740,CU1D00179,DHARANI CEMENTS LIMITED,52,1,DHARANI CEMENTS LIMITED     ,IND
1741,CU1D00181,DR.G R DAMODARAN COLLEGE OF SCIENCE,51,1,DR.G R DAMODARAN COLLEGE OF SCIENCE  CIVIL AERO DROME POST  COIMBATORE ,IND
1742,CU1D00182,DHAYALAN K M,41,1,DHAYALAN K M  36/2 TAYLORS ESTATE II ND ST. KODAMBAKKAM CHENNAI ,IND
1743,CU1D00184,DC SILK MILLS PVT LTD,31,1,DC SILK MILLS PVT LTD    MUMBAI ,IND
1744,CU1D00185,DALI & SAMIR ENGINEERING PVT LTD,31,1,DALI & SAMIR ENGINEERING PVT LTD    PUNE ,IND
1745,CU1D00186,DELTA CANS & CONTAINERS,31,1,DELTA CANS & CONTAINERS    THANE ,IND
1746,CU1D00342,DEL PD PUMPS & GEARS PVT LIMITED,33,1,"DEL PD PUMPS & GEARS PVT LIMITED  PLOT NO:113,GIDC ESTATE WADHWAN CITY SURENDRANAGAR GUJARAT",IND
1747,CU1D00569,DECCAN HONDA,45,1,DECCAN HONDA  BAFNA AUTO CARS PVT LTD 15 PUNE SATARA ROAD OPP:SHANKAR MAHARAJ PUNE,IND
1748,CU1G00110,GROVER AUTOMOBILES,11,1,GROVER AUTOMOBILES  BHATINDA ROAD  MALOUT ,IND
1749,CU1G00111,GS PHARMBUTOR PRIVATE LIMITED,31,1,GS PHARMBUTOR PRIVATE LIMITED  B 172 INDUSTRIAL AREA BEHROR ALWAR ,IND
1750,CU1G00112,GTN TEXTILES LIMITED,53,1,"GTN TEXTILES LIMITED  POST BOX NO:101,CHUNANGAMVELY ERUMATHALA POST ALWAYE ",IND
1751,CU1G00113,GTP GRANITES LTD,54,1,"GTP GRANITES LTD  4/36,BHARATHI STREET SWARNAPURI SALEM ",IND
1752,CU1G00115,GUGNANI TYRES,21,1,GUGNANI TYRES  149/1 CUTTACK ROAD  BHUBANESHWAR ,IND
1753,CU1G00117,GUJARAT AMBUJA CEMENT LIMITED,11,1,GUJARAT AMBUJA CEMENT LIMITED  SURATGARH  GANGANAGAR(DT) RAJASTHAN,IND
1754,CU1G00169,G R ENGINEERING WORKS LIMITED,31,1,G R ENGINEERING WORKS LIMITED  WHITE FIELD ROAD  BANGALORE ,IND
1755,CU1D00254,DIVEKAR AUTO WORKS,32,1,DIVEKAR AUTO WORKS  PADAMPURA  AURANGABAD ,IND
1756,CU1D00256,DIRECTOR OF INDUSTRIES & COMMERCE,53,2,DIRECTOR OF INDUSTRIES & COMMERCE  VIKAS BHAVAN  TRIVANDRUM ,IND
1757,CU1D00257,DEV AUTOMOBILES,32,1,"DEV AUTOMOBILES  OPP. HARISH SILK MILLS B/H SUB JAIL, KHATODARA SURAT ",IND
1758,CU1D00258,DORA PLASTICS PRIVATE LIMITED,41,1,"DORA PLASTICS PRIVATE LIMITED  PLOT NO.31 INDUSTRIAL ESTATE SETTIPALLI PO., RENIGUNDA ROAD TIRUPATI ",IND
1759,CU1D00259,DECCAN AVIATION PRIVATE LIMITED,43,1,DECCAN AVIATION PRIVATE LIMITED  JAKKUR AERODROME JAKKUR BANGALORE ,IND
1760,CU1D00261,DAILY FOODS (INDIA),11,1,DAILY FOODS (INDIA)  79-80 KUNDLI INDUSTRIAL AREA KUNDLI SONEPAT (HARYANA) ,IND
1761,CU1D00262,DRAFIX SERVICES LIMITED,646,3,"DRAFIX SERVICES LIMITED  STATION ROAD, DURGATES WADHURST, EAST SUSSEX, TN 56TS ENGLAND ",USD
1762,SU1S02530,S.K.SALES COMPANY,None,,"S.K.SALES COMPANY  SHASTRI MARKET, JALANDHAR, PUNJAB ",
1763,SU1AS8211,SLS ENGINEERS,None,,"SLS ENGINEERS  H\#.10-132,PVR COLONY,NEAR SAIBABA TEMPLE,MALKAJGIRI, HYDERABAD ",
1764,SU1K00603,KASLIWAL AUTOMOBILES PVT LTD,None,,KASLIWAL AUTOMOBILES PVT LTD    INDORE ,
1765,SU1V00526,VEETEEJAY MOTORS PRIVATE LTD,None,,VEETEEJAY MOTORS PRIVATE LTD    ERNAKULAM ,
1766,SU1P01683,PEARL TOOLS,None,,"PEARL TOOLS  SITE NO.4,SF NO.168/3&4 PRIVATE INDUSTRIAL ESTATE SIDCO,KURICHI,COIMABTORE ",
1767,SU1T00743,THE CHENNAI SILKS,None,,"THE CHENNAI SILKS  636,OPPANAKARA STREET,  COIMBATORE ",
1768,CU1E00205,EROSE COSMETICS,33,1,"EROSE COSMETICS  N.H NO:8, BAREJA CROSS BAREJA AHMEDABAD ",IND
1769,CU1F00074,FARMSONS FASHIONS P LTD,33,1,FARMSONS FASHIONS P LTD    SURAT ,IND
1770,CU1G00642,GANDHIMATHI S,45,1,"GANDHIMATHI S  NO 28,MARIAMMAN KOIL STREET PONGUR PONDICHERRY ",IND
1771,CU1G00643,GURU NARAK AUTO AGENCIES,13,1,GURU NARAK AUTO AGENCIES  GT ROAD OPP MODEL TOWN AMRITSAR ,IND
1772,CU1G00776,GOPAL & COMPANY,34,1,GOPAL & COMPANY  BALODA BAZAR LAVAN ROAD RAIPUR ,IND
1773,CU1G00777,GOLDSTAR JEWELLARY DESIGNS PVT LTD,31,1,"GOLDSTAR JEWELLARY DESIGNS PVT LTD  UNIT NO 38,39,SDF-III SEEPZ,ANDHERI (E) MUMBAI ",IND
1774,CU1G00778,GULNAR OVERSEAS TRADING,53,1,GULNAR OVERSEAS TRADING  PARAVOOR ROAD  PARIPALLY ,IND
1775,CU1G00779,GYAN MOTORS PVT LTD,11,1,GYAN MOTORS PVT LTD  CIRCULAR ROAD NEAR BUS STAND FARIKOT ,IND
1776,CU1G00780,GANESHAM,12,1,GANESHAM  HANUMAN SAGAR COLONY N H 14 SUMBRPUR ,IND
1777,CU1F00080,FLUID TRANS,51,1,FLUID TRANS   SF 391 ELGI INDUSTRIAL COMPLEX SINGANALLUR COIMBATORE-641 005-TN,IND
1778,CU1F00122,F CADINOUCHE,697,3,F CADINOUCHE   PORTLOUIS MAURITIUS ,USD
1779,CU1F00123,FASHION POINT,51,1,"FASHION POINT 128-B,POOLAIYNAKATTU THOTTAM SENGUNTHAPALAYAM 5TH STREET MANGALAM ROAD TIRUPUR 641 604-TN",IND
1780,CU1G00049,GEORGE P,53,1,"GEORGE P  JAI ENTERPRISES, SANJVAN NEERASHI LANE ULLOOR THIRUVANANTHAPURAM ",IND
1781,CU1G00051,GESMY INDUSTRIES LIMITED,43,1,GESMY INDUSTRIES LIMITED  KOIPPURAM KADAPPAKADA QUILON ,IND
1782,CU1G00052,GHANA PUBLIC ROAD TRANSPORT UNION,698,3,GHANA PUBLIC ROAD TRANSPORT UNION  ACCRA  GHANA ,USD
1783,CU1G00053,GHATGE PATIL AUTO AND FARM MECHANIS,34,1,GHATGE PATIL AUTO AND FARM MECHANIS ATION SURVEY NO 546/A/6-7 100 FEET RING ROAD SANGLI ,IND
1784,CU1E00427,EXIDE INDUSTRIES LTD,43,1,"EXIDE INDUSTRIES LTD  SURVEY NO 246 CHINCHURAKANPALLI VILLAGE SEVAGANAPALLY PANCHAYAT HOSUR TK,DHARMAPURI DIST",IND
1785,CU1F00129,FAUJI INTERNATIONAL ENTERPRISES,11,1,FAUJI INTERNATIONAL ENTERPRISES  121 SHANNTI NAGAR TRI NAGAR DELHI ,IND
1786,CU1F00130,FEDERAL AUTOMOBILES,11,1,FEDERAL AUTOMOBILES  NEAR HEAD POST OFFICE CHURU RAJASTHAN ,IND
1787,CU1F00131,FIBER QUEEN MATTRESSES PVT LTD,53,1,"FIBER QUEEN MATTRESSES PVT LTD FIBER QUEEN HOUSE OPP-GOVT HOSPITAL AM ROAD,PERUMBAVOOR ERNAKULAM DIST KERALA",IND
1788,CU1F00133,FEDERAL TRANSFORMERS CO LLC,672,3,"FEDERAL TRANSFORMERS CO LLC  PO BOX 5769, ICAD 2  MUSSAFAH ABUDHABI",DHI
1789,CU1F00134,FAMILY PLASTICS AND THERMOWARE,53,1,"FAMILY PLASTICS AND THERMOWARE PVT LTD  PLOT NO 54,INDUSTRIAL DEVPT MONVILA, KULATHOOR POST THIRUVANTHAPURAM",IND
1790,CU1G00337,GAUTAM TUBE CORPORATION,31,1,"GAUTAM TUBE CORPORATION  7 DOSHI BHAVAN, FIRST FLOOR SECOND CARPETNER STREET MUMBAI ",IND
1791,CU1G00338,GUJARAT AMBUJA COTSPIN LIMITED,33,1,GUJARAT AMBUJA COTSPIN LIMITED  `AMBUJA TOWER'  AHMEDABAD ,IND
1792,CU1E00434,EAST CENTRAL RAILWAY,21,2,EAST CENTRAL RAILWAY  HAJIPUR  BIHAR ,IND
1793,CU1G00767,GLOBAL IN HYDRAULICS,21,1,"GLOBAL IN HYDRAULICS  BRAHMANI TARANG VEDVYAS,ROURKELA ORISSA ",IND
1794,CU1G00768,GARG GAS APPLIANCES PVT LTD,11,1,"GARG GAS APPLIANCES PVT LTD  165,HAFIZABAD,MOHKAMPUR INDL -AREA,PHASE-I,DELHI ROAD MEERUT (UP) ",IND
1795,CU1G00769,G J REFINERIES,54,1,"G J REFINERIES  43/2,KANCHIKOIL ROAD KC PALAYAM PERUNDURAI ERODE",IND
1796,CU1G00771,GOVE INVESTMENT & FINANCE CO LTD,41,1,GOVE INVESTMENT & FINANCE CO LTD  OLD NO 144/NEW NO 179 ANNASALAI CHENNAI ,IND
1797,CU1G00772,GULF OIL CORPORATION,31,1,"GULF OIL CORPORATION  SURVEY NO 27/1/2,VILLAGE MASAT SILVASSA ",IND
1798,CU1G00773,GOODLUCK SYNDICATE,51,1,"GOODLUCK SYNDICATE GOODLUCK PARK SF NO 410/1,TEXPARK ROAD CIVIL AERODROME POST COIMBATORE ",IND
1799,CU1G00774,GURNANI METALS PVT LTD,31,1,"GURNANI METALS PVT LTD  PLOT NO H-5, MIDC AMBAD NASHIK ",IND
1800,CU1F00178,FAIR FOOD,11,1,"FAIR FOOD  NH 47,HIGHWAY SHANTI NAGAR KATNI (MP) ",IND
1801,CU1E00197,ESSAR STEEL LIMITED,33,1,"ESSAR PNEUMATICS   C/O SHEKHAR PANDIT,AT POST:HASGOLI BUDRUK TAL.AJARA DIST. KOLHAPUR.",IND
1802,CU1E00198,ESS ESS KAY ENGINEERING CO LIMITED,11,1,ESS ESS KAY ENGINEERING CO LIMITED  FACTORY AREA POST BOX NO.8 KAPURTHALA ,IND
1803,CU1E00199,ELCON INDIA,11,1,ELCON INDIA  F-1/6 OKHLA INDUSTRIAL AREA PHASE - I NEW DELHI ,IND
1804,CU1E00200,EXPLOSIVES CONSULTATION & APPLICATI,623,3,"EXPLOSIVES CONSULTATION & APPLICATI ONS 192 SOI SUPPHAROCK SUTHESAN ROAD, HUAY KWANG BANGOK 10320 ",USD
1805,CU1E00203,ELGI EQUIPMENTS LIMITED,45,4,ELGI EQUIPMENTS LIMITED  B-1 INDUSTRIAL ESTATE THATTANCHAVADY PONDICHERRY ,IND
1806,CU1E00204,EESHAANEE SWITCHGEAR & ALLIED,11,1,"EESHAANEE SWITCHGEAR & ALLIED PRODUCTS B-149, OKHLA INDUSTRIAL AREA PHASE -1 NEW DELHI ",IND
1807,CU1G00056,GIS LIMITED,11,1,"GIS LIMITED  VILLAGE AKBARPUR POST ROHIRA, NEAR AHMEDGARH SANGRUR ",IND
1808,CU1G00802,GOVIND GRAINTES,41,1,"GOVIND GRAINTES  12/7,LALBAGH ROAD  BANGALORE ",IND
1809,CU1G00803,GOSIL EXPORTS PVT LTD,12,1,"GOSIL EXPORTS PVT LTD  E-70,EPIP SITAPURA JAIPUR ",IND
1810,CU1G00906,G P ISPAT PVT LTD,21,1,G P ISPAT PVT LTD  PLOT NO 688-693 URLA INDL GROWTH CENTRE RAIPUR CHHATISGARH,IND
1811,CU1G00907,G S HOLDINGS LIMITED,702,3,"G S HOLDINGS LIMITED PO BOX 346 ZONA INDUSTRIAL, CIDADA NACALA PORTO PROVINCIA,NAMPULA, MOZAMBIQUE",USD
1812,CU1G00909,GODREJ SARA LEE LTD,21,1,"GODREJ SARA LEE LTD  SHED NO A-12&B-2 MINI INDUSTRIAL ESTATE, KALAPAHAR,GUWAHATI ASSAM",IND
1813,CU1G00910,GRAND TOOLS PVT LTD,43,1,"GRAND TOOLS PVT LTD  B-31,III STATGE PEENYA INDL ESTATE BANGALORE ",IND
1814,CU1G00339,GOKAK-VADODARA SPINNING MILLS,33,1,GOKAK-VADODARA SPINNING MILLS    AHMEDABAD ,IND
1815,CU1H00007,HINDUSTAN AERONAUTICS LIMITED,43,2,HINDUSTAN AERONAUTICS LIMITED HELICOPTER DIVISION BANGALORE COMPLEX P B 1790 BANGALORE ,IND
1816,CU1H00008,HINDUSTAN LEVER LIMITED,43,1,HINDUSTAN LEVER LIMITED  OLD MADRAS ROAD P.BNO 1676 BANGALORE ,IND
1817,CU1H00010,HARIYANA AUTOMOBILES,33,1,"HARIYANA AUTOMOBILES  NH NO:8, KOSMADI PATIA NEAR KADODARA SURAT ",IND
1818,CU1H00011,HIREN ALUMINIUM LIMITED,31,1,"HIREN ALUMINIUM LIMITED  106 C,RK WADI 114 VP ROAD/OPP GIRGAUM PO MUMBAI ",IND
1819,CU1H00012,HEMA ENGINEERING INDUSTRIES LIMITED,11,1,HEMA ENGINEERING INDUSTRIES LIMITED  1/3 KM STONE KHANDSA ROAD GURGAON HARYANA,IND
1820,CU1H00013,HINDUSTAN MOTOR LIMITED,41,7,HINDUSTAN MOTOR LIMITED  EARTH MOVING EQUIPMENT DIVISON THIRUVALLUR CHENNAI ,IND
1821,CU1G00775,G S B FORGE PVT LTD,42,1,G S B FORGE PVT LTD  BONTHAPALLY VILLAGE PO JINNARAM MANDAL MEDAK(AP) ,IND
1822,CU1H00067,HIMALU UMALU PAWAR,32,1,HIMALU UMALU PAWAR  AT POST  DHARIA COMPOUND (KAVIL TALE) CHIPLUN ,IND
1823,CU1H00068,HIMATSINGKA AUTO ENTERPRISES,21,1,HIMATSINGKA AUTO ENTERPRISES  PARAMESHWARI CHATRIBARI ROAD GUWAHATI ,IND
1824,CU1H00069,HI MILE RUBBER PRIVATE LIMITED,34,1,HI MILE RUBBER PRIVATE LIMITED  G-17 MIDC  SATARA ,IND
1825,CU1H00070,HINDSONS LIMITED,11,1,HINDSONS LIMITED  THE LOWER MALL  PATIALA ,IND
1826,CU1E00402,EURO FOOTWEAR LTD,11,1,"EURO FOOTWEAR LTD  417-419,KRISHNA TOWER 4TH FLOOR 15/63-CIVIL LINES KANPUR(UP)",IND
1827,CU1F00042,FALCON TYRES LIMITED,43,1,FALCON TYRES LIMITED  K R S ROAD METAGALLI POST MYSORE ,IND
1828,CU1E00245,EAST INDIA TECHNOLOGIES PVT LTD,11,1,"EAST INDIA TECHNOLOGIES PVT LTD   E 19-20 SURAJPUR INDL AREA SURAJPUR,GREATER NOIDA UTTAR PRADESH",IND
1829,CU1E00246,E PACK POLYMERS PVT LIMITED,11,1,"E PACK POLYMERS PVT LIMITED  PLOT NO:B-61 SURAJPUR,KASNA ROAD GREATOR NOIDA UTTER PRADESH",IND
1830,CU1E00247,ELAYAPPAN  S,45,1,ELAYAPPAN  S    PONDICHERY ,IND
1831,CU1E00264,ESSAR PROJECTS LIMITED,33,1,"ESSAR PNEUMATICS & EQUIPMENT PROJECT-EOL REFINERY  C/O.ABDULLA BABALAL KILLEDAR,KHOT NAGAR, MALGAON RD,NR NEW WATER TANK MIRAJ DIST,SANGLI.(CELL.NO. 9028766083)",IND
1832,CU1E00409,EVERSHINE CITY AVENUE,31,1,EVERSHINE CITY AVENUE  OPP BOSTON HOUSING CO SOCIETY GOKHIWARE VASAI EAST ,IND
1833,CU1F00049,FLEXOPLAST ABRASIVES (INDIA) LTD,32,1,"FLEXOPLAST ABRASIVES (INDIA) LTD  PLOT NO D-2/D-3 MIDC INDL. AREA, CHIKALTHANA AURANGABAD ",IND
1834,CU1E00277,EQUIPMENT AGENICES,53,1,"EQUIPMENT AGENICES  7/692,POOLAKKATTAYIL SHOPPING COMPLEX, CHANDRANAGAR TRAFFIC JUNCTION PALAKKAD",IND
1835,CU1E00278,ESAB INDIA LIMITED,31,1,ESAB INDIA LIMITED    THANE ,IND
1836,CU1E00279,EPEPROCESS FILTERS AND ACCUMULATORS,42,1,EPEPROCESS FILTERS AND ACCUMULATORS PRIVATE LIMITED    ,IND
1837,CU1E00280,EASWARAIAH,45,1,EASWARAIAH    PONDICHERY ,IND
1838,CU1E00281,EID PARRY (INDIA) LIMITED,41,1,"EID PARRY (INDIA) LIMITED  PARRYWARE DIVISION R-11,SIPCOT INDL GROWTH CENTRE PERUNDURAI ERODE DIST",IND
1839,CU1E00282,ELFORGE LIMITED,41,1,"ELFORGE LIMITED  B-68,SIPCOT INDUSTRIAL COMPLEX  GUMMIDIPOONDI ",IND
1840,CU1E00284,ESSARGEE MILLS,52,1,ESSARGEE MILLS (UNITOF THE RAJARATNA MILLS LT PETHANAICKENPATTI ROAD A KALAYAMPUTHUR PALANI ,IND
1841,CU1E00396,ELGI EQUIPMENTS LIMITED,51,4,ELGI EQUIPMENTS LIMITED  THENNAMPALAYAM AVANASHI ROAD ARASUR PO COIMBATORE,IND
1842,CU1G00033,GAURAV GRANITES,12,1,GAURAV GRANITES    JODHPUR ,IND
1843,CU1G00034,GAUTAM UK,11,1,"GAUTAM UK  M/S GAUTAM TYRES & TREAD LTD OPP.CIVIL HOSP.,SUNDER NAGAR I MANDI ",IND
1844,CU1G00036,GEC ALSTHOM INDIA LIMITED,41,1,GEC ALSTHOM INDIA LIMITED  SEDARPET B71/72 PIPDIC INDUSTRIAL AREA PONDICHERRY ,IND
1845,CU1G00037,GECO ENGINEERING WORKS LIMITED,11,1,"GECO ENGINEERING WORKS LIMITED  MANUFACTURES AND ENGINEERS 4/3 INDL. AREA, KIRTI NAGAR NEW DELHI ",IND
1846,CU1E00266,ESCORTS FINANCIAL SERVICE LTD,12,1,ESCORTS FINANCIAL SERVICE LTD    JAIPUR ,IND
1847,CU1E00267,EASWAR MURTHY,43,1,EASWAR MURTHY     ,IND
1848,CU1E00403,ENDOLABS LTD,33,1,ENDOLABS LTD  BOMBAY AGRA ROAD PIGDAMBAR RAU INDORE,IND
1849,CU1G00041,GEETHA SPINNERS,51,1,"GEETHA SPINNERS  1, KURINJI NAGAR DHARAPURAM ROAD UDUMALPET ",IND
1850,CU1G00042,GEM EQUIPMENTS,51,1,GEM EQUIPMENTS  67 DR JAGANATHAN NAGAR OPP.MEDICAL COLLEGE COIMBATORE ,IND
1851,CU1G00043,GEM GRANITES,54,1,"GEM GRANITES  WARD NO.2 KULKARNIPETH ILKAL QUARRY,ILKAL,HUNGUND TK BANGALORE ",IND
1852,CU1G00044,GEMINI ENGINEERING WORKS,51,1,GEMINI ENGINEERING WORKS  29 SOWRIPALAYAM ROAD  COIMBATORE ,IND
1853,CU1G00046,GENERAL MOTOR SERVICES,32,1,"GENERAL MOTOR SERVICES  1 14 24, TOWN HALL OPP. MALLRA AZAD HIGH SCHOOL AURANGABAD ",IND
1854,CU1G00047,GEN MACHINES,43,1,GEN MACHINES  NEAR WALFORD  DIMAPUR ,IND
1855,CU1G00048,GEORGE K A,43,1,GEORGE K A  .  SIDAPUR ,IND
1856,CU1H00072,HINDUSTAN BREWERIES AND BOTTLING LI,31,1,HINDUSTAN BREWERIES AND BOTTLING LI MITED C/23 24 WAGLE INDUSRIAL ESTATE  THANE ,IND
1857,CU1H00073,HINDUSTAN CONSTRUCTION CO LIMITED,31,1,HINDUSTAN CONSTRUCTION CO LIMITED HINCON HOUSE LAL BAHADUR SHASTRI MARG VIKHROLI (WEST) MUMBAI ,IND
1858,CU1H00075,HINDUSTAN COPPER LIMITED,12,2,HINDUSTAN COPPER LIMITED  KHETRI COPPER COMPLEX PO KHETRI NAGAR JAIPUR ,IND
1859,CU1D00494,DAIMLER CHRYALER INDIA PVT LTD,32,1,"DAIMLER CHRYALER INDIA PVT LTD  SECTOR NO 15 A CHIKHALI VILLAGE PIMRI,PUNE ",IND
1860,CU1D00496,DURGA HYUNDAI TENZING,21,1,DURGA HYUNDAI TENZING  NORGAY ROAD DAGAPUR PO PRADHAN NAYAR SILLPURI ,IND
1861,CU1G00088,GOYAL AUTO AGENCY,21,1,GOYAL AUTO AGENCY  SHANTI SADAN ASSUM TRUNK ROAD GUWAHATI ASSAM,IND
1862,CU1E00357,EVM HONDA,53,1,EVM HONDA  ARAMANA COMPLEX P O ROAD MUVATTUPUZHA ,IND
1863,CU1E00359,ETERNAL AUTOMOBILES,33,1,ETERNAL AUTOMOBILES  PLOT NO 13-3/A CENTRE POINT NILAMBAUG VITHALWADI ROAD BHAVANAGAR,IND
1864,CU1E00360,EXCEL COATINGS & CONSULTANTS,31,1,"EXCEL COATINGS & CONSULTANTS 6/24 SANKALP NIKETAN 02 GROUND FLOOR,CARPENTER ST DOCKYARD ROAD,MAZAGAON MUMBAI ",IND
1865,CU1E00362,NAVANEETHAM,51,1,"NAVANEETHAM W/O ELANGO ,C/O ELNGO RICE MIL M.VELLAPALAYAM MUTHUR MAIN ROAD MODAKURICHI ERODE-DIST",IND
1866,CU1E00363,ESSENTIAL CREAATION,51,1,"ESSENTIAL CREAATION GARMENT EXPORTERS 14/3-A1 PARAPALAYAM B/H M P S THEATRE,MANGALAM RD TIRUPUR ",IND
1867,CU1E00364,EXAIR (M)SDN BHD,622,3,EXAIR (M)SDN BHD  NO 7-3 JALAN USJ 21/5 47600 UEP SUBANG JAYA SELANGOR W.MALAYSIA,USD
1868,CU1G00119,GUJARAT MINERAL DEVELOPMENT CORPORA,33,2,"GUJARAT MINERAL DEVELOPMENT CORPORA TION LIMITED CALCINED BAUXITE PROJECT GADHSISA, MANDUI TALUK KUTCH ",IND
1869,CU1G00120,GUJARAT MINERAL DEVELOPMENT CORPORA,33,2,"GUJARAT MINERAL DEVELOPMENT CORPORA TION LIMITED LIGNITE PROJECT JHAGADIA TALUK, RAJPARDI BHARUCH ",IND
1870,CU1G00122,GUJARAT ORGANICS LIMITED,33,1,GUJARAT ORGANICS LIMITED  PLOT 127/1 INDUSTRIAL ESTATE G ANKLESHWAR BHARUCH ,IND
1871,CU1G00123,GUJARAT STATE CO OP. AGRI.& RURAL D,33,2,GUJARAT STATE CO OP. AGRI.& RURAL D EVELOPMENT BANK BHESAN  JUNAGADH ,IND
1872,CU1G00124,GUJARAT TRACTORS AND MOTORS COMPANY,33,1,"GUJARAT TRACTORS AND MOTORS COMPANY  C/11 VASOMA HILL,B/H TAKSHILA- APTS., VASTRAPUR SATELLITE RD. AHMEDABAD ",IND
1873,CU1G00125,GUN & SHELL FACTORY,21,2,GUN & SHELL FACTORY  COSSIPORE  CALCUTTA ,IND
1874,CU1G00127,GUNASEKARAN K S,45,1,GUNASEKARAN K S    PONDICHERY ,IND
1875,CU1D00490,DESAI AUTOMOBILES,33,1,"DESAI AUTOMOBILES NEAR RAJHANS CINEMA BESIDE LANCER ARMY SCHOOL SURAT - DUMAS ROAD, PIPLOD SURAT ",IND
1876,CU1D00150,DEV KISHANJI ACHARYA,12,1,DEV KISHANJI ACHARYA    KOTA ,IND
1877,CU1D00151,DEVILAL KUTIR SOAP,12,1,DEVILAL KUTIR SOAP    BHILWARA ,IND
1878,CU1D00152,DYNAMIC TYRES,12,1,DYNAMIC TYRES    BHILWARA ,IND
1879,CU1D00153,DHANDAPANI STEEL PRIVATE LIMITED,54,1,DHANDAPANI STEEL PRIVATE LIMITED  106 B KONGU ENGG. COLLEGE ROAD PICHANDAMPALAYAM PO. PB NO.39 PERUNDURAI ,IND
1880,CU1D00299,DAIMLER CHRYSLER RAIL SYSTEMS (I),33,1,DAIMLER CHRYSLER RAIL SYSTEMS (I) LIMITED MANEJA  VODODARA ,IND
1881,CU1D00300,DONGARAI SHETKARI VINKARI SAHAKARI,33,1,DONGARAI SHETKARI VINKARI SAHAKARI SOOTGIRNI LIMITED KADEPUR KHANAPUR SANGLI ,IND
1882,CU1D00301,DARSHINI ENTERPRISES,33,1,DARSHINI ENTERPRISES  KARNAVATI INDL.ESTATE TRIKAMPURA PATIA   VATVA AHMEDABAD ,IND
1883,CU1D00302,DURO PIPES PRIVATE LIMITED,21,1,"DURO PIPES PLOT NO 51/A, SECTOR-A, ZONE-A  RAMNAGAR INDUSTRIAL AREA PHASE -1, CHANDAULI,U.P ",IND
1884,CU1D00137,DECORA TUBES PRIVATE LIMITED,34,1,DECORA TUBES PRIVATE LIMITED    BHOPAL ,IND
1885,CU1D00138,DYNAMIC TYRES,12,1,DYNAMIC TYRES    BHILWARA ,IND
1886,CU1D00139,DEPARTMENT OF ATOMIC ENERGY,31,2,DEPARTMENT OF ATOMIC ENERGY ATOMIC MINERALS DIVISION COLLEGE HOUSE NO:1-11-200  BEGUMPET HYDERABAD ,IND
1887,CU1D00140,DELTA METALIZERS AND ENGINEERS PRIV,41,1,DELTA METALIZERS AND ENGINEERS PRIV ATE LIMITED   CHENNAI ,IND
1888,CU1D00142,DURAISWAMY.N.R,51,1,DURAISWAMY.N.R  NO.1 SUNDARAM LAY OUT RAMANATHAPURAM POST COIMBATORE ,IND
1889,CU1D00310,DEEPAK BOREWELL,33,1,DEEPAK BOREWELL  VILL:NANDARKA TAL:MANAVADAR JUNAGADH ,IND
1890,CU1F00025,FOREST COLLEGE AND RESEARCH INSTITU,51,2,FOREST COLLEGE AND RESEARCH INSTITU TE TAMILNADU AGRICULTURAL UNIVERS METTUPALAYAM COIMBATORE ,IND
1891,CU1D00279,D.M. THORAT,33,1,"D.M. THORAT  `GANDAAMA' MODEL COLONY SHIVAJI NAGAR,JAIL ROAD NASIK ROAD, NASIK ",IND
1892,CU1D00281,DOSHI CASTINGS PRIVATE LIMITED,33,1,"DOSHI CASTINGS PRIVATE LIMITED  30-A, ZAK INDUSTRIAL ESTATE AT. POST ZAK, TA. DEHGAM GANDHINAGAR ",IND
1893,CU1D00282,DOON VALLEY RICE LIMITED,11,1,DOON VALLEY RICE LIMITED  OUTSIDE JUNDLA GATE  KARNAL ,IND
1894,CU1D00283,DAEWOO MOTORS INDIA LIMITED,11,1,DAEWOO MOTORS INDIA LIMITED  A-1 SURAJPUR INDUSTRIAL AREA SURAJPUR DADRI ,IND
1895,CU1D00284,DEEPAK KUMAR,51,1,DEEPAK KUMAR M/S. JAI MATHADI RIG SERVICE OPP. LAKSHMI PETROL PUMP NAWABGUNJ HAZURIBAGH ,IND
1896,CU1D00286,DGP WINSOR INDIA LIMITED,33,1,"DGP WINSOR INDIA LIMITED  PLOT NO.5403, PHASE IV G I D C, VATVA AHMEDABAD ",IND
1897,CU1D00512,DUN & BRADSTREET INFORMATION,41,1,DUN & BRADSTREET INFORMATION SERVICES INDIA PVT LTD 226 KARUNAI KUDIL CATHEDRAL ROAD CHENNAI ,IND
1898,CU1D00716,DHARANI MODERN RICE MILL,54,1,DHARANI MODERN RICE MILL  PERUMAPALAYAM KANGAPURAM PO ERODE ,IND
1899,CU1D00131,DREAMLAND AUTOMOTIVES,11,1,DREAMLAND AUTOMOTIVES  DREAMLAND COMPLEX BESIDES HOTEL DREAMLAND NANDED ,IND
1900,CU1D00289,DURAI RAJ  K,54,1,"DURAI RAJ  K  VANAKARANKADU, P K PALAYAM ELACHIPALAYAM POST TRICHENGODE ",IND
1901,CU1D00290,DAMODARASAMY  K,51,1,"DAMODARASAMY  K  E. CODE : 04092, RECP. ASSY ELGI EQUIPMENT LTD, EIC COIMBATORE ",IND
1902,CU1D00291,DASS COATINGS PRIVATE LIMITED,11,1,DASS COATINGS PRIVATE LIMITED  TRIVENI COMPLEX GOVERDHAN ROAD MATHURA ,IND
1903,CU1D00293,DIAMOND DYNAMICS (INDIA) PVT LTD,11,1,"DIAMOND DYNAMICS (INDIA) PVT LTD  A-9, MAYAPURI INDUSTRIAL AREA PHASE - II NEW DELHI ",IND
1904,CU1D00294,DMG DECKEL MAHO GILDEMEISTER(INDIA),43,1,DMG DECKEL MAHO GILDEMEISTER(INDIA) PRIVATE LIMITED HOSTO CENTRE 43 MILLERS ROAD BANGALORE ,IND
1905,CU1D00303,DIVYA GANGA BOREWELL,33,1,"DIVYA GANGA BOREWELL  KRISHNAGAR MAIN ROAD MAVDI PLOT, PARMESHWAR COMPLEX RAJKOT ",IND
1906,CU1F00140,FIELD TOYOTA,21,1,"FIELD TOYOTA  FIELD MOTOR PVT LTD 26,FOREST PARK BHUBANESHWAR - 751 009 ODISHA",IND
1907,CU1F00141,FRONTIER TOYOTA,34,1,"FRONTIER TOYOTA FRONTIER VEHICLES & MOTORS LTD BHEDAGHOT ROAD BY PASS CROSSING P O KUGWAN, JABALPUR ",IND
1908,CU1F00142,FILPAK INDIA PRIVATE LIMITED,32,1,FILPAK INDIA PRIVATE LIMITED  46/47 PILERNE INDL. ESTATE SALIGAO POST BARDEZ GOA ,IND
1909,CU1F00143,FATHIMA TYRES (P) LTD,51,1,FATHIMA TYRES (P) LTD  115-118 BIG BAZAAR STREET  COIMBATORE ,IND
1910,CU1F00144,FLORA EXPORTS,11,1,"FLORA EXPORTS  SECTOR-29 HUDA, G.T.ROAD PANIPAT ",IND
1911,CU1G00060,G KUPPUSAMY NAIDU MEMORIAL HOSPITAL,51,1,G KUPPUSAMY NAIDU MEMORIAL HOSPITAL  POST BOX NO.6327 P N PALAYAM COIMBATORE ,IND
1912,CU1C00585,CENTURY FIBRE FOAMS,53,1,"CENTURY FIBRE FOAMS  PHASE II,INDUSTRIAL DEVEP.PLOT PARASSINIKADAVU POST KANNUR KERALA",IND
1913,CU1C00587,CHANDRAN  P,52,1,"CHANDRAN  P C/O ANDAVAR RIG SERVICES 13 PERUMAL THEPPAKULAM TOWNHALL RD,KUMARALODGE,R NO:4 MADURAI ",IND
1914,CU1C00588,CEYLON DRUM &CYLINDER MANUFACTURERS,611,3,CEYLON DRUM &CYLINDER MANUFACTURERS  150 ST.JOSEPH'S STREET GRAND PASS COLOMBO ,IND
1915,CU1C00590,CRAFTED CLOTHING PVT LIMITED,43,1,"CRAFTED CLOTHING PVT LIMITED  SY NO:325/1,326/2,327/1 VILL:MARSUR,MARSUR(PO),ANEKAL BANGALORE ",IND
1916,CU1C00457,COMBUSTION & PNEUMATICS,41,1,"COMBUSTION & PNEUMATICS  NO.10,KUPPAM,ATHIPET MAIN ROAD NEAR AMBATTUR INDL. ESTATE CHENNAI ",IND
1917,CU1C00458,CEYLON ELECTRICITY BOARD,611,3,"CEYLON ELECTRICITY BOARD  SIR CHITTAMPALAM A. GARDINER MAWATHA, P O BOX. 540 COLOMBO 2 ",IND
1918,CU1C00591,CHINNASAMY T T,45,1,CHINNASAMY T T    PONDICHERY ,IND
1919,CU1C00593,COOLING SYSTEMS INC,11,1,COOLING SYSTEMS INC  Z-52 OKHLA INDUSTRIAL AREA PHASE II NEW DELHI ,IND
1920,CU1C00594,CHANNAPPA SIDDAPPA WADI,32,1,"CHANNAPPA SIDDAPPA WADI  SHREE AMBIKA TYRES,PLOT NO:182 KALPANA NAGAR,AKKALKOT ROAD SOLAPUR ",IND
1921,CU1C00595,CLEAR PLASTICS LIMITED,34,1,"CLEAR PLASTICS LIMITED GROUND FLOOR,12 BHOLA BHAGWAN INDL. ESTATE, I.B. PATEL ROAD GOREGAON (E) MUMBAI ",IND
1922,CU1C00597,CEMAL BOZKUS  G,645,3,"CEMAL BOZKUS  G RJANTIN CAD. HALICI SOKAK NO;2/5 K DERE 06700, ANKARA TURKEY ",IND
1923,CU1D00709,DVS TRADERS,41,1,"DVS TRADERS  NO.25, MUNDY STREET  VELLORE ",IND
1924,CU1S02770,SRI KARTHIKEYA TEXTILES PVT LTD,54,1,SRI KARTHIKEYA TEXTILES PVT LTD  B UNIT/SF NO 305/6B NEHRU NAGAR SATHY MAIN ROAD PUNJAI PULIAMPATTI,IND
1925,CU1S02529,SYNERGY PUNCHING PVT LTD,43,1,SYNERGY PUNCHING PVT LTD  337 IV PHASE PEENYA INDUSTIAL AREA BANGALORE ,IND
1926,CU1S01627,SNAHADEEPAM,33,1,SNAHADEEPAM    AHMEDABAD ,IND
1927,CU1S03605,SAI SRINIVASA TUBEWELLS,45,1,"SAI SRINIVASA TUBEWELLS  NO 12,EASWARAN KOIL STREET SEDARAPET PONDICHEERY ",IND
1928,CU1S03396,SUGAVANAM SK,45,1,"SUGAVANAM SK  NO 7,MAIN ROAD SEDARAPET PONDICHEERY ",IND
1929,CU1S04218,VISHNU CLOTHING COMPANY,51,1,"VISHNU CLOTHING COMPANY  75,VENUS GARDEN ANDIPALAYAM,MANGALAM ROAD TIRUPUR ",IND
1930,CU1S04000,SHREE RAM BIKES & SCOOTERS,32,1,SHREE RAM BIKES & SCOOTERS  SARJEPURA  AHMEDNAGAR ,IND
1931,CU1S03456,SIVAKAMI RICE MILL,52,1,"SIVAKAMI RICE MILL  3/361,RAJAMAN NAGAR CHINTHAMANI ROAD MADURAI ",IND
1932,CU1S03151,S B BOREWELLS,42,1,S B BOREWELLS  1-308 NEAR SBH MEDCHAL R R DIST HYDERABAD,IND
1933,CU1T00787,TTL LIMITED,11,1,TTL LIMITED  FARIDABAD DIVISION 14/3 MATHURA ROAD FARIDABAD ,IND
1934,CU1T00225,THIRUVANANTHAPURAM DAIRY,53,1,THIRUVANANTHAPURAM DAIRY  AMBALATHARA POONTHURA PO THIRUVANANTHAPURAM ,IND
1935,CU1T00145,THE METTUR TALUK CO OP.LAND DEVELOP,54,1,THE METTUR TALUK CO OP.LAND DEVELOP MENT BANK LIMITED .  METTUR ,IND
1936,CU1T00643,THE WATERBASE LIMITED,41,1,THE WATERBASE LIMITED  ANANTHAPURAM VILLAGE  NELLORE ,IND
1937,CU1V00315,VACMET PACKAGINGS (INDIA) PVT LTD,11,1,"VACMET PACKAGINGS (INDIA) PVT LTD  A-4/1 UPSIDC INDUSTRIAL AREA KOTWAN, KOSI KALAN MATHURA ",IND
1938,CU1T00999,TANAKPUR HYDRO POWER STATION,33,1,"TANAKPUR HYDRO POWER STATION  THE CHIEF EGINEER(M) NHPC LTD,PO NHPC CAMPUS BANBASSA,DIST CHAMPAWAT UTTRANCHAL",IND
1939,CU1T01081,THENI GURU KRISHNA MILLS,52,1,"THENI GURU KRISHNA MILLS  207-B,BYE PASS ROAD UNJAMPATTY VILLAGE THENI ",IND
1940,CU1U00074,UNIQUE PATTERS AND FOUNDRY P LTD,53,1,UNIQUE PATTERS AND FOUNDRY P LTD    ERNAKULAM ,IND
1941,CU1V00747,VINAYAGA MODERN RICE MILL,51,1,VINAYAGA MODERN RICE MILL  THOGAMALAI MAIN ROAD PALLAKKADU PO SRIRANGAM(TK) TRICHY DIST,IND
1942,CU1U00089,UNITED CATALYSTS INDIA LIMITED,53,1,UNITED CATALYSTS INDIA LIMITED  EDAYAR INDL. DEVELOPMENT AREA P.O. BINANIPURAM ERNAKULAM ,IND
1943,CU1V00175,VIVEK EXPORTS,43,1,VIVEK EXPORTS  NO 56 KIADB INDUSTRIAL AREA MALUR KOLAR ,IND
1944,CU1Y00043,YASH PAPERS LTD,11,1,YASH PAPERS LTD   DARSHAN NAGAR POST FAIZABAD-224135 UTTAR PRADESH,IND
1945,CU1O00171,OM PRAKSH CHOWDHARY,34,1,"OM PRAKSH CHOWDHARY  149/3,A B ROAD TANKI CHAURAHA DIST SHAJAPUR ",IND
1946,CU1D00755,DSK MOTORS LIMITED,32,1,DSK MOTORS LIMITED  S.NO 326/2 BAWDHAN (BUDRUK)  MUMBAI-BANGALORE HIGHWAY PUNE,IND
1947,CU1S04329,SINGARAM FABRICS(PVT)LTD,52,1,"SINGARAM FABRICS(PVT)LTD  D-109,BHARATHIAR STREET TIRUNAGAR MADURAI ",IND
1948,CU1R01135,RAJSHREE ENTERPRISES,11,1,"RAJSHREE ENTERPRISES (RELIANCE RETAIL OUTLET) MATHUA-ALIGARH(RAYA)ROAD NEAR SAIYAD,LOHWAN MATHURA(UP) ",IND
1949,CU1S04646,SANGHAVI SHOE ACCESSORIES PVT LTD,41,1,"SANGHAVI SHOE ACCESSORIES PVT LTD  W/2,LABOUR COLONY ROAD TVK ROAD,GUINDY CHENNAI ",IND
1950,CU1S04610,SHANTHALA AGENCIES,43,1,SHANTHALA AGENCIES  TUMKUR ROAD MADHUGIRI TUMKUR DIST ,IND
1951,CU1R01181,R R PETROLEUM,33,1,R R PETROLEUM  OPP HIGH SCHOOL KOTDA(CHAKKAR) KUTCH ,IND
1952,CU1S04861,SOLCON ENGINEERS PVT LTD,32,1,"SOLCON ENGINEERS PVT LTD  GAT NO:63 AT:POST:SHINDEWADI,TAL:BHOR PUNE ",IND
1953,CU1P01379,PRATAP&CO,11,1,"PRATAP&CO  SHOP NO 8,NEW GRAIN MAIN ROAD CHOMU DIST JAIPUR RAJASTHAN",IND
1954,CU1S04796,SANGRAM AUTO CENTRE,32,1,SANGRAM AUTO CENTRE  COLLEGE ROAD OPP MARKET YARD PANDHARPUR ,IND
1955,CU1A01749,ASHWI AGENCIES,43,1,"ASHWI AGENCIES  PANCHAMAHAL BUILDING BIBI ALABI ROAD,A/C EI PUPONT MANGALORE ",IND
1956,CU1S04665,SHREE JAI SHARDHA FUELS,11,1,SHREE JAI SHARDHA FUELS  VILLAGE SHERPUR TEHSIL BESHERI BAREILLY DT ,IND
1957,CU1V00853,VIEW AUTOMOBILES,11,1,VIEW AUTOMOBILES  VPO BHIRA  HAMIRPUR DT ,IND
1958,CU1J00761,JAI HANUMAN DRILLING&BLASTING,42,1,"JAI HANUMAN DRILLING&BLASTING SERVICES PLOT NO 139,SAI SADAN APARTMET FLAT NO 102,SIDDARTHA NAGAR VENGALARAO NAGAR COLONY HYDERABAD-38",IND
1959,CU1S05065,SRI LAKSHMI GANAPATHY ENGINEERING,42,1,SRI LAKSHMI GANAPATHY ENGINEERING WORKS INDUSTRIAL ESTATE TENALI GUNTUR(DT) ,IND
1960,CU1C00987,CENTURA WATCH CASES PVT LTD,43,1,"CENTURA WATCH CASES PVT LTD UNIT -II, AUTO DIVISION PLOT NO:21,SATYAMANGALA INDL AREA, SATYAMANGALA TUMKUR ",IND
1961,CU1V00901,VEE CEE EXPORTS,51,1,"VEE CEE EXPORTS  152/1,CHANDRAPUR,KS GARDENS KNP COLONY PO,DHARAPURAM ROAD TIRUPUR ",IND
1962,CU1A01963,AUTO LUBES & ENGINES,11,1,"AUTO LUBES & ENGINES  71/66,BAXI KHURD DARAGANJ,ALLAHABAD UTTAR PRADESH ",IND
1963,CU1V00951,SRI VIJAYA MODERN RICE MILL,45,1,SRI VIJAYA MODERN RICE MILL  149/3&9 KATTUKARAI ROAD THIRUKKANUR PONDICHERY ,IND
1964,CU1P01578,PETROGEL,21,1,PETROGEL  VIII BANDABAJ PO PURBASATGACHIA DIST BURDWAN WB ,IND
1965,CU1L00457,LAKSHMI PRIYAA SPINING MILLS LTD,41,1,"LAKSHMI PRIYAA SPINING MILLS LTD  AKKAMPET POST TADA MANDALAM,NELLORE DISTRICT ANDHRA PRADESH ",IND
1966,CU1O00231,OM SARAVANA APPARELS,51,1,OM SARAVANA APPARELS SF NO 227/2 PALANGARAI AVINASHI  COIMBATORE ,IND
1967,CU1K01606,KRISHNAJALA BORE WELLS,42,1,"KRISHNAJALA BORE WELLS  H NO 3-245,OPP SBI NH 9 COURTUPPAL NALGONDA DIST ",IND
1968,CU1U00292,UK TEXTILES,51,1,UK TEXTILES  CHINNAMATHAMPALAYAM PRESS COLONY PO COIMBATORE ,IND
1969,CU1F00155,FINE FIT KNITTING AND CO,51,1,FINE FIT KNITTING AND CO  FINE FIT COMPLEX DHARAPURAM ROAD K.CHETTIPALAYAM TIRUPUR,IND
1970,CU1E00189,EICHER TRACTORS,12,1,EICHER TRACTORS  (A UNIT OF EICHER LIMITED) ITARANA ROAD ALWAR ,IND
1971,CU1E00191,EASTERN BALL PEN PRIVATE LIMITED,31,1,"EASTERN BALL PEN PRIVATE LIMITED  MONTEX HOUSE,W-2,CAMA INDL.EST WALBHAT ROAD,GAREGAON (E) MUMBAI ",IND
1972,CU1E00192,EYEMEYE EXPORTS ENTERPRISES (P) LTD,43,1,"EYEMEYE EXPORTS ENTERPRISES (P) LTD  PLOT NO.169, PEENYA INDL. AREA III PHASE, 10th MAIN, PEENYA BANGALORE ",IND
1973,CU1E00194,E I D  PARRY (INDIA) LIMITED,52,1,E I D  PARRY (INDIA) LIMITED  PUGALUR SUGAR FACTORY POST  KARUR ,IND
1974,CU1E00195,ENGINEERING & LABORATORY SERVICES,611,3,"ENGINEERING & LABORATORY SERVICES PRIVATE LIMITED NILAMMAHARA ROAD KATUWAWALA, BORALESGAMUWA SRI LANKA ",IND
1975,CU1E00354,ENGLISH TOOLS AND CAST INGS PVT LTD,51,1,ENGLISH TOOLS AND CAST INGS PVT LTD  100/1A TAMARAI KULAM KINATUKADAVU COIMBATORE ,IND
1976,CU1D00164,DURGAMBA MOTOR BODY BUILDER,43,1,DURGAMBA MOTOR BODY BUILDER ENGG WORKS OLD MANNANVADI ROAD  MYSORE ,IND
1977,CU1G00089,GOYAL DRINKS, ,1,GOYAL DRINKS     ,IND
1978,CU1G00090,GOYAL RAMANI MINES (P) LIMITED,12,1,"GOYAL RAMANI MINES (P) LIMITED  KALI DOONGRI GRAM-GHATA, TEHSIL BASSI JAIPUR ",IND
1979,CU1G00092,G PLAST PRIVATE LIMITED,51,1,"G PLAST PRIVATE LIMITED  83-A, CIVIL AERODROME POST AVANASHI ROAD COIMBATORE ",IND
1980,CU1G00093,GRAND SERVICE STATION,672,1,GRAND SERVICE STATION  PO BOX 1715  DUBAI UNITED ARAB EMIRATES,DHI
1981,CU1G00094,GRANITE INDUSTRIALS,11,1,GRANITE INDUSTRIALS  PALOTHI VAYAL VALAPATTANAM POST KANNUR ,IND
1982,CU1G00095,GRAPCO GRANITES LIMITED,12,1,"GRAPCO GRANITES LIMITED  E-40 TO G-47, BAGRU INDL.AREA (EXTENSION), BAGRU DIST. JAIPUR ",IND
1983,CU1G00096,GRASIM CEMENT,31,1,"GRASIM CEMENT  803/804, TULSIANI CHAMBERS 212, NARIMAN POINT MUMBAI ",IND
1984,CU1G00128,GUNA SEKARAN P,54,1,GUNA SEKARAN P  S/O KM PALANIAPPAN N.CHIRAPALLI POST PARAMATHIVELUR ,IND
1985,CU1D00390,DOLFINE MINES & MINERALS,42,1,"DOLFINE MINES & MINERALS  SF NO 196,SANKI REDDY PALLY(V) KOTHAKOTA MANDAL MAHABOOBNAGAR(DIST) ",IND
1986,CU1D00476,DHARA BOREWELL,33,1,DHARA BOREWELL  KALANA  RAJKOT GUJARAT,IND
1987,CU1D00477,DEEPIKA ELECTRICALS,52,6,DEEPIKA ELECTRICALS  ANNA NAGAR  PALLAPATTI KARUR DIST.,IND
1988,CU1D00479,D D INTERNATIONAL PVT LTD,33,1,D D INTERNATIONAL PVT LTD  KATHAL ROAD KARNAL HARIYANA ,IND
1989,CU1G00061,GLORIA EXTRUSIONS PRIVATE LIMITED,43,1,"GLORIA EXTRUSIONS PRIVATE LIMITED  C 71,72&57 KSSIDC, INDL.ESTATE VEERASANDRA, HOSUR ROAD BANGALORE ",IND
1990,CU1D00311,DIMA PRODUCTS,31,1,"DIMA PRODUCTS  A2/512,513,514, M I D C SARIGAM BULSAR GUJARAT",IND
1991,CU1F00147,FUTURA MEDICAL PRODUCTS (P) LTD,53,1,"FUTURA MEDICAL PRODUCTS (P) LTD  PLOT NO:7,COCHIN SPECIAL ECONOMIC ZONE,KAKKANAD, KOCHIN-682 030 ",IND
1992,CU1F00148,FOUR SEASONS AUTOMOBILES PVT LTD,31,1,"FOUR SEASONS AUTOMOBILES PVT LTD  24,JAYWANI INDUSTRIAL ESTATE OPP MLM CENTRE TRADERS ROAD MUMBAI",IND
1993,CU1F00149,FUJAIRAH BUILDING INDUSTRIES,672,3,FUJAIRAH BUILDING INDUSTRIES  P O BOX 383  DUBAI UAE,DHI
1994,CU1F00152,FSMAIL A,45,1,"FSMAIL A S/O ABDUL KADAR 45,ESWARAN KOIL STREET  PONDICHERRY ",IND
1995,CU1J00803,JIVA INTERNATIONAL INC,31,1,"JIVA INTERNATIONAL INC  9700 RICHMOND AVN SUIT NO:160,HOUSTION TX 77042 ",IND
1996,CU1A02117,AJITH ASSOCIATES,51,1,AJITH ASSOCIATES  MERKKU THOTTAM DOOR NO 2/552 MADUKKARAI-CHETTIPALAYAM ROAD MALUMACHAMPATTI COIMBATORE,IND
1997,CU1M01885,MURUGAN CONSTRUCTIONS,52,1,"MURUGAN CONSTRUCTIONS  10-3C,GANDHI NAGAR STREET  KUDANKULAM ",IND
1998,CU1E00590,EMINENCE INDIA LTD,11,1,"EMINENCE INDIA LTD  K-16,GHIRONGI INDUSTRIAL AREA  MALANPUR-MP ",IND
1999,CU1R01477,RAMARAJ INDUSTRIES,41,1,"RAMARAJ INDUSTRIES  68-B,MC ROAD  AMBUR VELLORE DIST",IND
2000,CU1S05653,SGV INDUSTRIES,11,1,"SGV INDUSTRIES  PLOT NO 6A,B,SECTOR-6 SIDCUL INDUSTRIAL AREA HARIDWAR ",IND
2001,CU1S05864,SHREE GOVADHAN RICE & PULSE MILL,33,1,SHREE GOVADHAN RICE & PULSE MILL  DHOLKA ROAD BAVLA DIST AHMEDABAD ,IND
2002,CU1R01527,RANA SPONGE LIMITED,21,1,"RANA SPONGE LIMITED  VII&PO KULEL,PS PARJANG DIST DHENKANAL ORISSA ",IND
2003,CU1S05829,SRILAKSHMI SRINIVASA POLYMERS,42,1,"SRILAKSHMI SRINIVASA POLYMERS  SURVEY NO 52,ADIVIPALLI ROAD NANJARA PALLI PANCHYATI KALAVAGUNTA PO,PENUMUR MANDAL CHITTOR DIST,ANDHARA PRADESH",IND
2004,CU1V01005,VIJAY SABRE SAFETY PVT LTD,31,1,"VIJAY SABRE SAFETY PVT LTD  35,CHANDIVALLI VILLAGE OFF SAKI VIHAR ROAD MUMBAI ",IND
2005,CU1A02270,APEX ENGINEERING SERVICES,51,1,"APEX ENGINEERING SERVICES  No.8A, SIDCO INDUSTRIAL ESTATE III PHASE HOSUR - 635 126 PH: 04344-274330,98947 56202",IND
2006,CU1V01037,VERMA INDUSTRIAL CORPORATION,43,1,VERMA INDUSTRIAL CORPORATION  G M COMPOUND P B ROAD DAVENGERE ,IND
2007,CU1S05957,SHRI KRISHNA OVERSEAS,11,1,SHRI KRISHNA OVERSEAS  VILL:CHOPRI TAROARI KARNAL HARYANA,IND
2008,CU1M02026,METROHM INDIA LTD,51,1,"METROHM INDIA LTD  1A,KALAPTHRU COMPLEX 44,CP RAMASAMY ROAD ALWARPET CHENNAI",IND
2009,CU1J00926,JALAN JEE POLYTEX LIMITED,14,1,JALAN JEE POLYTEX LIMITED  OPP:INDUSTRIAL AREA LACCHIPUR GORAKHPUR U P,IND
2010,CU1D00480,DRUGFARM LABORATORIES,11,1,DRUGFARM LABORATORIES  PLOT NO 907 MIE  BAHADURGARH HARYANA,IND
2011,CU1D00714,DEEP JYOTI GARDEN TOOLS,11,1,DEEP JYOTI GARDEN TOOLS  A-961 ARJON NAGAR KOTLA MUMBARAKPUR NEW DELHI ,IND
2012,CU1G00189,GOEL TRACTORS,11,1,GOEL TRACTORS  BY PASS ROAD  PALWAL HARYANA,IND
2013,CU1D00491,DEEDI AUTOMOBILES,53,1,DEEDI AUTOMOBILES  KAIMANAM JUNCTION  TRIVANDRUM ,IND
2014,CU1G00135,GLOBE COMPRESSORS SDN BHD,622,3,"GLOBE COMPRESSORS SDN BHD  LOT 8063,BUKIT CERAKAH,JALAN4D KAMPUNG BARU SUBANG SELANGOR D E ",USD
2015,CU1G00136,GKB Rx LENS PRIVATE LIMITED,21,1,GKB Rx LENS PRIVATE LIMITED  E 5 HIMADRI APARTMENT 22 BALLYGUNGE PARK ROAD CALCUTTA ,IND
2016,CU1G00062,GM BREWERIES LIMITED,31,1,"GM BREWERIES LIMITED  GANESH NIWAS VEER SAVARKAR MARG, PRABHADEVI MUMBAI ",IND
2017,CU1G00180,GEMINI PNEUMATICS PRIVATE LIMITED,51,1,GEMINI PNEUMATICS PRIVATE LIMITED  SF NO 407/S C ELGI INDUSTRIAL COMPLEX COIMBATORE ,IND
2018,CU1G00182,GUJARAT STATE ROAD TRANSPORT CORPOR,33,2,GUJARAT STATE ROAD TRANSPORT CORPOR ATION NADIAD DIVISION  NADIAD ,IND
2019,CU1G00183,GUJARAT STATE ROAD TRANSPORT CORPOR,33,2,GUJARAT STATE ROAD TRANSPORT CORPOR ATION BULSAR DIVISION  BULSAR ,IND
2020,CU1G00184,GUJARAT STATE ROAD TRANSPORT CORPOR,33,2,GUJARAT STATE ROAD TRANSPORT CORPOR ATION PALANPUR DIVISION  PALNAPUR ,IND
2021,CU1G00185,GUJARAT STATE ROAD TRANSPORT CORPOR,33,2,GUJARAT STATE ROAD TRANSPORT CORPOR ATION JUNAGADH DIVISION  JUNAGADH ,IND
2022,CU1G00186,GUJARAT STATE ROAD TRANSPORT CORPOR,33,2,GUJARAT STATE ROAD TRANSPORT CORPOR ATION BHUJ DIVISION  BHUJ ,IND
2023,CU1G00188,GDB ENTERPRISES,11,1,"GDB ENTERPRISES   228 INDUSTRIAL AREA, PHASE 1 CHANDIGARH ",IND
2024,CU1D00725,DIESEL LOCO MODERNIZATION WORKS,11,2,DIESEL LOCO MODERNIZATION WORKS   PATIALA-147 003 PB 03AAAGM0289C1ZT,IND
2025,CU1D00726,DILIP BUILDCON LIMITED,34,1,"DILIP BUILDCON LIMITED   VIJAYWADA- MACHLIPATNAM ROAD PROJECT PKG 11 KANUMARU VIA VUYYURU PARMANU MANDAL,DT.KRISHNA,A.P",IND
2026,CU1D00727,DILIP BUILDERS,34,1,"DILIP BUILDCON LIMITED   (SHAHKOT-MOGA PROJECT),MOGA TO JALANDHER RD,VILL:JALALABAD MOGA,NR DHARAMKOT,SATLUJ CAMP PUNJAB",IND
2027,CU1D00729,DELTA POWER SYSTEMS,51,1,"DELTA POWER SYSTEMS  33,DOCTORS THOTTAM PARASAKTHI NAGAR,GANAPATHY COIMBATORE ",IND
2028,CU1D00730,DIXON UTILITIES AND EXPORTS PVT LTD,11,1,"DIXON UTILITIES AND EXPORTS PVT LTD  B-14 PHASE II,  NOIDA U P",IND
2029,CU1D00731,DIAMOND ENGINEERING(CHENNAI)PVT LTD,41,1,"DIAMOND ENGINEERING(CHENNAI)PVT LTD  NO 179,OLD MAHABALIPURAM ROAD SOLINGANALLUR CHENNAI ",IND
2030,CU1D00732,DEEPAK SPINNING MILLS,11,1,DEEPAK SPINNING MILLS  NEAR MANCHANDA DHARAM KANTA GOHANA ROAD PANIPAT HARYANA,IND
2031,CU1D00498,DIAMOND CASTING PVT LTD,41,1,"DIAMOND CASTING PVT LTD 104,SIDCO INDUSTRIAL ESTATE AMBATTUR  CHENNAI ",IND
2032,CU1D00499,DFFPAK MINERAL INDUSTRIAL PVT LTD,21,1,DFFPAK MINERAL INDUSTRIAL PVT LTD  (SPONGE IRON DIVN) P O BAKBIL DIST KEONHAR ,IND
2033,CU1D00500,D M MAINING,12,1,D M MAINING  GOVINDPURA (SAWAR) KEKRI POST AJMER ,IND
2034,CU1D00509,DEVI RAM MOTORS,11,1,DEVI RAM MOTORS  C/O JAMTA KITAB GHAR ANMAJ MANDI  GOHANA,IND
2035,CU1D00736,DIKSON SERVICES,31,1,DIKSON SERVICES  KOYANA AUDYOGIK VASAHAT PLOT NO 13/2 MALKAPUR ,IND
2036,CU1D00737,DEV MOTORS PVT LTD,45,1,DEV MOTORS PVT LTD   BANNA DEVI G T ROAD ALIGARH,IND
2037,CU1D00738,DUDANI FUELS PVT LTD,21,1,"DUDANI FUELS PVT LTD  SUKHI NIWAS,GTGT ROAD PO GOVINDPUR DIST DHANBAD ",IND
2038,CU1G00098,GRASIM CEMENT,21,1,GRASIM CEMENT ( GROUP OF GRASIM INDUSTRIES LTD) GRASIM VIHAR VILL:RAWAN RAIPUR CHHATISGARH,IND
2039,CU1D00711,DAYAL MOTORS,33,1,DAYAL MOTORS  NEAR D M HOSPITAL BARNALA ROAD MANDI-NIHALSURGWDA MOWA,IND
2040,CU1D00712,DICKINSON FOWLER PVT LTD,43,1,"DICKINSON FOWLER PVT LTD  PLOT 249/250 BOMMASANDRA INDL AREA 3RD PAASE,HOSUR ROAD BANGALORE",IND
2041,CU1D00713,DAYA APPAREL EXPORTS PVT LTD,611,3,"DAYA APPAREL EXPORTS PVT LTD  362,COLOMBO ROAD,PEPICIYANA BOBALESGAMUWA SRILANKA ",IND
2042,CU1D00076,DR P V RAMACHANDRA REDDY'S PEOPLES,41,1,DR P V RAMACHANDRA REDDY'S PEOPLES POLYCLINIC SANKARAGRAHARAM  NELLORE ,IND
2043,CU1D00078,DUA MOTORS,21,1,DUA MOTORS  BISRA ROAD  ROURKELA ,IND
2044,CU1D00079,DUBE GLASS INDUSTRIES,11,1,DUBE GLASS INDUSTRIES  125 CHAUBEJI KA BAG  FEROZABAD ,IND
2045,CU1D00080,DUBEY DRILLERS,45,1,DUBEY DRILLERS    PONDICHERY ,IND
2046,CU1D00100,DEEPAM ENGINEERING,51,1,DEEPAM ENGINEERING  SF NO;367/2& 359 ELGI INDUSTRIAL COMPLEX COIMBATORE ,IND
2047,CU1D00297,DILIPBHAI ARJANBHAI,33,1,DILIPBHAI ARJANBHAI  VILLAGE TARKASAR JAM KANDURNA RAJKOT ,IND
2048,CU1D00529,DASHMESH MOTORS,11,1,"DASHMESH MOTORS  SCF-7,TRANSPORT NAGAR RAJPURA ROAD PATIALA ",IND
2049,CU1D00530,DHAYAESHWAR WASHING CENTRE,32,1,DHAYAESHWAR WASHING CENTRE  PUNE SINGHAGAD ROAD HR.SANAS HIGH SCHOOL VADGAGH DHAYRI PUNE,IND
2050,CU1D00532,DECCAN GRANITES LTD,42,1,"DECCAN GRANITES LTD  TO PAZ,6TH FLOOR AMRUTHA HILLS PANJAGUTTA HYDERABAD",IND
2051,CU1E00172,ELF LUBRICANTS INDIA LIMITED,31,1,"ELF LUBRICANTS INDIA LIMITED  APPLE HERITAGE 54-C, SIR M V ROAD,ANDHERI (E) MUMBAI ",IND
2052,CU1C00724,CENTREFOLD FASHIONS,41,1,"CENTREFOLD FASHIONS  4/115 MOUNT POONAMALLEE HIGH ROAD, MANAPPAAKKAM CHENNAI ",IND
2053,CU1C00726,CHINNUSAMY C,45,1,"CHINNUSAMY C  NO 6,MAIN ROAD KARIKALAM PAKKAM PONDICHERRY ",IND
2054,CU1C00727,CAUVERY BOREWELLS,42,1,"CAUVERY BOREWELLS  48-6-19,SRINAGAR  VISAKAPATNAM ",IND
2055,CU1C00728,CARGO HONDA,13,1,CARGO HONDA  40 G T ROAD OPP:BUS STAND JALANDHAR CITY ,IND
2056,CU1C00729,COTTON FAB,51,1,"COTTON FAB  NO 19,PSF NAGAR LAKSHMI NAGAR TIRUPUR-2 ",IND
2057,CU1C00730,CEETEE NACHI TEXTILES PVT LTD,41,1,"CEETEE NACHI TEXTILES PVT LTD  32,LUZ AVENUE MYLAAPORE CHENNAI-4 ",IND
2058,CU1C00732,C N SERVICE STATION,52,1,"C N SERVICE STATION  8/223/1,NEAR VANIKA VALAKAM NEW BY PASS ROAD KARUR ",IND
2059,CU1E00063,ELGI TYRE AND TREAD LIMITED,51,1,"ELGI TYRE AND TREAD LIMITED  TRICHY ROAD, TRAINING CENTRE NEAR ELGI INDUSTRIAL COMPLEX COIMBATORE ",IND
2060,CU1D00359,DISHA FOODS PVT LIMITED,42,1,"DISHA FOODS PVT LIMITED  PLOT NO:82, I D A KATTEDAN HYDERABAD ",IND
2061,CU1D00361,DELUX SERVICE STATION,21,1,"DELUX SERVICE STATION  P256/257, CIT ROAD  CALCUTTA ",IND
2062,CU1D00362,DAWOOD MOTORS,52,1,"DAWOOD MOTORS  5915/4, THIRUMAYAM ROAD,  PUDUKKOTTAI ",IND
2063,CU1D00363,DEVCON MECHINES PVT LTD,41,1,"DEVCON MECHINES PVT LTD  PLOT 63B-NORTHERN PHASE INDUSTRIAL ESTATE AMBATTUR ,PB NO 10 CHENNAI",IND
2064,CU1D00681,DAXTEX PVT LTD,611,3,"DAXTEX PVT LTD  223,NAWALA ROAD NARAHENDITA COLOMBO SRILANKA",IND
2065,CU1D00683,DINAMALAR,52,1,"DINAMALAR  K-2,INDUSTRIAL AREA KONAM NAGERCOIL ",IND
2066,CU1D00684,DHAMANI AUTOMOBILES,45,1,DHAMANI AUTOMOBILES  C/O MANISH PRADHAN MADURAM SILVASSA ,IND
2067,CU1D00058,DIESEL POWER ENGINEERING SERVICES,54,1,DIESEL POWER ENGINEERING SERVICES  3/109 NEW FAIRLANDS EXTENTION SALEM ,IND
2068,CU1D00059,DILBAGH SINGH,11,1,DILBAGH SINGH    NEW DELHI ,IND
2069,CU1D00061,DILIP KUMAR,43,1,"DILIP BUILDCON LIMITED   KATHGHORA–SHIVNAGAR RD PROJECT AMBIKAPUR RD,KATGHORA PO & TEH DT KORBA (C.G.)MAIN CAMP CHOTIYA",IND
2070,CU1D00062,DIMPEX GRANITES PRIVATE LIMITED,11,1,DIMPEX GRANITES PRIVATE LIMITED  42 BANK COLONY MADHWAN ALWAR ,IND
2071,CU1D00063,DIMPLE ENTERPRISES,33,1,DIMPLE ENTERPRISES    AHMEDABAD ,IND
2072,CU1D00220,DEVARAJAN K,33,1,"DEVARAJAN K  C/O 155, SUBASH NAGAR, OPP.ORINENTAL PALACE RESORT, UDAIPUR ",IND
2073,CU1D00221,DP AUTO WORKS,33,1,DP AUTO WORKS  V.B. BHAWAN LAL DARWAJA SURAT ,IND
2074,CU1E00121,EVERGREEN MOTORS,12,1,"EVERGREEN MOTORS  B-45(A),ROAD NO 2 INDRAPRASTHA INDUSTRIAL AREA KOTA ",IND
2075,CU1D00240,DWARKADHISH BOREWELL,33,1,DWARKADHISH BOREWELL    AHMEDABAD ,IND
2076,CU1D00375,DEVAM RIG SERVICE,51,1,"DEVAM RIG SERVICE MURUGESAN NO 23,CHINNA SUBBARAYA PILLAI STREET PONDICHERY ",IND
2077,CU1D00376,DHATHU NIRMAN PVT LTD,43,1,"DHATHU NIRMAN PVT LTD  B-16,INDUSTRIAL ESTATE  VEERASANDRA,HOSUR ROAD BANGALORE",IND
2078,CU1D00377,DADIJI STEELS LTD,21,1,DADIJI STEELS LTD  SABALPUR  PATNA BIHAR,IND
2079,CU1D00378,DEVARAJ ROCK DRILLS,51,1,"DEVARAJ ROCK DRILLS  NO 277-A-,CUDDALORE ROAD MUDALIAR PET PONDICHERY ",IND
2080,CU1D00379,DRILLS INDIAN TUBEWELLS,54,1,"DRILLS INDIAN TUBEWELLS  NO 97,BHARATHI STREET  PONDICHERY ",IND
2081,CU1D00381,DEV DATT MARBLE,12,1,DEV DATT MARBLE  VILL: AGARIA (AMET)  RAJSAMAND ,IND
2082,CU1C00706,CHEMTECHPROCESSING,51,1,CHEMTECHPROCESSING DHARAPURAM ROAD NEAR USHATHEATRE  TIRUPPUR ,IND
2083,CU1C00708,C S DRILLING CONSTRUCTIONS,45,1,"C S DRILLING CONSTRUCTIONS  NO 5,ANANTHAPURAM PAKKAMUDAYANPET LAWSPET PONDYCHERRY",IND
2084,CU1D00343,DEVARAJAN  R,54,1,"DEVARAJAN  R SRI SAKTHI VINAYAGA BOREWELLS SIVA SAKTHI MALIGAI THALAIVASAL POST, ATTUR TK SALEM ",IND
2085,CU1E00163,EMA INDIA LIMITED,11,1,EMA INDIA LIMITED  C-37 PANKI INDUSTRIAL AREA P O UDYOG NAGAR KANPUR ,IND
2086,CU1E00165,ESSKAY MACHINE TOOLS PVT LTD,42,1,"ESSKAY MACHINE TOOLS PVT LTD  PLOT NO.38 B I D A, BALANAGAR HYDERABAD ",IND
2087,CU1E00166,ESJAY INTERNATIONAL PRIVATE LIMITED,33,1,"ESJAY INTERNATIONAL PRIVATE LIMITED  PLOT NO.1244 G I D C, SARIGAM VALSAD ",IND
2088,CU1E00167,EMIRATES PAPER MILLS LIMITED,672,3,"EMIRATES PAPER MILLS LIMITED  PLOT  WWAR 61, ROAD 1141 JABEL ALI FREE ZONE UNITED ABAB EMIRATES ",DHI
2089,CU1E00168,EXCEL CNC PRIVATE LIMITED,51,1,EXCEL CNC PRIVATE LIMITED  3/1 N G G O COLONY  COIMBATORE ,IND
2090,CU1E00170,ELGI ELECTRIC AND INDUSTRIES LTD,51,1,ELGI ELECTRIC AND INDUSTRIES LTD JACOBI (UNIT-II) MULLIPADI VILLAGE TAMARAIKULAM POST POLLACHI ,IND
2091,CU1E00171,EASTERN TRADERS,11,1,EASTERN TRADERS  G T ROAD BHANGA KUTHI BURDWAN (W B) ,IND
2092,CU1C00494,CONCORDE MOTORS INDIA  LIMITED,41,1,"CONCORDE MOTORS INDIA  LIMITED   170/2,ALM COMPLEX EAST COAST ROAD,INJAMBAKKAM CHENNAI 600 115",IND
2093,CU1E00054,ELECTROMECH ENTERPRISES,34,1,"ELECTROMECH ENTERPRISES  167/2 NALWADE BUILDING MAHADEVNAGAR, MANJRI ROAD PUNE ",IND
2094,CU1E00057,ELGIBI ENGINEERING WORKS LIMITED,51,1,ELGIBI ENGINEERING WORKS LIMITED  MOTOR HOUSE TRICHY ROAD COIMBATORE ,IND
2095,CU1E00058,ELGI ELECTRIC AND INDUSTRIES LIMITE,51,1,ELGI ELECTRIC AND INDUSTRIES LIMITE D POST BOX NO 1813 ELGI INDUSTRIAL ESTATE COIMBATORE ,IND
2096,CU1E00059,ELGI POLYTEX LIMITED,51,1,ELGI POLYTEX LIMITED  ARASUR  COIMBATORE ,IND
2097,CU1E00061,ELGI RUBBER PRODUCTS LIMITED,51,1,ELGI RUBBER PRODUCTS LIMITED  INDUSTRIAL DEVELOPMENT AREA KANJIKODE WEST PALAKKAD ,IND
2098,CU1E00062,ELGI STEEL ROLLING MILLS LIMITED,52,1,ELGI STEEL ROLLING MILLS LIMITED  PASUPATHIPALAYAM  KARUR ,IND
2099,CU1C00369,CABLE CORPORATION OF INDIA LTD,31,1,CABLE CORPORATION OF INDIA LTD    MUMBAI ,IND
2100,CU1E00083,EMPIRE PLASTICS LIMITED,31,1,EMPIRE PLASTICS LIMITED  SURVEY NO 194 MASAT VILLAGE SILVASSA U T DADARA & NAGAR HAVELI,IND
2101,CU1E00085,ENARAI TECHPRINTS PVT LTD,31,1,ENARAI TECHPRINTS PVT LTD  70 (1) SARDESAI BUILDING SHANTINAGAR PONDA - GOA ,IND
2102,CU1H00026,HARI ENGINEERING WORKS,51,1,HARI ENGINEERING WORKS  3/119-A MYLERIPALAYAM COVAI POLLACHI ROAD COIMBATORE ,IND
2103,CU1E00397,EMPEE BREWERIES LTD,53,1,EMPEE BREWERIES LTD  NEW INDUSTRIAL DEVELOAMENT ARA MENOPARA ROAD KANJIKODE PALAKKAD ,IND
2104,CU1F00059,FORCE KINT WEAR (P) LIMITED,11,1,"FORCE KINT WEAR (P) LIMITED  A 31, SECTOR 7  NOIDA ",IND
2105,CU1F00060,FAIRDEAL MARWAR GARAGES LIMITED,21,1,FAIRDEAL MARWAR GARAGES LIMITED  A B  ROAD  INDORE ,IND
2106,CU1F00062,FIEM AUTO PRIVATE LIMITED,43,1,FIEM AUTO PRIVATE LIMITED    BANGALORE ,IND
2107,CU1F00063,FLUID DYNAMICS PRIVATE LIMITED,43,1,FLUID DYNAMICS PRIVATE LIMITED    BELGAUM ,IND
2108,CU1F00064,FOURTH ESTATE LIMITED,43,1,FOURTH ESTATE LIMITED    BANGALORE ,IND
2109,CU1F00065,FENNER INDIA LIMITED,54,1,FENNER INDIA LIMITED    TRICHIRAPALLI ,IND
2110,CU1E00404,EFFICIENT AGENCIES,41,1,"EFFICIENT AGENCIES  RAHEJA COMPLEX NEW NO 68,MOUNT ROAD CHENNAI ",IND
2111,CU1E00405,EMMPPE ASSOCIATES,51,1,EMMPPE ASSOCIATES  2/368-A IRUGUR ROAD CHINNIAMPALAYAM COIMBATORE ,IND
2112,CU1E00406,ESSAR INC,41,1,"ESSAR INC  NO 386-A,I ST CROSS STREET NEHRU NAGAR KOTTIVAKKAM CHENNAI",IND
2113,CU1E00408,ELSHADDAI INDUSTRIES,51,1,"ELSHADDAI INDUSTRIES  97,NANDHA NAGAR SINGANALLUR COIMBATORE ",IND
2114,CU1F00069,FERRO SCRAP NIGAM LIMITED,21,1,FERRO SCRAP NIGAM LIMITED  POST BOX NO.37  BHILAI ,IND
2115,CU1F00070,FORGE (INDIA) PRIVATE LIMITED,11,1,FORGE (INDIA) PRIVATE LIMITED  PLOT NO 60 SECTOR - 5 PARWANOO (H P) ,IND
2116,CU1F00071,FANTASY IMPEX PRIVATE LIMITED,11,3,FANTASY IMPEX PRIVATE LIMITED  A-29 VISHAL ENCLAVE NEAR RAJOURI GARDEN NEW DELHI ,IND
2117,CU1F00072,FORMICA INDIA DIVISION,31,1,FORMICA INDIA DIVISION    BOMBAY ,IND
2118,CU1F00056,FIEM AUTO PRIVATE LIMITED,43,1,"FIEM AUTO PRIVATE LIMITED UNIT II 391 NANDAKIRAN INDL. ESTATE CHANDRAPURA, HOSUR ROAD BANGALORE ",IND
2119,CU1F00190,FARIDABAD FABRICATORS PVT LTD,11,1,FARIDABAD FABRICATORS PVT LTD  PLOT NO 311-312 SECTOR-24 FARIDABAD(HARIYANA) ,IND
2120,CU1E00411,EXCEL ENGINEERS,52,1,EXCEL ENGINEERS  25/8-DEVALOGA STREET MILITARY LANE TIRUNELVELI ,IND
2121,CU1E00412,ESWARAN AND BROTHERS,51,1,ESWARAN AND BROTHERS SREE VELAVAN MODERN RICE MILL POTHIPALAYAM POST  KANGAYAM ,IND
2122,CU1E00413,ESARGE RICE MILL,51,1,"ESARGE RICE MILL  749,MALA PATTI ROAD THOTTANOOTH ROAD DINDIGUL ",IND
2123,CU1E00415,EASTERN ENGINEERING COMPANY,21,1,"EASTERN ENGINEERING COMPANY ATINDRA CENTENARY BUILDING 14B,R N MUKHERJEE ROAD 3rd FLOOR KOLKATTA ",IND
2124,CU1E00417,EASTERN INDUSRTRIAL SYNDICATE,31,1,"EASTERN INDUSRTRIAL SYNDICATE  SEKSARIA CHAMBERS 135-37 NAGINDAS MASTER ROAD MEDOWS STREET,FORT MUMBAI",IND
2125,CU1E00418,ESKAY INDUSTRIES,43,1,"ESKAY INDUSTRIES  PLOT NO 444&445,12TH CROSS RD 4TH PHASE PEENYA INDL AREA BANGALORE",IND
2126,CU1E00419,ELTECH POWERS,53,1,ELTECH POWERS  SHED NO 2 MIE EUNNUMMEL VATTOLT ,IND
2127,CU1E00286,ELECTRONICS REGINAL TEST,31,1,ELECTRONICS REGINAL TEST LABORATORY (W)  ANDHERI (EAST) MUMBAI ,IND
2128,CU1E00287,EVERGREEN POLYMERS,53,1,EVERGREEN POLYMERS  INDUSTRIAL DEVELOPMENT PLOT KUNNAMTHANAM PO PATHANAMTHITTA DIST KERALA,IND
2129,CU1E00420,EVEREDY RIG SERVICE,45,1,"EVEREDY RIG SERVICE  NO 12,NIL POST OFFICE S T THONDAMANATHAN PONDICHERRY ",IND
2130,CU1E00422,ELECTROSTEEL CASTINGS LTD,21,1,ELECTROSTEEL CASTINGS LTD  B T ROAD PO SUKCHAR DT NORTH 24 PARGANAS ,IND
2131,CU1E00423,ESSILOR SRF OPTICS PVT LTD,43,1,"ESSILOR SRF OPTICS PVT LTD  44/1,FAIRFIELD LAYOUT OFF:RACECOURSE ROAD BANGALORE ",IND
2132,CU1E00424,ELGI EQUIPMENTS LIMITED,51,4,"ELGI EQUIPMENTS LIMITED 100% EOU DIVISION INDUSTRIAL COMPLEX TRICHY ROAD,SINGANALLUR COIMBATORE ",IND
2133,CU1E00425,ESSAR TOOLS,43,1,ESSAR TOOLS  PLOT NO 16-C SIPCOT PHASE-II ELECTRONIC CITY HOUSUR,IND
2134,CU1E00426,ELGI ELECTRIC AND INDUSTRIES LTD,31,1,"ELGI ELECTRIC AND INDUSTRIES LTD  PLOT NO 86& 104 PANCHAL INDL AREA,VILLAGE BHIMPORE DAMAN",IND
2135,CU1E00271,ELVEE HI TECH SERVICE STATION,43,1,ELVEE HI TECH SERVICE STATION    BANGALORE ,IND
2136,CU1E00273,ESTEE AUTO PRESSINGS PRIVATE,43,1,"ESTEE AUTO PRESSINGS PRIVATE LIMITED 54,SIPCOT INDUSTRIAL COMPLEX  HOSUR ",IND
2137,CU1E00275,ELANGO A D,54,1,"ELANGO A D  SIVAA BUILDING,531C,MAIN ROAD  KUNNATHUR ERODE DIST",IND
2138,CU1E00276,ESWARAMOORHTI,54,1,ESWARAMOORHTI    MOKAKURICHY ,IND
2139,CU1E00433,ELIN APPLIANCE PVT LTD,11,1,ELIN APPLIANCE PVT LTD  VILLAGE BEILKHOL THE NALAGARH DIST SOLAN ,IND
2140,CU1F00073,FLEXI CIRCUITS INDIA LIMITED,33,1,FLEXI CIRCUITS INDIA LIMITED    THANE ,IND
2141,CU1E00289,ESTATE DEVELOPMENT CORPORATION,31,1,ESTATE DEVELOPMENT CORPORATION    MUMBAI ,IND
2142,CU1E00290,EASTERN COMPONENTS PVT LTD,31,1,EASTERN COMPONENTS PVT LTD    MUMBAI ,IND
2143,CU1E00291,EKORAM ENGINEERING ENTERPRISES,43,1,EKORAM ENGINEERING ENTERPRISES    BANGALORE ,IND
2144,CU1E00292,EAGLE AIRCONS PVT LIMITED,33,1,EAGLE AIRCONS PVT LIMITED   NAVRANGPURA AHMEDABAD ,IND
2145,CU1E00086,ENAR INDUSTRIAL ENTERPRISES LTD,21,1,ENAR INDUSTRIAL ENTERPRISES LTD   WESTERN AVENUE NAYA MORE BOKARO STEEL CITY-827001,IND
2146,CU1E00087,ENDURANCE SYSTEMS INDIA PVT LTD,32,1,"ENDURANCE SYSTEMS INDIA PVT LTD  E 92, MIDC INDUSTRIAL AREA POST BOX NO:982,WALUJ AURANGABAD ",IND
2147,CU1E00089,ENNAR SPINNING MILLS PRIVATE LIMITE,51,1,ENNAR SPINNING MILLS PRIVATE LIMITE D SF NO.307 KADATHUR KUNNATHURPUDUR PO.SS KULAM VIA COIMBATORE ,IND
2148,CU1E00090,ENTYCEE TUBES AND STEELS,51,1,ENTYCEE TUBES AND STEELS  SG PUDUR ARASUR COIMBATORE ,IND
2149,CU1E00091,ESCORTS EMPLOYEES ANCILLARIES LIMIT,11,1,ESCORTS EMPLOYEES ANCILLARIES LIMIT ED 20/4 MATHURA ROAD  FARIDABAD ,IND
2150,CU1D00336,DECCAN PUMPS PVT LIMITED,51,1,"DECCAN PUMPS PVT LIMITED  S F NO:III/IC2 FCI ROAD,GANAPATHY COIMBATORE ",IND
2151,CU1E00113,EXPO ENTERPRISES,11,1,"EXPO ENTERPRISES  380-81,GALI MATAWALI TELIWARA NEW DELHI ",IND
2152,CU1E00114,EXPORT KINTTINGS,51,1,"EXPORT KINTTINGS  241,L.R.G.COMPOUND, KONGU MAIN ROAD, TIRUPPUR ",IND
2153,CU1E00115,EXPRESS KINTTINGS,51,1,EXPRESS KINTTINGS    TIRUPPUR ,IND
2154,CU1E00116,EX SERVICEMEN KANHAI RUBBER PRIVATE,34,1,EX SERVICEMEN KANHAI RUBBER PRIVATE LIMITED 90 D O C M SOUTH EASTERN COALFIELDS LTD SHAHDOL ,IND
2155,CU1E00118,ELGI GROUP WINDFARM,52,1,ELGI GROUP WINDFARM  KAVALKINARU-KANYAKUMARI ROAD KUMARAPURAM PO.ARALVAI MOZHI V NAGERKOVIL ,IND
2156,CU1F00097,FRONTIER MOTORS,34,1,FRONTIER MOTORS  FRONTIER CENTRE 1492 WRIGHT TOWN JABALPUR ,IND
2157,CU1G00340,GUJARAT NARMADA VALLEY FERTILIZERS,33,1,GUJARAT NARMADA VALLEY FERTILIZERS COMPANY LIMITED   AHMEDABAD GUJARAT,IND
2158,CU1G00341,GUPTA SYNTHETICS LIMITED,33,1,GUPTA SYNTHETICS LIMITED  FACTORY:PLOT NO 28 NAVNIT SHAH INDL ESTATE VILLAGE:DADRA SILVASSA(D&NH),IND
2159,CU1G00342,GUPTA SILK MILLS,33,1,GUPTA SILK MILLS    AHMEDABAD ,IND
2160,CU1G00343,GLOBAL GRANIMARMO LIMITED,33,1,GLOBAL GRANIMARMO LIMITED    AHMEDABAD ,IND
2161,CU1G00344,GUJARAT SYNTHETIC OXIDE PVT.LIMITED,33,1,GUJARAT SYNTHETIC OXIDE PVT.LIMITED    AHMEDABAD ,IND
2162,CU1G00345,GUJARAT PLASTICS METAL CONTAINERS,33,1,GUJARAT PLASTICS METAL CONTAINERS PRIVATE LIMITED   AHMEDABAD ,IND
2163,CU1G00479,GUJARAT ELECTRICITY BOARD,33,2,GUJARAT ELECTRICITY BOARD  THERMAL POWER STATION UKAI DAM SURAT ,IND
2164,CU1G00480,GMMCO LIMITED,43,1,GMMCO LIMITED  NO:5 CUDDALORE ROAD KIRUMAMPAKKAM PONDICHERRY ,IND
2165,CU1F00104,FERRO FOUNDRIES PVT LIMITED,43,1,FERRO FOUNDRIES PVT LIMITED  YELWAL ROAD BELVADI POST MYSORE ,IND
2166,CU1G00327,GOMTI PROCESSORS LIMITED,33,1,"GOMTI PROCESSORS LIMITED  A-1 /241 - 242 - 243 GIDC, SACHIN SURAT ",IND
2167,CU1G00328,GURPREET GALVANISING PVT LTD,42,1,"GURPREET GALVANISING PVT LTD  5-5-11/A, RANIGUNJ  SECUNDERABAD ",IND
2168,CU1G00330,GLAMOUR DYEING & PTG. MILLS PVT LTD,33,1,GLAMOUR DYEING & PTG. MILLS PVT LTD  UDHNA-MAGDALLA ROAD UDHNA SURAT ,IND
2169,CU1G00331,GAUTAM SILK MILLS P.LTD,33,1,"GAUTAM SILK MILLS P.LTD  1014, ROHIT A/C  MARKET RING ROAD SURAT ",IND
2170,CU1G00332,GULMOHAR PAPER LIMITED,21,1,GULMOHAR PAPER LIMITED  ALAMBAZAR DAKSHINESWAR CALCUTTA ,IND
2171,CU1G00333,GFA SITE OFFICE,21,1,GFA SITE OFFICE  SECTOR V A QUARTER 2012 BOKARO STEEL CITY BIHAR,IND
2172,CU1E00451,ELECTRO POWER CONTROLS,51,1,ELECTRO POWER CONTROLS  22-A RR SWAMY ROAD ANUPPARPALAYAM COIMBATORE ,IND
2173,CU1G00784,GUAGES INDUSTRIES PVT LTD,43,1,GUAGES INDUSTRIES PVT LTD PURENA AGRAHARA SMLS COMPPOUND MADIVALA POST BANGALORE ,IND
2174,CU1G00785,GOLDEN VALLEEY COATERS PVT LTD,51,1,"GOLDEN VALLEEY COATERS PVT LTD  8/94,SAMANAICKENPALAYAM VELLAMADAI VILLAGE,NO4 CEEAPANDI POST COIMBATOTRE",IND
2175,CU1G00786,GENARAL MACHINERY WORLD,43,1,"GENARAL MACHINERY WORLD  NO119,8 CROSS SOMESHWARA NAGAR JAYANAGAR 1 ST BLOCK BANGALORE ",IND
2176,CU1G00348,GUJARAT NARMADA NIT-WELL LIMITED,33,1,GUJARAT NARMADA NIT-WELL LIMITED    AHMEDABAD ,IND
2177,CU1G00349,GANSHYAM TUBEWELL,33,1,GANSHYAM TUBEWELL    AHMEDABAD ,IND
2178,CU1G00350,G.E.APAR LIGHTING PVT.LIMITED,33,1,G.E.APAR LIGHTING PVT.LIMITED    AHMEDABAD ,IND
2179,CU1G00351,SHREE GANESH BOREWELL DHUDASIA,33,1,SHREE GANESH BOREWELL DHUDASIA    AHMEDABAD ,IND
2180,CU1E00305,ELGI TYRE & TREAD LIMITED,31,1,ELGI TYRE & TREAD LIMITED    MUMBAI ,IND
2181,CU1G00912,GEE DRILLERS,45,1,GEE DRILLERS  NEHRU STREET ARIYUR PONDIOCHERRY ,IND
2182,CU1G00914,G D OVERSEAS,11,1,G D OVERSEAS  TARAORI  KARNAL(DT) HARYANA,IND
2183,CU1G00141,GUPTA SPUN TEX,11,1,GUPTA SPUN TEX  SHIV NAGAR KRISHAN PURA PANIPAT ,IND
2184,CU1G00143,GUTSY ENGINEERING PRIVATE LIMITED,11,1,"GUTSY ENGINEERING PRIVATE LIMITED  VILLAGE - SAIDPURA, BARWALA RD DERABASSI, PATIALA DIST PATIALA ",IND
2185,CU1G00144,GATTU KRISHNAIAH,42,1,GATTU KRISHNAIAH  S/O RAMACHANDRIAH R/O CHANDUR NALGONDA ,IND
2186,CU1G00145,GEO ENGINEERING INDUSTRIES,41,1,"GEO ENGINEERING INDUSTRIES  3 ARUMUGAM STREET NEAR LIC,  MOUNT ROAD CHENNAI ",IND
2187,CU1G00147,G K STEELS COIMBATORE LIMITED,51,1,G K STEELS COIMBATORE LIMITED  METTUPALAYAM ROAD K VADAMADURAI COIMBATORE ,IND
2188,CU1F00090,FIEM INDUSTRIES LIMITED,11,1,FIEM INDUSTRIES LIMITED  32 MILESTONE KUNDLI SONIPAT HARYANA,IND
2189,CU1G00057,GKD TEXTILES,51,1,GKD TEXTILES  OTHAKKALMANDAPAM  COIMBATORE ,IND
2190,CU1G00058,G K KINGSWAY MOTORS PRIVATE LIMITED,11,1,G K KINGSWAY MOTORS PRIVATE LIMITED  RADHA KUNJ 84/83 KALPI ROAD KANPUR ,IND
2191,CU1G00059,GK STEEL ALLIED INDUSTRIES LIMITED,51,1,GK STEEL ALLIED INDUSTRIES LIMITED  METTUPALAYAM ROAD K.VADAMADURAI COIMBATORE ,IND
2192,CU1E00299,EQBAL AHMED AND COMPANY,21,1,EQBAL AHMED AND COMPANY    CALCUTTA ,IND
2193,CU1E00301,ELECON ENGINEERING COMPANY LTD,33,1,"ELECON ENGINEERING COMPANY LTD  POST BOX NO:16,ANAND SOJITRA ROAD VALLABH VIDYANAGAR ",IND
2194,CU1E00302,ESBI VULKAN PRIVATE LIMITED,33,1,ESBI VULKAN PRIVATE LIMITED    AHMEDABAD ,IND
2195,CU1E00303,ECHJAY INDUSTRIES LIMITED,33,1,ECHJAY INDUSTRIES LIMITED    AHMEDABAD ,IND
2196,CU1H00001,HILLMAN ENGINEERING COMPANY,43,6,"HILLMAN ENGINEERING COMPANY   GROUND FLOOR NO 84 R V ROAD, BASAVANAGUDI BANGALORE-560004 KA",IND
2197,CU1H00003,HYDROTECH ENGINEERING COMPANY,34,6,HYDROTECH ENGINEERING COMPANY  101  MANAS BHAVAN 11 R.N.T.MARG INDORE ,IND
2198,CU1H00004,HINDUSTAN AERONAUTICS LIMITED,43,2,"HINDUSTAN AERONAUTICS LIMITED ENGINE & TEST BED RESEARCH & DESIGN CENTRE, P B NO:9310 OLD MADRAS ROAD,CV RAMAN NAGAR BANGALORE ",IND
2199,CU1H00005,HINDUSTAN COPPER LIMITED,34,2,HINDUSTAN COPPER LIMITED  MALANJKHAND COPPER PROJECT PO:MALANJKHAND BALAGHAT ,IND
2200,CU1G00481,GRACE TOYOTA,34,1,"GRACE TOYOTA  NATIONAL HIGHWAY NO:7 KAMPTEE ROAD,OPP:AAKASHWANI NAGPUR ",IND
2201,CU1H00058,HIDUSTAN ZINC LIMITED,12,2,HIDUSTAN ZINC LIMITED  RAMPURA AGUCHA MINES P O AGUCHA BHILWARA ,IND
2202,CU1H00059,HIDUSTAN ZINC LIMITED,12,2,HIDUSTAN ZINC LIMITED  RAJPURA DARIBA MINES P.O.DARIBA RAJSAMAND ,IND
2203,CU1H00060,HIGH ENERGY MATERIALS RESEARCH LABO,32,2,HIGH ENERGY MATERIALS RESEARCH LABO RATORY ARMAMENT POST SUTARWADI PUNE ,IND
2204,CU1H00061,HIGHLAND HOUSE PRIVATE LIMITED,12,1,HIGHLAND HOUSE PRIVATE LIMITED  MANDAWA  JHUNJUNU RAJASTHAN,IND
2205,CU1E00294,ELECTRO METALS LIMITED,21,1,ELECTRO METALS LIMITED    CALCUTTA ,IND
2206,CU1E00295,ELECTRONIC CORPORATION OF INDIA,21,1,ELECTRONIC CORPORATION OF INDIA LIMITED   CALCUTTA ,IND
2207,CU1E00296,EDGEWORTH PRISM INTERNATIONAL LIMIT,21,1,EDGEWORTH PRISM INTERNATIONAL LIMIT ED   CALCUTTA ,IND
2208,CU1E00297,EXACT LEATHER AND ACCESSORIES,21,1,EXACT LEATHER AND ACCESSORIES    CALCUTTA ,IND
2209,CU1G00725,GURU MEHAR CONSTRUCTION,11,1,"GURU MEHAR CONSTRUCTION A/C SREI INTERNATIONAL FINANCE 204,AVALON SERVICE APARMENTS MANGLA PURI MEHRAVLI,GURGAON ROAD NEW DELHI",IND
2210,CU1H00215,HERITAGE PACKAGING LIMITED,33,1,HERITAGE PACKAGING LIMITED    MEHSANA ,IND
2211,CU1H00216,HARI OM MOTORS,33,1,HARI OM MOTORS    SURAT ,IND
2212,CU1H00217,HARI KRISHNA BOREWELL,33,1,HARI KRISHNA BOREWELL    BHAVNAGAR ,IND
2213,CU1H00218,HR BEARINGS CORPORATION,14,1,"HR BEARINGS CORPORATION  82, NAGDEVI CROSS LANE 3 RD FLOOR MUMBAI ",IND
2214,CU1H00219,HIGHCO ENGINEERS PVT LTD,21,1,"HIGHCO ENGINEERS PVT LTD  B-23,IST PHASE INDUSTRIAL AREA ADITYAPUR JAMSHEDPUR",IND
2215,CU1H00222,HANS SYRINGES PRIVATE LIMITED,51,1,HANS SYRINGES PRIVATE LIMITED  18/802 ENGLISH CHURCH ROAD  PALAKKAD ,IND
2216,CU1H00372,HURRY NOTH & COMPANY PVT LTD,31,1,"HURRY NOTH & COMPANY PVT LTD  PLOT NO:C-5, ROAD NO:3-L WAGLE INDUSTRIAL ESTATE THANE ",IND
2217,CU1G00513,GAURIKRUPA BOREWELLS,33,1,GAURIKRUPA BOREWELLS  C/O A K BATTERY AHMEDABAD HIGHWAY PALNPUR ,IND
2218,CU1G00514,GANESAN  S,54,1,GANESAN  S  S/O P S SELLAPPAN 278/26Q VELUR ROAD TRICHENGODE ,IND
2219,CU1G00516,GOLDEN HORSE BOREWELL SERVICE,45,1,GOLDEN HORSE BOREWELL SERVICE  49 POINTEARE STREET NELLITHOPE PONDICHERRY ,IND
2220,CU1G00517,GANPATI PACKAGING,12,1,"GANPATI PACKAGING  J 1042 A & A1,RIICO INDL. AREA PHASE III, BHIWADI ALWAR RAJASTHAN",IND
2221,CU1G00519,GEOLOGISTICS EXPO SERVICES GMBH,641,3,"GEOLOGISTICS EXPO SERVICES GMBH  EUROPAALLEE,BUROHAUS NR 7 D 30521,HANNOVER GERMANY ",IND
2222,CU1G00520,GRASIM INDUSTRIES LIMITED,52,1,GRASIM INDUSTRIES LIMITED  (CEMENT DIVISION - SOUTH) REDDIPALAYAM VILLAGE ARIYALUR ,IND
2223,CU1H00226,"HASMI TRADING COMPANY,",33,1,"HASMI TRADING COMPANY,  4/3150, SALABATPURA MAIN ROAD, SURAT ",IND
2224,CU1G00388,GUJARAT METAL WORKS,31,1,"GUJARAT METAL WORKS  A-41 LAGHU UDYOG KENDRA I B PATEL ROAD, GEREAON (E) MUMBAI ",IND
2225,CU1G00389,GMR VASAVI INDUSTRIES LIMITED,42,1,GMR VASAVI INDUSTRIES LIMITED  9/29/15/1  BALAJI NAGAR SIRIPURAM VISAKHAPATNAM ,IND
2226,CU1S06154,SRI SUBRAMANYA SPONGE IRON,43,1,SRI SUBRAMANYA SPONGE IRON P LTD FACTORY- 136B VEENIVERAPURA-HARGINDONI ROAD HARIGINDONI BELLARY(TQ & DT),IND
2227,CU1T03345,THAI SUMMIT NEEL AUTO PVT,41,1,"THAI SUMMIT NEEL AUTO PVT LTD NO:1&6,TVS INDUSTRIAL ESTATE HARITA HOSUR,KRISHNAGIRI(DT) ",IND
2228,CU1B01312,BINDU ENGINEERING INDUSTRIES,51,1,"BINDU ENGINEERING INDUSTRIES  119,DURAISWAMY NAIDU LAYOUT AVARAMPALAYAM COIMBATORE ",IND
2229,CU1F00359,FRICK INDIA LTD,11,1,FRICK INDIA LTD  21.5 KM MAIN MATHURA ROAD  FARIDABAD ,IND
2230,CU1J00961,JAI RAJ ISPAT LIMITED,43,1,"JAI RAJ ISPAT LIMITED (SPONGE IRON DIVISION) SURVEY NO 67&68,BELAGALLU VILL BELLARY BELLARY TQ& DIST KARNATAKA",IND
2231,CU1D01132,DALAS BOITECH LTD,11,1,"DALAS BOITECH LTD  E-292,PHASE -I RIICO INDUSTRIAL AREA BHIWADI RAJASTHAN",IND
2232,CU1K01981,KAILASH TUBEWELL COMPANY,12,1,"KAILASH TUBEWELL COMPANY  BUS STAND,CHOMU  DIST JAIPUR RAJASTHAN",IND
2233,CU1B01359,BONY POLYMERS PVT LTD,11,1,"BONY POLYMERS PVT LTD  PLOT NO:6,INDUSTRIAL AREA-4 VILL:BEGAMPUR HARIDWAR UTTRAKHAND",IND
2234,CU1A02584,AHUJA AUTOMOBILES,11,1,AHUJA AUTOMOBILES C/OKOSMO HYUNDAI AMRITSAR BY PASS OPP SATKAR PALACE TARN TAARAN ,IND
2235,CU1R01747,ROTO PUMPS LTD,11,1,"ROTO PUMPS LTD  B-14,PHASE - II EXTN  NOIDA U P",IND
2236,CU1M02305,MEGHA CASHEW PVT LTD,11,1,"MEGHA CASHEW PVT LTD  EPIP,RAJABAGAN BYRNIHAT RI BHOI(DT) MEGHALAYA",IND
2237,CU1N01958,NAANDNI ENTERPRISES,12,1,NAANDNI ENTERPRISES  SITE MALVIYA NAGAR  JAIPUR ,IND
2238,CU1P02291,PETROGEMS,31,1,"PETROGEMS 8-4-101/4 BANDLAGUDA INDUSTRIAL ESTATE OPP MOGHAL COLLEGE,KESHAVAGIRI HYDERABAD ",IND
2239,CU1S06912,SHREE SHANTI INDUSTRIES,21,1,"SHREE SHANTI INDUSTRIES  IN FRONT COSMOS CASTING TENDUA ROAD,HIRAPUR RAIPUR CHHATTISGARH",IND
2240,CU1N01975,NATIONAL AUTOMOTIVE TESTING AND,41,1,"NATIONAL AUTOMOTIVE TESTING AND R&D INFRASTRUCTURE PROJECT GLOBAL AUTOMOTIVE RESEARCH CENTRE, PLOT E1, ORAGADAM INDL. GROWTH CENTRE,MATHUR PO SRIPERUMBUDUR TALUK - 602 105",IND
2241,CU1V01206,VENKAT NARAYAN REDDY P,42,1,"VENKAT NARAYAN REDDY P  FLAT NO:306,SRINIVASA HOMES H NO:8-5-210/31 TO 37 SHIVA ENCLAVE,BOWENPALLY SECUNDERAABD",IND
2242,CU1C01332,CHROME MOTORS,43,1,"CHROME MOTORS   320/4,MYSORE ROAD OPP BHEL BANGALORE-26",IND
2243,CU1I00678,INDUSTRIAL TECHNICAL CONSULTANT,43,1,"INDUSTRIAL TECHNICAL CONSULTANT  MANJ NIVAS,FIRST CROSS NEAR PARK,VIVEKANANDA NAGAR HOSPET KARNATAKA",IND
2244,CU1N01981,NAV DURGA FUEL PVT LTD,21,1,NAV DURGA FUEL PVT LTD  VILL& PO:SARAIPALLI GHARGHODA ROAD RAIGARH(DT) CHHATISGARH,IND
2245,CU1S06945,STERLING STONEX PVT LTD,42,1,STERLING STONEX PVT LTD  ROTARY NAGAR TEKKALI SRIKAKULAM DIST ,IND
2246,CU1B01507,BD MOTORS,21,1,BD MOTORS  79G G T ROAD ASANSOL WEST BENGAL-713 303 ,IND
2247,CU1D01239,DHARANI KRISHNA ENTERPRISES,42,1,"DHARANI KRISHNA ENTERPRISES PVT LTD FLAT NO 1A,LANK MARK APARTMENT D NO 3-30-114,5TH LANE BRUNDAVAN GARDENS GUNTUR",IND
2248,CU1B01579,BHAGWATI VINTRADE PVT LTD,21,1,"BHAGWATI VINTRADE PVT LTD  B-5,PP COMPLEX,GOLA ROAD RAMGARH CANTT JHARKHAND ",IND
2249,CU1S07300,SRI SAI BOREWELLS,42,1,"SRI SAI BOREWELLS  BESIDE BALA KRISHNA THEATRE KONDAPALLI,VIJAYAWADA KRISHNA DIST ",IND
2250,CU1R02373,RUCHI PAPER MILLS LTD,11,1,"RUCHI PAPER MILLS LTD  589/2,BISRAKH INDUSTRIAL AREA CHHAPRAULA GHAZIABHAD U P",IND
2251,CU1T01621,TIRUPATI AUTOMOBILES,11,1,TIRUPATI AUTOMOBILES  AMBALA ROAD SAHARANPUR U P ,IND
2252,CU1P02504,PREMIER CASTING&ALLOYS,51,1,"PREMIER CASTING&ALLOYS  SF NO 259/1C,ACHAMPALAYAM ROAD KAREAGOUNDANPALAYAM PO ANNUR COIMBATORE",IND
2253,CU1M02665,MB AUTO WHEELS PVT LTD,14,1,"MB AUTO WHEELS PVT LTD  MB TOWER,KHACHANCHI CHOWK MEDICAL COLLEGE ROAD GORAKHPUR U P",IND
2254,CU1J01194,JAYCEE AUTOMOBILES PVT LTD,11,1,JAYCEE AUTOMOBILES PVT LTD  PLOT NO 171 INDUSTRIAL AREA PHASE -1 CHANDIGARH ,IND
2255,CU1S07517,SRIDEVI MINES&GRANITES IMPEX P LTD,42,1,SRIDEVI MINES&GRANITES IMPEX P LTD  HOUSE NO 3-11-65/1 RAMANTHAPUR COLONY HYDERABAD ,IND
2256,CU1S07603,SRI BHAVANI RICE INDUSTRIES,43,1,SRI BHAVANI RICE INDUSTRIES  MAGOD ROAD RANEBENNUR TAULUK HAVERI DIST ,IND
2257,CU1S07494,SHISHIR KNITING & DYEING,612,3,"SHISHIR KNITING & DYEING  196,KOBI JASIMUDDIN ROAD PAGAR,TONGI,GAZIPUR BANGLADESH ",USD
2258,CU1H01008,HOMAGAMA SERVICE CENTRE,611,3,"HOMAGAMA SERVICE CENTRE  120/6,KRUSHI MAWATHA HIGH LEVEL ROAD HOMAGAMA SRILANKA",USD
2259,CU1L00793,L&T CONSTRUCTION,11,1,"L&T CONSTRUCTION  TRANSPORTATION IC DELHI TO AGRA ROAD,PROJECT OFF NH-2,KM-107,OPP TO PEPSICO FAC KOSIKALAN,CHHATA,MATHURA DIST",IND
2260,CU1A03266,AMTEK CRANKSHAFTS INDIA LTD,11,1,"AMTEK CRANKSHAFTS INDIA LTD  PLOT NO 54,SECTOR-3 HSIDC MANESAR DIST:GURGAON HARYANA",IND
2261,CU1E00181,ENCEE AROMATICS PRIVATE LIMITED,51,1,"ENCEE AROMATICS PRIVATE LIMITED  14-1-68 AND 69 MAIN ROAD, METTUPALAYAM COIMBATORE ",IND
2262,CU1D00098,DHANESH AUTO ELECTRICALS LTD,32,1,"DHANESH AUTO ELECTRICALS LTD  PLOT NO \# 70,SECTOR \# 10 PCNTDA IND AREA,BHOSARI PUNE ",IND
2263,CU1D00264,DIRECTORATE OF GROUNDWATER SURVEYS,32,2,"DIRECTORATE OF GROUNDWATER SURVEYS & DEVELOPMENT AGENCY (GSDA) PMT BUILDING SHANKARSHET ROAD, SWARGATE PUNE ",IND
2264,CU1D00266,DURGA BOREWELL,33,1,"DURGA BOREWELL  OPP.RUDRAKSH NEAR FIRE BRIGADE, ODHAV ROAD AHMEDABAD ",IND
2265,CU1D00267,DHAWUDU PETROLEUM PRIVATE LIMITED,54,1,"DHAWUDU PETROLEUM PRIVATE LIMITED  HPC DEALER, POST BOX 563 23 THIAGABRAHMAN STREET SALEM ",IND
2266,CU1D00268,DEVI SPINNING MILLS LIMITED,54,1,DEVI SPINNING MILLS LIMITED  SALEM HOSUR BYE PASS ROAD VANNAMPATTY DHARMAPURI ,IND
2267,CU1D00269,DHARAMPAL SATYAPAL,11,1,"DHARAMPAL SATYAPAL  A-85, SECTOR - 2  NOIDA (U P) ",IND
2268,CU1F00019,FLOAT GLASS INDIA LIMITED,31,1,FLOAT GLASS INDIA LIMITED  NEAR WAKED BRIDGE LANJA TALUK RATNAGIRI ,IND
2269,CU1F00020,FLORA SILK LIMITED,43,1,FLORA SILK LIMITED  NO 345/1 TELGUNAHALLI ANEKAL BANGALORE ,IND
2270,CU1F00021,FLORA SPINNERS PRIVATE LIMITED,11,1,FLORA SPINNERS PRIVATE LIMITED  SECTOR 29 HUDA PANIPET ,IND
2271,CU1F00022,FLOWMEC ENGINEERS,32,1,"FLOWMEC ENGINEERS  31/4TH FLOOR, HIGHWAY TOWERS, CHINCHWAD PUNE ",IND
2272,CU1F00024,FLUIDYNE SYSTEMS,32,1,"FLUIDYNE SYSTEMS  S.NO.25, NANDED PHATA, SINHAGAD ROAD, PUNE ",IND
2273,CU1H00062,HIGHWAY SERVICE STATION,42,1,HIGHWAY SERVICE STATION   19/1/914A BAHADURPURA HYDERABAD ,IND
2274,CU1H00065,HIMACHAL FIBERS LIMITED,12,1,HIMACHAL FIBERS LIMITED  INDUSTRIAL AREA  BAROTIWALA ,IND
2275,CU1G00334,GE ELECTRICAL DISTRIBUTION &,43,1,GE ELECTRICAL DISTRIBUTION & CONTROLS INDIA PVT. LTD 150 VARTHUR ROAD  BANGALORE ,IND
2276,CU1H00047,HEG LIMITED,34,1,HEG LIMITED  GRAPHITE DIVISION  MANDIDEEP ,IND
2277,CU1H00048,HEMA DEVI LORRY SERVICE,52,1,HEMA DEVI LORRY SERVICE    TRICHIRAPALLI ,IND
2278,CU1H00049,HEMA ENGINEERING INDUSTRIES P LTD,11,1,HEMA ENGINEERING INDUSTRIES P LTD  69KM STONE DELHI-JAIPUR HIGHWAY DHARUHERA DIST REWARI(HARYANA),IND
2279,CU1H00051,HERITAGE FOODS (INDIA) LIMITED,42,1,HERITAGE FOODS (INDIA) LIMITED  6-3-541/C PANJAGUTTA HYDERABAD ,IND
2280,CU1H00052,HERITAGE FOODS (INDIA) LIMITED,41,1,HERITAGE FOODS (INDIA) LIMITED  8 49 MEGHANA APARTMENTS NEAR AIR TIRUPATHI ,IND
2281,CU1H00053,HERITAGE PAPER MILLS LIMITED,51,1,HERITAGE PAPER MILLS LIMITED  SWAMINATHAPURAM MADATHUKULAM UDUMALPET ,IND
2282,CU1H00055,HERO HONDA MOTORS LIMITED,11,1,"HERO HONDA MOTORS LIMITED  69 KM STONE,DELHI JAIPUR HIGH- WAY, DHARUHERA REWARI ",IND
2283,CU1E00372,EXCEL MOTORS & ENGG WORKS,11,1,EXCEL MOTORS & ENGG WORKS  RAMUR ROAD NEAR STM FOREST HOSPITAL NAENVEL DELHI,IND
2284,CU1G00010,GOA SHIPYARD LIMITED,31,2,GOA SHIPYARD LIMITED  VAS-CO-DA-GAMA VAS-CO-DA-GAMA GOA-403 802 ,IND
2285,CU1G00011,GREATER INDIA INDUSTRIAL CORPO,11,3,"GREATER INDIA INDUSTRIAL CORPO RATION 3 COMMUNITY CENTRE,FIRST FLOOR PHASE I, MAYAPURI NEW DELHI ",IND
2286,CU1G00013,GADHAVI SHAILENDRA MADHAVDAN,12,1,GADHAVI SHAILENDRA MADHAVDAN  DAHEJ  BHARUCH ,IND
2287,CU1S07808,SIREESH AUTO PVT LTD,43,1,"SIREESH AUTO PVT LTD   33/11,SRI HARI TOWERS, RUPENA AGRAHARA HOSUR MAIN ROAD BANGALORE",IND
2288,CU1G01653,GOYAL MOTOCORP PVT LTD,21,1,GOYAL MOTOCORP PVT LTD  BHAGAWANPUR JINDAL ROAD RAIGARH ,IND
2289,CU1M02762,MUNGI ENGINEERS PVT LTD,31,1,"MUNGI ENGINEERS PVT LTD   E-67/68/69/70,MIDC,AMBAD NASHIK,MAHARASHTRA ",IND
2290,CU1M02824,MERCURY MARINE SUPPLIERS,31,1,"MERCURY MARINE SUPPLIERS  ROOM NO 40/41,PD MELLO ROAD TARVOTTI BHAVAN,FORT MUMBAI ",IND
2291,CU1K02353,KASHI VISHWANATH TEXTILE MILL P LTD,11,1,"KASHI VISHWANATH TEXTILE MILL P LTD  5TH KM STONE,RAMNAGAR ROAD KASHIPUR UTTRAKHAND US NAGAR",IND
2292,CU1M02929,MADHUSUDAN MARBLE PVT LTD,12,1,"MADHUSUDAN MARBLE PVT LTD  NH 8,UDYOG VIHAR SUKHER UDAIPUR ",IND
2293,CU1P02911,PRAKASH MOTORS,33,1,PRAKASH MOTORS  OPP THREE CORNER GARDEN MIRZAPUR AHMEDABAD ,IND
2294,CU1W00343,WEST SIDE CARS PVT LTD,33,1,"WEST SIDE CARS PVT LTD  G/F,1-4,SOLITAIRE CORPORATE BUSINESS PARK,BESIDE DIVYA BHASKAR,SG ROAD,MAKARBA AHMEDABAD",IND
2295,CU1T01790,TIRUPATI PLASSTOMATICS PVT LTD,12,1,"TIRUPATI PLASSTOMATICS PVT LTD  B-141(A),ROAD NO 9D,VKIA JAIPUR RAJASTHAN ",IND
2296,CU1P02895,PELICAN ROTOFLEX PVT LTD,33,1,"PELICAN ROTOFLEX PVT LTD  PLOT NO 2319/2321,ROAD NO 8 METODA GIDC,KALAWAD ROAD RAJKOT RAJKOT",IND
2297,CU1U00467,ULTRA WORLDWIDE PVT LTD,31,1,"ULTRA WORLDWIDE PVT LTD  201/202,JOSHI CHAMBERS AHMEDABAD ST IRON MARKET MUMBAI ",IND
2298,CU1P02940,PROTECNA,702,3,PROTECNA  ENGERHARIA PROJECTOS E METOTO CP 2199 MAPUTO MOZAMBIQUE ,USD
2299,CU1V01483,VAISHNAVI ENTERPRISES,32,1,"VAISHNAVI ENTERPRISES  SHOP NO 1,SHAYADRI SHOPPING CENTRE,OLD EMPLOYMENT CHOWK NEAR KAMAT HOTEL,SOLAPUR DIST:SOLAPUR",IND
2300,CU1S08458,SRI KALIGAMBAL PULSES,41,1,"SRI KALIGAMBAL PULSES  NO 20/20A,THIRUNAVUKKARASU THOTTAM,2ND STREET CHENNAI ",IND
2301,CU1M03011,MIRAJ TRADE COM PVT LTD,11,1,MIRAJ TRADE COM PVT LTD  OPER KI ODEN  OPER KI ODEN ,IND
2302,CU1S08569,SHREYASH MOTORS,12,1,"SHREYASH MOTORS  NEAR TOLL PLAZA PIPLAJ,BEAWAR RAJASTHAN ",IND
2303,CU1R02208,REALPRO AUTO HUB PVT LTD,11,1,"REALPRO AUTO HUB PVT LTD  RZ-154,IST FLOOR MAIN JAGDAMBA ROAD TUGHLAKABAD EXTN NEW DELHI",IND
2304,CU1A03755,AARESS AUTO PVT LTD,11,1,"AARESS AUTO PVT LTD  PLOT NO 25,SECTOR-25 FARIDABAD HARYANA ",IND
2305,CU1D01508,DINESH K,54,1,"DINESH K S/O KRISHNAN M NO 6/23,THOTTIPALAYAM CHITTALANDUR,UPPUPALAYAM PO TIRUCHENGODE ",IND
2306,CU1S08899,SAI AUTOMOBILES,31,1,"SAI AUTOMOBILES   NEAR JASAI NAKA, JASAI VILLAGE URAN PANVEL ROAD, ST. H. NO.56 URAN, RAIGAD-410206",IND
2307,CU1S08900,SHREE MAHAGANESH TYRES,31,1,SHREE MAHAGANESH TYRES  SAHADA  NASHIK ,IND
2308,CU1E00031,EAST COAST STEEL LIMITED,41,1,EAST COAST STEEL LIMITED  CUDDALORE ROAD PILLIYARKUPPAM POST BAHOUR COM PONDICHERRY ,IND
2309,CU1D00130,DHARM FABRICATORS PRIVATE LIMITED,51,1,DHARM FABRICATORS PRIVATE LIMITED  V K V THOTTAM K VADAMADURAI COIMBATORE ,IND
2310,CU1D00570,DURGA CARRIERS PVT LTD,34,1,DURGA CARRIERS PVT LTD  NEAR KRISHAN RICE MILL BALODA BAGMIR CHATTISHGARH ,IND
2311,CU1E00032,EASTERN COALFIELDS LIMITED,21,2,"EASTERN COALFIELDS LIMITED  SODEPUR CENTRAL STORES SONEPUR BAZARI, PO. DISERGARH BURDHAWAN ",IND
2312,CU1E00033,EASTERN NAVAL COMMAND,42,2,"EASTERN NAVAL COMMAND   MATERIAL ORGANISATION EASTERN NAVAL COMMAND, VISAKHAPATNAM-530008",IND
2313,CU1E00034,EASTERN RAILWAY,21,2,EASTERN RAILWAY  SEALDAH NARKELDENGA SHED CALCUTTA ,IND
2314,CU1E00035,EASTERN RAILWAY,21,2,EASTERN RAILWAY    ASANSOL ,IND
2315,CU1E00036,EASTERN RAILWAY,21,2,EASTERN RAILWAY    BURDHWAN ,IND
2316,CU1F00138,FRONTLINE AUTOMOBILES,43,1,FRONTLINE AUTOMOBILES  NH-17-KOLAR  MANGALORE ,IND
2317,CU1G00170,GGN SPINNING MILL PRIVATE LIMITED,52,1,GGN SPINNING MILL PRIVATE LIMITED  MADURAPURAI ALAGAPURI POST PERIYAKULAM ,IND
2318,CU1G00172,GALLANT REVENUE,631,3,GALLANT REVENUE  C/O G & J LAYSHON 231 ST VINCENT ST P T ADELAIDE SOUTH AUSTRALIA,USD
2319,CU1G00173,GEE PEE BULK HANDLERS PVT LIMITED,33,1,"GEE PEE BULK HANDLERS PVT LIMITED  ""P O BOX NO 260,""""GEE PEE HOUS 1ST FLOOR,PLOT NO.345,WARD12/B GANDHIDHAM - KUTCH ",IND
2320,CU1G00174,GOKULANAND TEXTURISERS PVT LIMITED,33,1,"GOKULANAND TEXTURISERS PVT LIMITED  PLOT NO 8B, BLOCK NO 455, N H NO 8,VILL.-TK. PALSANA SURAT ",IND
2321,CU1G00176,GOINDI MACHINES PRIVATE LIMITED,11,1,GOINDI MACHINES PRIVATE LIMITED  337 INDUSTRIAL AREA PHASE IX MOHALI(pb) ,IND
2322,CU1G00177,GOVERNMENT OF INDIA,31,1,"GOVERNMENT OF INDIA  FISHERY SURVEY OF INDIA HOTEL PALACE BUILDING,MARGAO GOA ",IND
2323,CU1G00178,GODAVARI PLASTO CONTAINERS PVT LTD,42,1,"GODAVARI PLASTO CONTAINERS PVT LTD  99/1/B PHASE II INDL. DEVEP. AREA,CHERALAPALLY SECUNDERABAD ",IND
2324,CU1F00013,FESTO CONTROLS PRIVATE LIMITED,43,1,"FESTO CONTROLS PRIVATE LIMITED  PLOT NO.226 BOMMASANDRA INDUSTRIAL AREA, ATTIBELE POST BANGALORE ",IND
2325,CU1E00351,EXIDE INDUSTRIES LTD,31,1,EXIDE INDUSTRIES LTD  KANJUR MARG STATION MUMBAI-42  ,IND
2326,CU1E00352,ELECTRIC FIELD COMPANY,11,1,"ELECTRIC FIELD COMPANY ELECTRIC FIELD HOUSE 75-81,INDUSTRIAL AREA PHASE-II,GANGYAL JAMMU ",IND
2327,CU1F00014,FILTRON ENGINEERS PRIVATE LIMITED,31,1,FILTRON ENGINEERS PRIVATE LIMITED    BRAHMANI ,IND
2328,CU1F00015,FINECOT SPINNING MILLS PRIVATE LIMI,51,1,FINECOT SPINNING MILLS PRIVATE LIMI TED 7/53 NEELIPALAYAM NOCHIKKUTTAI(POST) COIMBATORE ,IND
2329,CU1F00017,FINE PRODUCT INDIA PRIVATE LIMITED,11,1,FINE PRODUCT INDIA PRIVATE LIMITED  C 39 SECTOR 7  NOIDA ,IND
2330,CU1D00154,DASCO,21,1,DASCO  17 DEBINIBASH ROAD  CALCUTTA ,IND
2331,CU1E00340,EASWARAMOORTHY,45,1,EASWARAMOORTHY    PONDICHERY ,IND
2332,CU1E00341,ENTEL MOTOR PVT LTD,21,1,"ENTEL MOTOR PVT LTD  AUTHORISED MARUTHI DEALER 6TH MILE PO TAOONE GANGTOK,SIKKIM - 737 102 ",IND
2333,CU1G00082,GOUNDER AND CO,51,1,GOUNDER AND CO    COIMBATORE ,IND
2334,CU1G00083,GOUNDER AUTO SERVICE,54,1,GOUNDER AUTO SERVICE  1029 A MAIN ROAD BHAVANI ,IND
2335,CU1G00084,GOVERNMENT AUTOMOBILE WORKSHOP,51,2,GOVERNMENT AUTOMOBILE WORKSHOP  GOVT. AUTOMOBILE WORKSHOP METTUPALAYAM ROAD COIMBATORE ,IND
2336,CU1G00085,GOVINDAM GRANI & MARBO PRIVATE LIMI,21,1,"GOVINDAM GRANI & MARBO PRIVATE LIMI TED V & P.O.GUDHA NAL TEHSIL, SIWANA SIWAN ",IND
2337,CU1G00086,GOVINDA PROCESSORS,33,1,"GOVINDA PROCESSORS  NEAR GUPTA PRINTING & DYEING PLOT NO.498-499,GIDC,PANDESARA SURAT ",IND
2338,CU1D00295,DRESSER VALVE INDIA PRIVATE LIMITED,51,1,"DRESSER VALVE INDIA PRIVATE LIMITED  SF NO.608, CHETTIPALAYAM ROAD P O ECHANARI COIMBATORE ",IND
2339,CU1E00040,EASTERN RAILWAY,21,2,EASTERN RAILWAY    JAMALPUR ,IND
2340,CU1E00041,EASTERN RAILWAY,21,2,EASTERN RAILWAY  LILUAH  HOWRAH WESTERN BENGAL,IND
2341,CU1E00042,EASTERN RAILWAY,21,2,EASTERN RAILWAY  .  SEALDAH ,IND
2342,CU1D00165,DYNAMIC ELECTRONICS LIMITED,43,1,DYNAMIC ELECTRONICS LIMITED    BANGALORE ,IND
2343,CU1D00166,DYTEK INDIA LIMITED,43,1,DYTEK INDIA LIMITED    BANGALORE ,IND
2344,CU1D00168,DEVA COTTAGE INDUSTRIES,51,1,DEVA COTTAGE INDUSTRIES  51/4 SOUTH STREET KRISHNA RAYAPURAM POST COIMBATORE ,IND
2345,CU1D00169,DALMIA MAGNESITE CORPORATION,54,1,DALMIA MAGNESITE CORPORATION    SALEM ,IND
2346,CU1D00170,DEVEY ENGINEERING CORPORATION,53,1,DEVEY ENGINEERING CORPORATION    THIRUSSUR ,IND
2347,CU1D00481,DEEPAK GUPTA,34,1,DEEPAK GUPTA  C/O MAHALAXMI BOREWELLS NEWBUSTAND JAORA ,IND
2348,CU1D00482,DINESHBHAI  VALLABHBHAI BHAKT,33,1,"DINESHBHAI  VALLABHBHAI BHAKT  MADHI POST TALUKA,BARDOLI SURAT DIST ",IND
2349,CU1D00484,DHANRAJ M,51,1,"DHANRAJ M S/O MUTHUSAMY NO 13,KARUNANITHI STREET KALUE,BUNGALOW PONDICHERY-11 ",IND
2350,CU1D00485,V DALICHAND & CO,31,1,"V DALICHAND & CO  12,MAHESH CHAMBERES 391, NN STREET MUMBAI ",IND
2351,CU1D00486,DHANALAKSHMI TRADERS,51,1,"DHANALAKSHMI TRADERS  17/93,JAMEDAR STREET  COIMBATORE ",IND
2352,CU1D00487,DIAMOND ENTERPRISES,32,1,DIAMOND ENTERPRISES  SHED NO 9 GANDHI BHAVAN KOTHRUD PUNE,IND
2353,CU1D00489,DHANLAXMI BOREWELLS,31,1,DHANLAXMI BOREWELLS  MAYRU NIVAS SRINAGAR BIDAR ROAD VELIGORI DIST LATUR,IND
2354,CU1D00271,DELTON CABLES LIMITED,11,1,DELTON CABLES LIMITED  70 TH MILESTONE DELHI - JAIPUR HIGHWAY DHARUHERA HARYANA,IND
2355,CU1D00272,DEMARTE INDUSTRIES LIMITED,11,1,DEMARTE INDUSTRIES LIMITED  (SPINNING DIVISION) KANGANWAL LUDHIANA ,IND
2356,CU1D00273,DANFOSS INDUSTRIES PRIVATE LIMITED,41,1,DANFOSS INDUSTRIES PRIVATE LIMITED  243 OLD MAHABALIPURAM ROAD SHOLINGANALLUR CHENNAI ,IND
2357,CU1D00492,DBK INDIA TECHNOLOGIES PVT LTD,51,1,DBK INDIA TECHNOLOGIES PVT LTD  167/2A SIRUVANI MAIN ROAD THEETHIPALAYAM COIMBATORE ,IND
2358,CU1D00493,DIAMOND FABRICATIORS,11,1,DIAMOND FABRICATIORS  INDUSTRIAL AREA  SULTANPUR 227 817,IND
2359,CU1D00717,DINESH SHARMA,34,1,DINESH SHARMA GOVT CONTRACTORE&SUPPLIER NAV JEEVAN COLONY CHOHOLA MANDIR BHOPAL ,IND
2360,CU1D00718,DENA MODERN RICE MILL,51,1,"DENA MODERN RICE MILL  37,KATHUMAVADI ROAD VAIRIVAYAL ARANTHANGI ",IND
2361,CU1D00719,DHANRAJ BOREWELLS,45,1,"DHANRAJ BOREWELLS  NO 50,SHAKTHI NAGAR PUMP HOUSE ROAD OUBGURAT PONDICHERRY",IND
2362,CU1D00720,D G MOTORS PVT LTD,21,1,D G MOTORS PVT LTD  BASERA COMPLEX DHANSAR DHANBAD ,IND
2363,CU1D00722,DHANRAJ AGRO SERVICE,45,1,"DHANRAJ AGRO SERVICE  NO -16,AMMAN NAGAR GOBALAN KADAI PONDICHERRY ",IND
2364,CU1D00724,D L INTERNATIONAL,41,1,"D L INTERNATIONAL  NO 9/4,THIRUVENGADAM STREET WEST MAMBALAM CHENNAI ",IND
2365,CU1D00099,DEEPAK ENGINEERING COMPANY,34,6,DEEPAK ENGINEERING COMPANY  E 4/89 AREARA COLONY  BHOPAL ,IND
2366,CU1E00379,ELANGO RANGANATHAN,51,1,ELANGO RANGANATHAN  PEERKS SCHOOL  TRICHY ROAD COIMBATORE,IND
2367,CU1G00017,GANDAKI TYRE & TREAD,31,1,GANDAKI TYRE & TREAD  C/0 SHIVA TYRE RESOLING UTTAM CHOWK POKHRA ,IND
2368,CU1G00018,GANESH GUPTA,34,1,GANESH GUPTA  B.L.5  NEW POST OFFICE BUILDING  P.O. JAGATDAL 24 PARGANAS ,IND
2369,CU1G00019,GANESH KUMAR AGARWAL,45,1,GANESH KUMAR AGARWAL     PONDICHERY,IND
2370,CU1G00020,GANESH LAXMI PROCESSORS,33,1,"GANESH LAXMI PROCESSORS  PLOT NO.176B, RING ROAD KHADODARA CHAR RASTA SURAT ",IND
2371,CU1G00022,GANESH SPINNING MILLS,51,1,GANESH SPINNING MILLS  (UNIT OF THE SUGUNA MILLS LTD) 3/25 MAVUTHAMPATHI POST COIMBATORE ,IND
2372,CU1G00023,GANGA HOTELS PRIVATE LIMITED,42,1,GANGA HOTELS PRIVATE LIMITED  THE CENTRAL COURT 6-1-71 LAKDI-KA-PUL HYDERABAD ,IND
2373,CU1G00024,GANGA SABAPATTU AND CO,54,1,GANGA SABAPATTU AND CO    ERODE ,IND
2374,CU1E00218,ENKEY ENGINEERING WORKS,51,1,ENKEY ENGINEERING WORKS  NO:41 1/3 NGGO COLONY  COIMBATORE ,IND
2375,CU1F00099,FILLOX INDUSTRIES,11,1,FILLOX INDUSTRIES  B 27 MANGOLPURI INDL AREA PHASE II DELHI ,IND
2376,CU1F00100,FITCO DIPPED PRODUCTS PVT LIMITED,53,1,"FITCO DIPPED PRODUCTS PVT LIMITED  PLOT NO 14/A, GARMENT COMPLEX C E P Z, KAKKANAD COCHIN ",IND
2377,CU1F00101,FIEM RINDER PVT LIMITED,32,1,FIEM RINDER PVT LIMITED  PLOT NO 74-74A  F-II BLOCK M.I.D.C  PIMPRI PUNE ,IND
2378,CU1G00027,GARAGE EQUIPMENTS CORPORATION,32,1,"GARAGE EQUIPMENTS CORPORATION  398-A, GANESH PETH, LAXMI ROAD DULYA MARUTHI CHOWK PUNE ",IND
2379,CU1G00029,GARNET BRISTLERS PRIVATE LIMITED,33,1,GARNET BRISTLERS PRIVATE LIMITED  PLOT NO.209 LUNA TALUKA: PADRA BARODA ,IND
2380,CU1G00030,GARSONS FARM EQUIPMENTS,31,1,GARSONS FARM EQUIPMENTS  GALA NO B PLOT NO 1 DANUDYOG SAHAKARI SANGH LTD SILVASSA ,IND
2381,CU1G00031,GARWARE WALL ROPES LIMITED,32,1,"GARWARE WALL ROPES LIMITED  C 1 MIDC WAI NEXT TO MSEB SUBSTATION, WAI SATARA ",IND
2382,CU1E00236,EASWARI  V,51,1,"EASWARI  V W/O MR VELUSAMY MS.BALAMURUGAN BOREWELLS ERAMAIKADU,KANNAKUPALAYAM PO TIRUPUR ",IND
2383,CU1F00106,FONTASEY ENGINEERING EXPORTS (P)LTD,32,1,"FONTASEY ENGINEERING EXPORTS (P)LTD  PLOT NO:52, F-II BLOCK M I D C, PIMPRI PUNE ",IND
2384,CU1F00107,FRIENDS SALT WORKS & ALLIED INDUSTR,33,1,FRIENDS SALT WORKS & ALLIED INDUSTR IES KANDLA - KHARIROHAR ROAD  OLD KANDLA(KACHCHH) ,IND
2385,CU1F00108,FRIDGE HOUSE,11,1,"FRIDGE HOUSE  NR.JOHN F KENNEDY PUBLICSCHOOL 500,SECTOR-28 FARIDABAD ",IND
2386,CU1F00111,FATEHABAD TRACTORS,11,1,FATEHABAD TRACTORS  G T ROAD  FATEHABAD HARYANA,IND
2387,CU1G00352,GORDHANBHAI NANJIBHAI FALADU,33,1,GORDHANBHAI NANJIBHAI FALADU    AHMEDABAD ,IND
2388,CU1E00206,EXCELLENT AGENCIES,11,1,EXCELLENT AGENCIES  747 JOSHI ROAD KAROL BAGH NEW DELHI ,IND
2389,CU1E00207,ENVIRON EXPORTS LIMITED,42,1,ENVIRON EXPORTS LIMITED  6-3-668/15-4 PANJUGUTTA HYDERABAD ,IND
2390,CU1E00365,EDICON MINING EQUIPMENT PVT LTD,31,1,"EDICON MINING EQUIPMENT PVT LTD 11/12 GURU GOVIND SINGH INDUSTRIAL ESTATE, OFF WESTERN EXPRESS HIGHWAY,GOREGAON(E) MUMBAI ",IND
2391,CU1E00367,EASTERN TRUCK & MARINE,632,3,EASTERN TRUCK & MARINE  PO BOX NO 3038 ONEKAWA NAPIER NEWZEALAND ,USD
2392,CU1E00368,EXTRA WEAVE,53,1,EXTRA WEAVE  VELOORVATTOM CHERTHALA KOCHI ,IND
2393,CU1E00369,EVM AUTOMOBILES PVT LTD,53,1,EVM AUTOMOBILES PVT LTD  S A ROAD VYTTILA COCHIN ,IND
2394,CU1G00015,GALA EQUIPMENTS PRIVATE LIMITED,33,1,GALA EQUIPMENTS PRIVATE LIMITED  PLOT NO 180 GIDC VAGHODIA INDUSTRIAL ESTAT BARODA ,IND
2395,CU1E00242,ESSEL PROPACK LIMITED,31,1,ESSEL PROPACK LIMITED PLOT NO: 113-114 KUNDAIM INDUSTRIAL ESTATE KUNDAIM GOA ,IND
2396,CU1H00006,HEAT FLOW ENGINEERS,41,1,HEAT FLOW ENGINEERS  THIRUKKANUR  PONDICHERRY ,IND
2397,CU1E00224,ECONOMIC PRODUCTS,32,1,ECONOMIC PRODUCTS  VIVEKANANDA CHOWK NANDED ROAD LATUR MAHARASTRA,IND
2398,CU1E00225,EXPRESS WING PVT LIMITED,21,1,EXPRESS WING PVT LIMITED  MAKUR ROAD OPP:PCI GODOWN TINSUKIA ,IND
2399,CU1E00227,ESSEN APPLIANCES,11,1,ESSEN APPLIANCES  274 INDUSTRIAL AREA PHASE I CHANDIGARH ,IND
2400,CU1E00228,EAGLE BOREWELLS,33,1,EAGLE BOREWELLS  VILLAGE RIBDA TALUKA GONDAL RAJKOT ,IND
2401,CU1F00004,FAL INDUSTRIES LIMITED,43,1,FAL INDUSTRIES LIMITED  52 SIPCOT INDUSTRIAL COMPLEX  HOSUR ,IND
2402,CU1F00005,FAME PLAST,33,1,"FAME PLAST  701 HARIDARSHAN APARTMENTS NEAR PARIMAL CROSSING, PALDI AHMEDABAD ",IND
2403,CU1F00006,FARIWIN PTY LIMITED,631,1,"FARIWIN PTY LIMITED  UNIT 3/2 FORGE STREET BLACKTOWN, NSW 2148 AUSTRALIA ",USD
2404,CU1F00008,FATNANI STEELS PRIVATE LIMITED, ,1,FATNANI STEELS PRIVATE LIMITED     ,IND
2405,CU1F00009,FCC RICO PRIVATE LIMITED,11,1,"FCC RICO PRIVATE LIMITED  38 KM STONE DELHI-JAIPUR HIGHWAY, KHANDSA GURGAON ",IND
2406,CU1F00010,FELIX C V,51,1,FELIX C V    ERNAKULAM ,IND
2407,CU1F00012,FENNER INDIA LIMITED,52,1,FENNER INDIA LIMITED  3 MADURAI MELAKKAL ROAD POST BOX NO 117 MADURAI ,IND
2408,CU1D00278,DYNAMICS CORPORATION,31,6,"DYNAMICS CORPORATION SHOP NO.1,2,3 VIJAY-KIRAN APT. TIDKE COLONY ROAD BETWEEN CHANDAK & MICO CIRCLES NASHIK ",IND
2409,CU1E00024,EASTERN RAILWAYS,21,2,EASTERN RAILWAYS  KANCHARAPARA 24 PARGANAS WEST CALCUTTA ,IND
2410,CU1E00025,ENFIELD EXTRUSION PROCESS,33,1,ENFIELD EXTRUSION PROCESS  PLOT NO 472/NEW GIDC KABILPORE NAVSARI ,IND
2411,CU1E00026,ELGI EQUIPMENTS LIMITED,51,4,ELGI EQUIPMENTS LIMITED  SPARE SALES & SERVICE DIVISION 1246 TRICHY ROAD COIMBATORE ,IND
2412,CU1E00027,ELGI TYRE & TREAD LIMITED,51,1,"ELGI TYRE & TREAD LIMITED  2000, TRICHY ROAD SINGANALLUR COIMBATORE ",IND
2413,CU1E00029,EASWARAMOORTHY  P,51,1,"EASWARAMOORTHY  P  NO.92-B, 5TH STREET JAGANNATHAN NAGAR, PEELAMEDU COIMBATORE ",IND
2414,CU1E00030,EAST COAST BREWERIES,21,1,EAST COAST BREWERIES  .  PARADEEP PORT ,IND
2415,CU1F00157,FUJI TECH CALARS,51,1,"FUJI TECH CALARS  SF NO 402/1A,SARALAI THOTTAM  TIRUPUR-605 ",IND
2416,CU1F00158,FORD INDIA PVT LTD,41,1,"FORD INDIA PVT LTD   S P KOIL POST, GST ROAD MARAIMALAINAGAR CHENGALPATTU-603204",IND
2417,CU1G00118,GUJARAT HEAVY CHEMICALS LIMITED,33,2,GUJARAT HEAVY CHEMICALS LIMITED  SUTRAPADA 362 275 TAL:VERAVAL JUNAGADH ,IND
2418,CU1D00248,DESAI CAR SERVICE CENTRE,33,1,"DESAI CAR SERVICE CENTRE (TYRE SALES BRANCH) 15 CITY CENTRE,B/H. SOSYO FACT NEAR OLD GOVALAK NAKA SURAT ",IND
2419,CU1D00249,DOWEL PISTON PRIVATE LIMITED,51,1,DOWEL PISTON PRIVATE LIMITED  D-3 INDUSTRIAL ESTATE  CHENNAI ,IND
2420,CU1D00250,DRUK TYRE SERVICE,614,3,DRUK TYRE SERVICE  POST BOX NO.328 PHUENTSHOLING BHUTAN ,IND
2421,CU1D00252,DHRU AGENCIES,33,1,"DHRU AGENCIES  OPPOSITE GEB SURAT-BARDOLI HIGHWAY, BARDOLI SURAT ",IND
2422,CU1D00386,DIXIT MARBLE STONE,12,1,DIXIT MARBLE STONE  JHIRI (THANAGAZI)  ALWAR RAJASTHAN,IND
2423,CU1D00387,DHARSHAN ELECTRONIC INDUSTRIES,42,1,"DHARSHAN ELECTRONIC INDUSTRIES  PLOT NO:F-16A, PHASE I I D A, JEEDIMETLA HYDERABAD ",IND
2424,CU1D00388,DEVKOM MAKINA METAL,645,3,"DEVKOM MAKINA METAL GIDA TEKSTIL INSAAT TURIZM SANAYI TICARET LTD STI OSMAN KAVUNCU,MAH ANIL SOR NO 9,KAYSERI TURKIYE",USD
2425,CU1E00009,ELGI EQUIPMENTS LIMITED,41,4,"ELGI EQUIPMENTS LIMITED  ""S-2,IIND FLOOR""""AMAR SINDU"""""" NO 43,PANTHEON ROAD EGMORE - CHENNAI - 008 ",IND
2426,CU1E00010,ELGI EQUIPMENTS LIMITED,42,4,"ELGI EQUIPMENTS LIMITED 1-8-611 AIRPORT PLAZA H.NO.12-13-188,2nd floor ABOVE TELANGANA STATE CO-OP APEX BANK LTD STREET NO.2,TARANKA ",IND
2427,CU1E00011,ELGI EQUIPMENTS LIMITED,12,4,"ELGI EQUIPMENTS LIMITED  OFFICE NO 119 , 1ST FLOOR METROPOLIS TOWER NEAR PURANI CHUNGI AJMER ROAD JAIPUR",IND
2428,CU1D00145,DEEPJYOTI DYEING & PRINTING MILLS,33,1,"DEEPJYOTI DYEING & PRINTING MILLS PRIVATE LIMITED BLOCK NO 63/C POST-VARELI, TALUKA - PALSANA SURAT ",IND
2429,CU1D00146,DELHI MILK SCHEME,11,1,DELHI MILK SCHEME  WEST PATEL NAGER  NEW DELHI ,IND
2430,CU1D00147,DABUR INDIA LIMITED,12,1,DABUR INDIA LIMITED    ALWAR ,IND
2431,CU1D00148,DEEPIKA MARBLES,12,1,DEEPIKA MARBLES    BANSWARA ,IND
2432,CU1D00270,D C ENTERPRISES,33,6,"D C ENTERPRISES 2005, 2nd FLOOR WORLD TRADE CENTRE NEAR PARAG HOUSE,RING ROAD SURAT ",IND
2433,CU1E00018,ELECTRO EQUIPMENT,51,6,"ELECTRO EQUIPMENT  30-D,Dr.NANJAPPA ROAD  COIMBATORE ",IND
2434,CU1E00019,ELECTRONIC HITECH COMPONENTS LTD,31,1,ELECTRONIC HITECH COMPONENTS LTD  E 22-25 M I D C SATPUR NASHIK ,IND
2435,CU1E00020,EASTERN RAILWAY,21,2,EASTERN RAILWAY  FAIRLIE PLACE  CALCUTTA ,IND
2436,CU1K00624,KUMARALINGAM  P,51,1,"KUMARALINGAM  P  EMP. CODE 11296, M/C. SHOP ELGI EQUIPMENTS LIMITED COIMBATORE ",IND
2437,CU1J00500,J K ENTERPRISES,31,1,"J K ENTERPRISES  1,VIJAI LAXMI COMPLEX OPP MAHAVIR NAGAR-NHN 08 NEAR HOTEL GARVOTAM GIDC VAPE",IND
2438,CU1K00202,KANHIYALAL HIRALAL CHARPOTA,33,1,"KANHIYALAL HIRALAL CHARPOTA C/O.RAMJIBHAI DEVSHIBHAI PATEL DHALIVAV KAMPA PO ABHAPUR, VIYAYNAGAR TALUK SABARKANTHA ",IND
2439,CU1K00204,KARNATAKA STATE ROAD TRANSPORT,43,2,KARNATAKA STATE ROAD TRANSPORT CORPORATION BANGALORE RURA DIVISION K H RAOD BANGALORE ,IND
2440,CU1K00205,KISHORESONS TOILETRIES,42,1,KISHORESONS TOILETRIES   TIMMAPUR MAHABOOBNAGAR ,IND
2441,CU1K00207,KWALITY BISCUITS LIMITED,43,1,"KWALITY BISCUITS LIMITED  P B NO 3902 MYSORE ROAD, 6 TH MILE BANGALORE ",IND
2442,CU1K00208,KAKDA STONE CRUSHER,34,1,KAKDA STONE CRUSHER  15C INDUSTRIAL AREA GOVINDPURA BHOPAL ,IND
2443,CU1K00341,KLAS ENGINEERING PRIVATE LIMITED,43,1,KLAS ENGINEERING PRIVATE LIMITED    BANGALORE ,IND
2444,CU1K00313,KHAITAN MINERALS PRIVATE LTD,12,1,KHAITAN MINERALS PRIVATE LTD    JAIPUR ,IND
2445,CU1K00314,KHODIYAR MARBLES,12,1,KHODIYAR MARBLES    UDAIPUR ,IND
2446,CU1K00315,KISSAN BROTHERS,12,1,KISSAN BROTHERS     ,IND
2447,CU1K00316,KK BANSAL AND CO,12,1,KK BANSAL AND CO    NAGAUR ,IND
2448,CU1K00317,KRISHNA MARBLE MINING,12,1,KRISHNA MARBLE MINING    UDAIPUR ,IND
2449,CU1J00505,JALAPRIYA BOREWELLS,45,1,JALAPRIYA BOREWELLS     PONDICHERY,IND
2450,CU1J00506,JOLLY TYRE RETREADING WORKS,11,1,JOLLY TYRE RETREADING WORKS  SHOP 1& 2DINAKA TALAS KALKA GK  DELHI ,IND
2451,CU1K00585,KETAL MOTORS LIMITED,34,1,"KETAL MOTORS LIMITED  VALI TOWERS,NEAR JASWANT CINEM KAMPTEE ROAD NAGPUR ",IND
2452,CU1K00319,KUSHLBAGH MARKETING P LTD,12,1,KUSHLBAGH MARKETING P LTD    BANSWARA ,IND
2453,CU1K00320,KUSUM CHLORIDES AND ALLIED CHEMICAS,12,1,KUSUM CHLORIDES AND ALLIED CHEMICAS PRIVATE LIMITED   JAIPUR ,IND
2454,CU1K00321,KARUR K C P PACKAGINGS LIMITED,51,1,"KARUR K C P PACKAGINGS LIMITED  SF NO 199-201,TRICHY ROAD MAYANUR KARUR DIST ",IND
2455,CU1K00324,KANNAN BOREWELLS,43,1,KANNAN BOREWELLS    BANGALORE ,IND
2456,CU1K00325,KANNAPPA AUTOMOBILES PRIVATE,43,1,KANNAPPA AUTOMOBILES PRIVATE LIMITED   BANGALORE ,IND
2457,CU1K00326,KAR MOBILES LIMTED,43,1,KAR MOBILES LIMTED    BANGALORE ,IND
2458,CU1K00327,KAREEMS SPUN SILK LIMITED,43,1,KAREEMS SPUN SILK LIMITED    BANGALORE ,IND
2459,CU1K00625,K V R  AUTOMOBILES,53,1,K V R  AUTOMOBILES  ANGADIPURAM  PERINTALMANNA ,IND
2460,CU1K00194,KVK SIZING MILLS,51,1,KVK SIZING MILLS  181-A/3 SOMANUR ROAD KARANAMPETTAI POST COIMBATORE ,IND
2461,CU1K00196,KWALITY FUN FOODS AND RESTAURANTS P,41,1,KWALITY FUN FOODS AND RESTAURANTS P RIVATE LIMITED 51 MONTIETH ROAD EGMORE CHENNAI ,IND
2462,CU1K00197,KWALITY SPINNING MILLS PRIVATE LIMI,51,1,KWALITY SPINNING MILLS PRIVATE LIMI TED POST BOX NO.27  POLLACHI ,IND
2463,CU1K00331,KARNATAKA STATE FINANCE CORPORATION,43,2,KARNATAKA STATE FINANCE CORPORATION LIMITED   BAGALKOT ,IND
2464,CU1K00332,KARNATAKA STATE FINANCE CORPORATION,43,2,KARNATAKA STATE FINANCE CORPORATION LIMITED   MANGALORE ,IND
2465,CU1K00334,KARNATAKA STATE ROAD TRANSPORT,43,2,KARNATAKA STATE ROAD TRANSPORT CORPORATION   HASSAN ,IND
2466,CU1H00309,HAMJAD ALI  V A,43,1,"HAMJAD ALI  V A CONTRACTOR C/O CLASSIC AGENCIES S NO:6,8 ARC TOWERS LALBAGH RD BANGALORE ",IND
2467,CU1H00310,HOOGHLY DOCK & PORT ENGINEERS LTD,21,1,HOOGHLY DOCK & PORT ENGINEERS LTD  SALKIA WORKS 6 HOWRAH ROAD HOWRAH ,IND
2468,CU1H00311,HINDUSTAN SYRINGES & MEDICAL,11,1,"HINDUSTAN SYRINGES & MEDICAL DEVICES LIMITED PLOT NO: 177, SECTOR 25  FARIDABAD ",IND
2469,CU1H00447,H R MOTORS,33,1,H R MOTORS  C/O HARSOLIA MOTORS HATHMATI BRIDGE HIGHWAY ROAD HIMATNAGAR,IND
2470,CU1H00449,HEXAGON SOLUTONS TECH PVT LTD,21,1,"HEXAGON SOLUTONS TECH PVT LTD  E-189,OPP:VIDHAN SABHA  CALCUTTA ",IND
2471,CU1H00450,HAPPY GRANITES INDIA PVT LTD,41,1,"HAPPY GRANITES INDIA PVT LTD  EAST COAST CHAMBERS 92,GN CHETTY ROAD T NAGAR CHENNAI",IND
2472,CU1H00451,HORIZON HONDA,21,1,HORIZON HONDA BESIDE SHANTILE COMPANY MAIN ROAD  RANCHI ,IND
2473,CU1H00452,HLKAL LIMITED,43,1,"HLKAL LIMITED  32/1,KALENA AGRAHARA BANNAGHATTA ROAD BANGALORE ",IND
2474,CU1H00419,HARIHARA REDDY G,42,1,HARIHARA REDDY G  NAGIREDY PALLY VILLAGE BHONGIR NANDAL NALGONDA DIST ,IND
2475,CU1H00420,HASAN ASSOCIATES PVT LTD,41,1,"HASAN ASSOCIATES PVT LTD  NO 1,SUBBAIAH SALAI NEAR ASHRAM BEACH PARK GUEST HOUSE PONDICHERRY",IND
2476,CU1H00421,HL INDUSTRIES,51,1,"HL INDUSTRIES  6,INDUSTRIAL ESTATE DELHI ROAD SAHARANPUR-UP ",IND
2477,CU1I00019,IMPALA DISTILLERY AND BREWERY PRIVA,31,1,"IMPALA DISTILLERY AND BREWERY PRIVA TE LIMITED ASSOLDA QUEPEM CHANDOR POST, SALCETTE GOA ",IND
2478,CU1I00022,INANI MARBLES AND INDUSTRIES LTD,12,1,INANI MARBLES AND INDUSTRIES LTD  VPO-SAPOLE MINES  CHITTORGARH ,IND
2479,CU1I00023,"INDAGE (INDIA) LTD.,",31,1,"INDAGE (INDIA) LTD.,  D-107, T.T.C. IND. AREA, SHIRVANCE, POST. NERUL NEW BOMBAY ",IND
2480,CU1I00024,INDER ENGINEERING INDUSTRIES,34,1,INDER ENGINEERING INDUSTRIES  12-F INDUSTRIAL AREA GOVINDPURA BHOPAL ,IND
2481,CU1H00426,HINDUSTAAN FOUNDRY,51,1,"HINDUSTAAN FOUNDRY  48,NEAR SNR COLLEGE SS FOUNDRY COMPLEX, NAVA INDIA ROAD,KR PURAM COIMBATORE",IND
2482,CU1H00427,HINDUSTAN UNILEVER LIMITED,33,1,"HINDUSTAN UNILEVER LIMITED  CLS UNIT SURVEY 907 NEAR GANDHIGRAM BUS STOP AMLI VILLAGE,SILVASSA ",IND
2483,CU1H00428,HERITAGE TEXTILES,51,1,"HERITAGE TEXTILES  NO-36,SATHPPA COMPOUND HARVEY ROAD TIRUPUR-2 ",IND
2484,CU1H00430,HINDUSTAN FLOUR MILLS,51,1,HINDUSTAN FLOUR MILLS  384/5-B PODANUR ROAD  COIMBATORE-023 ,IND
2485,CU1H00431,HARI OM MARMO GRANI PVT LTD,12,1,HARI OM MARMO GRANI PVT LTD  OPP: HIGHER SECONDARY SCHOOL PUR ROAD BHILWARA ,IND
2486,CU1H00432,HIMSHAKTHI POWER PVT LTD,42,1,"HIMSHAKTHI POWER PVT LTD  H NO 76,SANJEEVA REDDY NAGAR  HYDERABAD ANDHRA PRADESH",IND
2487,CU1I00031,INDIA MOTOR PARTS AND ACCESSORIES L,53,1,"INDIA MOTOR PARTS AND ACCESSORIES L IMITED 18/1010A,POST BOX NO.562, TALI ZAMORIAN COLLEGE NORTH ROAD CALICUT ",IND
2488,CU1H00106,HITECH SERVICES,34,1,HITECH SERVICES    MANGALORE ,IND
2489,CU1H00437,HINDUSTAN MARBLE PVT LTD,33,1,HINDUSTAN MARBLE PVT LTD  VILLAGE JETOWAS  AMBAJI AHMEDABAD,IND
2490,CU1H00438,HINDUSTAN ZINE LIMITED,42,1,HINDUSTAN ZINE LIMITED  ZINC SMELTER PO  VISAKAPATNAM-15 530 015,IND
2491,CU1H00439,HOLMAN BROTHERS (EA)LIMITED,692,1,HOLMAN BROTHERS (EA)LIMITED  P O BOX NO 42044 NAIROBI KENYA ,USD
2492,CU1H00441,HIGH TECHNOLOGY TRANSMISSION,32,1,"HIGH TECHNOLOGY TRANSMISSION SYSTEMS INDIA PVT LTD K-226,M I D C INDUSTRIAL AREA WALUJ AURANGABAD ",IND
2493,CU1H00443,HENKEL LOCATITE INDIA PVT LTD,41,1,"HENKEL LOCATITE INDIA PVT LTD  NO 1,AIRPORT SERVICE ROAD TOMLUR LAYOUT BANGALORE-71 ",IND
2494,CU1H00444,HASIM TRADERS,51,1,"HASIM TRADERS  10/47,CHELLAPPAGOUNDER STREET  KATTOOR COIMBATORE",IND
2495,CU1H00445,HAIKO MOTORS PVT LTD,43,1,"HAIKO MOTORS PVT LTD  NO1,AIRPORT ROAD DOMLUR BANGALORE ",IND
2496,CU1H00511,HATIM INDUSTRIES LTD,612,3,"HATIM INDUSTRIES LTD  NO 188/A,TUBLEE ROAD CHITTAGONGO BANGALADESH ",USD
2497,CUSF00001,FRICTECH99 LTD / YOSSI PORAT.,725,3,FRICTECH99 LTD / YOSSI PORAT.  HASHAHAF 88D.KFAR MEISHAR D.N. EMEK SOREK 76850 EMEK SOREK ISRAEL ,USD
2498,CU1I00279,INTERMED,41,1,INTERMED  NO:4 G K INDUSTRIAL ESTATE ARCOT ROAD CHENNAI ,IND
2499,CU1I00280,ISMAIL AUTOMOBILES,45,1,ISMAIL AUTOMOBILES    PONDICHERY ,IND
2500,CU1I00281,INDIANA MINERAL CORPORATION,54,1,INDIANA MINERAL CORPORATION  7-A RAJAJI ROAD  SALEM ,IND
2501,CU1I00436,INDCOAT FOOTWEAR,11,1,"INDCOAT FOOTWEAR (MOULD DIVISION) UNIT OF INDIAN COATING & LAMINATING CORPORATION 31,FACTORY AREA KANPUR",IND
2502,CU1I00437,INDUSTRIAL MEASUREMENTS LTD,646,3,"INDUSTRIAL MEASUREMENTS LTD WILLOW INDUSTRIAL PARK WILLOW ROAD,CASTLE DONINTION DERBYSHIRE ENGLAND ",USD
2503,CU1I00438,INDAUTO FILTER,43,1,"INDAUTO FILTER  PLOT NO 2 D1,DYAVASANDRA INDUSTRIAL AREA MAHADEVAPURA POST BANGALORE",IND
2504,CU1I00283,INDUSTRIAL EQUIPMENTS & FABRICATORS,32,1,"INDUSTRIAL EQUIPMENTS & FABRICATORS 81 B/3 BHOSARI GENERAL BLOCK OPP: MORRIS ELETRONICS, MIDC BHOSARI PUNE ",IND
2505,CU1I00284,INDIAN DAIRY MACHINERY COMPANY LTD,33,1,INDIAN DAIRY MACHINERY COMPANY LTD  G I D C ESATATE VITHAL UDYOG NAGAR ANAND GUJARAT,IND
2506,CU1I00285,INDORE HEAD REPAIRING WORKS,32,1,"INDORE HEAD REPAIRING WORKS  OPP: BANK OF MAHARASTRA REGIONAL OFFICE, POONA ROAD SOLAPUR ",IND
2507,CU1I00287,ICI INDIA LIMITED,21,1,ICI INDIA LIMITED  ICI HOUSE 34 CHOWRINGHEE ROAD CALCUTTA ,IND
2508,CU1I00288,INDIAN OVERSEAS BANK,54,1,INDIAN OVERSEAS BANK    TIRUCHIRAPALLI ,IND
2509,CU1I00289,INDIA CEMENTS CAPITAL & FINANCE LTD,54,1,INDIA CEMENTS CAPITAL & FINANCE LTD  38 STERLING ROAD  CHENNAI ,IND
2510,CU1I00291,INDIAN ALUMINIUM COMPANY LIMITED,53,1,"INDIAN ALUMINIUM COMPANY LIMITED  ALUPURAM EXTRUSION EXTRUSION DIVISION,P B NO:21 KALAMASSERY ",IND
2511,CU1I00299,INDIAN BOREWELLS,45,1,INDIAN BOREWELLS  NO:19 RAJA NAGAR  PONDICHERRY ,IND
2512,CU1J00336,JAYA KRISHNA BOREWELLS,54,1,JAYA KRISHNA BOREWELLS  33 VELUR ROAD  TRICHENGODE ,IND
2513,CU1J00337,JAYANTHI  R,51,1,JAYANTHI  R  GOLDEN HORSE DRILLERS 28 RANGASWAMY PILLAI ST. NO:1 TIRUCHENGODE ,IND
2514,CU1J00339,JAYNA DIAL INDUSTRIES,11,1,JAYNA DIAL INDUSTRIES  335 PATPARGANJ INDUSTRIAL AREA  DELHI ,IND
2515,CU1J00340,JMC PROJECTS (INDIA) LIMITED,33,1,"JMC PROJECTS (INDIA) LIMITED  4 KULDIP SOCIETY NEAR ISHWAR BHUVAN,NAVRANGPURA AHMEDABAD ",IND
2516,CU1J00341,JABALPUR MOTORS LIMITED,34,1,JABALPUR MOTORS LIMITED  TIRPURI CHOWK NAGPUR ROAD JABALPUR ,IND
2517,CU1J00342,JAYAVALLI ROCK DRILLERS,54,1,JAYAVALLI ROCK DRILLERS  122 SIVA EXTENSION STREET NO.1 TRICHENGODE ,IND
2518,CU1I00306,INDIA TRIMMINGS PRIVATE LIMITED,51,1,"INDIA TRIMMINGS PRIVATE LIMITED  6/636 PILLIAPPANPALAYAM TELUNGUPALAYAM PO,ANNUR COIMBATORE ",IND
2519,CU1J00210,JAYASHREE INSULATORS,33,1,JAYASHREE INSULATORS    BARODA ,IND
2520,CU1J00211,JAGADAMBA PRINTERS PVT LIMTED,33,1,JAGADAMBA PRINTERS PVT LIMTED   UDHNA SURAT ,IND
2521,CU1J00345,JAYAMURUGAN BOREWELLS,45,1,JAYAMURUGAN BOREWELLS  REP: MR MARIMUTHU  PONDICHERRY ,IND
2522,CU1J00346,JAI JALARAM DRILLING COMPANY,33,1,JAI JALARAM DRILLING COMPANY  VILLAGE: PIPAR  RAJKOT ,IND
2523,CU1J00348,J S ENTERPRISES,12,1,"J S ENTERPRISES  4-P-11,MAHAVEER NAGAR EXTN NEAR SUBASH CIRCLE ANTA RAJASTHAN",IND
2524,CU1J00349,JAYAPALA  B M,43,1,"JAYAPALA  B M  \#1000,7TH CROSS,WEAR'S COLONY BANNERGHATTA ROAD BANGALORE ",IND
2525,CU1J00350,JAIPRAKASH INDUSTRIES LIMITED,11,1,JAIPRAKASH INDUSTRIES LIMITED  BAGLIHAR HYDRO ELECTRIC PROJEC CHANDERKOTE DODA JAMMU & KASHMIR,IND
2526,CU1I00439,IOCL PETROL BUNK,51,1,IOCL PETROL BUNK  KUNIAMUTHUR ROAD NEAR ATHUPALAM L& T BRIDGE COIMBATORE ,IND
2527,CU1J00312,JANGA REDDY  V,42,1,JANGA REDDY  V  PLOT NO:96 VASVI COLONY DILSUKHNAGAR HYDERABAD ,IND
2528,CU1J00313,"JAIPUR TIME INDUSTRIES,",12,1,"JAIPUR TIME INDUSTRIES,  D-468A  ROAD NO 9A VKI AREA JODHPUR ",IND
2529,CU1J00314,JMG AUTOMOBILES,21,1,JMG AUTOMOBILES  JOHARIMALL GAJANAND BAKHARABAD CUTTACK ,IND
2530,CU1J00316,JALPAC INDIA LIMITED,33,1,"JALPAC INDIA LIMITED  903 & 911, TOLSTOY HOUSE 15 TOLSTOY MARG NEW DELHI ",IND
2531,CU1J00317,JAGRAN PRAKASHAN LIMITED,21,1,JAGRAN PRAKASHAN LIMITED  JAGRAN BUILDING 2 SARVODAYA NAGAR KANPUR ,IND
2532,CU1J00319,JAI SHREE TUBEWELLS,12,1,"JAI SHREE TUBEWELLS  OPP:AIRPORT TONK ROAD,SANGANER JAIPUR ",IND
2533,CU1J00320,JITENDRA AND COMPANY,31,1,JITENDRA AND COMPANY  1265 AGRA ROAD  DHULE ,IND
2534,CU1J00248,JAGDISH DRILLING SERVICES,33,1,"JAGDISH DRILLING SERVICES  HOSPITAL ROAD, BAGASARA KUKAVAV AMRELI ",IND
2535,CU1J00003,JESMAJO INDUSTRIAL FABRICATIONS,43,1,"JESMAJO INDUSTRIAL FABRICATIONS KARNATAKA PVT LTD 239 BOMMASANDRA INDUSTRIAL AREA,3RD PHASE,ANEKAL TK BANGALORE ",IND
2536,CU1J00005,JAKHOTIA PLASTICS PRIVATE LIMITED,42,1,"JAKHOTIA PLASTICS PRIVATE LIMITED UNIT NOII PLOT NO43/A,IDA JEEDIMETLA HYDERABAD ",IND
2537,CU1J00006,JOHN FOWLER INDIA LIMITED,43,1,JOHN FOWLER INDIA LIMITED  SARJAPUR ROAD  BANGALORE ,IND
2538,CU1J00008,JESSOP AND COMPANY LIMITED,21,2,JESSOP AND COMPANY LIMITED  A GOVT OF INDIA UNDERTAKING 21 & 22 JESSORE ROAD CALCUTTA ,IND
2539,CU1J00009,JAIPRAKASH LAXMIKANT BIBAVE,31,1,JAIPRAKASH LAXMIKANT BIBAVE  AT POST SONAI  AURANGABAD ,IND
2540,CU1J00010,JAROCOM PTY LIMITED,691,3,"JAROCOM PTY LIMITED  34,TURF ROAD,PB NO.1285 MUSWELLDALE,BENONI,1500 BOKSBURG NORTH ",IND
2541,CU1I00337,IVRCL INFRA STRUCTURE & PROJECT LTD,43,1,IVRCL INFRA STRUCTURE & PROJECT LTD  H NO 599/30 A 4 PADAKIPURAM SOUNDATTI TK BELGAUM DIST KARNATAKA 591 126,IND
2542,CU1J00439,JAI SHANKAR STEDELS PVT LTD,53,1,JAI SHANKAR STEDELS PVT LTD  STEEL REROLLING MILL  NEAR A DA ALWAYE-5,IND
2543,CU1J00446,JAGDISH PULP TRAYS,42,1,JAGDISH PULP TRAYS PEERA RAMACHANDAPURAM ANAPARTHY MANDAL HYDERABAD  ,IND
2544,CU1J00448,J P AUTOWORLD,31,1,J P AUTOWORLD DATTAPADA ROAD OPP:TATA SPECIAL STREET BORIVILI EAST MUMBAI ,IND
2545,CU1J00449,JAVALI MOTORS,43,1,JAVALI MOTORS  OPP:UNKAL LAKE HUBLI  ,IND
2546,CU1J00450,JEANS PROCESSING LTD,612,3,"JEANS PROCESSING LTD JEANS TOWER,PLOT NO 12-B ROAD NO 4,MIRPUR-7  DHAKA-1216 BANGLADESH",IND
2547,CU1J00451,JOHNSON AUTOMOBILES,21,1,JOHNSON AUTOMOBILES  SONAI ROAD  SILCHAR ,IND
2548,CU1J00452,JAI GANESH AUTO CENTRE,33,1,"JAI GANESH AUTO CENTRE  BEFORE AUTOMOBILES WORKSHOP OPP JAGNATH GRANITE PACT GOHODAL ROAD,VILL KATHARIA RAJKOT",IND
2549,CU1G00749,GOTHAVADI BOREWELLS,45,1,GOTHAVADI BOREWELLS  MIDDLE STREET NEW BATRAM PONDICHERRY ,IND
2550,CU1I00120,ION EXCHANGE INDIA LIMITED,52,1,"ION EXCHANGE INDIA LIMITED  NELA TOWERS,OPP.SANDVIK ASIA BOMBAY-PUNE ROAD, DAPODI PUNE ",IND
67133,CRI000014,IDEAL BEACH RESORT,41,,"IDEAL BEACH RESORT   4/358, 9TH CROSS ST, KABALEESWARAR NAGAR SOUTH NEELANGARAI,CHENNAI-600 115",
67134,CRR000059,RAPID PRO MAC SOLUTION,41,1,"RAPID PRO MAC SOLUTION   18-KAMARAJAR ST, SRINIVASA NAGAR. CHENNAI,600050-TN",IND
67135,CRV000044,V GLOBAL EQUIPMENTS LLP,42,1,"V GLOBAL EQUIPMENTS LLP   PLOT NO 22, LAKSHMI ENCLAVE, DAMMAIGUDA, MEDCHAL - MALKAJGIRI,",IND
67136,CRS000202,SURAJ AGRO INDUSTRIES,33,1,"SURAJ AGRO INDUSTRIES   GUJARAT STATE HIGHWAY 41,  ",IND
67137,CRD000042,DILIP N BORNARE PATIL,32,1,DILIP N BORNARE PATIL   PLOT NO 17 AT SATANA TAL-VAIJAPUR SATANA DIST-AURANGABAD,IND
67138,CRK000064,KEPCO PLANT SERVICE & ENGINEERING,33,1,"KEPCO PLANT SERVICE & ENGINEERING O. LIMITED CO.LIMITED BHAVNAGAR ENERGY CO. LTD PADVA, BHAVNAGAR, ",IND
67139,CRI000007,INDIAN ENTERPRISES,43,1,"INDIAN ENTERPRISES  PLOT NO. 13, 1ST CROSS, TUBINKERE INDUSTRIAL AREA, SRIRANGAPATNA TALUK, MANDYA",IND
67140,CRR000058,RANASARIA POLYPACK PVT LTD,33,1,RANASARIA POLYPACK PVT LTD   727C BESIDES MASCOT TILLS ,IND
67141,CRM000148,MUTUAL AUTOMOTIVE PVT. LTD.,31,1,"MUTUAL AUTOMOTIVE PVT. LTD.   90-99-107, 112/113 B.U. BHANDARI INDL ESTATE SANASWADI-412208-MH",IND
67142,CRP000111,PURVANCHAL COMMUNICATION PVT LTD,21,,"PURVANCHAL COMMUNICATION PVT LTD   NEXT TO- IOCL PETROL PUMP BALUGHAT, NH-37 GUWAHATI - 781029",
67143,CRN000057,NORTH EASTERN KARNATAKA STATE ROAD,43,,NORTH EASTERN KARNATAKA STATE ROAD   DIVISIONAL CONTROLLER KOPPAL 583231,
67144,CRR000099,RAAM MULTISOLVEX INDIA PVT LTD,11,1,RAAM MULTISOLVEX INDIA PVT LTD   214 A-B INDUSTRAIL AREA PHASE-II MANDIDEEP,IND
67145,CRU000031,ULTRATECH CEMENT LTD,11,1,"ULTRATECH CEMENT LTD   ULTRATECH CEMENT LTD DADRI VILLAGE-RANAULI LATIFFPUR TEHSIL-DADRI , DISTT-GTB NAGAR",IND
67146,SRS000046,SKY POWERS SYSTEMS,None,,"SKY POWERS SYSTEMS  1/3, KAMARAJAR ROAD, KAVERI NAGAR,SAIBABA COLONY METTUPALAYAM ROAD - 641043 COIMBATORE",
67147,SRV000009,VERNET US CORPORATION,None,,"VERNET US CORPORATION  910 S GLADSTONE AVE COLUMBUS In, 47201, UNITED STATES ",
67148,SRK000010,KABELSCHLEPP INDIA PRIVATE LIMITED,None,,"KABELSCHLEPP INDIA PRIVATE LIMITED  B-14,ITI INDUSTRIAL ESTATE MAHADEVAPURA BANGALORE - 562132 ",
67149,SRH000016,HEAT CARE INSULATION,None,,"HEAT CARE INSULATION  6/601, PACIFIC TOWER, PLOT - 2, SEC-19,PHASE-2, TALOJA TAL- PANVEL, DIST- RAIGAD ",
67150,SRP000030,PREM MOHAN TRIPATHI,None,,"PREM MOHAN TRIPATHI   69/176, ALLD.  ROAD LAXMANPUR -",
67151,CRA000469,AMMAIYAR MOTORS P LTD,41,,"AMMAIYAR MOTORS P LTD   REGD.OFFICE:119/1A6 MUTHAMIL NAGAR,SENDAMANGALAM TIRUVARUR - 610002",
67152,CRI000033,INFINIZER GENERAL TRADING LLC,672,,"INFINIZER GENERAL TRADING LLC  PO Box : 231296, Dubai, UAE.  ",
67153,CRT000109,"THE KCP LIMITED (CEMENT UNIT-II,LIN",42,1,"THE KCP LIMITED (CEMENT UNIT-II,LIN E-2)  MUKTYALA (V),RAMAKRISHNAPURAM, JAGGYAPETA VIJAYAWADA 521457",IND
67154,CRB000126,BAMLESHWARI GRANITES PRIVATE LIMITE,36,1,BAMLESHWARI GRANITES PRIVATE LIMITE D  GRAM PARAGAON KHURD PHN 18 RNM TAH. DONGARGARH,IND
67155,CRD000022,DIVYADHAN CONSULTANTS PVT LTD,11,1,"DIVYADHAN CONSULTANTS PVT LTD   VILL. KALYANPUR , TEHSIL BADDI NEAR TRANSPORT UNION OFFICE BADDI,Solan-174103-HIMACHAL PRADESH",IND
67156,SUPH00029,"HYDRO-TEK CO., LTD",None,,"HYDRO-TEK CO., LTD  SEOKGYONAM-GIL, 6-3,   ",
67157,SUPJ00011,JAGDALPUR MOTORS (COMMERCIAL) P LTD,None,,"JAGDALPUR MOTORS (COMMERCIAL) P LTD  NEAR RUDRA CEMENT,   ",
67158,CRV000018,VEETEEJAY MOTORS PVT LTD,53,,"VEETEEJAY MOTORS PVT LTD   VTJ HYUNDAI NH47,BYEPASS ROAD, KUNDANNUR MARADU, COCHIN - 682034",
67159,CRP000026,PATEL MOTORS (INDORE) PVT. LTD.,34,,"PATEL MOTORS (INDORE) PVT. LTD.   DEALER OF VE COMMERCIAL VEHICL 13/19,PIPLIYA KUMAR CHOURAHA INDORE - 452010",
67160,CRC000020,CARE CYLINDERS INSPECTION AGENCY,31,,"CARE CYLINDERS INSPECTION AGENCY   LODHA PARADISE SERVICE ROAD HOUSE NO. 394,MAJIWADA, THANE (WEST) - 400609",
67161,CRC000021,CBG TYRES,53,,CBG TYRES   CBG COMPLEX AREECODE ROAD CHENGARA MALAPPURAM,
67162,CRP000027,PAL PRATEEK AUTO SALES PVT LTD,11,,PAL PRATEEK AUTO SALES PVT LTD   RAMPUR ROAD HALDWANI 263139,
67163,CRE000014,ELS TKD,31,1,"ELS TKD   West Ctr/Rly, Sr. DEE(TRS) Electric loco shed, Tuglakabad, New Delhi-110044",IND
67164,CRM000037,M/S P.P. PANDEY INFRASTRUCTURE  (P),14,1,"M/S P.P. PANDEY INFRASTRUCTURE  (P) LTD  220, Sector -1 Gomati Nagar,Lucknow UP",IND
67165,CRG000010,GOYAL INDUSTRIES,34,1,"GOYAL INDUSTRIES   11,MANGAL Udhyog Nagar NEMAWAR ROAD PALDA",IND
67166,CRM000038,MAHARASHTRA ELEC & H/W,31,,"MAHARASHTRA ELEC & H/W   S-1&2, PARMANAND NIVAS OPP. RAM SEVA SADAN NIWAS MURDHA VIHAR,UTTAN ROAD,",
67167,CRE000072,ELGI ULTRA LIMITED,51,1,"ELGI ULTRA LIMITED   1ST FLOOR, 1443/1 INDIA HOUSE, TRICHY ROAD COIMBATORE",IND
67168,CRE000073,ELGI ULTRA LIMITED,31,1,"ELGI ULTRA LIMITED   MAROL CO-OP INDUSTRIAL ESTATE LTD, PLOT NO.48 MATHURDAS VASSANJI ROAD NEAR SAKINAKA (EAST), MUMBAI",IND
67169,CRE000046,ELECTRO DRIVE POWER TRAIN SOLUTION,32,,"ELECTRO DRIVE POWER TRAIN SOLUTION   OPPOSITE GLOBAL HIGH STRE SURVEY NO. 255/1/8, PUNE-411057",
67170,CRM000133,MR. SHIV OM SHARMA,14,,"MR. SHIV OM SHARMA   JAK ENTERPRISES BANTHLA, LONI 145, MAIN CHIRORI ROAD",
67171,CRT000062,TAJ TRADERS,31,,"TAJ TRADERS   BLOCK NO-5 DISTRICT- PALGHAR YASHWANT SHRUSHTI, BOISAR",
67172,CRB000062,BHANDARI AUTOMOBILES PVT LTD,21,,"BHANDARI AUTOMOBILES PVT LTD   RUPNARAYANPUR,JAKPUR DIST-PASCHIM MEDNIPUR BHANDARI BUILDING",
67173,CRE000047,EDISION PHARMACY,51,1,"EDISION PHARMACY   286 KULASAI ROAD,THIRUCHENDUR  ",IND
67174,CRG000053,G.N TRADERS,21,,"G.N TRADERS   CHAPAGURI ROAD,NEAR GP  INDIA TRACTOR BONGAIGAON - 783380 MOB:7896623015 , 9706143056",
67175,CRC000047,CRACE  IMPEX,11,1,"CRACE  IMPEX   KARUPPARYAN KOVIL  WEST 1/62, ANNAIYAM PALAYAM THIRUMURUGAN POONDI POST",IND
67176,CRP000099,POWER MECH PROJECTS LIMITED,42,1,POWER MECH PROJECTS LIMITED   2*600 MW SCCL THERMAL POWER PLANT JAIPUR,IND
67177,CRR000079,R P PRODUCTS PHARMA EQUIPMENTS PVT.,31,1,R P PRODUCTS PHARMA EQUIPMENTS PVT. LTD  RABALE  ,IND
67178,CRS000265,SAINT GOBAIN INDIA PRIVATE LIMITED,51,1,"SAINT GOBAIN INDIA PRIVATE LIMITED   KANJIKODE,WEST,PALAKKAD,  ",IND
67179,CRM000134,MADHURAM SYNTHETICS PVT LTD.,33,1,"MADHURAM SYNTHETICS PVT LTD.   MADHURAM SYNTEHTICS PVT LTD OPP GUJARAT WEIGH BRIDGE SEWAGE FARM ROAD, BEHRAMPURA,AHMEDABAD-380015-GJ",IND
67180,CRN000045,NTF (INDIA) PVT LTD (UNIT VIII),11,1,"NTF (INDIA) PVT LTD (UNIT VIII)   PLOT NO 10, SEC 4,IMT MANESAR Gurgaon,HARYANA 122050",IND
67181,CRR000080,RAYAAR CONSTRUCTION & INFRASTRUCTUR,42,1,"RAYAAR CONSTRUCTION & INFRASTRUCTUR E PVT LTD  PLOT NO. 216, ROAD NO. 5, KRISHNA NAGAR COLONY, MOULA ALI",IND
67182,CRR000114,RELIENCE INDUSTRIES,33,1,"RELIENCE INDUSTRIES   MANROAD ROAD, NEAR CHADIHAD PATIYA OPP : KAMDHENU FURNITURE.",IND
67183,CRS000343,SAHJANAND COTSPIN PVT. LTD,33,1,"SAHJANAND COTSPIN PVT. LTD   Survey No. 321,Rathabe Morbi Halvad Road,Halvad 363330-GUJARAT",IND
67184,CRM000161,MEDRICHS INDIA LTD,43,1,MEDRICHS INDIA LTD   4/3 AVALAHALLI ANJANPURA POST BANGALORE,IND
67185,CRM000162,MSJ BATH FITTINGS AND ACCESSORIES P,13,1,MSJ BATH FITTINGS AND ACCESSORIES P RIVATE LIMITED  BADDHI SOLAN - 173 205 HP ,IND
67186,CRD000068,DINESHCHANDRA R. AGRAWAL INFRACON P,33,1,DINESHCHANDRA R. AGRAWAL INFRACON P VT. LTD.  C/O MAHAVIR MOTORS S NO 252/1A/4/4 OPP RASBIHARI SCHOOL,IND
67187,CRT000080,TSS FOODS,34,1,TSS FOODS   KHASRA NO. 49/2/1 VILLAGE BAMHORI RAISEN,IND
67188,CRA000383,ALT X AUTO WORKS,11,,"ALT X AUTO WORKS   13/4, MAIN MATHURA ROAD SECTOR - 27C,FARIDABAD -121003 ",
67189,CRK000109,KUMBHAT MOTORS LLP,12,,"KUMBHAT MOTORS LLP   SHASTRI NAGAR JODHPUR 15-B1,NEW ADARSH INDUSTRY JODHPUR-342001",
67190,CRF000018,FORGUL THERMA FARMING PRIVATE LIMIT,34,1,"FORGUL THERMA FARMING PRIVATE LIMIT ED  H.NO 20, ALIPUR ASTA ",IND
67191,CRA000384,ANUBHAV KNITWEAR,33,1,"ANUBHAV KNITWEAR   PLOT NO 8, SURVEY NO 281,NR. OM METAL CAST, B/H SAURASHTRA SPECIALITY Kuwadva Vankaner road,Rajkot-360023-GUJARAT",IND
67192,CRJ000058,J K KNIT FAB,13,1,"J K KNIT FAB  Village Sheera, Rahon Road Ludhiana Punjab – 141010",IND
67193,CRJ000059,J K POLYMERS,13,1,J K POLYMERS   194 A & 195 SICOP INDUTRIAL AREA ,IND
67194,CUSE00063,EMIRATES METAL STRUCTURE INDUSTRY,672,1,"EMIRATES METAL STRUCTURE INDUSTRY  PO.BOX:18881 ABU DHABI, UAE  ",DHI
67195,SUPS00122,SILVER HEIGHTS HOTEL PVT LTD,None,,"SILVER HEIGHTS HOTEL PVT LTD  NR.PASSPORT OFFICE,   ",
67196,SUPA00086,AURORA INSTITUTE AND INSPECTION SER,None,,"AURORA INSTITUTE AND INSPECTION SER  33,METHA LAYOUT,   ",
67197,SUPS00124,SUDE ENGINEERING CORPORATION,None,,"SUDE ENGINEERING CORPORATION  NO. 1106, 10TH MAIN ROAD,   ",
67198,CRW000002,WESTIN RESINS & POLYMERS PVT. LTD.,31,1,"WESTIN RESINS & POLYMERS PVT. LTD.   GUT NO:205; HISSA NO:2 (PT) VILLAGE- ABITGHAR,WADA NEAR TALATHI OFFICE",IND
67199,CRB000014,BROTHERS ENGINEERING CONTRACTORS,51,1,"BROTHERS ENGINEERING CONTRACTORS   Brothers arcade,OP:SNDP Kuzkikkadu , Ambalamedu P.O",IND
67200,CRV000013,VARINDER KOUR,21,1,"VARINDER KOUR   C/O: GURUNANAK BOREWELLS, MAIN ROAD - KHARIAR ROAD DIST; NUAPADA, ODISHA",IND
67201,CRM000029,M/S.THE MALEGAON S. S. K. LTD,32,1,"M/S.THE MALEGAON S. S. K. LTD   A/P-SHIVNAGAR. TAL-BARAMATI. DIST-PUNE, Pin: 413116 ",IND
67202,CUST00070,TECHNOMAN INDUSTRIAL MACHINERY,672,1,"TECHNOMAN INDUSTRIAL MACHINERY  MANUFACTURING LLC PO BOX 286, DUBAI UAE ",DHI
67203,CUSW00015,WHITE ALUMINIUM ENTERPRISES LLC,672,1,"WHITE ALUMINIUM ENTERPRISES LLC  ICAD 1 , MUSAFFAH ABUDHABI PO BOX 30665, ABU DHABI, UAE ",DHI
67204,CRK000087,KCR BOREWELLS,54,1,KCR BOREWELLS   PERUNDURAI  ,IND
67205,CRA000353,ANAND PARWALING UDYOG,36,1,ANAND PARWALING UDYOG   SEONI ROAD KHAMARIYA ,IND
67206,CRE000051,ELS VALSAD,31,1,"ELS VALSAD   WESTERN RAILWAY, SR.DEE(TRS) ELECTRIC LOCO SHED VALSAD",IND
67207,CRM000142,MARUTI SUZUKI INDIA LTD,21,,MARUTI SUZUKI INDIA LTD   PLOT NO. IP- 1 TO IP-16 A  JAPAIGURI - 735134,
67208,CRT000065,THE DIVISIONAL CONTROLLER,43,,THE DIVISIONAL CONTROLLER   N. W. K. R. T. C CHIKODI DIVISION CHIKODI-591201,
67209,CRN000050,NORTH WESTERN KARNATAKA STATE ROAD,43,,NORTH WESTERN KARNATAKA STATE ROAD   STORES & PURCHASES  HUBALLI - 580029,
67210,CRT000066,THE KASHMIR AUTOMOBILES,13,,THE KASHMIR AUTOMOBILES   PANTHA CHOWK  SRINAGAR-191101,
67211,CRA000354,ARISE AUTOZ PVT LTD,13,,"ARISE AUTOZ PVT LTD   MALIK MARKET, NARWAL BYPAS OPPOSITE MASJID JAMMU-180015",
67212,CRL000025,LALLY MOTORS SERVICES PVT. LTD.,13,,"LALLY MOTORS SERVICES PVT. LTD.   VILL KOT KALLAN OLD CANTT ROAD,KOT KALLAN JALANDHAR-144001",
67213,CRS000283,SUJAY SORTEX,34,1,SUJAY SORTEX   JAGGAKHEDI SANJEET ROAD MANDSAUR ,IND
67214,CRK000088,KANISHKA ORGANICS LLP,11,1,KANISHKA ORGANICS LLP   PLOT NO.M-10 SEZ PHASE II PITHAMPUR,IND
67215,CRA000355,AMBUJA CEMENTS LIMITED (BATHINDA UN,11,1,AMBUJA CEMENTS LIMITED (BATHINDA UN IT)  NEAR G.N.D.T.P. P MALOUT ROAD BATHINDA-151002-PB,IND
67216,CRO000010,OMYA INDIA PVT. LTD,31,1,OMYA INDIA PVT. LTD   PLOT NO T 18 MIDC TALOJA-RAIGAD -410208-MH,IND
67217,SUPT00043,TEI MEDIAS PRIVATE LIMITED,None,,"TEI MEDIAS PRIVATE LIMITED  GARWALI MOHALLA, NEAR HANUMAN   ",
67218,CRV000099,VENKATESHA AUTO CARE,32,,"VENKATESHA AUTO CARE   MUMBAI GOA HIGHWAY, KOLGAON BHOM, SAWANTWADI -416510",
67219,CRJ000092,JAXX VITRIFIED PRIVATE LIMITED,33,1,"JAXX VITRIFIED PRIVATE LIMITED   LAKDHIRPUR ROAD,MORBI. NATIONAL HIGHWAY 08, WAKANER",IND
67220,CRN000086,NESSA VITRIFIED LLP,33,1,"NESSA VITRIFIED LLP   SURVEY NO.227 & 228 MATEL ROAD, AT LAKADDHAR MORBI - 363 642 GJ",IND
67221,CRF000034,FCA INDIA AUTOMOBILES,32,,"FCA INDIA AUTOMOBILES   PLOT NO. B-17, RANJANGAON MIDC PUNE ",
67222,CRA000480,ABBAS TYRE SERVICE,21,,"ABBAS TYRE SERVICE   MOHAMMAD AZARUDDIN ALI MURKONG SELEK,PART III,JONAI ",
67223,CRL000061,LEISHA ENTERPRISES,11,,"LEISHA ENTERPRISES   64/4,MADRAS HOUSE  DELHI-110002",
67224,CRG000106,GURULAXMI COTTEX PVT. LTD.,36,1,GURULAXMI COTTEX PVT. LTD.   DORLI DOLAMABA NAGPUR ROAD YAVATMAL-445001-MH,IND
67225,CRA000505,ADROIT LEGION ADVERTISING PVT LTD,31,,"ADROIT LEGION ADVERTISING PVT LTD   B-701,MANGOLIA VIHAR CHS LTD SAKINAKA,MUMBAI SUBURBAN, MUMBAI-400072",
67226,CRV000103,VANISH KAPOOR HUF,31,,"VANISH KAPOOR HUF   3,TRADE CORNER,SAKINAKA JUNCTION, ANDHERI EAST, MUMBAI-400072 MOB:7718936932",
67227,CRV000104,VIJAYA MINERALS,42,1,VIJAYA MINERALS   H NO 7-2-216 ADDANKIVARI VEEDHI KHAMMAM TOWN,IND
67228,SRM000040,MADHUR JYOTHI,None,,"MADHUR JYOTHI   #133,12TH B MAIN ROAD 6TH BLOCK RAJAJINAGAR,",
67229,CRM000252,MANGLAM YARN,13,1,MANGLAM YARN   LUDHIANA  ,IND
67230,CRR000166,RANDHAWA AUTOMOBILES ENGG PVT LTD,31,,"RANDHAWA AUTOMOBILES ENGG PVT LTD   SURVEY NO 165, HISA NO 3, SHRIDHAN VILLAGE,PANVEL GOA WH NH- 66, PANVEL-410206",
67231,CRO000027,OBEROI MOTORS,13,,"OBEROI MOTORS   MILE STONE ZERO KM  NARWAL BYPASS,JAMMU",
67232,CRP000186,PRATIBHA AUTOMOTIVE,32,,"PRATIBHA AUTOMOTIVE   694/3B, NEAR SOLAPUR-PUNE BYPASS,KARMALA ROAD, TEMBHURNI.TAL-MADHA,",
67233,CRA000506,A.R VISHAWKARMA MOTOR,13,,"A.R VISHAWKARMA MOTOR   NEAR MARUTI SERVICE STATION  SUNHET, TEHSIL DEHRA & DIST",
67234,CRK000153,K Y AUTO PRIVATE LIMITED,13,,K Y AUTO PRIVATE LIMITED   CIRCLE ANANTNAG III  KASHMIR,
67235,CRS000540,S K AUTOMOBILES,13,,"S K AUTOMOBILES   NH1A URANHALL, ANANTNAG, J&K  SRINAGAR",
67236,CRS000541,S.M ENGINEERS & CONSULTANTS,13,1,S.M ENGINEERS & CONSULTANTS   ZIND ROAD SANGRUR ,IND
67237,CRV000105,VAISHNO CONSTRUCTIONS,42,1,"VAISHNO CONSTRUCTIONS   H NO 46, BHAMAL ",IND
67238,CRT000122,TAYYAAR FOODS PVT LTD,43,1,"TAYYAAR FOODS PVT LTD   113 & 102,KODIGEHALLI VILLAGE ULLAL UPPANAGAR, ",IND
67239,CRC000112,CUURO MOTORS,41,,"CUURO MOTORS   A 15-16 , THIRU VI KA INDUST A 15-16 , THIRU VI KA INDUST ESTATE GUINDY, CHENNAI 32",
67240,CRU000051,UNION STEEL TUBES LTD,612,3,UNION STEEL TUBES LTD   Dhaka Tower(2nd floor) Dhaka-1000 BANGLADESH,USD
67241,CRS000491,SIDDHAM  CREATIONS,13,1,"SIDDHAM  CREATIONS   ADAJACENT STAR FABRICS OPP.UNIVERSAL COOLERS BAZRA ROAD, LUDHIANA - 141 113 PB",IND
67242,CRP000197,PRABAL MOTORS PVT LTD,54,,PRABAL MOTORS PVT LTD   M.M.BROTHERS GARDEN KONERIKARAI ROAD KANTHAMPATTI BYE PASS,
67243,SRU000008,UNIVERSAL ENTERPRISE,None,,"UNIVERSAL ENTERPRISE   B-118, 1ST FLOOR SUMEL-7 SONI NI CHAL, BRTS BUS STOP",
67244,SRT000043,TRADE GENIUS PRIVATE LIMITED,None,,"TRADE GENIUS PRIVATE LIMITED   IIIRD FLOOR, SHOP NO : 308 VARDHMAN MALL SECTOR 19",
67245,CUSE00070,EMIRATES INTERNATIONAL LUBRICATS,672,1,EMIRATES INTERNATIONAL LUBRICATS  JURF AJMAN UAE  ,DHI
67246,CUSF00021,FRESHLY FROZEN FOODS FACTORY (LLC),672,1,"FRESHLY FROZEN FOODS FACTORY (LLC)  PO BOX 38404 , DUBAI UAE ",DHI
67247,CRK000030,KJ CAARS,41,,"KJ CAARS   SALEM HIGHWAY OPP VIDYAG AVATHAPATI SCHOOL AVANAPATTI, KRISHNAGIRI-635101",
67248,CRS000109,SHREE TIRUPATI MOTORS,12,,SHREE TIRUPATI MOTORS   DUSU-KISHANGARH HIGHWAY PADASOLI ,
67249,CRS000110,SHREE JAIN JYOTI TYRES,12,,"SHREE JAIN JYOTI TYRES   SHOP NO.-92, NEAR OM DHARM KANTA TRANSPORT NAGAR",
67250,CRP000079,PARAS AUTO AGENCY,33,,"PARAS AUTO AGENCY   PARA AUTO AGENCY, C-26 KATIRA COMPLEX, BHUJ-370001",
67251,CRQ000003,QADRI TYRE SHOP,21,,"QADRI TYRE SHOP   G.S ROAD ,GANESHGURI OPP.KAR BHAWAN,DISPUR GUWAHATI-781006",
67252,CRS000203,SEEMA ANAND AUTO SALES PVT. LTD.,34,,SEEMA ANAND AUTO SALES PVT. LTD.   ANAND TRUCKING PANNA ROAD CHHATARPUR-471001,
67253,CRK000065,K.S. ENGINEERING CO.,11,1,"K.S. ENGINEERING CO.   PLOT NO. - G-1-664, RIICO INDUSTRIAL AREA PHASE - I , BHIWADI",IND
67254,CRJ000038,JK LASER DIES,11,1,"JK LASER DIES   B-75, GROUND FLOOR NARAINA INDUSTRIAL AREA PHASE -II , DELHI-110028",IND
67255,CRR000061,RAJAMURUGAN BORE WELL,54,1,RAJAMURUGAN BORE WELL   ATHAMPALAYAN PULLAGOUNDAMPATTY (PO) ,IND
67256,CRR000062,RAS TEK PVT. LTD.,31,1,Ras Tek Pvt. Ltd.   7/52B-NAGLA JAWAHAR BYPASS ROAD AGRA - 282005,IND
67257,CRE000034,ELMA INTERNATIONAL,43,1,"ELMA INTERNATIONAL   NO.84,5TH CROSS,2ND MAIN, M S R.NAGAR ",IND
67258,CRS000204,SHAGUN INTERPRISES,14,1,SHAGUN INTERPRISES   D-20 SITE - II PANKI INDUSTRIAL AREA KANPUR,IND
67259,CR1000003, AIRPORTS AUTHORITY OF INDIA,31,,AIRPORTS AUTHORITY OF INDIA   AIRPORT DIRECTOR JUHU AIRPORT AUTHORITY MUMBAI - 400056,
67260,CRA000310,AIRPORTS AUTHORITY OF INDIA,34,,"AIRPORTS AUTHORITY OF INDIA   AIRPORT DIRECTOR, AIRPORTS AUTHORITY OF INDIA DABHI AIRPORT, INDORE-452005",
67261,CRA000309,AIRPORTS AUTHORITY OF INDIA,34,,"AIRPORTS AUTHORITY OF INDIA   AIRPORT DIRECTOR, AIRPORTS AUTHORITY OF INDIA DABHI AIRPORT, INDORE-452005",
67262,CRM000098,MAGIC ENTERPRISES,12,1,MAGIC ENTERPRISES   ASUNA MOKUNDA  ,IND
67263,CRS000207,SANJAY ROCK DRILLS,51,1,SANJAY ROCK DRILLS   QR NO.3 OLD RAMBABU COLONEY SINGHPUR ROAD ,IND
67264,CRP000080,PRAYAGH NUTRI PRODUCTS PRIVATE LIMI,42,1,"PRAYAGH NUTRI PRODUCTS PRIVATE LIMI TED SY NO.279 GAGANPAHAD RAJENDRANAGAR,RANGAREDDY telangana",IND
67265,CRG000038,G P ENTERPRISES,12,1,G P ENTERPRISES   BEHIND RIICO INDUSTRIAL AREA PARBATPURA - MAKHUPURA EXT SEDRIAL ROAD,IND
67266,CRB000055,BHARAT PETROLEUM CORPORATION LTD,41,1,"BHARAT PETROLEUM CORPORATION LTD   THONDIARPET INSTALLATION,BHARAT PETROLEUM CORPN LTD 35 VAIDIYANATHAN STREET Chennai-600081-TAMIL NADU",IND
67267,CRJ000039,JAY KHODIYAR PETROLEUM,33,,"JAY KHODIYAR PETROLEUM   SARVEY NO.23, SHAHPUR SHAHPUR VIRAMGAM",
67268,CRS000209,SHREE RAMA MULTI TECH LIMITED,33,1,SHREE RAMA MULTI TECH LIMITED   1557  ,IND
67269,CRJ000096,JASBIR MOTORS,13,,JASBIR MOTORS   BYE PASS ROAD NH 54  OPP VILL RAMNAGAR GURDASPUR,
67270,CRN000079,NLC INDIA LIMITED,12,1,NLC INDIA LIMITED   BARSINGHAR BIKANER - 334 402 RJ ,IND
67271,CRM000268,MEKALA RAMANA REDDY,42,1,"MEKALA RAMANA REDDY   PLOT NO 37, ROAD NO 7 HAYATHNAGAR VANASTHALIPURAM",IND
67272,CRU000053,ULTRATECH AUTO SERVICE,21,,"ULTRATECH AUTO SERVICE   PS - TARAKESWAR ,DIST - HOOG PIN - 712401, WEST BENGAL ",
67273,CRN000104,NEELAM JAIN,21,1,"NEELAM JAIN   SANTIPUR ROAD,RANGIA WARD NO.:-5, KAMRUP,ASSAM",IND
67274,SRK000032,KAMBAN KAZHAGAM,None,,KAMBAN KAZHAGAM   46 PARAMESWARAN LAY-OUT PAPPANAICKENPALAYAM,
67275,SRK000033,KAMBAN KAZHAGAM,None,,KAMBAN KAZHAGAM   46 PARAMESWARAN LAY-OUT PAPPANAICKENPALAYAM,
67276,CRG000110,GUJARAT STATE ELECTRICITY CORPORATI,33,1,GUJARAT STATE ELECTRICITY CORPORATI ON LIMITED  AT & PO. : PADVA TA.: GHOGHA ,IND
67277,SUPB00052,BHARATH AGRO PIPES,None,,"BHARATH AGRO PIPES  406A THILLAI NAGAR,   ",
67278,SRS000035,SURESH GULL,None,,"SURESH GULL  PLOT NO. 7, 'SHIVAMAHANT' SANGAMESHWAR NAGAR, MARKET YARD ROAD,BELGAUM - 590010 KARNATAKA",
67279,SRM000006,MALEX OFFICE SOLUTIONS,None,,"MALEX OFFICE SOLUTIONS  NO. 22, FIRST FLOOR FIRST MAIN ROAD,INNER RING ROAD, DOMLUR,BANGALORE - 560071 KARNATAKA",
67280,SRS000036,SKYLINE INSURANCE SURVEYORS AND LOS,None,,"SKYLINE INSURANCE SURVEYORS AND LOS  202, ROYAL HILLS APARTMENT OPP. ST. THOMAS SCHOOL ROHINIPURAM ROAD,RAIPUR 492010 CHHATTISGARH",
67281,SRL000004,LAXMI ENGINEERING,None,,LAXMI ENGINEERING  OPP- PUNITHA OHM CONVENT KOVILPATTY -  628501  ,
67282,SRN000010,NISHANTH PNEUMATIC,None,,"NISHANTH PNEUMATIC  18/32, TSK NAGAR, IRGUR COIMBATORE - 641103  ",
67283,SRN000011,NATIONAL SPORTS,None,,"NATIONAL SPORTS  213-A, SATHYAMURTHY ROAD RAMNAGAR COIMBATORE - 641009 ",
67284,CRI000006,INDU EARTH MOVERS,51,1,INDU EARTH MOVERS   Avadi CHENNAI TAMIL NADU - 600 054,IND
67285,CRS000115,SAISIDHA SUGAR EQUIPMENTS & ENGINEE,31,1,"SAISIDHA SUGAR EQUIPMENTS & ENGINEE RING CO.PVT.LTD  Plot No.C-207 & C-208, MIDC Chincholi, Solapur Maharashtra - 413255",IND
67286,CRD000018,DEMU KONKAN RAILWAY,31,1,"DEMU KONKAN RAILWAY   SSE/Mechanical Diesel Rolling Stock Depot, Konkan Railway, P O Verna, Goa",IND
67287,CRM000056,MALABAR ROCK PVT LTD,51,1,MALABAR ROCK PVT LTD   EDAYAR KOLAYAD PO ,IND
67288,CRS000116,SHIVAM SYNCOTEX PVT. LTD.,12,1,"SHIVAM SYNCOTEX PVT. LTD.   19 Km Stone, Ajmer Road, Near Reliance Petrol Pump, Nanakpura, Mandal,-BHILWARA -311001-RJ",IND
67289,CRK000032,KANDADI MAHIPAL REDDY,42,1,"KANDADI MAHIPAL REDDY   PLOT No 87, SARASWATHI NAGAR CHINTHALAKUNTA, LB NAGAR, RANGA REDDY",IND
67290,CRM000057,M/S AMRAPALI PLASTIC INDUSTRIES,31,1,"M/S AMRAPALI PLASTIC INDUSTRIES   Survey No. 590,591/ 1 & 592, Adjacent to Somnath Road,Near Golden Industrial Estate, Village-Dabhel, Daman - 396 210 (U.T.)",IND
67291,CRC000027,CLEAN WORLD AUTOMATIC CAR WASH,53,,CLEAN WORLD AUTOMATIC CAR WASH   THAZHEKODE WEST THAZHEKODE WEST ,
67292,CRR000035,ROYAL BOREWELLS,12,1,ROYAL BOREWELLS   SALUMBER  ,IND
67293,CRT000029,TATA CAPITAL FINANCIAL SERVICES LIM,11,1,"TATA CAPITAL FINANCIAL SERVICES LIM ITED  SCO no.13, Sector-14 Near Huda Office, Gurgaon 122001-HR",IND
67294,CRS000119,SRI MAHESWARI STONE CRUSHER,42,1,SRI MAHESWARI STONE CRUSHER   Paritala Village Kanchikacharla Mandal ,IND
67295,CRA000263,AP MOTORS,42,,"AP MOTORS   PRAGATHI CO-OPERATIVE AUTONAGAR Plot No200, 201",
67296,CRF000003,FIRST MOBITAL PVT.LTD.,12,,"FIRST MOBITAL PVT.LTD.   F-369,CHITRALA CIRCLE SITAPURA IND. AREA Tonk Road",
67297,CRS000120,SREE KUBERA RETREADERS,42,,"SREE KUBERA RETREADERS   22-200/A1-A, CHITTOOR LGB BULIDING",
67298,CRK000033,KHUSHBOO AUTOMOBILES,21,,KHUSHBOO AUTOMOBILES   HARIRAMPUR DAKSHIN DINAJPUR ,
67299,CRS000121,SHIVSHAKTI ENTERPRISES,43,,"SHIVSHAKTI ENTERPRISES   SY NO - 2735, PDI NO-648, AMANIKERE, SIRA GATE TUMKUR - 572 106",
67300,CRT000030,TANDON ASSOCIATE,34,,TANDON ASSOCIATE   MADAN MOHAN CHOUBEY WARD  KATNI (MP) - 483501,
67301,CRU000014,UK ABRASIVE INDUSTRY,11,1,UK ABRASIVE INDUSTRY   KHASRA NO 536 VILL-DURYAI KACHEDA MODE,IND
67302,CRA000264,ARAVIND K,42,,"ARAVIND K   PLOT NO. 256, NEAR VENKADESHWAR GARDEN Opp. BS Mothers",
67303,CRF000004,FAMOUS AUTO SERVICE,33,,"FAMOUS AUTO SERVICE   MAHI APPROCH ROAD, STATE HIGHWAY NO.41 TA- VADGAM, DIST : VADGAM",
67304,CR1000001,"	SRI KODURI AUTOMOBILES",42,,"	SRI KODURI AUTOMOBILES   R.S. NO.: 306/2 R.T.C.COMPLEX ROAD ",
67305,CRK000034,KARPAGAM.J,51,,"KARPAGAM.J   B-7-2 PRICOL CRIMSONDAWN APRT., NAVAINDIA ROAD, COIMBATORE - 641004",
67306,CRK000035,KHANNA MOTOR SALES,14,,KHANNA MOTOR SALES   GONDA ROAD BAHRAICH 271801,
67307,CRS000122,SHREE JALARAM AUTO AND SERVICE,33,,"SHREE JALARAM AUTO AND SERVICE   MODASA SHAMLAJI ROAD NEAR GIDC GANESHPURA, HAJIRA",
67308,CUST00068,TURBO MOT INDIA PVT LTD, ,1,"TURBO MOT INDIA PVT LTD   NO.9,SREEVATSA DWARAKA, KOVAI PUDUR, COIMBATORE-641042",IND
67309,CUSA00152,AL NUAIMI GROUP LLC,672,1,"AL NUAIMI GROUP LLC  SHEIKH MOHAMMED AL KABEER, AL QUSAIDAT AREA, RAS AL KHAIMAH ",DHI
67310,CRC000029,CADILA HEALTH CARE LTD,33,1,"CADILA HEALTH CARE LTD   Plot no:-5/1 B, GIDC Industrial Estate ",IND
67311,CRM000059,MAGNAM NETLINK PVT. LTD.,33,1,"MAGNAM NETLINK PVT. LTD.   809-812 sanket heights, Nr. Kalali Brudge,Sunpharma Ro Vadodara",IND
67312,CRT000031,TATA CAPITAL FINANCIAL SERVICES LIM,33,1,"TATA CAPITAL FINANCIAL SERVICES LIM ITED  1 Chetan society,shanti arcade cross road,sardar patel colony, Naranpura,AHMEDABAD-380014-GJ",IND
67313,CRR000037,RKS BOREWELLS,54,1,"RKS BOREWELLS   1/174, Eachampallam Merkupathi (po) Kunnathur Via",IND
67314,CRS000123,S S EARTHMOVERS,31,,"S S EARTHMOVERS   OOM NO-6, PLOT NO 62 MCCH SOCIETY, PANVEL ANJALI PLAZA B-WING,",
67315,CRP000041,POPULAR MOTOR CORPORATION,41,,"POPULAR MOTOR CORPORATION   130/2,ARCOT ROAD PORUR CHENNAI-600116",
67316,CRS000124,SVG BORE WELL,42,1,SVG BORE WELL   MBT Road Gokul Circle Punnganur,IND
67317,CRS000125,SURESH CHANDRA,11,1,"SURESH CHANDRA   Bhilwara, Rajasthan  ",IND
67318,CRM000060,MAA BHAGHWATI GRANITES,12,1,MAA BHAGHWATI GRANITES   Bherukheda Devgarh ,IND
67319,CRD000019,DD CONSTRUCTIONS PROP: DARA DEVID,42,1,"DD CONSTRUCTIONS PROP: DARA DEVID   5-1/1, Yedulapuram, Khammam Rural Telangana",IND
67320,CRS000126,SPEED WASH,53,,SPEED WASH   KOLLARATHIKKAO KOLLARATHIKKAL PUZHATHI KANNUR - 670011,
67321,CRJ000020,JAMNESH TYRES,12,,"JAMNESH TYRES   12-13,BHRAHMANO KA GUDA, SAPETIYA,BADGAON ",
67322,CRM000061,MALWA CARZONE PVT LTD,11,,"MALWA CARZONE PVT LTD   BAHALGARH ROAD SONIPAT, HARYANA ",
67323,CRA000265,AUTOHUB,31,,"AUTOHUB   MUMBAI- AGRA HIGHWAY BESIDE SAI GANESH HOTEL, ASANGAON (WEST),THANE-421601",
67324,CRH000016,HARI OM ENGINEERING,31,,"HARI OM ENGINEERING   SHOP NO.11, RIZVI PARK, Subway Road Extn",
67325,CRV000025,VEER PLASTICS,11,1,"VEER PLASTICS   KH. NO.327/3,915/333,326/332 VILL- GIEL, JAMALA NANGAL - 173 205 HP",IND
67326,CRU000015,USHA MARTIN LTD,21,1,"USHA MARTIN LTD   GAMHARIA, PHASE V ADITYAPUR INDUSTRIAL AREA JAMSHEDPUR , Jharkhand",IND
67327,CRT000032,THE INDURE PVT LTD,12,1,"THE INDURE PVT LTD   2X660 MW Unit 5&6, SCTPP, RRUVNL, Motipura",IND
67328,CRJ000021,JOGNIYA DRILLING,12,1,JOGNIYA DRILLING   kharkhanda Village Kharkhanda THE.Gangrar,IND
67329,CRM000062,MAJESTIC PERFUMES PVT LTD,31,1,"MAJESTIC PERFUMES PVT LTD   D-347, TTC INDUSTRIAL AREA MIDC, TURBHE TURBHE,NAVI MUMBAI-400705-MH",IND
67330,CRS000128,SR DEE ELECTRIC LOCO SHED NCR KANPU,11,1,"SR DEE ELECTRIC LOCO SHED NCR KANPU R  ELS, NORTH CENTRAL RAILWAY Near Tezab mill compound KANPUR - 208 003 UP",IND
67331,CRK000037,KU-KOO-CH-KU POULTRY FARM,31,,"KU-KOO-CH-KU POULTRY FARM   AT POST MAPGAON TALUKA- ALIBAUG, ALIBAUG MAHARATSRA-402201",
67332,CRP000043,P R CARS LLP,14,,P R CARS LLP   BUILDING NO 439/6 OPP KALICHARAN LUCKNOW - 226003,
67333,CRD000020,DAYAN & SONS,13,,"DAYAN & SONS   317, AUTOMARKET HISAR 317, AUTOMARKET HISAR ",
67334,CRH000017,HYT ENGINEERING COMPANY PRIVATE LIM,33,1,"HYT ENGINEERING COMPANY PRIVATE LIM ITED  New STR Bridge Workshop,Container Corporation of India Limited, Kali Gam Road, Kali Sabarmati,Ahmedabad-382470-GUJARAT",IND
67335,CRL000057,LIVING WATER INTERNATIONAL HONDURAS,734,3,"LIVING WATER INTERNATIONAL HONDURAS   RESIDENCIAL ROBLE OESTE, CALLE PRINCIPAL PLAZA ROBLE LOCAL #2, COMAYAGÜELA, MDC HONDURAS, HONDURAS",USD
67336,CU1I00943,INDUSTRIAL PRODUCTS FZC,672,1,"INDUSTRIAL PRODUCTS FZC  PO BOX 8243, WH Q4-186,SAIF ZO   ",DHI
67337,CRO000026,OLAM MOCAMBIQUE,702,3,"OLAM MOCAMBIQUE   RECINTO PORTUARIO, PERTO DO PORTAO AZUL TANQUES DE OLAM MOCAMBQIUE",USD
67338,SRT000009,TECH MASTERS,None,,"TECH MASTERS  720, CHENOY TRADE CENTRE ARKLANE, SECUNDERABAD - 500003 TELANGANA ",
67339,CRR000032,REMSONS INDUSTRIES LTD,31,1,"REMSONS INDUSTRIES LTD   Plot no A2/3 & 4, Daman Somnath indl estate DAMAN-396210",IND
67340,SRJ000004,JAYA SPRINGS,None,,"JAYA SPRINGS  D16,MOGAPPAIR INDUSTRIAL ESTAT CHENNAI - 600037 TAMIL NADU ",
67341,CRA000247,ASHTAVINAYAK HYDROCARBON LIMITED,690,3,"ASHTAVINAYAK HYDROCARBON LIMITED  37, OLORUNLOGBON STREET ANTHONY VILLAGE LAGOS , NIGERIA ",USD
67342,CRS000081,SHUMANAY TEKS'' LLC,628,3,SHUMANAY TEKS'' LLC  AYBOSINOV STREET # L SHUMANAY DISTRICT REPUBLIC OF KARAKALPAKISTAN REPUBLIC OF UZBEKISTAN.(VAT:30 4 675 312 ),USD
67343,SU1S02283,S.V.GHATALIA & ASSOCIATES,None,,     ,
67344,SU1S02025,SURESH G ATLANI,None,,     ,
67345,SU1S01962,SALCO EXTRUSIONS (P) LTD,None,,     ,
67346,SU1L00230,LAKSHMI SUBRAMANIAN & ASSOCIATES,None,,     ,
